Date,supply/current
2009-01-03,50.0
2009-01-09,750.0
2009-01-10,3800.0
2009-01-11,8450.0
2009-01-12,13150.0
2009-01-13,19300.0
2009-01-14,25750.0
2009-01-15,32050.0
2009-01-16,37450.0
2009-01-17,42900.0
2009-01-18,48250.0
2009-01-19,54000.0
2009-01-20,59700.0
2009-01-21,64800.0
2009-01-22,69350.0
2009-01-23,73550.0
2009-01-24,83600.0
2009-01-25,93150.0
2009-01-26,97950.0
2009-01-27,102800.0
2009-01-28,108400.0
2009-01-29,114450.0
2009-01-30,120300.0
2009-01-31,127200.0
2009-02-01,132850.0
2009-02-02,139250.0
2009-02-03,146200.0
2009-02-04,152150.0
2009-02-05,158450.0
2009-02-06,164550.0
2009-02-07,171000.0
2009-02-08,177600.0
2009-02-09,184300.0
2009-02-10,190300.0
2009-02-11,196950.0
2009-02-12,202900.0
2009-02-13,209100.0
2009-02-14,215900.0
2009-02-15,222300.0
2009-02-16,228400.0
2009-02-17,234250.0
2009-02-18,240150.0
2009-02-19,246350.0
2009-02-20,252450.0
2009-02-21,258150.0
2009-02-22,264200.0
2009-02-23,269600.0
2009-02-24,274900.0
2009-02-25,280150.0
2009-02-26,285500.0
2009-02-27,291250.0
2009-02-28,296200.0
2009-03-01,301450.0
2009-03-02,306850.0
2009-03-03,312100.0
2009-03-04,317300.0
2009-03-05,322900.0
2009-03-06,328750.0
2009-03-07,334200.0
2009-03-08,339950.0
2009-03-09,345350.0
2009-03-10,350700.0
2009-03-11,356400.0
2009-03-12,362300.0
2009-03-13,367950.0
2009-03-14,373450.0
2009-03-15,379600.0
2009-03-16,385650.0
2009-03-17,391350.0
2009-03-18,397050.0
2009-03-19,403150.0
2009-03-20,409050.0
2009-03-21,411550.0
2009-03-22,417500.0
2009-03-23,424000.0
2009-03-24,429250.0
2009-03-25,435100.0
2009-03-26,440950.0
2009-03-27,446250.0
2009-03-28,452200.0
2009-03-29,458000.0
2009-03-30,464000.0
2009-03-31,469500.0
2009-04-01,475200.0
2009-04-02,480950.0
2009-04-03,486750.0
2009-04-04,492400.0
2009-04-05,498900.0
2009-04-06,504350.0
2009-04-07,509350.0
2009-04-08,514600.0
2009-04-09,519550.0
2009-04-10,524950.0
2009-04-11,530950.0
2009-04-12,536850.0
2009-04-13,542600.0
2009-04-14,548800.0
2009-04-15,554450.0
2009-04-16,560600.0
2009-04-17,566200.0
2009-04-18,572500.0
2009-04-19,578450.0
2009-04-20,584400.0
2009-04-21,590550.0
2009-04-22,596600.0
2009-04-23,600350.0
2009-04-24,606100.0
2009-04-25,612000.0
2009-04-26,617600.0
2009-04-27,622800.0
2009-04-28,628650.0
2009-04-29,635050.0
2009-04-30,641600.0
2009-05-01,647650.0
2009-05-02,653950.0
2009-05-03,659250.0
2009-05-04,665650.0
2009-05-05,672400.0
2009-05-06,679150.0
2009-05-07,685200.0
2009-05-08,690600.0
2009-05-09,694500.0
2009-05-10,698750.0
2009-05-11,704750.0
2009-05-12,711250.0
2009-05-13,716800.0
2009-05-14,723750.0
2009-05-15,730550.0
2009-05-16,736500.0
2009-05-17,742850.0
2009-05-18,748750.0
2009-05-19,753050.0
2009-05-20,759050.0
2009-05-21,763150.0
2009-05-22,766200.0
2009-05-23,767800.0
2009-05-24,772800.0
2009-05-25,778250.0
2009-05-26,784500.0
2009-05-27,790450.0
2009-05-28,795200.0
2009-05-29,800500.0
2009-05-30,805950.0
2009-05-31,810750.0
2009-06-01,814300.0
2009-06-02,819850.0
2009-06-03,823400.0
2009-06-04,826700.0
2009-06-05,828200.0
2009-06-06,829600.0
2009-06-07,830400.0
2009-06-08,834500.0
2009-06-09,839050.0
2009-06-10,843150.0
2009-06-11,847600.0
2009-06-12,851900.0
2009-06-13,855800.0
2009-06-14,859400.0
2009-06-15,863600.0
2009-06-16,867150.0
2009-06-17,871100.0
2009-06-18,875100.0
2009-06-19,879450.0
2009-06-20,883350.0
2009-06-21,887400.0
2009-06-22,891200.0
2009-06-23,895000.0
2009-06-24,899750.0
2009-06-25,903150.0
2009-06-26,907650.0
2009-06-27,911850.0
2009-06-28,914150.0
2009-06-29,918300.0
2009-06-30,922550.0
2009-07-01,926250.0
2009-07-02,930400.0
2009-07-03,934500.0
2009-07-04,938950.0
2009-07-05,942900.0
2009-07-06,947100.0
2009-07-07,950550.0
2009-07-08,954250.0
2009-07-09,958550.0
2009-07-10,962600.0
2009-07-11,966750.0
2009-07-12,970600.0
2009-07-13,974500.0
2009-07-14,977950.0
2009-07-15,980200.0
2009-07-16,983750.0
2009-07-17,986100.0
2009-07-18,986300.0
2009-07-19,989800.0
2009-07-20,993300.0
2009-07-21,997400.0
2009-07-22,1000400.0
2009-07-23,1004200.0
2009-07-24,1007850.0
2009-07-25,1009450.0
2009-07-26,1010500.0
2009-07-27,1014200.0
2009-07-28,1016250.0
2009-07-29,1017200.0
2009-07-30,1017950.0
2009-07-31,1018800.0
2009-08-01,1020200.0
2009-08-02,1021350.0
2009-08-03,1021950.0
2009-08-04,1026000.0
2009-08-05,1030350.0
2009-08-06,1034850.0
2009-08-07,1038850.0
2009-08-08,1042850.0
2009-08-09,1047900.0
2009-08-10,1051650.0
2009-08-11,1055150.0
2009-08-12,1058300.0
2009-08-13,1062550.0
2009-08-14,1065700.0
2009-08-15,1067000.0
2009-08-16,1067950.0
2009-08-17,1068800.0
2009-08-18,1069300.0
2009-08-19,1070200.0
2009-08-20,1071300.0
2009-08-21,1072000.0
2009-08-22,1072350.0
2009-08-23,1073100.0
2009-08-24,1073850.0
2009-08-25,1076350.0
2009-08-26,1078750.0
2009-08-27,1080200.0
2009-08-28,1083950.0
2009-08-29,1087850.0
2009-08-30,1092700.0
2009-08-31,1097000.0
2009-09-01,1100900.0
2009-09-02,1104200.0
2009-09-03,1107250.0
2009-09-04,1110450.0
2009-09-05,1114250.0
2009-09-06,1117650.0
2009-09-07,1121550.0
2009-09-08,1125000.0
2009-09-09,1127700.0
2009-09-10,1131050.0
2009-09-11,1134400.0
2009-09-12,1137850.0
2009-09-13,1141550.0
2009-09-14,1145300.0
2009-09-15,1147500.0
2009-09-16,1151100.0
2009-09-17,1155300.0
2009-09-18,1159200.0
2009-09-19,1162900.0
2009-09-20,1166800.0
2009-09-21,1170250.0
2009-09-22,1171500.0
2009-09-23,1173300.0
2009-09-24,1178150.0
2009-09-25,1182700.0
2009-09-26,1187700.0
2009-09-27,1192050.0
2009-09-28,1196300.0
2009-09-29,1200700.0
2009-09-30,1204950.0
2009-10-01,1209050.0
2009-10-02,1212650.0
2009-10-03,1215550.0
2009-10-04,1218200.0
2009-10-05,1220950.0
2009-10-06,1223100.0
2009-10-07,1226100.0
2009-10-08,1229600.0
2009-10-09,1233600.0
2009-10-10,1237400.0
2009-10-11,1241100.0
2009-10-12,1244000.0
2009-10-13,1246850.0
2009-10-14,1250300.0
2009-10-15,1253850.0
2009-10-16,1256850.0
2009-10-17,1259700.0
2009-10-18,1263400.0
2009-10-19,1269000.0
2009-10-20,1273750.0
2009-10-21,1277750.0
2009-10-22,1282250.0
2009-10-23,1286700.0
2009-10-24,1289800.0
2009-10-25,1293600.0
2009-10-26,1297150.0
2009-10-27,1300350.0
2009-10-28,1303650.0
2009-10-29,1305950.0
2009-10-30,1308950.0
2009-10-31,1311250.0
2009-11-01,1312500.0
2009-11-02,1314150.0
2009-11-03,1317250.0
2009-11-04,1320400.0
2009-11-05,1323250.0
2009-11-06,1326350.0
2009-11-07,1329800.0
2009-11-08,1333450.0
2009-11-09,1336650.0
2009-11-10,1340550.0
2009-11-11,1343750.0
2009-11-12,1347050.0
2009-11-13,1351050.0
2009-11-14,1355000.0
2009-11-15,1359800.0
2009-11-16,1364650.0
2009-11-17,1369250.0
2009-11-18,1373200.0
2009-11-19,1376700.0
2009-11-20,1381000.0
2009-11-21,1384650.0
2009-11-22,1389950.0
2009-11-23,1394750.0
2009-11-24,1399400.0
2009-11-25,1403900.0
2009-11-26,1408100.0
2009-11-27,1411800.0
2009-11-28,1415350.0
2009-11-29,1418350.0
2009-11-30,1422100.0
2009-12-01,1425750.0
2009-12-02,1430450.0
2009-12-03,1434850.0
2009-12-04,1436650.0
2009-12-05,1439850.0
2009-12-06,1445000.0
2009-12-07,1450600.0
2009-12-08,1455850.0
2009-12-09,1460650.0
2009-12-10,1465850.0
2009-12-11,1471450.0
2009-12-12,1476950.0
2009-12-13,1482650.0
2009-12-14,1487750.0
2009-12-15,1493250.0
2009-12-16,1500050.0
2009-12-17,1508500.0
2009-12-18,1519750.0
2009-12-19,1529650.0
2009-12-20,1538400.0
2009-12-21,1547150.0
2009-12-22,1555250.0
2009-12-23,1562950.0
2009-12-24,1570650.0
2009-12-25,1578100.0
2009-12-26,1586800.0
2009-12-27,1595150.0
2009-12-28,1602000.0
2009-12-29,1610550.0
2009-12-30,1617600.0
2009-12-31,1624500.0
2010-01-01,1631150.0
2010-01-02,1637400.0
2010-01-03,1646700.0
2010-01-04,1655750.0
2010-01-05,1665650.0
2010-01-06,1673800.0
2010-01-07,1681500.0
2010-01-08,1689150.0
2010-01-09,1696700.0
2010-01-10,1706200.0
2010-01-11,1714150.0
2010-01-12,1722100.0
2010-01-13,1730300.0
2010-01-14,1737450.0
2010-01-15,1744500.0
2010-01-16,1750750.0
2010-01-17,1757300.0
2010-01-18,1763550.0
2010-01-19,1769750.0
2010-01-20,1777650.0
2010-01-21,1786400.0
2010-01-22,1793050.0
2010-01-23,1801050.0
2010-01-24,1808750.0
2010-01-25,1819300.0
2010-01-26,1829050.0
2010-01-27,1837250.0
2010-01-28,1846100.0
2010-01-29,1855950.0
2010-01-30,1866450.0
2010-01-31,1874700.0
2010-02-01,1883900.0
2010-02-02,1891150.0
2010-02-03,1904650.0
2010-02-04,1916100.0
2010-02-05,1927250.0
2010-02-06,1936850.0
2010-02-07,1947700.0
2010-02-08,1957700.0
2010-02-09,1968050.0
2010-02-10,1976450.0
2010-02-11,1984900.0
2010-02-12,1994050.0
2010-02-13,2005650.0
2010-02-14,2016050.0
2010-02-15,2024850.0
2010-02-16,2034600.0
2010-02-17,2046550.0
2010-02-18,2056950.0
2010-02-19,2066550.0
2010-02-20,2076950.0
2010-02-21,2088100.0
2010-02-22,2101100.0
2010-02-23,2113600.0
2010-02-24,2122150.0
2010-02-25,2129850.0
2010-02-26,2138450.0
2010-02-27,2147050.0
2010-02-28,2154850.0
2010-03-01,2164600.0
2010-03-02,2174000.0
2010-03-03,2181600.0
2010-03-04,2190850.0
2010-03-05,2199400.0
2010-03-06,2208250.0
2010-03-07,2217200.0
2010-03-08,2223450.0
2010-03-09,2230750.0
2010-03-10,2238850.0
2010-03-11,2245500.0
2010-03-12,2251550.0
2010-03-13,2259200.0
2010-03-14,2265450.0
2010-03-15,2272200.0
2010-03-16,2278500.0
2010-03-17,2285300.0
2010-03-18,2292300.0
2010-03-19,2299950.0
2010-03-20,2309550.0
2010-03-21,2318700.0
2010-03-22,2327650.0
2010-03-23,2338000.0
2010-03-24,2346550.0
2010-03-25,2355900.0
2010-03-26,2365750.0
2010-03-27,2374650.0
2010-03-28,2383950.0
2010-03-29,2393700.0
2010-03-30,2404450.0
2010-03-31,2414900.0
2010-04-01,2423300.0
2010-04-02,2431100.0
2010-04-03,2439150.0
2010-04-04,2447700.0
2010-04-05,2455350.0
2010-04-06,2463300.0
2010-04-07,2472950.0
2010-04-08,2482100.0
2010-04-09,2491550.0
2010-04-10,2504550.0
2010-04-11,2515700.0
2010-04-12,2525850.0
2010-04-13,2535300.0
2010-04-14,2544300.0
2010-04-15,2555100.0
2010-04-16,2565200.0
2010-04-17,2576250.0
2010-04-18,2588500.0
2010-04-19,2600100.0
2010-04-20,2610350.0
2010-04-21,2621300.0
2010-04-22,2629250.0
2010-04-23,2636750.0
2010-04-24,2645100.0
2010-04-25,2653050.0
2010-04-26,2661250.0
2010-04-27,2670250.0
2010-04-28,2679250.0
2010-04-29,2686600.0
2010-04-30,2693800.0
2010-05-01,2702950.0
2010-05-02,2710700.0
2010-05-03,2718600.0
2010-05-04,2725450.0
2010-05-05,2732300.0
2010-05-06,2739750.0
2010-05-07,2746350.0
2010-05-08,2754050.0
2010-05-09,2761200.0
2010-05-10,2767600.0
2010-05-11,2773150.0
2010-05-12,2779500.0
2010-05-13,2785900.0
2010-05-14,2792050.0
2010-05-15,2796600.0
2010-05-16,2802250.0
2010-05-17,2809400.0
2010-05-18,2817800.0
2010-05-19,2825950.0
2010-05-20,2836150.0
2010-05-21,2844950.0
2010-05-22,2854700.0
2010-05-23,2865250.0
2010-05-24,2874650.0
2010-05-25,2885150.0
2010-05-26,2896300.0
2010-05-27,2905900.0
2010-05-28,2917050.0
2010-05-29,2926250.0
2010-05-30,2933700.0
2010-05-31,2940800.0
2010-06-01,2947550.0
2010-06-02,2954900.0
2010-06-03,2962500.0
2010-06-04,2968750.0
2010-06-05,2976000.0
2010-06-06,2983400.0
2010-06-07,2991250.0
2010-06-08,2999250.0
2010-06-09,3007650.0
2010-06-10,3015650.0
2010-06-11,3024050.0
2010-06-12,3030800.0
2010-06-13,3039450.0
2010-06-14,3047450.0
2010-06-15,3056650.0
2010-06-16,3063750.0
2010-06-17,3071050.0
2010-06-18,3078550.0
2010-06-19,3086050.0
2010-06-20,3095300.0
2010-06-21,3103000.0
2010-06-22,3110800.0
2010-06-23,3120150.0
2010-06-24,3128600.0
2010-06-25,3136100.0
2010-06-26,3144050.0
2010-06-27,3152950.0
2010-06-28,3160550.0
2010-06-29,3169000.0
2010-06-30,3178100.0
2010-07-01,3188600.0
2010-07-02,3197000.0
2010-07-03,3207600.0
2010-07-04,3215900.0
2010-07-05,3224800.0
2010-07-06,3233300.0
2010-07-07,3241100.0
2010-07-08,3248650.0
2010-07-09,3258600.0
2010-07-10,3268500.0
2010-07-11,3277450.0
2010-07-12,3310400.0
2010-07-13,3345000.0
2010-07-14,3373900.0
2010-07-15,3405050.0
2010-07-16,3430350.0
2010-07-17,3439000.0
2010-07-18,3447600.0
2010-07-19,3456300.0
2010-07-20,3465350.0
2010-07-21,3475700.0
2010-07-22,3484500.0
2010-07-23,3494200.0
2010-07-24,3503650.0
2010-07-25,3515200.0
2010-07-26,3527350.0
2010-07-27,3535650.0
2010-07-28,3543550.0
2010-07-29,3552600.0
2010-07-30,3561700.0
2010-07-31,3571850.0
2010-08-01,3583800.0
2010-08-02,3595900.0
2010-08-03,3607250.0
2010-08-04,3619400.0
2010-08-05,3630300.0
2010-08-06,3637650.0
2010-08-07,3645400.0
2010-08-08,3655350.0
2010-08-09,3664850.0
2010-08-10,3674400.0
2010-08-11,3686050.0
2010-08-12,3696900.0
2010-08-13,3707650.0
2010-08-14,3721700.0
2010-08-15,3732050.0
2010-08-16,3739400.0
2010-08-17,3745850.0
2010-08-18,3752500.0
2010-08-19,3759250.0
2010-08-20,3768900.0
2010-08-21,3777550.0
2010-08-22,3788150.0
2010-08-23,3798800.0
2010-08-24,3809550.0
2010-08-25,3820350.0
2010-08-26,3830850.0
2010-08-27,3839400.0
2010-08-28,3847900.0
2010-08-29,3856000.0
2010-08-30,3863450.0
2010-08-31,3872650.0
2010-09-01,3880500.0
2010-09-02,3888300.0
2010-09-03,3896500.0
2010-09-04,3905550.0
2010-09-05,3913800.0
2010-09-06,3921700.0
2010-09-07,3929700.0
2010-09-08,3937950.0
2010-09-09,3944700.0
2010-09-10,3953550.0
2010-09-11,3961550.0
2010-09-12,3970400.0
2010-09-13,3978950.0
2010-09-14,3989100.0
2010-09-15,3997550.0
2010-09-16,4008500.0
2010-09-17,4018900.0
2010-09-18,4030750.0
2010-09-19,4041200.0
2010-09-20,4051350.0
2010-09-21,4059950.0
2010-09-22,4068650.0
2010-09-23,4080350.0
2010-09-24,4091750.0
2010-09-25,4102100.0
2010-09-26,4112350.0
2010-09-27,4123800.0
2010-09-28,4134400.0
2010-09-29,4142600.0
2010-09-30,4149900.0
2010-10-01,4157600.0
2010-10-02,4162600.0
2010-10-03,4168700.0
2010-10-04,4176350.0
2010-10-05,4182650.0
2010-10-06,4191200.0
2010-10-07,4199200.0
2010-10-08,4206900.0
2010-10-09,4214800.0
2010-10-10,4223700.0
2010-10-11,4231650.0
2010-10-12,4239400.0
2010-10-13,4248200.0
2010-10-14,4258450.0
2010-10-15,4267300.0
2010-10-16,4280200.0
2010-10-17,4293700.0
2010-10-18,4306150.0
2010-10-19,4318950.0
2010-10-20,4332150.0
2010-10-21,4341450.0
2010-10-22,4349150.0
2010-10-23,4357900.0
2010-10-24,4368150.0
2010-10-25,4378300.0
2010-10-26,4390350.0
2010-10-27,4401000.0
2010-10-28,4411950.0
2010-10-29,4423100.0
2010-10-30,4435700.0
2010-10-31,4444650.0
2010-11-01,4453500.0
2010-11-02,4462300.0
2010-11-03,4471800.0
2010-11-04,4481850.0
2010-11-05,4492800.0
2010-11-06,4503700.0
2010-11-07,4515750.0
2010-11-08,4529500.0
2010-11-09,4540350.0
2010-11-10,4550500.0
2010-11-11,4561450.0
2010-11-12,4569900.0
2010-11-13,4581050.0
2010-11-14,4593850.0
2010-11-15,4603850.0
2010-11-16,4613700.0
2010-11-17,4626050.0
2010-11-18,4638900.0
2010-11-19,4646400.0
2010-11-20,4652200.0
2010-11-21,4659200.0
2010-11-22,4667350.0
2010-11-23,4674350.0
2010-11-24,4683200.0
2010-11-25,4692250.0
2010-11-26,4701950.0
2010-11-27,4710950.0
2010-11-28,4719550.0
2010-11-29,4730000.0
2010-11-30,4740050.0
2010-12-01,4749500.0
2010-12-02,4758900.0
2010-12-03,4768350.0
2010-12-04,4779800.0
2010-12-05,4791750.0
2010-12-06,4803800.0
2010-12-07,4815750.0
2010-12-08,4827650.0
2010-12-09,4838800.0
2010-12-10,4846150.0
2010-12-11,4854900.0
2010-12-12,4863450.0
2010-12-13,4870500.0
2010-12-14,4879100.0
2010-12-15,4888850.0
2010-12-16,4897500.0
2010-12-17,4905800.0
2010-12-18,4913850.0
2010-12-19,4923050.0
2010-12-20,4931000.0
2010-12-21,4940800.0
2010-12-22,4948650.0
2010-12-23,4955900.0
2010-12-24,4963300.0
2010-12-25,4971700.0
2010-12-26,4978950.0
2010-12-27,4987250.0
2010-12-28,4995700.0
2010-12-29,5003950.0
2010-12-30,5012400.0
2010-12-31,5020500.0
2011-01-01,5029550.0
2011-01-02,5038300.0
2011-01-03,5046100.0
2011-01-04,5053150.0
2011-01-05,5060850.0
2011-01-06,5067900.0
2011-01-07,5076100.0
2011-01-08,5084600.0
2011-01-09,5092750.0
2011-01-10,5100850.0
2011-01-11,5109400.0
2011-01-12,5117800.0
2011-01-13,5127200.0
2011-01-14,5136250.0
2011-01-15,5144100.0
2011-01-16,5152800.0
2011-01-17,5161850.0
2011-01-18,5168900.0
2011-01-19,5177350.0
2011-01-20,5186600.0
2011-01-21,5195350.0
2011-01-22,5203600.0
2011-01-23,5212100.0
2011-01-24,5221500.0
2011-01-25,5229300.0
2011-01-26,5238300.0
2011-01-27,5246300.0
2011-01-28,5254200.0
2011-01-29,5262250.0
2011-01-30,5270050.0
2011-01-31,5278550.0
2011-02-01,5286750.0
2011-02-02,5294650.0
2011-02-03,5302650.0
2011-02-04,5312350.0
2011-02-05,5321300.0
2011-02-06,5330150.0
2011-02-07,5340300.0
2011-02-08,5348700.0
2011-02-09,5358300.0
2011-02-10,5367600.0
2011-02-11,5376900.0
2011-02-12,5386700.0
2011-02-13,5396600.0
2011-02-14,5406400.0
2011-02-15,5417650.0
2011-02-16,5429250.0
2011-02-17,5440800.0
2011-02-18,5451400.0
2011-02-19,5459450.0
2011-02-20,5469350.0
2011-02-21,5479050.0
2011-02-22,5489600.0
2011-02-23,5501750.0
2011-02-24,5512100.0
2011-02-25,5523350.0
2011-02-26,5537150.0
2011-02-27,5549350.0
2011-02-28,5556850.0
2011-03-01,5563350.0
2011-03-02,5571750.0
2011-03-03,5581050.0
2011-03-04,5592100.0
2011-03-05,5605950.0
2011-03-06,5619650.0
2011-03-07,5630200.0
2011-03-08,5639550.0
2011-03-09,5647550.0
2011-03-10,5653050.0
2011-03-11,5659550.0
2011-03-12,5666550.0
2011-03-13,5672400.0
2011-03-14,5678000.0
2011-03-15,5683600.0
2011-03-16,5690400.0
2011-03-17,5697450.0
2011-03-18,5703450.0
2011-03-19,5709200.0
2011-03-20,5716050.0
2011-03-21,5723450.0
2011-03-22,5729400.0
2011-03-23,5737250.0
2011-03-24,5744850.0
2011-03-25,5753500.0
2011-03-26,5760400.0
2011-03-27,5767550.0
2011-03-28,5775950.0
2011-03-29,5784100.0
2011-03-30,5791900.0
2011-03-31,5801950.0
2011-04-01,5810750.0
2011-04-02,5819750.0
2011-04-03,5828500.0
2011-04-04,5837400.0
2011-04-05,5847100.0
2011-04-06,5854500.0
2011-04-07,5861850.0
2011-04-08,5870150.0
2011-04-09,5877950.0
2011-04-10,5886600.0
2011-04-11,5894750.0
2011-04-12,5902900.0
2011-04-13,5912600.0
2011-04-14,5920600.0
2011-04-15,5927400.0
2011-04-16,5936050.0
2011-04-17,5945050.0
2011-04-18,5952450.0
2011-04-19,5960150.0
2011-04-20,5967350.0
2011-04-21,5974700.0
2011-04-22,5983500.0
2011-04-23,5992100.0
2011-04-24,6000200.0
2011-04-25,6009800.0
2011-04-26,6019550.0
2011-04-27,6028700.0
2011-04-28,6036900.0
2011-04-29,6046900.0
2011-04-30,6056350.0
2011-05-01,6065300.0
2011-05-02,6075150.0
2011-05-03,6084950.0
2011-05-04,6094800.0
2011-05-05,6105750.0
2011-05-06,6116650.0
2011-05-07,6127350.0
2011-05-08,6138300.0
2011-05-09,6150250.0
2011-05-10,6159400.0
2011-05-11,6168950.0
2011-05-12,6177400.0
2011-05-13,6187750.0
2011-05-14,6199850.0
2011-05-15,6210850.0
2011-05-16,6223200.0
2011-05-17,6236050.0
2011-05-18,6250450.0
2011-05-19,6259000.0
2011-05-20,6270000.0
2011-05-21,6281000.0
2011-05-22,6293550.0
2011-05-23,6307900.0
2011-05-24,6322850.0
2011-05-25,6338200.0
2011-05-26,6353000.0
2011-05-27,6361350.0
2011-05-28,6369100.0
2011-05-29,6378100.0
2011-05-30,6385800.0
2011-05-31,6393300.0
2011-06-01,6402700.0
2011-06-02,6412200.0
2011-06-03,6422300.0
2011-06-04,6433500.0
2011-06-05,6443900.0
2011-06-06,6455550.0
2011-06-07,6464050.0
2011-06-08,6473300.0
2011-06-09,6484400.0
2011-06-10,6495550.0
2011-06-11,6508150.0
2011-06-12,6519800.0
2011-06-13,6531150.0
2011-06-14,6543500.0
2011-06-15,6557450.0
2011-06-16,6566450.0
2011-06-17,6575750.0
2011-06-18,6585600.0
2011-06-19,6596750.0
2011-06-20,6608450.0
2011-06-21,6621100.0
2011-06-22,6634100.0
2011-06-23,6646100.0
2011-06-24,6656900.0
2011-06-25,6664050.0
2011-06-26,6671500.0
2011-06-27,6679950.0
2011-06-28,6687950.0
2011-06-29,6696550.0
2011-06-30,6706100.0
2011-07-01,6714750.0
2011-07-02,6723200.0
2011-07-03,6731450.0
2011-07-04,6739950.0
2011-07-05,6746900.0
2011-07-06,6754750.0
2011-07-07,6761300.0
2011-07-08,6769550.0
2011-07-09,6777000.0
2011-07-10,6783850.0
2011-07-11,6791700.0
2011-07-12,6798750.0
2011-07-13,6808300.0
2011-07-14,6815500.0
2011-07-15,6823600.0
2011-07-16,6831450.0
2011-07-17,6839950.0
2011-07-18,6848450.0
2011-07-19,6855550.0
2011-07-20,6863000.0
2011-07-21,6870600.0
2011-07-22,6878150.0
2011-07-23,6885450.0
2011-07-24,6893750.0
2011-07-25,6902000.0
2011-07-26,6910800.0
2011-07-27,6919500.0
2011-07-28,6927250.0
2011-07-29,6935450.0
2011-07-30,6943050.0
2011-07-31,6951800.0
2011-08-01,6960050.0
2011-08-02,6967750.0
2011-08-03,6975600.0
2011-08-04,6982050.0
2011-08-05,6989050.0
2011-08-06,6995150.0
2011-08-07,7001450.0
2011-08-08,7008250.0
2011-08-09,7015550.0
2011-08-10,7023150.0
2011-08-11,7030000.0
2011-08-12,7036550.0
2011-08-13,7043050.0
2011-08-14,7049650.0
2011-08-15,7056100.0
2011-08-16,7063450.0
2011-08-17,7070250.0
2011-08-18,7077450.0
2011-08-19,7084000.0
2011-08-20,7091600.0
2011-08-21,7099600.0
2011-08-22,7108050.0
2011-08-23,7115800.0
2011-08-24,7122500.0
2011-08-25,7129250.0
2011-08-26,7136600.0
2011-08-27,7142700.0
2011-08-28,7148500.0
2011-08-29,7155400.0
2011-08-30,7162700.0
2011-08-31,7170450.0
2011-09-01,7176900.0
2011-09-02,7184700.0
2011-09-03,7191950.0
2011-09-04,7198650.0
2011-09-05,7206450.0
2011-09-06,7213950.0
2011-09-07,7220800.0
2011-09-08,7227250.0
2011-09-09,7234950.0
2011-09-10,7241600.0
2011-09-11,7247850.0
2011-09-12,7254500.0
2011-09-13,7261600.0
2011-09-14,7268900.0
2011-09-15,7276700.0
2011-09-16,7282650.0
2011-09-17,7289350.0
2011-09-18,7297250.0
2011-09-19,7303600.0
2011-09-20,7310600.0
2011-09-21,7317900.0
2011-09-22,7325300.0
2011-09-23,7331950.0
2011-09-24,7338400.0
2011-09-25,7345250.0
2011-09-26,7351950.0
2011-09-27,7358600.0
2011-09-28,7365950.0
2011-09-29,7372200.0
2011-09-30,7378300.0
2011-10-01,7385450.0
2011-10-02,7391500.0
2011-10-03,7398750.0
2011-10-04,7404350.0
2011-10-05,7411600.0
2011-10-06,7418000.0
2011-10-07,7424900.0
2011-10-08,7430850.0
2011-10-09,7437200.0
2011-10-10,7443350.0
2011-10-11,7448000.0
2011-10-12,7454000.0
2011-10-13,7458850.0
2011-10-14,7465800.0
2011-10-15,7472500.0
2011-10-16,7478450.0
2011-10-17,7484350.0
2011-10-18,7490350.0
2011-10-19,7497000.0
2011-10-20,7502750.0
2011-10-21,7508800.0
2011-10-22,7513700.0
2011-10-23,7519100.0
2011-10-24,7525450.0
2011-10-25,7531900.0
2011-10-26,7537750.0
2011-10-27,7542750.0
2011-10-28,7548000.0
2011-10-29,7553650.0
2011-10-30,7559200.0
2011-10-31,7565750.0
2011-11-01,7573250.0
2011-11-02,7580950.0
2011-11-03,7587200.0
2011-11-04,7594550.0
2011-11-05,7601850.0
2011-11-06,7609050.0
2011-11-07,7615650.0
2011-11-08,7623100.0
2011-11-09,7631150.0
2011-11-10,7638200.0
2011-11-11,7644200.0
2011-11-12,7651300.0
2011-11-13,7658500.0
2011-11-14,7665650.0
2011-11-15,7673900.0
2011-11-16,7680650.0
2011-11-17,7687600.0
2011-11-18,7694250.0
2011-11-19,7700400.0
2011-11-20,7707550.0
2011-11-21,7713450.0
2011-11-22,7720450.0
2011-11-23,7727150.0
2011-11-24,7732800.0
2011-11-25,7739550.0
2011-11-26,7745550.0
2011-11-27,7751250.0
2011-11-28,7757600.0
2011-11-29,7764500.0
2011-11-30,7772600.0
2011-12-01,7781700.0
2011-12-02,7789000.0
2011-12-03,7796600.0
2011-12-04,7803400.0
2011-12-05,7811300.0
2011-12-06,7819800.0
2011-12-07,7826750.0
2011-12-08,7834950.0
2011-12-09,7842300.0
2011-12-10,7849500.0
2011-12-11,7857100.0
2011-12-12,7863450.0
2011-12-13,7870050.0
2011-12-14,7877700.0
2011-12-15,7883300.0
2011-12-16,7889200.0
2011-12-17,7896700.0
2011-12-18,7903900.0
2011-12-19,7911850.0
2011-12-20,7918550.0
2011-12-21,7926000.0
2011-12-22,7933400.0
2011-12-23,7940500.0
2011-12-24,7947750.0
2011-12-25,7956450.0
2011-12-26,7965300.0
2011-12-27,7972550.0
2011-12-28,7980300.0
2011-12-29,7987200.0
2011-12-30,7994300.0
2011-12-31,8001850.0
2012-01-01,8009500.0
2012-01-02,8017050.0
2012-01-03,8025000.0
2012-01-04,8032450.0
2012-01-05,8039800.0
2012-01-06,8048350.0
2012-01-07,8057550.0
2012-01-08,8065700.0
2012-01-09,8073900.0
2012-01-10,8080950.0
2012-01-11,8088600.0
2012-01-12,8096350.0
2012-01-13,8103350.0
2012-01-14,8110850.0
2012-01-15,8117800.0
2012-01-16,8126600.0
2012-01-17,8134400.0
2012-01-18,8140800.0
2012-01-19,8148300.0
2012-01-20,8155550.0
2012-01-21,8163750.0
2012-01-22,8170550.0
2012-01-23,8179050.0
2012-01-24,8186000.0
2012-01-25,8193400.0
2012-01-26,8200300.0
2012-01-27,8207350.0
2012-01-28,8214600.0
2012-01-29,8222950.0
2012-01-30,8231550.0
2012-01-31,8239050.0
2012-02-01,8246100.0
2012-02-02,8254050.0
2012-02-03,8261950.0
2012-02-04,8269800.0
2012-02-05,8276900.0
2012-02-06,8284200.0
2012-02-07,8291050.0
2012-02-08,8298300.0
2012-02-09,8305550.0
2012-02-10,8312450.0
2012-02-11,8319950.0
2012-02-12,8327850.0
2012-02-13,8334700.0
2012-02-14,8341600.0
2012-02-15,8348300.0
2012-02-16,8355200.0
2012-02-17,8362800.0
2012-02-18,8371350.0
2012-02-19,8379250.0
2012-02-20,8386250.0
2012-02-21,8392700.0
2012-02-22,8400650.0
2012-02-23,8408950.0
2012-02-24,8416350.0
2012-02-25,8424650.0
2012-02-26,8432150.0
2012-02-27,8439850.0
2012-02-28,8447850.0
2012-02-29,8456800.0
2012-03-01,8464350.0
2012-03-02,8471050.0
2012-03-03,8476700.0
2012-03-04,8483550.0
2012-03-05,8490800.0
2012-03-06,8497650.0
2012-03-07,8505350.0
2012-03-08,8513150.0
2012-03-09,8521550.0
2012-03-10,8529800.0
2012-03-11,8536500.0
2012-03-12,8544800.0
2012-03-13,8552800.0
2012-03-14,8559650.0
2012-03-15,8565700.0
2012-03-16,8573350.0
2012-03-17,8581850.0
2012-03-18,8589850.0
2012-03-19,8597000.0
2012-03-20,8605000.0
2012-03-21,8612900.0
2012-03-22,8620800.0
2012-03-23,8627100.0
2012-03-24,8636350.0
2012-03-25,8644150.0
2012-03-26,8651700.0
2012-03-27,8659500.0
2012-03-28,8667000.0
2012-03-29,8674000.0
2012-03-30,8681750.0
2012-03-31,8690250.0
2012-04-01,8697300.0
2012-04-02,8703150.0
2012-04-03,8709800.0
2012-04-04,8716650.0
2012-04-05,8722500.0
2012-04-06,8729300.0
2012-04-07,8735700.0
2012-04-08,8743250.0
2012-04-09,8750550.0
2012-04-10,8757900.0
2012-04-11,8764950.0
2012-04-12,8771300.0
2012-04-13,8777450.0
2012-04-14,8784400.0
2012-04-15,8789750.0
2012-04-16,8797250.0
2012-04-17,8804000.0
2012-04-18,8810500.0
2012-04-19,8818350.0
2012-04-20,8826050.0
2012-04-21,8833750.0
2012-04-22,8840750.0
2012-04-23,8847500.0
2012-04-24,8854400.0
2012-04-25,8860750.0
2012-04-26,8868500.0
2012-04-27,8875250.0
2012-04-28,8882850.0
2012-04-29,8891800.0
2012-04-30,8900750.0
2012-05-01,8909250.0
2012-05-02,8916750.0
2012-05-03,8924600.0
2012-05-04,8932650.0
2012-05-05,8941000.0
2012-05-06,8949200.0
2012-05-07,8957700.0
2012-05-08,8966500.0
2012-05-09,8974800.0
2012-05-10,8981250.0
2012-05-11,8988400.0
2012-05-12,8994800.0
2012-05-13,9001800.0
2012-05-14,9008750.0
2012-05-15,9015250.0
2012-05-16,9021250.0
2012-05-17,9027100.0
2012-05-18,9034350.0
2012-05-19,9041800.0
2012-05-20,9048700.0
2012-05-21,9055000.0
2012-05-22,9060750.0
2012-05-23,9067250.0
2012-05-24,9073500.0
2012-05-25,9079550.0
2012-05-26,9086650.0
2012-05-27,9094600.0
2012-05-28,9101700.0
2012-05-29,9108000.0
2012-05-30,9114550.0
2012-05-31,9121450.0
2012-06-01,9129050.0
2012-06-02,9136950.0
2012-06-03,9144650.0
2012-06-04,9152450.0
2012-06-05,9159800.0
2012-06-06,9167450.0
2012-06-07,9174400.0
2012-06-08,9181450.0
2012-06-09,9190000.0
2012-06-10,9198300.0
2012-06-11,9205300.0
2012-06-12,9213100.0
2012-06-13,9220600.0
2012-06-14,9228400.0
2012-06-15,9236350.0
2012-06-16,9244150.0
2012-06-17,9252350.0
2012-06-18,9261100.0
2012-06-19,9268450.0
2012-06-20,9275700.0
2012-06-21,9282500.0
2012-06-22,9289400.0
2012-06-23,9297600.0
2012-06-24,9304150.0
2012-06-25,9311850.0
2012-06-26,9319300.0
2012-06-27,9327450.0
2012-06-28,9334300.0
2012-06-29,9341600.0
2012-06-30,9348200.0
2012-07-01,9355300.0
2012-07-02,9362900.0
2012-07-03,9370900.0
2012-07-04,9378400.0
2012-07-05,9385600.0
2012-07-06,9393350.0
2012-07-07,9401650.0
2012-07-08,9409300.0
2012-07-09,9417450.0
2012-07-10,9424950.0
2012-07-11,9431650.0
2012-07-12,9438900.0
2012-07-13,9447300.0
2012-07-14,9455350.0
2012-07-15,9462350.0
2012-07-16,9469850.0
2012-07-17,9478450.0
2012-07-18,9486200.0
2012-07-19,9492950.0
2012-07-20,9500350.0
2012-07-21,9507400.0
2012-07-22,9515150.0
2012-07-23,9522150.0
2012-07-24,9530250.0
2012-07-25,9538250.0
2012-07-26,9546700.0
2012-07-27,9555600.0
2012-07-28,9563250.0
2012-07-29,9571550.0
2012-07-30,9580350.0
2012-07-31,9586850.0
2012-08-01,9593550.0
2012-08-02,9601800.0
2012-08-03,9609900.0
2012-08-04,9617700.0
2012-08-05,9624650.0
2012-08-06,9631650.0
2012-08-07,9639800.0
2012-08-08,9648150.0
2012-08-09,9656650.0
2012-08-10,9664450.0
2012-08-11,9672800.0
2012-08-12,9680800.0
2012-08-13,9688800.0
2012-08-14,9696650.0
2012-08-15,9705000.0
2012-08-16,9712700.0
2012-08-17,9719600.0
2012-08-18,9727100.0
2012-08-19,9736250.0
2012-08-20,9744900.0
2012-08-21,9753600.0
2012-08-22,9761400.0
2012-08-23,9769650.0
2012-08-24,9777050.0
2012-08-25,9783950.0
2012-08-26,9792900.0
2012-08-27,9800150.0
2012-08-28,9807700.0
2012-08-29,9816100.0
2012-08-30,9823800.0
2012-08-31,9830800.0
2012-09-01,9838850.0
2012-09-02,9847050.0
2012-09-03,9854900.0
2012-09-04,9862550.0
2012-09-05,9871550.0
2012-09-06,9880050.0
2012-09-07,9888500.0
2012-09-08,9895750.0
2012-09-09,9903700.0
2012-09-10,9911200.0
2012-09-11,9918450.0
2012-09-12,9926150.0
2012-09-13,9932700.0
2012-09-14,9940800.0
2012-09-15,9948000.0
2012-09-16,9956050.0
2012-09-17,9964450.0
2012-09-18,9972800.0
2012-09-19,9979850.0
2012-09-20,9987450.0
2012-09-21,9995900.0
2012-09-22,10003750.0
2012-09-23,10011650.0
2012-09-24,10019300.0
2012-09-25,10026250.0
2012-09-26,10033250.0
2012-09-27,10041300.0
2012-09-28,10049200.0
2012-09-29,10057550.0
2012-09-30,10065550.0
2012-10-01,10072100.0
2012-10-02,10079400.0
2012-10-03,10086050.0
2012-10-04,10092650.0
2012-10-05,10099400.0
2012-10-06,10107150.0
2012-10-07,10113400.0
2012-10-08,10122300.0
2012-10-09,10129400.0
2012-10-10,10136850.0
2012-10-11,10143750.0
2012-10-12,10151200.0
2012-10-13,10158600.0
2012-10-14,10164950.0
2012-10-15,10173400.0
2012-10-16,10181150.0
2012-10-17,10188200.0
2012-10-18,10196100.0
2012-10-19,10202900.0
2012-10-20,10210750.0
2012-10-21,10218800.0
2012-10-22,10226650.0
2012-10-23,10233150.0
2012-10-24,10241250.0
2012-10-25,10248400.0
2012-10-26,10256650.0
2012-10-27,10265400.0
2012-10-28,10273700.0
2012-10-29,10281500.0
2012-10-30,10288800.0
2012-10-31,10295950.0
2012-11-01,10302800.0
2012-11-02,10309950.0
2012-11-03,10317250.0
2012-11-04,10325100.0
2012-11-05,10333100.0
2012-11-06,10339850.0
2012-11-07,10347700.0
2012-11-08,10355400.0
2012-11-09,10363000.0
2012-11-10,10370200.0
2012-11-11,10377550.0
2012-11-12,10384150.0
2012-11-13,10391150.0
2012-11-14,10398300.0
2012-11-15,10405100.0
2012-11-16,10412350.0
2012-11-17,10419350.0
2012-11-18,10426650.0
2012-11-19,10434000.0
2012-11-20,10441250.0
2012-11-21,10448900.0
2012-11-22,10456100.0
2012-11-23,10464250.0
2012-11-24,10471800.0
2012-11-25,10479100.0
2012-11-26,10486900.0
2012-11-27,10494350.0
2012-11-28,10501475.0
2012-11-29,10505625.0
2012-11-30,10508750.0
2012-12-01,10512925.0
2012-12-02,10516500.0
2012-12-03,10520175.0
2012-12-04,10522975.0
2012-12-05,10526025.0
2012-12-06,10529450.0
2012-12-07,10532675.0
2012-12-08,10536125.0
2012-12-09,10539275.0
2012-12-10,10542850.0
2012-12-11,10546450.0
2012-12-12,10549700.0
2012-12-13,10552975.0
2012-12-14,10555625.0
2012-12-15,10558525.0
2012-12-16,10561300.0
2012-12-17,10564650.0
2012-12-18,10567775.0
2012-12-19,10571325.0
2012-12-20,10573975.0
2012-12-21,10577125.0
2012-12-22,10580950.0
2012-12-23,10583975.0
2012-12-24,10587300.0
2012-12-25,10590400.0
2012-12-26,10594250.0
2012-12-27,10598150.0
2012-12-28,10602375.0
2012-12-29,10605975.0
2012-12-30,10610125.0
2012-12-31,10614075.0
2013-01-01,10618125.0
2013-01-02,10621950.0
2013-01-03,10626000.0
2013-01-04,10629825.0
2013-01-05,10633350.0
2013-01-06,10636975.0
2013-01-07,10641175.0
2013-01-08,10644500.0
2013-01-09,10647750.0
2013-01-10,10651425.0
2013-01-11,10654350.0
2013-01-12,10657400.0
2013-01-13,10660725.0
2013-01-14,10664650.0
2013-01-15,10667675.0
2013-01-16,10670950.0
2013-01-17,10673725.0
2013-01-18,10676750.0
2013-01-19,10680600.0
2013-01-20,10683850.0
2013-01-21,10687150.0
2013-01-22,10690750.0
2013-01-23,10693900.0
2013-01-24,10697800.0
2013-01-25,10701225.0
2013-01-26,10705125.0
2013-01-27,10708900.0
2013-01-28,10712575.0
2013-01-29,10716525.0
2013-01-30,10720350.0
2013-01-31,10725175.0
2013-02-01,10728850.0
2013-02-02,10732675.0
2013-02-03,10737325.0
2013-02-04,10741425.0
2013-02-05,10745600.0
2013-02-06,10749250.0
2013-02-07,10753100.0
2013-02-08,10756875.0
2013-02-09,10760450.0
2013-02-10,10764475.0
2013-02-11,10768450.0
2013-02-12,10771925.0
2013-02-13,10776200.0
2013-02-14,10779975.0
2013-02-15,10784450.0
2013-02-16,10789175.0
2013-02-17,10793875.0
2013-02-18,10797900.0
2013-02-19,10801875.0
2013-02-20,10806700.0
2013-02-21,10811100.0
2013-02-22,10815350.0
2013-02-23,10819450.0
2013-02-24,10823350.0
2013-02-25,10828450.0
2013-02-26,10832600.0
2013-02-27,10837425.0
2013-02-28,10841625.0
2013-03-01,10845425.0
2013-03-02,10849050.0
2013-03-03,10853075.0
2013-03-04,10857550.0
2013-03-05,10861025.0
2013-03-06,10864900.0
2013-03-07,10868900.0
2013-03-08,10872900.0
2013-03-09,10877125.0
2013-03-10,10881700.0
2013-03-11,10885800.0
2013-03-12,10889175.0
2013-03-13,10893100.0
2013-03-14,10897575.0
2013-03-15,10901875.0
2013-03-16,10906250.0
2013-03-17,10911475.0
2013-03-18,10916225.0
2013-03-19,10920475.0
2013-03-20,10925750.0
2013-03-21,10931200.0
2013-03-22,10936925.0
2013-03-23,10942350.0
2013-03-24,10947075.0
2013-03-25,10950675.0
2013-03-26,10954450.0
2013-03-27,10957725.0
2013-03-28,10962300.0
2013-03-29,10966650.0
2013-03-30,10970975.0
2013-03-31,10975200.0
2013-04-01,10980150.0
2013-04-02,10984675.0
2013-04-03,10989050.0
2013-04-04,10992900.0
2013-04-05,10996850.0
2013-04-06,11000925.0
2013-04-07,11005025.0
2013-04-08,11008900.0
2013-04-09,11013300.0
2013-04-10,11018075.0
2013-04-11,11022075.0
2013-04-12,11026400.0
2013-04-13,11030575.0
2013-04-14,11034400.0
2013-04-15,11038500.0
2013-04-16,11042925.0
2013-04-17,11047200.0
2013-04-18,11050875.0
2013-04-19,11054300.0
2013-04-20,11058150.0
2013-04-21,11062550.0
2013-04-22,11066375.0
2013-04-23,11070575.0
2013-04-24,11074625.0
2013-04-25,11078925.0
2013-04-26,11083200.0
2013-04-27,11086875.0
2013-04-28,11091300.0
2013-04-29,11095650.0
2013-04-30,11099375.0
2013-05-01,11103150.0
2013-05-02,11106500.0
2013-05-03,11109950.0
2013-05-04,11113900.0
2013-05-05,11118025.0
2013-05-06,11122175.0
2013-05-07,11126375.0
2013-05-08,11130500.0
2013-05-09,11134600.0
2013-05-10,11138900.0
2013-05-11,11143450.0
2013-05-12,11147650.0
2013-05-13,11151975.0
2013-05-14,11155850.0
2013-05-15,11159375.0
2013-05-16,11163075.0
2013-05-17,11167100.0
2013-05-18,11170825.0
2013-05-19,11174725.0
2013-05-20,11177950.0
2013-05-21,11181725.0
2013-05-22,11185625.0
2013-05-23,11189975.0
2013-05-24,11194200.0
2013-05-25,11198325.0
2013-05-26,11202400.0
2013-05-27,11206800.0
2013-05-28,11210750.0
2013-05-29,11214950.0
2013-05-30,11219425.0
2013-05-31,11223800.0
2013-06-01,11229125.0
2013-06-02,11234100.0
2013-06-03,11239425.0
2013-06-04,11244750.0
2013-06-05,11249350.0
2013-06-06,11253875.0
2013-06-07,11257900.0
2013-06-08,11262425.0
2013-06-09,11266400.0
2013-06-10,11270750.0
2013-06-11,11275250.0
2013-06-12,11280325.0
2013-06-13,11284975.0
2013-06-14,11289475.0
2013-06-15,11293800.0
2013-06-16,11298425.0
2013-06-17,11302050.0
2013-06-18,11305550.0
2013-06-19,11308950.0
2013-06-20,11312800.0
2013-06-21,11317000.0
2013-06-22,11321400.0
2013-06-23,11325525.0
2013-06-24,11329275.0
2013-06-25,11333200.0
2013-06-26,11337550.0
2013-06-27,11341725.0
2013-06-28,11345950.0
2013-06-29,11350175.0
2013-06-30,11354000.0
2013-07-01,11357925.0
2013-07-02,11361750.0
2013-07-03,11366350.0
2013-07-04,11370475.0
2013-07-05,11375125.0
2013-07-06,11379800.0
2013-07-07,11384450.0
2013-07-08,11389250.0
2013-07-09,11393875.0
2013-07-10,11398750.0
2013-07-11,11403100.0
2013-07-12,11406950.0
2013-07-13,11410875.0
2013-07-14,11415175.0
2013-07-15,11419275.0
2013-07-16,11423375.0
2013-07-17,11427975.0
2013-07-18,11432000.0
2013-07-19,11436275.0
2013-07-20,11440925.0
2013-07-21,11445900.0
2013-07-22,11450025.0
2013-07-23,11453550.0
2013-07-24,11457525.0
2013-07-25,11461175.0
2013-07-26,11465300.0
2013-07-27,11469800.0
2013-07-28,11474000.0
2013-07-29,11478450.0
2013-07-30,11483375.0
2013-07-31,11488125.0
2013-08-01,11492550.0
2013-08-02,11497350.0
2013-08-03,11501600.0
2013-08-04,11506075.0
2013-08-05,11510800.0
2013-08-06,11515550.0
2013-08-07,11520200.0
2013-08-08,11525325.0
2013-08-09,11530175.0
2013-08-10,11535450.0
2013-08-11,11540850.0
2013-08-12,11546250.0
2013-08-13,11550825.0
2013-08-14,11555025.0
2013-08-15,11559275.0
2013-08-16,11563475.0
2013-08-17,11568225.0
2013-08-18,11573075.0
2013-08-19,11577500.0
2013-08-20,11582250.0
2013-08-21,11587150.0
2013-08-22,11592550.0
2013-08-23,11597450.0
2013-08-24,11602025.0
2013-08-25,11605800.0
2013-08-26,11609950.0
2013-08-27,11614175.0
2013-08-28,11618625.0
2013-08-29,11623350.0
2013-08-30,11628475.0
2013-08-31,11634050.0
2013-09-01,11639575.0
2013-09-02,11644900.0
2013-09-03,11649800.0
2013-09-04,11653875.0
2013-09-05,11658350.0
2013-09-06,11662975.0
2013-09-07,11666600.0
2013-09-08,11670525.0
2013-09-09,11675600.0
2013-09-10,11680375.0
2013-09-11,11685375.0
2013-09-12,11690700.0
2013-09-13,11695800.0
2013-09-14,11701250.0
2013-09-15,11705775.0
2013-09-16,11709625.0
2013-09-17,11714100.0
2013-09-18,11718225.0
2013-09-19,11722975.0
2013-09-20,11727975.0
2013-09-21,11732700.0
2013-09-22,11737775.0
2013-09-23,11743025.0
2013-09-24,11748325.0
2013-09-25,11753450.0
2013-09-26,11757525.0
2013-09-27,11761975.0
2013-09-28,11766400.0
2013-09-29,11770650.0
2013-09-30,11774725.0
2013-10-01,11779400.0
2013-10-02,11784175.0
2013-10-03,11789150.0
2013-10-04,11793650.0
2013-10-05,11799125.0
2013-10-06,11803750.0
2013-10-07,11807650.0
2013-10-08,11811700.0
2013-10-09,11816150.0
2013-10-10,11820950.0
2013-10-11,11825575.0
2013-10-12,11830925.0
2013-10-13,11836450.0
2013-10-14,11842700.0
2013-10-15,11849200.0
2013-10-16,11854450.0
2013-10-17,11858625.0
2013-10-18,11863425.0
2013-10-19,11869000.0
2013-10-20,11873975.0
2013-10-21,11879250.0
2013-10-22,11885375.0
2013-10-23,11890900.0
2013-10-24,11896275.0
2013-10-25,11902150.0
2013-10-26,11906700.0
2013-10-27,11911175.0
2013-10-28,11915550.0
2013-10-29,11919550.0
2013-10-30,11924425.0
2013-10-31,11929700.0
2013-11-01,11934900.0
2013-11-02,11939950.0
2013-11-03,11944750.0
2013-11-04,11949625.0
2013-11-05,11953975.0
2013-11-06,11958050.0
2013-11-07,11961650.0
2013-11-08,11965000.0
2013-11-09,11968700.0
2013-11-10,11972975.0
2013-11-11,11977650.0
2013-11-12,11982675.0
2013-11-13,11986875.0
2013-11-14,11991450.0
2013-11-15,11995600.0
2013-11-16,12000450.0
2013-11-17,12005100.0
2013-11-18,12009000.0
2013-11-19,12013025.0
2013-11-20,12017125.0
2013-11-21,12020875.0
2013-11-22,12025175.0
2013-11-23,12029425.0
2013-11-24,12033625.0
2013-11-25,12037950.0
2013-11-26,12041900.0
2013-11-27,12046225.0
2013-11-28,12050775.0
2013-11-29,12055100.0
2013-11-30,12059525.0
2013-12-01,12064375.0
2013-12-02,12068350.0
2013-12-03,12073350.0
2013-12-04,12077575.0
2013-12-05,12081875.0
2013-12-06,12087075.0
2013-12-07,12091950.0
2013-12-08,12096825.0
2013-12-09,12101200.0
2013-12-10,12106025.0
2013-12-11,12110150.0
2013-12-12,12114200.0
2013-12-13,12118600.0
2013-12-14,12123525.0
2013-12-15,12127950.0
2013-12-16,12132975.0
2013-12-17,12138050.0
2013-12-18,12143025.0
2013-12-19,12148675.0
2013-12-20,12153125.0
2013-12-21,12157150.0
2013-12-22,12161375.0
2013-12-23,12165650.0
2013-12-24,12169875.0
2013-12-25,12173925.0
2013-12-26,12178425.0
2013-12-27,12183025.0
2013-12-28,12186775.0
2013-12-29,12190975.0
2013-12-30,12195300.0
2013-12-31,12199900.0
2014-01-01,12205025.0
2014-01-02,12208375.0
2014-01-03,12212400.0
2014-01-04,12215925.0
2014-01-05,12220750.0
2014-01-06,12225375.0
2014-01-07,12229825.0
2014-01-08,12234650.0
2014-01-09,12239825.0
2014-01-10,12244500.0
2014-01-11,12249750.0
2014-01-12,12254900.0
2014-01-13,12259125.0
2014-01-14,12263200.0
2014-01-15,12267800.0
2014-01-16,12272425.0
2014-01-17,12276225.0
2014-01-18,12280575.0
2014-01-19,12284800.0
2014-01-20,12289675.0
2014-01-21,12293800.0
2014-01-22,12298625.0
2014-01-23,12303050.0
2014-01-24,12307775.0
2014-01-25,12311900.0
2014-01-26,12315675.0
2014-01-27,12320050.0
2014-01-28,12323900.0
2014-01-29,12327700.0
2014-01-30,12332100.0
2014-01-31,12336700.0
2014-02-01,12341425.0
2014-02-02,12346075.0
2014-02-03,12350600.0
2014-02-04,12354900.0
2014-02-05,12359100.0
2014-02-06,12363650.0
2014-02-07,12367525.0
2014-02-08,12372050.0
2014-02-09,12375525.0
2014-02-10,12379425.0
2014-02-11,12383500.0
2014-02-12,12387975.0
2014-02-13,12392425.0
2014-02-14,12397200.0
2014-02-15,12401875.0
2014-02-16,12406750.0
2014-02-17,12410625.0
2014-02-18,12414700.0
2014-02-19,12419700.0
2014-02-20,12424125.0
2014-02-21,12427925.0
2014-02-22,12432450.0
2014-02-23,12436625.0
2014-02-24,12441375.0
2014-02-25,12445425.0
2014-02-26,12450050.0
2014-02-27,12454725.0
2014-02-28,12459250.0
2014-03-01,12462850.0
2014-03-02,12466350.0
2014-03-03,12470050.0
2014-03-04,12473775.0
2014-03-05,12477650.0
2014-03-06,12482000.0
2014-03-07,12486150.0
2014-03-08,12490350.0
2014-03-09,12494825.0
2014-03-10,12498550.0
2014-03-11,12502750.0
2014-03-12,12507300.0
2014-03-13,12511350.0
2014-03-14,12514675.0
2014-03-15,12518800.0
2014-03-16,12523075.0
2014-03-17,12527100.0
2014-03-18,12530750.0
2014-03-19,12534750.0
2014-03-20,12539100.0
2014-03-21,12543825.0
2014-03-22,12548075.0
2014-03-23,12553425.0
2014-03-24,12558125.0
2014-03-25,12562050.0
2014-03-26,12566025.0
2014-03-27,12570350.0
2014-03-28,12574700.0
2014-03-29,12579100.0
2014-03-30,12582600.0
2014-03-31,12587075.0
2014-04-01,12591350.0
2014-04-02,12596300.0
2014-04-03,12601375.0
2014-04-04,12606225.0
2014-04-05,12610525.0
2014-04-06,12614300.0
2014-04-07,12618075.0
2014-04-08,12621425.0
2014-04-09,12625450.0
2014-04-10,12629325.0
2014-04-11,12633525.0
2014-04-12,12637575.0
2014-04-13,12642250.0
2014-04-14,12647075.0
2014-04-15,12651600.0
2014-04-16,12655600.0
2014-04-17,12659825.0
2014-04-18,12663825.0
2014-04-19,12667800.0
2014-04-20,12672250.0
2014-04-21,12676525.0
2014-04-22,12680375.0
2014-04-23,12684500.0
2014-04-24,12688275.0
2014-04-25,12692825.0
2014-04-26,12696875.0
2014-04-27,12701325.0
2014-04-28,12705100.0
2014-04-29,12709375.0
2014-04-30,12712825.0
2014-05-01,12717225.0
2014-05-02,12721250.0
2014-05-03,12724800.0
2014-05-04,12728575.0
2014-05-05,12731700.0
2014-05-06,12736550.0
2014-05-07,12740525.0
2014-05-08,12744700.0
2014-05-09,12748950.0
2014-05-10,12753425.0
2014-05-11,12757225.0
2014-05-12,12761325.0
2014-05-13,12765375.0
2014-05-14,12769100.0
2014-05-15,12773400.0
2014-05-16,12777925.0
2014-05-17,12782250.0
2014-05-18,12786550.0
2014-05-19,12790750.0
2014-05-20,12795175.0
2014-05-21,12799525.0
2014-05-22,12803850.0
2014-05-23,12807975.0
2014-05-24,12811825.0
2014-05-25,12815850.0
2014-05-26,12819800.0
2014-05-27,12823200.0
2014-05-28,12827425.0
2014-05-29,12830950.0
2014-05-30,12835125.0
2014-05-31,12838800.0
2014-06-01,12843175.0
2014-06-02,12848000.0
2014-06-03,12852425.0
2014-06-04,12856975.0
2014-06-05,12860775.0
2014-06-06,12864250.0
2014-06-07,12868125.0
2014-06-08,12871525.0
2014-06-09,12875425.0
2014-06-10,12879575.0
2014-06-11,12883250.0
2014-06-12,12887550.0
2014-06-13,12891625.0
2014-06-14,12896075.0
2014-06-15,12900825.0
2014-06-16,12905525.0
2014-06-17,12910125.0
2014-06-18,12914075.0
2014-06-19,12918250.0
2014-06-20,12922900.0
2014-06-21,12927550.0
2014-06-22,12932050.0
2014-06-23,12936450.0
2014-06-24,12941150.0
2014-06-25,12945825.0
2014-06-26,12950100.0
2014-06-27,12955000.0
2014-06-28,12959575.0
2014-06-29,12963475.0
2014-06-30,12966800.0
2014-07-01,12970125.0
2014-07-02,12973550.0
2014-07-03,12977025.0
2014-07-04,12981175.0
2014-07-05,12984975.0
2014-07-06,12988525.0
2014-07-07,12992275.0
2014-07-08,12996025.0
2014-07-09,13000175.0
2014-07-10,13003900.0
2014-07-11,13007800.0
2014-07-12,13011725.0
2014-07-13,13015725.0
2014-07-14,13019100.0
2014-07-15,13023075.0
2014-07-16,13026675.0
2014-07-17,13030975.0
2014-07-18,13035275.0
2014-07-19,13039700.0
2014-07-20,13043575.0
2014-07-21,13047450.0
2014-07-22,13051000.0
2014-07-23,13054650.0
2014-07-24,13058225.0
2014-07-25,13062300.0
2014-07-26,13065650.0
2014-07-27,13069475.0
2014-07-28,13073225.0
2014-07-29,13076950.0
2014-07-30,13081250.0
2014-07-31,13085100.0
2014-08-01,13089025.0
2014-08-02,13093100.0
2014-08-03,13096950.0
2014-08-04,13100150.0
2014-08-05,13103525.0
2014-08-06,13107625.0
2014-08-07,13111625.0
2014-08-08,13115675.0
2014-08-09,13120125.0
2014-08-10,13124550.0
2014-08-11,13129100.0
2014-08-12,13133450.0
2014-08-13,13137075.0
2014-08-14,13141575.0
2014-08-15,13145700.0
2014-08-16,13149650.0
2014-08-17,13153900.0
2014-08-18,13158850.0
2014-08-19,13163500.0
2014-08-20,13167725.0
2014-08-21,13171850.0
2014-08-22,13175775.0
2014-08-23,13179825.0
2014-08-24,13183475.0
2014-08-25,13186900.0
2014-08-26,13191225.0
2014-08-27,13195450.0
2014-08-28,13199775.0
2014-08-29,13204025.0
2014-08-30,13208575.0
2014-08-31,13213275.0
2014-09-01,13216675.0
2014-09-02,13220325.0
2014-09-03,13224550.0
2014-09-04,13228525.0
2014-09-05,13232150.0
2014-09-06,13236625.0
2014-09-07,13240500.0
2014-09-08,13244100.0
2014-09-09,13247750.0
2014-09-10,13251675.0
2014-09-11,13255925.0
2014-09-12,13259775.0
2014-09-13,13264300.0
2014-09-14,13268250.0
2014-09-15,13272200.0
2014-09-16,13276475.0
2014-09-17,13281125.0
2014-09-18,13285600.0
2014-09-19,13289875.0
2014-09-20,13294275.0
2014-09-21,13298375.0
2014-09-22,13302575.0
2014-09-23,13306325.0
2014-09-24,13310225.0
2014-09-25,13314525.0
2014-09-26,13317875.0
2014-09-27,13321250.0
2014-09-28,13324475.0
2014-09-29,13327900.0
2014-09-30,13331725.0
2014-10-01,13335600.0
2014-10-02,13339075.0
2014-10-03,13342700.0
2014-10-04,13346550.0
2014-10-05,13350775.0
2014-10-06,13354800.0
2014-10-07,13358150.0
2014-10-08,13361750.0
2014-10-09,13365450.0
2014-10-10,13369325.0
2014-10-11,13372900.0
2014-10-12,13376625.0
2014-10-13,13380500.0
2014-10-14,13383800.0
2014-10-15,13387575.0
2014-10-16,13391275.0
2014-10-17,13394825.0
2014-10-18,13398925.0
2014-10-19,13402250.0
2014-10-20,13405650.0
2014-10-21,13409500.0
2014-10-22,13413475.0
2014-10-23,13417250.0
2014-10-24,13421225.0
2014-10-25,13425050.0
2014-10-26,13428225.0
2014-10-27,13432200.0
2014-10-28,13435650.0
2014-10-29,13439525.0
2014-10-30,13443775.0
2014-10-31,13448475.0
2014-11-01,13452450.0
2014-11-02,13456325.0
2014-11-03,13460550.0
2014-11-04,13464600.0
2014-11-05,13468050.0
2014-11-06,13471925.0
2014-11-07,13475650.0
2014-11-08,13479475.0
2014-11-09,13483200.0
2014-11-10,13486900.0
2014-11-11,13490125.0
2014-11-12,13493800.0
2014-11-13,13497425.0
2014-11-14,13501250.0
2014-11-15,13504775.0
2014-11-16,13508525.0
2014-11-17,13512125.0
2014-11-18,13515975.0
2014-11-19,13519500.0
2014-11-20,13522950.0
2014-11-21,13526125.0
2014-11-22,13529975.0
2014-11-23,13533525.0
2014-11-24,13537200.0
2014-11-25,13540500.0
2014-11-26,13543925.0
2014-11-27,13547450.0
2014-11-28,13551150.0
2014-11-29,13555075.0
2014-11-30,13559075.0
2014-12-01,13562325.0
2014-12-02,13566075.0
2014-12-03,13568975.0
2014-12-04,13572625.0
2014-12-05,13576525.0
2014-12-06,13579875.0
2014-12-07,13583075.0
2014-12-08,13587175.0
2014-12-09,13590725.0
2014-12-10,13594300.0
2014-12-11,13598000.0
2014-12-12,13601525.0
2014-12-13,13605175.0
2014-12-14,13608700.0
2014-12-15,13612225.0
2014-12-16,13615800.0
2014-12-17,13619000.0
2014-12-18,13622225.0
2014-12-19,13625650.0
2014-12-20,13628975.0
2014-12-21,13632300.0
2014-12-22,13636400.0
2014-12-23,13640150.0
2014-12-24,13643975.0
2014-12-25,13647925.0
2014-12-26,13651700.0
2014-12-27,13655525.0
2014-12-28,13659750.0
2014-12-29,13663850.0
2014-12-30,13667725.0
2014-12-31,13671525.0
2015-01-01,13675650.0
2015-01-02,13679775.0
2015-01-03,13683825.0
2015-01-04,13688125.0
2015-01-05,13692025.0
2015-01-06,13695975.0
2015-01-07,13699475.0
2015-01-08,13703150.0
2015-01-09,13706650.0
2015-01-10,13710325.0
2015-01-11,13714200.0
2015-01-12,13717750.0
2015-01-13,13720900.0
2015-01-14,13724550.0
2015-01-15,13728325.0
2015-01-16,13731800.0
2015-01-17,13735250.0
2015-01-18,13739075.0
2015-01-19,13742675.0
2015-01-20,13745625.0
2015-01-21,13749350.0
2015-01-22,13752725.0
2015-01-23,13755825.0
2015-01-24,13758975.0
2015-01-25,13762100.0
2015-01-26,13765275.0
2015-01-27,13768975.0
2015-01-28,13773100.0
2015-01-29,13777200.0
2015-01-30,13780650.0
2015-01-31,13784800.0
2015-02-01,13788675.0
2015-02-02,13792650.0
2015-02-03,13795825.0
2015-02-04,13799800.0
2015-02-05,13803775.0
2015-02-06,13808200.0
2015-02-07,13812175.0
2015-02-08,13815475.0
2015-02-09,13819500.0
2015-02-10,13823100.0
2015-02-11,13827050.0
2015-02-12,13830025.0
2015-02-13,13833650.0
2015-02-14,13837675.0
2015-02-15,13841175.0
2015-02-16,13845100.0
2015-02-17,13848825.0
2015-02-18,13853000.0
2015-02-19,13857150.0
2015-02-20,13861100.0
2015-02-21,13864650.0
2015-02-22,13868425.0
2015-02-23,13871975.0
2015-02-24,13875200.0
2015-02-25,13879175.0
2015-02-26,13882925.0
2015-02-27,13886725.0
2015-02-28,13890250.0
2015-03-01,13893775.0
2015-03-02,13897725.0
2015-03-03,13901675.0
2015-03-04,13905175.0
2015-03-05,13908475.0
2015-03-06,13912175.0
2015-03-07,13915675.0
2015-03-08,13919575.0
2015-03-09,13923175.0
2015-03-10,13926975.0
2015-03-11,13930825.0
2015-03-12,13934100.0
2015-03-13,13937725.0
2015-03-14,13941025.0
2015-03-15,13944600.0
2015-03-16,13948075.0
2015-03-17,13951275.0
2015-03-18,13955100.0
2015-03-19,13958525.0
2015-03-20,13961925.0
2015-03-21,13965700.0
2015-03-22,13969250.0
2015-03-23,13972875.0
2015-03-24,13977200.0
2015-03-25,13981250.0
2015-03-26,13984950.0
2015-03-27,13989225.0
2015-03-28,13992925.0
2015-03-29,13996750.0
2015-03-30,14000300.0
2015-03-31,14004050.0
2015-04-01,14007350.0
2015-04-02,14011450.0
2015-04-03,14015150.0
2015-04-04,14018975.0
2015-04-05,14022675.0
2015-04-06,14025825.0
2015-04-07,14029625.0
2015-04-08,14032750.0
2015-04-09,14036075.0
2015-04-10,14039875.0
2015-04-11,14043375.0
2015-04-12,14046575.0
2015-04-13,14050475.0
2015-04-14,14054200.0
2015-04-15,14057250.0
2015-04-16,14060700.0
2015-04-17,14063850.0
2015-04-18,14067500.0
2015-04-19,14071125.0
2015-04-20,14074975.0
2015-04-21,14078800.0
2015-04-22,14082600.0
2015-04-23,14085850.0
2015-04-24,14088950.0
2015-04-25,14093025.0
2015-04-26,14096625.0
2015-04-27,14100050.0
2015-04-28,14103875.0
2015-04-29,14107050.0
2015-04-30,14110400.0
2015-05-01,14114100.0
2015-05-02,14117775.0
2015-05-03,14121275.0
2015-05-04,14124500.0
2015-05-05,14128350.0
2015-05-06,14132375.0
2015-05-07,14135900.0
2015-05-08,14139650.0
2015-05-09,14142875.0
2015-05-10,14146100.0
2015-05-11,14150050.0
2015-05-12,14153800.0
2015-05-13,14157850.0
2015-05-14,14161675.0
2015-05-15,14165375.0
2015-05-16,14168675.0
2015-05-17,14172950.0
2015-05-18,14176550.0
2015-05-19,14179800.0
2015-05-20,14183425.0
2015-05-21,14187300.0
2015-05-22,14190750.0
2015-05-23,14193550.0
2015-05-24,14197200.0
2015-05-25,14200725.0
2015-05-26,14204325.0
2015-05-27,14207775.0
2015-05-28,14211075.0
2015-05-29,14214925.0
2015-05-30,14218325.0
2015-05-31,14222025.0
2015-06-01,14225325.0
2015-06-02,14229075.0
2015-06-03,14232625.0
2015-06-04,14236150.0
2015-06-05,14239600.0
2015-06-06,14244050.0
2015-06-07,14247775.0
2015-06-08,14251650.0
2015-06-09,14255475.0
2015-06-10,14259700.0
2015-06-11,14263075.0
2015-06-12,14266625.0
2015-06-13,14270600.0
2015-06-14,14274300.0
2015-06-15,14277900.0
2015-06-16,14280850.0
2015-06-17,14284800.0
2015-06-18,14288700.0
2015-06-19,14292375.0
2015-06-20,14295725.0
2015-06-21,14298825.0
2015-06-22,14302650.0
2015-06-23,14306125.0
2015-06-24,14310025.0
2015-06-25,14313850.0
2015-06-26,14317700.0
2015-06-27,14320925.0
2015-06-28,14324450.0
2015-06-29,14327950.0
2015-06-30,14331575.0
2015-07-01,14334950.0
2015-07-02,14338800.0
2015-07-03,14342825.0
2015-07-04,14346625.0
2015-07-05,14350175.0
2015-07-06,14354675.0
2015-07-07,14358050.0
2015-07-08,14362075.0
2015-07-09,14365400.0
2015-07-10,14369250.0
2015-07-11,14372950.0
2015-07-12,14376325.0
2015-07-13,14380025.0
2015-07-14,14383625.0
2015-07-15,14387450.0
2015-07-16,14390800.0
2015-07-17,14394475.0
2015-07-18,14398200.0
2015-07-19,14402000.0
2015-07-20,14405900.0
2015-07-21,14409075.0
2015-07-22,14412925.0
2015-07-23,14416425.0
2015-07-24,14420650.0
2015-07-25,14424500.0
2015-07-26,14428100.0
2015-07-27,14431825.0
2015-07-28,14435225.0
2015-07-29,14439025.0
2015-07-30,14442375.0
2015-07-31,14446125.0
2015-08-01,14450025.0
2015-08-02,14453800.0
2015-08-03,14457725.0
2015-08-04,14461125.0
2015-08-05,14464450.0
2015-08-06,14468025.0
2015-08-07,14471450.0
2015-08-08,14475475.0
2015-08-09,14479025.0
2015-08-10,14483200.0
2015-08-11,14487250.0
2015-08-12,14490400.0
2015-08-13,14494075.0
2015-08-14,14497625.0
2015-08-15,14501050.0
2015-08-16,14504500.0
2015-08-17,14508175.0
2015-08-18,14511700.0
2015-08-19,14515600.0
2015-08-20,14519350.0
2015-08-21,14523475.0
2015-08-22,14527400.0
2015-08-23,14530775.0
2015-08-24,14534650.0
2015-08-25,14538025.0
2015-08-26,14542050.0
2015-08-27,14545500.0
2015-08-28,14549350.0
2015-08-29,14553350.0
2015-08-30,14557100.0
2015-08-31,14561025.0
2015-09-01,14564875.0
2015-09-02,14568875.0
2015-09-03,14572525.0
2015-09-04,14576425.0
2015-09-05,14580100.0
2015-09-06,14583700.0
2015-09-07,14587500.0
2015-09-08,14590900.0
2015-09-09,14594625.0
2015-09-10,14598900.0
2015-09-11,14602825.0
2015-09-12,14606225.0
2015-09-13,14610000.0
2015-09-14,14613800.0
2015-09-15,14617800.0
2015-09-16,14621350.0
2015-09-17,14624950.0
2015-09-18,14628625.0
2015-09-19,14631750.0
2015-09-20,14634950.0
2015-09-21,14638250.0
2015-09-22,14642175.0
2015-09-23,14646125.0
2015-09-24,14649625.0
2015-09-25,14653725.0
2015-09-26,14657400.0
2015-09-27,14661125.0
2015-09-28,14664700.0
2015-09-29,14669050.0
2015-09-30,14672750.0
2015-10-01,14676475.0
2015-10-02,14679925.0
2015-10-03,14683550.0
2015-10-04,14687375.0
2015-10-05,14691200.0
2015-10-06,14694750.0
2015-10-07,14698075.0
2015-10-08,14701575.0
2015-10-09,14704725.0
2015-10-10,14708725.0
2015-10-11,14712375.0
2015-10-12,14715925.0
2015-10-13,14719325.0
2015-10-14,14723125.0
2015-10-15,14727300.0
2015-10-16,14730900.0
2015-10-17,14734300.0
2015-10-18,14737925.0
2015-10-19,14742050.0
2015-10-20,14745250.0
2015-10-21,14748850.0
2015-10-22,14752550.0
2015-10-23,14756275.0
2015-10-24,14759900.0
2015-10-25,14763775.0
2015-10-26,14767875.0
2015-10-27,14771550.0
2015-10-28,14775025.0
2015-10-29,14778800.0
2015-10-30,14783075.0
2015-10-31,14786750.0
2015-11-01,14790575.0
2015-11-02,14794400.0
2015-11-03,14798275.0
2015-11-04,14802150.0
2015-11-05,14805800.0
2015-11-06,14809425.0
2015-11-07,14813225.0
2015-11-08,14816700.0
2015-11-09,14820425.0
2015-11-10,14824075.0
2015-11-11,14828275.0
2015-11-12,14832300.0
2015-11-13,14836300.0
2015-11-14,14839850.0
2015-11-15,14843850.0
2015-11-16,14848175.0
2015-11-17,14851900.0
2015-11-18,14855725.0
2015-11-19,14859125.0
2015-11-20,14863300.0
2015-11-21,14867650.0
2015-11-22,14871950.0
2015-11-23,14876025.0
2015-11-24,14879925.0
2015-11-25,14883625.0
2015-11-26,14888025.0
2015-11-27,14891350.0
2015-11-28,14895200.0
2015-11-29,14898925.0
2015-11-30,14902975.0
2015-12-01,14907150.0
2015-12-02,14911175.0
2015-12-03,14914725.0
2015-12-04,14918550.0
2015-12-05,14922925.0
2015-12-06,14926900.0
2015-12-07,14930575.0
2015-12-08,14934950.0
2015-12-09,14939150.0
2015-12-10,14944550.0
2015-12-11,14948550.0
2015-12-12,14952600.0
2015-12-13,14956150.0
2015-12-14,14961025.0
2015-12-15,14965600.0
2015-12-16,14969675.0
2015-12-17,14973550.0
2015-12-18,14977775.0
2015-12-19,14981700.0
2015-12-20,14985825.0
2015-12-21,14989550.0
2015-12-22,14993300.0
2015-12-23,14997225.0
2015-12-24,15000675.0
2015-12-25,15004725.0
2015-12-26,15009000.0
2015-12-27,15014125.0
2015-12-28,15017900.0
2015-12-29,15021875.0
2015-12-30,15026000.0
2015-12-31,15029550.0
2016-01-01,15032925.0
2016-01-02,15036550.0
2016-01-03,15040175.0
2016-01-04,15044700.0
2016-01-05,15048625.0
2016-01-06,15052150.0
2016-01-07,15055825.0
2016-01-08,15060150.0
2016-01-09,15063925.0
2016-01-10,15068300.0
2016-01-11,15072550.0
2016-01-12,15076800.0
2016-01-13,15080500.0
2016-01-14,15083825.0
2016-01-15,15086875.0
2016-01-16,15090425.0
2016-01-17,15094200.0
2016-01-18,15098525.0
2016-01-19,15101850.0
2016-01-20,15105650.0
2016-01-21,15109075.0
2016-01-22,15113475.0
2016-01-23,15117950.0
2016-01-24,15122225.0
2016-01-25,15126275.0
2016-01-26,15130275.0
2016-01-27,15134150.0
2016-01-28,15137800.0
2016-01-29,15142025.0
2016-01-30,15146700.0
2016-01-31,15151225.0
2016-02-01,15155250.0
2016-02-02,15159750.0
2016-02-03,15164225.0
2016-02-04,15168425.0
2016-02-05,15173125.0
2016-02-06,15178125.0
2016-02-07,15182525.0
2016-02-08,15186225.0
2016-02-09,15190625.0
2016-02-10,15194725.0
2016-02-11,15199525.0
2016-02-12,15203800.0
2016-02-13,15207700.0
2016-02-14,15211850.0
2016-02-15,15215650.0
2016-02-16,15219100.0
2016-02-17,15222975.0
2016-02-18,15227200.0
2016-02-19,15230825.0
2016-02-20,15234575.0
2016-02-21,15237775.0
2016-02-22,15240950.0
2016-02-23,15244350.0
2016-02-24,15247300.0
2016-02-25,15251175.0
2016-02-26,15254675.0
2016-02-27,15258350.0
2016-02-28,15261700.0
2016-02-29,15265025.0
2016-03-01,15268550.0
2016-03-02,15272475.0
2016-03-03,15275850.0
2016-03-04,15279725.0
2016-03-05,15283475.0
2016-03-06,15287175.0
2016-03-07,15290500.0
2016-03-08,15294350.0
2016-03-09,15298550.0
2016-03-10,15302425.0
2016-03-11,15306425.0
2016-03-12,15310025.0
2016-03-13,15313350.0
2016-03-14,15317150.0
2016-03-15,15321175.0
2016-03-16,15324975.0
2016-03-17,15328500.0
2016-03-18,15331900.0
2016-03-19,15335300.0
2016-03-20,15338950.0
2016-03-21,15342425.0
2016-03-22,15346125.0
2016-03-23,15349850.0
2016-03-24,15353525.0
2016-03-25,15357175.0
2016-03-26,15361000.0
2016-03-27,15364525.0
2016-03-28,15368775.0
2016-03-29,15372700.0
2016-03-30,15376375.0
2016-03-31,15379475.0
2016-04-01,15383300.0
2016-04-02,15386775.0
2016-04-03,15390325.0
2016-04-04,15394475.0
2016-04-05,15398350.0
2016-04-06,15402275.0
2016-04-07,15405750.0
2016-04-08,15409350.0
2016-04-09,15413400.0
2016-04-10,15417725.0
2016-04-11,15421550.0
2016-04-12,15425250.0
2016-04-13,15429350.0
2016-04-14,15433450.0
2016-04-15,15436925.0
2016-04-16,15440375.0
2016-04-17,15444325.0
2016-04-18,15447675.0
2016-04-19,15451425.0
2016-04-20,15455550.0
2016-04-21,15459325.0
2016-04-22,15462900.0
2016-04-23,15466500.0
2016-04-24,15469800.0
2016-04-25,15472975.0
2016-04-26,15476750.0
2016-04-27,15479975.0
2016-04-28,15483350.0
2016-04-29,15487300.0
2016-04-30,15490950.0
2016-05-01,15494825.0
2016-05-02,15498750.0
2016-05-03,15502525.0
2016-05-04,15506700.0
2016-05-05,15510575.0
2016-05-06,15514625.0
2016-05-07,15518375.0
2016-05-08,15522575.0
2016-05-09,15526850.0
2016-05-10,15530800.0
2016-05-11,15534125.0
2016-05-12,15537600.0
2016-05-13,15541400.0
2016-05-14,15545000.0
2016-05-15,15548475.0
2016-05-16,15552000.0
2016-05-17,15555525.0
2016-05-18,15559350.0
2016-05-19,15562350.0
2016-05-20,15566075.0
2016-05-21,15569600.0
2016-05-22,15574200.0
2016-05-23,15578700.0
2016-05-24,15582375.0
2016-05-25,15585825.0
2016-05-26,15589200.0
2016-05-27,15592675.0
2016-05-28,15596000.0
2016-05-29,15599675.0
2016-05-30,15603275.0
2016-05-31,15606450.0
2016-06-01,15610025.0
2016-06-02,15613475.0
2016-06-03,15617025.0
2016-06-04,15620000.0
2016-06-05,15624250.0
2016-06-06,15628500.0
2016-06-07,15632000.0
2016-06-08,15635600.0
2016-06-09,15639725.0
2016-06-10,15643325.0
2016-06-11,15647225.0
2016-06-12,15650875.0
2016-06-13,15654900.0
2016-06-14,15658200.0
2016-06-15,15662000.0
2016-06-16,15665725.0
2016-06-17,15669450.0
2016-06-18,15673400.0
2016-06-19,15677825.0
2016-06-20,15681925.0
2016-06-21,15685650.0
2016-06-22,15688875.0
2016-06-23,15692375.0
2016-06-24,15695600.0
2016-06-25,15699650.0
2016-06-26,15703300.0
2016-06-27,15706975.0
2016-06-28,15710675.0
2016-06-29,15714325.0
2016-06-30,15718075.0
2016-07-01,15721950.0
2016-07-02,15725675.0
2016-07-03,15729525.0
2016-07-04,15733300.0
2016-07-05,15736900.0
2016-07-06,15740425.0
2016-07-07,15743850.0
2016-07-08,15747475.0
2016-07-09,15750600.0
2016-07-10,15752550.0
2016-07-11,15754337.5
2016-07-12,15756125.0
2016-07-13,15757737.5
2016-07-14,15759500.0
2016-07-15,15761187.5
2016-07-16,15763150.0
2016-07-17,15765012.5
2016-07-18,15766862.5
2016-07-19,15768462.5
2016-07-20,15770337.5
2016-07-21,15772000.0
2016-07-22,15773612.5
2016-07-23,15775250.0
2016-07-24,15776800.0
2016-07-25,15778437.5
2016-07-26,15780050.0
2016-07-27,15781650.0
2016-07-28,15783350.0
2016-07-29,15785187.5
2016-07-30,15786675.0
2016-07-31,15788600.0
2016-08-01,15790512.5
2016-08-02,15792437.5
2016-08-03,15794512.5
2016-08-04,15796425.0
2016-08-05,15798537.5
2016-08-06,15800612.5
2016-08-07,15802462.5
2016-08-08,15804312.5
2016-08-09,15805862.5
2016-08-10,15807750.0
2016-08-11,15809625.0
2016-08-12,15811487.5
2016-08-13,15813525.0
2016-08-14,15815562.5
2016-08-15,15817387.5
2016-08-16,15819075.0
2016-08-17,15820612.5
2016-08-18,15822537.5
2016-08-19,15824462.5
2016-08-20,15826400.0
2016-08-21,15828437.5
2016-08-22,15830412.5
2016-08-23,15832250.0
2016-08-24,15834150.0
2016-08-25,15835775.0
2016-08-26,15837425.0
2016-08-27,15839225.0
2016-08-28,15841125.0
2016-08-29,15842987.5
2016-08-30,15845037.5
2016-08-31,15846712.5
2016-09-01,15848462.5
2016-09-02,15850375.0
2016-09-03,15851950.0
2016-09-04,15854187.5
2016-09-05,15855937.5
2016-09-06,15857637.5
2016-09-07,15859537.5
2016-09-08,15861337.5
2016-09-09,15863112.5
2016-09-10,15865050.0
2016-09-11,15867100.0
2016-09-12,15869137.5
2016-09-13,15871200.0
2016-09-14,15873150.0
2016-09-15,15875075.0
2016-09-16,15876812.5
2016-09-17,15878850.0
2016-09-18,15880662.5
2016-09-19,15882325.0
2016-09-20,15884212.5
2016-09-21,15886287.5
2016-09-22,15888050.0
2016-09-23,15889750.0
2016-09-24,15891825.0
2016-09-25,15894137.5
2016-09-26,15896050.0
2016-09-27,15898137.5
2016-09-28,15899987.5
2016-09-29,15901775.0
2016-09-30,15903550.0
2016-10-01,15905512.5
2016-10-02,15907275.0
2016-10-03,15909162.5
2016-10-04,15911137.5
2016-10-05,15913225.0
2016-10-06,15915237.5
2016-10-07,15917025.0
2016-10-08,15919137.5
2016-10-09,15921137.5
2016-10-10,15922687.5
2016-10-11,15924425.0
2016-10-12,15926225.0
2016-10-13,15927825.0
2016-10-14,15929525.0
2016-10-15,15931300.0
2016-10-16,15932925.0
2016-10-17,15934487.5
2016-10-18,15936425.0
2016-10-19,15937987.5
2016-10-20,15939662.5
2016-10-21,15941712.5
2016-10-22,15943575.0
2016-10-23,15945375.0
2016-10-24,15947162.5
2016-10-25,15948900.0
2016-10-26,15950625.0
2016-10-27,15952650.0
2016-10-28,15954550.0
2016-10-29,15956412.5
2016-10-30,15958512.5
2016-10-31,15960350.0
2016-11-01,15962150.0
2016-11-02,15963812.5
2016-11-03,15965750.0
2016-11-04,15967200.0
2016-11-05,15969037.5
2016-11-06,15970950.0
2016-11-07,15972775.0
2016-11-08,15974887.5
2016-11-09,15976725.0
2016-11-10,15978825.0
2016-11-11,15980862.5
2016-11-12,15982962.5
2016-11-13,15984737.5
2016-11-14,15986887.5
2016-11-15,15988837.5
2016-11-16,15990975.0
2016-11-17,15992962.5
2016-11-18,15994812.5
2016-11-19,15996587.5
2016-11-20,15998187.5
2016-11-21,15999925.0
2016-11-22,16001600.0
2016-11-23,16003437.5
2016-11-24,16005462.5
2016-11-25,16007362.5
2016-11-26,16009275.0
2016-11-27,16011075.0
2016-11-28,16013125.0
2016-11-29,16014987.5
2016-11-30,16016762.5
2016-12-01,16018587.5
2016-12-02,16020375.0
2016-12-03,16022525.0
2016-12-04,16024375.0
2016-12-05,16026275.0
2016-12-06,16028150.0
2016-12-07,16030325.0
2016-12-08,16032287.5
2016-12-09,16033975.0
2016-12-10,16035625.0
2016-12-11,16037962.5
2016-12-12,16039912.5
2016-12-13,16042137.5
2016-12-14,16043875.0
2016-12-15,16045462.5
2016-12-16,16047125.0
2016-12-17,16048925.0
2016-12-18,16050687.5
2016-12-19,16052575.0
2016-12-20,16054300.0
2016-12-21,16056287.5
2016-12-22,16058275.0
2016-12-23,16060175.0
2016-12-24,16061887.5
2016-12-25,16063950.0
2016-12-26,16065725.0
2016-12-27,16067675.0
2016-12-28,16069725.0
2016-12-29,16071600.0
2016-12-30,16073562.5
2016-12-31,16075412.5
2017-01-01,16077362.5
2017-01-02,16079350.0
2017-01-03,16081400.0
2017-01-04,16083312.5
2017-01-05,16085062.5
2017-01-06,16087075.0
2017-01-07,16088800.0
2017-01-08,16090887.5
2017-01-09,16092587.5
2017-01-10,16094587.5
2017-01-11,16096500.0
2017-01-12,16098650.0
2017-01-13,16100525.0
2017-01-14,16102675.0
2017-01-15,16104762.5
2017-01-16,16106875.0
2017-01-17,16108850.0
2017-01-18,16110725.0
2017-01-19,16112900.0
2017-01-20,16115262.5
2017-01-21,16117525.0
2017-01-22,16119700.0
2017-01-23,16121425.0
2017-01-24,16123287.5
2017-01-25,16125150.0
2017-01-26,16127087.5
2017-01-27,16129212.5
2017-01-28,16131112.5
2017-01-29,16133200.0
2017-01-30,16135000.0
2017-01-31,16136812.5
2017-02-01,16139212.5
2017-02-02,16141175.0
2017-02-03,16143037.5
2017-02-04,16144837.5
2017-02-05,16146825.0
2017-02-06,16148387.5
2017-02-07,16150275.0
2017-02-08,16152100.0
2017-02-09,16154212.5
2017-02-10,16156050.0
2017-02-11,16157787.5
2017-02-12,16159537.5
2017-02-13,16161575.0
2017-02-14,16163687.5
2017-02-15,16165425.0
2017-02-16,16167312.5
2017-02-17,16169200.0
2017-02-18,16171087.5
2017-02-19,16172762.5
2017-02-20,16174612.5
2017-02-21,16176337.5
2017-02-22,16178050.0
2017-02-23,16179937.5
2017-02-24,16181975.0
2017-02-25,16184062.5
2017-02-26,16186287.5
2017-02-27,16188087.5
2017-02-28,16190000.0
2017-03-01,16191800.0
2017-03-02,16193762.5
2017-03-03,16195650.0
2017-03-04,16197300.0
2017-03-05,16199137.5
2017-03-06,16200912.5
2017-03-07,16202825.0
2017-03-08,16204600.0
2017-03-09,16206450.0
2017-03-10,16208400.0
2017-03-11,16210262.5
2017-03-12,16212200.0
2017-03-13,16214012.5
2017-03-14,16215962.5
2017-03-15,16217737.5
2017-03-16,16219650.0
2017-03-17,16221575.0
2017-03-18,16223537.5
2017-03-19,16225600.0
2017-03-20,16227300.0
2017-03-21,16229075.0
2017-03-22,16231062.5
2017-03-23,16232912.5
2017-03-24,16235112.5
2017-03-25,16236775.0
2017-03-26,16238850.0
2017-03-27,16240500.0
2017-03-28,16242437.5
2017-03-29,16244162.5
2017-03-30,16246212.5
2017-03-31,16247900.0
2017-04-01,16249550.0
2017-04-02,16251525.0
2017-04-03,16253725.0
2017-04-04,16255287.5
2017-04-05,16257312.5
2017-04-06,16259150.0
2017-04-07,16261175.0
2017-04-08,16262887.5
2017-04-09,16264875.0
2017-04-10,16266712.5
2017-04-11,16268800.0
2017-04-12,16270575.0
2017-04-13,16272162.5
2017-04-14,16273900.0
2017-04-15,16275775.0
2017-04-16,16277600.0
2017-04-17,16279325.0
2017-04-18,16281150.0
2017-04-19,16282937.5
2017-04-20,16284662.5
2017-04-21,16286750.0
2017-04-22,16288562.5
2017-04-23,16290475.0
2017-04-24,16292025.0
2017-04-25,16293875.0
2017-04-26,16295787.5
2017-04-27,16297625.0
2017-04-28,16299325.0
2017-04-29,16301487.5
2017-04-30,16303375.0
2017-05-01,16305250.0
2017-05-02,16307225.0
2017-05-03,16308875.0
2017-05-04,16310975.0
2017-05-05,16312587.5
2017-05-06,16314687.5
2017-05-07,16316775.0
2017-05-08,16319025.0
2017-05-09,16320962.5
2017-05-10,16322812.5
2017-05-11,16324500.0
2017-05-12,16326425.0
2017-05-13,16328400.0
2017-05-14,16330450.0
2017-05-15,16332575.0
2017-05-16,16334225.0
2017-05-17,16336162.5
2017-05-18,16337937.5
2017-05-19,16339987.5
2017-05-20,16342050.0
2017-05-21,16343887.5
2017-05-22,16345712.5
2017-05-23,16347812.5
2017-05-24,16349737.5
2017-05-25,16351775.0
2017-05-26,16353687.5
2017-05-27,16355787.5
2017-05-28,16357850.0
2017-05-29,16359737.5
2017-05-30,16361975.0
2017-05-31,16364025.0
2017-06-01,16366150.0
2017-06-02,16367975.0
2017-06-03,16370375.0
2017-06-04,16372387.5
2017-06-05,16374437.5
2017-06-06,16376325.0
2017-06-07,16378387.5
2017-06-08,16380450.0
2017-06-09,16382337.5
2017-06-10,16384100.0
2017-06-11,16385925.0
2017-06-12,16387762.5
2017-06-13,16389525.0
2017-06-14,16391275.0
2017-06-15,16393187.5
2017-06-16,16395037.5
2017-06-17,16396850.0
2017-06-18,16398662.5
2017-06-19,16400550.0
2017-06-20,16402275.0
2017-06-21,16404025.0
2017-06-22,16405762.5
2017-06-23,16407762.5
2017-06-24,16409587.5
2017-06-25,16411112.5
2017-06-26,16412887.5
2017-06-27,16414525.0
2017-06-28,16416487.5
2017-06-29,16417987.5
2017-06-30,16419912.5
2017-07-01,16421962.5
2017-07-02,16424312.5
2017-07-03,16426437.5
2017-07-04,16428350.0
2017-07-05,16430212.5
2017-07-06,16431987.5
2017-07-07,16433837.5
2017-07-08,16435900.0
2017-07-09,16437625.0
2017-07-10,16440087.5
2017-07-11,16442250.0
2017-07-12,16444462.5
2017-07-13,16446425.0
2017-07-14,16448162.5
2017-07-15,16449750.0
2017-07-16,16451787.5
2017-07-17,16453637.5
2017-07-18,16455700.0
2017-07-19,16457562.5
2017-07-20,16459587.5
2017-07-21,16461512.5
2017-07-22,16463512.5
2017-07-23,16465662.5
2017-07-24,16467887.5
2017-07-25,16469737.5
2017-07-26,16471575.0
2017-07-27,16473500.0
2017-07-28,16475375.0
2017-07-29,16477337.5
2017-07-30,16479175.0
2017-07-31,16480987.5
2017-08-01,16482850.0
2017-08-02,16484750.0
2017-08-03,16486475.0
2017-08-04,16488712.5
2017-08-05,16490925.0
2017-08-06,16492675.0
2017-08-07,16494587.5
2017-08-08,16496637.5
2017-08-09,16498362.5
2017-08-10,16500037.5
2017-08-11,16501837.5
2017-08-12,16503525.0
2017-08-13,16505375.0
2017-08-14,16507000.0
2017-08-15,16508900.0
2017-08-16,16510525.0
2017-08-17,16512762.5
2017-08-18,16514625.0
2017-08-19,16516512.5
2017-08-20,16518137.5
2017-08-21,16519575.0
2017-08-22,16520687.5
2017-08-23,16522675.0
2017-08-24,16523937.5
2017-08-25,16525200.0
2017-08-26,16526512.5
2017-08-27,16528450.0
2017-08-28,16530062.5
2017-08-29,16531925.0
2017-08-30,16534025.0
2017-08-31,16536062.5
2017-09-01,16538237.5
2017-09-02,16540287.5
2017-09-03,16542212.5
2017-09-04,16544400.0
2017-09-05,16546862.5
2017-09-06,16548887.5
2017-09-07,16551087.5
2017-09-08,16553275.0
2017-09-09,16555387.5
2017-09-10,16557112.5
2017-09-11,16559287.5
2017-09-12,16561637.5
2017-09-13,16564012.5
2017-09-14,16566187.5
2017-09-15,16568437.5
2017-09-16,16570550.0
2017-09-17,16572750.0
2017-09-18,16574337.5
2017-09-19,16576287.5
2017-09-20,16577750.0
2017-09-21,16579950.0
2017-09-22,16581687.5
2017-09-23,16583762.5
2017-09-24,16585575.0
2017-09-25,16587137.5
2017-09-26,16588862.5
2017-09-27,16590700.0
2017-09-28,16592912.5
2017-09-29,16595025.0
2017-09-30,16596750.0
2017-10-01,16598375.0
2017-10-02,16600250.0
2017-10-03,16602537.5
2017-10-04,16604212.5
2017-10-05,16605775.0
2017-10-06,16607762.5
2017-10-07,16609737.5
2017-10-08,16612012.5
2017-10-09,16614025.0
2017-10-10,16616025.0
2017-10-11,16617762.5
2017-10-12,16619675.0
2017-10-13,16621375.0
2017-10-14,16623137.5
2017-10-15,16625575.0
2017-10-16,16627737.5
2017-10-17,16629800.0
2017-10-18,16631687.5
2017-10-19,16633912.5
2017-10-20,16636150.0
2017-10-21,16638062.5
2017-10-22,16640337.5
2017-10-23,16642475.0
2017-10-24,16644562.5
2017-10-25,16646875.0
2017-10-26,16649125.0
2017-10-27,16650425.0
2017-10-28,16651487.5
2017-10-29,16653412.5
2017-10-30,16655250.0
2017-10-31,16656975.0
2017-11-01,16658925.0
2017-11-02,16660800.0
2017-11-03,16662287.5
2017-11-04,16663912.5
2017-11-05,16665675.0
2017-11-06,16667337.5
2017-11-07,16669287.5
2017-11-08,16671087.5
2017-11-09,16673000.0
2017-11-10,16674500.0
2017-11-11,16675500.0
2017-11-12,16676500.0
2017-11-13,16678250.0
2017-11-14,16679850.0
2017-11-15,16681750.0
2017-11-16,16683650.0
2017-11-17,16685737.5
2017-11-18,16687437.5
2017-11-19,16689437.5
2017-11-20,16691625.0
2017-11-21,16693787.5
2017-11-22,16695637.5
2017-11-23,16697600.0
2017-11-24,16699462.5
2017-11-25,16701412.5
2017-11-26,16703325.0
2017-11-27,16705450.0
2017-11-28,16707400.0
2017-11-29,16709562.5
2017-11-30,16711650.0
2017-12-01,16713937.5
2017-12-02,16715950.0
2017-12-03,16718150.0
2017-12-04,16720412.5
2017-12-05,16722637.5
2017-12-06,16724987.5
2017-12-07,16726887.5
2017-12-08,16728837.5
2017-12-09,16731012.5
2017-12-10,16733062.5
2017-12-11,16735200.0
2017-12-12,16737150.0
2017-12-13,16739475.0
2017-12-14,16741787.5
2017-12-15,16743900.0
2017-12-16,16746037.5
2017-12-17,16748350.0
2017-12-18,16750625.0
2017-12-19,16752375.0
2017-12-20,16754075.0
2017-12-21,16755725.0
2017-12-22,16757662.5
2017-12-23,16759400.0
2017-12-24,16761300.0
2017-12-25,16762987.5
2017-12-26,16764762.5
2017-12-27,16766712.5
2017-12-28,16768575.0
2017-12-29,16770637.5
2017-12-30,16772475.0
2017-12-31,16774512.5
2018-01-01,16776462.5
2018-01-02,16778600.0
2018-01-03,16780562.5
2018-01-04,16782662.5
2018-01-05,16784450.0
2018-01-06,16786550.0
2018-01-07,16788575.0
2018-01-08,16790650.0
2018-01-09,16792700.0
2018-01-10,16794775.0
2018-01-11,16797187.5
2018-01-12,16799412.5
2018-01-13,16801275.0
2018-01-14,16803212.5
2018-01-15,16805087.5
2018-01-16,16807075.0
2018-01-17,16809162.5
2018-01-18,16811325.0
2018-01-19,16813387.5
2018-01-20,16815612.5
2018-01-21,16817950.0
2018-01-22,16820037.5
2018-01-23,16822250.0
2018-01-24,16824450.0
2018-01-25,16826425.0
2018-01-26,16828362.5
2018-01-27,16830325.0
2018-01-28,16832300.0
2018-01-29,16834150.0
2018-01-30,16836237.5
2018-01-31,16837700.0
2018-02-01,16839700.0
2018-02-02,16841800.0
2018-02-03,16843775.0
2018-02-04,16846000.0
2018-02-05,16848312.5
2018-02-06,16850437.5
2018-02-07,16852200.0
2018-02-08,16853837.5
2018-02-09,16855525.0
2018-02-10,16857312.5
2018-02-11,16859200.0
2018-02-12,16861275.0
2018-02-13,16863325.0
2018-02-14,16865562.5
2018-02-15,16867200.0
2018-02-16,16869162.5
2018-02-17,16871025.0
2018-02-18,16873050.0
2018-02-19,16875075.0
2018-02-20,16876837.5
2018-02-21,16878950.0
2018-02-22,16880812.5
2018-02-23,16882662.5
2018-02-24,16884475.0
2018-02-25,16886612.5
2018-02-26,16888375.0
2018-02-27,16890375.0
2018-02-28,16892312.5
2018-03-01,16894375.0
2018-03-02,16896325.0
2018-03-03,16898575.0
2018-03-04,16900425.0
2018-03-05,16902287.5
2018-03-06,16904237.5
2018-03-07,16906200.0
2018-03-08,16908225.0
2018-03-09,16910050.0
2018-03-10,16911800.0
2018-03-11,16913712.5
2018-03-12,16915725.0
2018-03-13,16917700.0
2018-03-14,16919500.0
2018-03-15,16921300.0
2018-03-16,16923250.0
2018-03-17,16925112.5
2018-03-18,16927000.0
2018-03-19,16928937.5
2018-03-20,16930525.0
2018-03-21,16932425.0
2018-03-22,16934212.5
2018-03-23,16935875.0
2018-03-24,16937825.0
2018-03-25,16939512.5
2018-03-26,16941387.5
2018-03-27,16943287.5
2018-03-28,16944975.0
2018-03-29,16946875.0
2018-03-30,16948900.0
2018-03-31,16950500.0
2018-04-01,16952525.0
2018-04-02,16954475.0
2018-04-03,16956512.5
2018-04-04,16958350.0
2018-04-05,16960300.0
2018-04-06,16962025.0
2018-04-07,16964275.0
2018-04-08,16966287.5
2018-04-09,16968125.0
2018-04-10,16970175.0
2018-04-11,16972187.5
2018-04-12,16974112.5
2018-04-13,16976175.0
2018-04-14,16977887.5
2018-04-15,16979925.0
2018-04-16,16981687.5
2018-04-17,16983712.5
2018-04-18,16985712.5
2018-04-19,16987937.5
2018-04-20,16989650.0
2018-04-21,16991637.5
2018-04-22,16993637.5
2018-04-23,16995550.0
2018-04-24,16997537.5
2018-04-25,16999075.0
2018-04-26,17000837.5
2018-04-27,17002612.5
2018-04-28,17004212.5
2018-04-29,17006187.5
2018-04-30,17008125.0
2018-05-01,17010100.0
2018-05-02,17011850.0
2018-05-03,17013737.5
2018-05-04,17015462.5
2018-05-05,17017475.0
2018-05-06,17019187.5
2018-05-07,17021062.5
2018-05-08,17022800.0
2018-05-09,17024800.0
2018-05-10,17026725.0
2018-05-11,17028312.5
2018-05-12,17030375.0
2018-05-13,17032225.0
2018-05-14,17033875.0
2018-05-15,17035700.0
2018-05-16,17037937.5
2018-05-17,17039587.5
2018-05-18,17041437.5
2018-05-19,17043362.5
2018-05-20,17045162.5
2018-05-21,17047125.0
2018-05-22,17049012.5
2018-05-23,17051037.5
2018-05-24,17052825.0
2018-05-25,17055025.0
2018-05-26,17057050.0
2018-05-27,17059100.0
2018-05-28,17061050.0
2018-05-29,17062787.5
2018-05-30,17064962.5
2018-05-31,17067087.5
2018-06-01,17069162.5
2018-06-02,17071062.5
2018-06-03,17073100.0
2018-06-04,17075387.5
2018-06-05,17077575.0
2018-06-06,17079412.5
2018-06-07,17081200.0
2018-06-08,17083012.5
2018-06-09,17084800.0
2018-06-10,17086387.5
2018-06-11,17088137.5
2018-06-12,17089950.0
2018-06-13,17091737.5
2018-06-14,17093650.0
2018-06-15,17095562.5
2018-06-16,17097637.5
2018-06-17,17099600.0
2018-06-18,17101650.0
2018-06-19,17103587.5
2018-06-20,17105525.0
2018-06-21,17107650.0
2018-06-22,17109537.5
2018-06-23,17111537.5
2018-06-24,17113675.0
2018-06-25,17115637.5
2018-06-26,17117462.5
2018-06-27,17118975.0
2018-06-28,17120937.5
2018-06-29,17122825.0
2018-06-30,17124587.5
2018-07-01,17126425.0
2018-07-02,17128187.5
2018-07-03,17129637.5
2018-07-04,17131312.5
2018-07-05,17133025.0
2018-07-06,17135025.0
2018-07-07,17136975.0
2018-07-08,17138950.0
2018-07-09,17140650.0
2018-07-10,17142512.5
2018-07-11,17144200.0
2018-07-12,17145962.5
2018-07-13,17147750.0
2018-07-14,17149412.5
2018-07-15,17151075.0
2018-07-16,17152575.0
2018-07-17,17154562.5
2018-07-18,17156737.5
2018-07-19,17158875.0
2018-07-20,17160800.0
2018-07-21,17162512.5
2018-07-22,17164787.5
2018-07-23,17166862.5
2018-07-24,17168850.0
2018-07-25,17171062.5
2018-07-26,17173125.0
2018-07-27,17175212.5
2018-07-28,17177025.0
2018-07-29,17179150.0
2018-07-30,17180825.0
2018-07-31,17182662.5
2018-08-01,17184537.5
2018-08-02,17186450.0
2018-08-03,17188525.0
2018-08-04,17190725.0
2018-08-05,17192725.0
2018-08-06,17194362.5
2018-08-07,17196250.0
2018-08-08,17198212.5
2018-08-09,17200075.0
2018-08-10,17202275.0
2018-08-11,17204400.0
2018-08-12,17206337.5
2018-08-13,17208212.5
2018-08-14,17209912.5
2018-08-15,17211925.0
2018-08-16,17213900.0
2018-08-17,17215800.0
2018-08-18,17217800.0
2018-08-19,17219612.5
2018-08-20,17221487.5
2018-08-21,17223337.5
2018-08-22,17225337.5
2018-08-23,17227200.0
2018-08-24,17229025.0
2018-08-25,17230712.5
2018-08-26,17232875.0
2018-08-27,17235187.5
2018-08-28,17237100.0
2018-08-29,17238837.5
2018-08-30,17240762.5
2018-08-31,17242700.0
2018-09-01,17244587.5
2018-09-02,17246387.5
2018-09-03,17248187.5
2018-09-04,17249762.5
2018-09-05,17251412.5
2018-09-06,17253287.5
2018-09-07,17255187.5
2018-09-08,17257062.5
2018-09-09,17259100.0
2018-09-10,17260787.5
2018-09-11,17262550.0
2018-09-12,17264650.0
2018-09-13,17266500.0
2018-09-14,17268150.0
2018-09-15,17269900.0
2018-09-16,17271637.5
2018-09-17,17273325.0
2018-09-18,17275100.0
2018-09-19,17277050.0
2018-09-20,17278975.0
2018-09-21,17280775.0
2018-09-22,17282712.5
2018-09-23,17284587.5
2018-09-24,17286437.5
2018-09-25,17288550.0
2018-09-26,17290287.5
2018-09-27,17292075.0
2018-09-28,17294000.0
2018-09-29,17295900.0
2018-09-30,17297937.5
2018-10-01,17299912.5
2018-10-02,17301625.0
2018-10-03,17303437.5
2018-10-04,17305312.5
2018-10-05,17306937.5
2018-10-06,17308500.0
2018-10-07,17310275.0
2018-10-08,17311962.5
2018-10-09,17313587.5
2018-10-10,17315387.5
2018-10-11,17317375.0
2018-10-12,17319025.0
2018-10-13,17320787.5
2018-10-14,17322212.5
2018-10-15,17324237.5
2018-10-16,17325925.0
2018-10-17,17327650.0
2018-10-18,17329375.0
2018-10-19,17331150.0
2018-10-20,17332937.5
2018-10-21,17334662.5
2018-10-22,17336600.0
2018-10-23,17338525.0
2018-10-24,17339937.5
2018-10-25,17341650.0
2018-10-26,17343437.5
2018-10-27,17345137.5
2018-10-28,17346887.5
2018-10-29,17348712.5
2018-10-30,17350637.5
2018-10-31,17352675.0
2018-11-01,17354600.0
2018-11-02,17356387.5
2018-11-03,17358400.0
2018-11-04,17359937.5
2018-11-05,17361737.5
2018-11-06,17363337.5
2018-11-07,17364962.5
2018-11-08,17366475.0
2018-11-09,17368062.5
2018-11-10,17369700.0
2018-11-11,17371525.0
2018-11-12,17373275.0
2018-11-13,17374775.0
2018-11-14,17376462.5
2018-11-15,17378050.0
2018-11-16,17379625.0
2018-11-17,17381437.5
2018-11-18,17382975.0
2018-11-19,17384550.0
2018-11-20,17386200.0
2018-11-21,17387512.5
2018-11-22,17389037.5
2018-11-23,17390600.0
2018-11-24,17392387.5
2018-11-25,17393975.0
2018-11-26,17395362.5
2018-11-27,17397000.0
2018-11-28,17398475.0
2018-11-29,17399787.5
2018-11-30,17401050.0
2018-12-01,17402600.0
2018-12-02,17404025.0
2018-12-03,17405450.0
2018-12-04,17407175.0
2018-12-05,17408800.0
2018-12-06,17410487.5
2018-12-07,17411912.5
2018-12-08,17413500.0
2018-12-09,17415100.0
2018-12-10,17416650.0
2018-12-11,17418212.5
2018-12-12,17419712.5
2018-12-13,17421350.0
2018-12-14,17423175.0
2018-12-15,17425037.5
2018-12-16,17426475.0
2018-12-17,17428475.0
2018-12-18,17430075.0
2018-12-19,17431937.5
2018-12-20,17433625.0
2018-12-21,17435375.0
2018-12-22,17437562.5
2018-12-23,17439762.5
2018-12-24,17441662.5
2018-12-25,17443650.0
2018-12-26,17445612.5
2018-12-27,17447787.5
2018-12-28,17449875.0
2018-12-29,17451600.0
2018-12-30,17453800.0
2018-12-31,17455737.5
2019-01-01,17457600.0
2019-01-02,17459487.5
2019-01-03,17461425.0
2019-01-04,17463287.5
2019-01-05,17465325.0
2019-01-06,17467087.5
2019-01-07,17468850.0
2019-01-08,17470962.5
2019-01-09,17473012.5
2019-01-10,17474962.5
2019-01-11,17476812.5
2019-01-12,17478537.5
2019-01-13,17480250.0
2019-01-14,17482112.5
2019-01-15,17483762.5
2019-01-16,17485425.0
2019-01-17,17487012.5
2019-01-18,17488737.5
2019-01-19,17490400.0
2019-01-20,17492362.5
2019-01-21,17494237.5
2019-01-22,17495862.5
2019-01-23,17497687.5
2019-01-24,17499712.5
2019-01-25,17501437.5
2019-01-26,17503312.5
2019-01-27,17505025.0
2019-01-28,17506837.5
2019-01-29,17508662.5
2019-01-30,17510362.5
2019-01-31,17512300.0
2019-02-01,17514275.0
2019-02-02,17516075.0
2019-02-03,17517800.0
2019-02-04,17519637.5
2019-02-05,17521475.0
2019-02-06,17523525.0
2019-02-07,17525700.0
2019-02-08,17527737.5
2019-02-09,17529612.5
2019-02-10,17531362.5
2019-02-11,17533175.0
2019-02-12,17534775.0
2019-02-13,17536687.5
2019-02-14,17538450.0
2019-02-15,17540037.5
2019-02-16,17541912.5
2019-02-17,17543900.0
2019-02-18,17545837.5
2019-02-19,17547787.5
2019-02-20,17549400.0
2019-02-21,17550900.0
2019-02-22,17552925.0
2019-02-23,17554712.5
2019-02-24,17556425.0
2019-02-25,17558212.5
2019-02-26,17560225.0
2019-02-27,17561987.5
2019-02-28,17563862.5
2019-03-01,17565887.5
2019-03-02,17567537.5
2019-03-03,17569362.5
2019-03-04,17571075.0
2019-03-05,17572937.5
2019-03-06,17574537.5
2019-03-07,17576312.5
2019-03-08,17578137.5
2019-03-09,17579862.5
2019-03-10,17581562.5
2019-03-11,17583337.5
2019-03-12,17585125.0
2019-03-13,17586812.5
2019-03-14,17588750.0
2019-03-15,17590662.5
2019-03-16,17592700.0
2019-03-17,17594525.0
2019-03-18,17596537.5
2019-03-19,17598712.5
2019-03-20,17600725.0
2019-03-21,17602512.5
2019-03-22,17604525.0
2019-03-23,17606337.5
2019-03-24,17608212.5
2019-03-25,17610062.5
2019-03-26,17611737.5
2019-03-27,17613600.0
2019-03-28,17615425.0
2019-03-29,17617262.5
2019-03-30,17619000.0
2019-03-31,17620737.5
2019-04-01,17622437.5
2019-04-02,17624400.0
2019-04-03,17626175.0
2019-04-04,17627925.0
2019-04-05,17629900.0
2019-04-06,17631637.5
2019-04-07,17633400.0
2019-04-08,17635250.0
2019-04-09,17636900.0
2019-04-10,17638750.0
2019-04-11,17640712.5
2019-04-12,17642600.0
2019-04-13,17644287.5
2019-04-14,17645812.5
2019-04-15,17647625.0
2019-04-16,17649437.5
2019-04-17,17651162.5
2019-04-18,17653025.0
2019-04-19,17654925.0
2019-04-20,17656562.5
2019-04-21,17658587.5
2019-04-22,17660262.5
2019-04-23,17661712.5
2019-04-24,17663750.0
2019-04-25,17665537.5
2019-04-26,17667425.0
2019-04-27,17669137.5
2019-04-28,17671175.0
2019-04-29,17673212.5
2019-04-30,17674962.5
2019-05-01,17677100.0
2019-05-02,17679400.0
2019-05-03,17681300.0
2019-05-04,17682950.0
2019-05-05,17684562.5
2019-05-06,17686450.0
2019-05-07,17688037.5
2019-05-08,17689937.5
2019-05-09,17691812.5
2019-05-10,17693375.0
2019-05-11,17695000.0
2019-05-12,17696975.0
2019-05-13,17699062.5
2019-05-14,17700962.5
2019-05-15,17702825.0
2019-05-16,17704650.0
2019-05-17,17706537.5
2019-05-18,17708450.0
2019-05-19,17710487.5
2019-05-20,17712500.0
2019-05-21,17714412.5
2019-05-22,17716500.0
2019-05-23,17718475.0
2019-05-24,17720387.5
2019-05-25,17722137.5
2019-05-26,17724200.0
2019-05-27,17726287.5
2019-05-28,17728337.5
2019-05-29,17730512.5
2019-05-30,17732512.5
2019-05-31,17733975.0
2019-06-01,17735862.5
2019-06-02,17737500.0
2019-06-03,17738987.5
2019-06-04,17740912.5
2019-06-05,17742912.5
2019-06-06,17744875.0
2019-06-07,17746850.0
2019-06-08,17748400.0
2019-06-09,17750237.5
2019-06-10,17752200.0
2019-06-11,17753987.5
2019-06-12,17755625.0
2019-06-13,17757512.5
2019-06-14,17759625.0
2019-06-15,17761450.0
2019-06-16,17763075.0
2019-06-17,17764737.5
2019-06-18,17766775.0
2019-06-19,17768987.5
2019-06-20,17770787.5
2019-06-21,17772450.0
2019-06-22,17774212.5
2019-06-23,17776475.0
2019-06-24,17778687.5
2019-06-25,17780512.5
2019-06-26,17782575.0
2019-06-27,17784350.0
2019-06-28,17786387.5
2019-06-29,17788562.5
2019-06-30,17790462.5
2019-07-01,17792250.0
2019-07-02,17794225.0
2019-07-03,17796375.0
2019-07-04,17798462.5
2019-07-05,17800825.0
2019-07-06,17803050.0
2019-07-07,17804962.5
2019-07-08,17807187.5
2019-07-09,17809112.5
2019-07-10,17810725.0
2019-07-11,17812337.5
2019-07-12,17814387.5
2019-07-13,17816150.0
2019-07-14,17817962.5
2019-07-15,17819787.5
2019-07-16,17821800.0
2019-07-17,17823475.0
2019-07-18,17824987.5
2019-07-19,17826462.5
2019-07-20,17828675.0
2019-07-21,17830537.5
2019-07-22,17832512.5
2019-07-23,17834300.0
2019-07-24,17836037.5
2019-07-25,17837912.5
2019-07-26,17839987.5
2019-07-27,17841887.5
2019-07-28,17844075.0
2019-07-29,17846175.0
2019-07-30,17847950.0
2019-07-31,17850087.5
2019-08-01,17851862.5
2019-08-02,17853975.0
2019-08-03,17856137.5
2019-08-04,17858225.0
2019-08-05,17860012.5
2019-08-06,17862025.0
2019-08-07,17863937.5
2019-08-08,17865700.0
2019-08-09,17867550.0
2019-08-10,17869437.5
2019-08-11,17871350.0
2019-08-12,17873012.5
2019-08-13,17874975.0
2019-08-14,17876875.0
2019-08-15,17878837.5
2019-08-16,17880675.0
2019-08-17,17882275.0
2019-08-18,17883850.0
2019-08-19,17885887.5
2019-08-20,17887800.0
2019-08-21,17889500.0
2019-08-22,17891262.5
2019-08-23,17893175.0
2019-08-24,17895175.0
2019-08-25,17897112.5
2019-08-26,17898825.0
2019-08-27,17900512.5
2019-08-28,17902400.0
2019-08-29,17904462.5
2019-08-30,17906462.5
2019-08-31,17908537.5
2019-09-01,17910325.0
2019-09-02,17912187.5
2019-09-03,17914237.5
2019-09-04,17915937.5
2019-09-05,17918000.0
2019-09-06,17919975.0
2019-09-07,17921850.0
2019-09-08,17924062.5
2019-09-09,17925887.5
2019-09-10,17928162.5
2019-09-11,17930462.5
2019-09-12,17932437.5
2019-09-13,17934312.5
2019-09-14,17936250.0
2019-09-15,17938087.5
2019-09-16,17940125.0
2019-09-17,17941975.0
2019-09-18,17944150.0
2019-09-19,17946000.0
2019-09-20,17947887.5
2019-09-21,17949962.5
2019-09-22,17952037.5
2019-09-23,17953462.5
2019-09-24,17955425.0
2019-09-25,17957375.0
2019-09-26,17959512.5
2019-09-27,17961162.5
2019-09-28,17963150.0
2019-09-29,17964850.0
2019-09-30,17966475.0
2019-10-01,17968262.5
2019-10-02,17970112.5
2019-10-03,17971950.0
2019-10-04,17973787.5
2019-10-05,17975762.5
2019-10-06,17977625.0
2019-10-07,17979562.5
2019-10-08,17981587.5
2019-10-09,17983312.5
2019-10-10,17985337.5
2019-10-11,17987287.5
2019-10-12,17988950.0
2019-10-13,17990725.0
2019-10-14,17992412.5
2019-10-15,17994325.0
2019-10-16,17996112.5
2019-10-17,17997987.5
2019-10-18,17999987.5
2019-10-19,18001762.5
2019-10-20,18003587.5
2019-10-21,18005575.0
2019-10-22,18007687.5
2019-10-23,18009787.5
2019-10-24,18011450.0
2019-10-25,18013175.0
2019-10-26,18014925.0
2019-10-27,18016362.5
2019-10-28,18018037.5
2019-10-29,18019700.0
2019-10-30,18021375.0
2019-10-31,18023025.0
2019-11-01,18024650.0
2019-11-02,18026325.0
2019-11-03,18028050.0
2019-11-04,18029700.0
2019-11-05,18031500.0
2019-11-06,18033150.0
2019-11-07,18034837.5
2019-11-08,18036437.5
2019-11-09,18038237.5
2019-11-10,18040312.5
2019-11-11,18042200.0
2019-11-12,18043887.5
2019-11-13,18045575.0
2019-11-14,18047687.5
2019-11-15,18049662.5
2019-11-16,18051512.5
2019-11-17,18053437.5
2019-11-18,18055187.5
2019-11-19,18057025.0
2019-11-20,18058800.0
2019-11-21,18060512.5
2019-11-22,18062162.5
2019-11-23,18064325.0
2019-11-24,18065962.5
2019-11-25,18067525.0
2019-11-26,18069050.0
2019-11-27,18070787.5
2019-11-28,18072825.0
2019-11-29,18074525.0
2019-11-30,18076100.0
2019-12-01,18077837.5
2019-12-02,18079650.0
2019-12-03,18081625.0
2019-12-04,18083712.5
2019-12-05,18085525.0
2019-12-06,18087337.5
2019-12-07,18089275.0
2019-12-08,18091125.0
2019-12-09,18092975.0
2019-12-10,18094825.0
2019-12-11,18096475.0
2019-12-12,18098137.5
2019-12-13,18100037.5
2019-12-14,18101925.0
2019-12-15,18103475.0
2019-12-16,18105437.5
2019-12-17,18107200.0
2019-12-18,18108875.0
2019-12-19,18110837.5
2019-12-20,18112787.5
2019-12-21,18114987.5
2019-12-22,18117100.0
2019-12-23,18118887.5
2019-12-24,18120450.0
2019-12-25,18122050.0
2019-12-26,18124137.5
2019-12-27,18125950.0
2019-12-28,18127812.5
2019-12-29,18129750.0
2019-12-30,18131825.0
2019-12-31,18133637.5
2020-01-01,18135812.5
2020-01-02,18137575.0
2020-01-03,18139687.5
2020-01-04,18141787.5
2020-01-05,18143825.0
2020-01-06,18145512.5
2020-01-07,18147712.5
2020-01-08,18149487.5
2020-01-09,18151450.0
2020-01-10,18153312.5
2020-01-11,18155350.0
2020-01-12,18157237.5
2020-01-13,18159025.0
2020-01-14,18160837.5
2020-01-15,18162725.0
2020-01-16,18164712.5
2020-01-17,18166700.0
2020-01-18,18168350.0
2020-01-19,18170225.0
2020-01-20,18172125.0
2020-01-21,18174037.5
2020-01-22,18175987.5
2020-01-23,18177975.0
2020-01-24,18179875.0
2020-01-25,18181925.0
2020-01-26,18183712.5
2020-01-27,18185325.0
2020-01-28,18187100.0
2020-01-29,18189100.0
2020-01-30,18191050.0
2020-01-31,18192850.0
2020-02-01,18194737.5
2020-02-02,18196525.0
2020-02-03,18198375.0
2020-02-04,18200025.0
2020-02-05,18202012.5
2020-02-06,18203700.0
2020-02-07,18205437.5
2020-02-08,18207175.0
2020-02-09,18209087.5
2020-02-10,18210612.5
2020-02-11,18212462.5
2020-02-12,18214237.5
2020-02-13,18216000.0
2020-02-14,18217687.5
2020-02-15,18219462.5
2020-02-16,18221237.5
2020-02-17,18223200.0
2020-02-18,18225075.0
2020-02-19,18226837.5
2020-02-20,18228412.5
2020-02-21,18230337.5
2020-02-22,18232187.5
2020-02-23,18233962.5
2020-02-24,18235725.0
2020-02-25,18237525.0
2020-02-26,18239225.0
2020-02-27,18241062.5
2020-02-28,18243037.5
2020-02-29,18244775.0
2020-03-01,18246987.5
2020-03-02,18248850.0
2020-03-03,18250762.5
2020-03-04,18252850.0
2020-03-05,18254887.5
2020-03-06,18256825.0
2020-03-07,18258787.5
2020-03-08,18260762.5
2020-03-09,18262637.5
2020-03-10,18264287.5
2020-03-11,18265775.0
2020-03-12,18267662.5
2020-03-13,18269225.0
2020-03-14,18270825.0
2020-03-15,18272312.5
2020-03-16,18273800.0
2020-03-17,18275337.5
2020-03-18,18276587.5
2020-03-19,18277925.0
2020-03-20,18279287.5
2020-03-21,18280837.5
2020-03-22,18282425.0
2020-03-23,18283825.0
2020-03-24,18285475.0
2020-03-25,18286625.0
2020-03-26,18288625.0
2020-03-27,18290562.5
2020-03-28,18292250.0
2020-03-29,18294137.5
2020-03-30,18295975.0
2020-03-31,18297962.5
2020-04-01,18299875.0
2020-04-02,18301787.5
2020-04-03,18303437.5
2020-04-04,18305400.0
2020-04-05,18307587.5
2020-04-06,18309187.5
2020-04-07,18311287.5
2020-04-08,18313087.5
2020-04-09,18315012.5
2020-04-10,18317050.0
2020-04-11,18319037.5
2020-04-12,18320950.0
2020-04-13,18323087.5
2020-04-14,18325187.5
2020-04-15,18327300.0
2020-04-16,18329225.0
2020-04-17,18330812.5
2020-04-18,18332787.5
2020-04-19,18334687.5
2020-04-20,18336700.0
2020-04-21,18338562.5
2020-04-22,18340200.0
2020-04-23,18341975.0
2020-04-24,18343775.0
2020-04-25,18345475.0
2020-04-26,18347187.5
2020-04-27,18348950.0
2020-04-28,18350875.0
2020-04-29,18352687.5
2020-04-30,18354375.0
2020-05-01,18356137.5
2020-05-02,18357987.5
2020-05-03,18360087.5
2020-05-04,18362062.5
2020-05-05,18364037.5
2020-05-06,18365962.5
2020-05-07,18367800.0
2020-05-08,18369512.5
2020-05-09,18371212.5
2020-05-10,18373337.5
2020-05-11,18375150.0
2020-05-12,18376062.5
2020-05-13,18376806.25
2020-05-14,18377518.75
2020-05-15,18378300.0
2020-05-16,18379087.5
2020-05-17,18379725.0
2020-05-18,18380525.0
2020-05-19,18381243.75
2020-05-20,18381962.5
2020-05-21,18382781.25
2020-05-22,18383475.0
2020-05-23,18384218.75
2020-05-24,18384943.75
2020-05-25,18385725.0
2020-05-26,18386500.0
2020-05-27,18387362.5
2020-05-28,18388181.25
2020-05-29,18388975.0
2020-05-30,18389950.0
2020-05-31,18390887.5
2020-06-01,18391725.0
2020-06-02,18392531.25
2020-06-03,18393400.0
2020-06-04,18394343.75
2020-06-05,18395462.5
2020-06-06,18396687.5
2020-06-07,18397681.25
2020-06-08,18398693.75
2020-06-09,18399693.75
2020-06-10,18400718.75
2020-06-11,18401875.0
2020-06-12,18402893.75
2020-06-13,18403881.25
2020-06-14,18404943.75
2020-06-15,18405806.25
2020-06-16,18406743.75
2020-06-17,18407606.25
2020-06-18,18408375.0
2020-06-19,18409268.75
2020-06-20,18410125.0
2020-06-21,18411037.5
2020-06-22,18411931.25
2020-06-23,18412918.75
2020-06-24,18413787.5
2020-06-25,18414668.75
2020-06-26,18415693.75
2020-06-27,18416556.25
2020-06-28,18417493.75
2020-06-29,18418400.0
2020-06-30,18419318.75
2020-07-01,18420331.25
2020-07-02,18421356.25
2020-07-03,18422375.0
2020-07-04,18423356.25
2020-07-05,18424375.0
2020-07-06,18425337.5
2020-07-07,18426343.75
2020-07-08,18427287.5
2020-07-09,18428312.5
2020-07-10,18429318.75
2020-07-11,18430293.75
2020-07-12,18431243.75
2020-07-13,18432162.5
2020-07-14,18433062.5
2020-07-15,18433925.0
2020-07-16,18434775.0
2020-07-17,18435512.5
2020-07-18,18436325.0
2020-07-19,18437143.75
2020-07-20,18438025.0
2020-07-21,18438806.25
2020-07-22,18439706.25
2020-07-23,18440556.25
2020-07-24,18441562.5
2020-07-25,18442450.0
2020-07-26,18443437.5
2020-07-27,18444368.75
2020-07-28,18445275.0
2020-07-29,18446200.0
2020-07-30,18447043.75
2020-07-31,18448000.0
2020-08-01,18448856.25
2020-08-02,18449737.5
2020-08-03,18450750.0
2020-08-04,18451656.25
2020-08-05,18452462.5
2020-08-06,18453437.5
2020-08-07,18454387.5
2020-08-08,18455275.0
2020-08-09,18456250.0
2020-08-10,18457106.25
2020-08-11,18458068.75
2020-08-12,18459050.0
2020-08-13,18459968.75
2020-08-14,18461012.5
2020-08-15,18461987.5
2020-08-16,18462937.5
2020-08-17,18463718.75
2020-08-18,18464593.75
2020-08-19,18465456.25
2020-08-20,18466368.75
2020-08-21,18467337.5
2020-08-22,18468187.5
2020-08-23,18469168.75
2020-08-24,18470100.0
2020-08-25,18470900.0
2020-08-26,18471787.5
2020-08-27,18472593.75
2020-08-28,18473612.5
2020-08-29,18474525.0
2020-08-30,18475318.75
2020-08-31,18476256.25
2020-09-01,18477218.75
2020-09-02,18478118.75
2020-09-03,18478925.0
2020-09-04,18479768.75
2020-09-05,18480650.0
2020-09-06,18481587.5
2020-09-07,18482681.25
2020-09-08,18483650.0
2020-09-09,18484581.25
2020-09-10,18485568.75
2020-09-11,18486431.25
2020-09-12,18487493.75
2020-09-13,18488506.25
2020-09-14,18489606.25
2020-09-15,18490581.25
2020-09-16,18491550.0
2020-09-17,18492662.5
2020-09-18,18493693.75
2020-09-19,18494625.0
2020-09-20,18495512.5
2020-09-21,18496418.75
2020-09-22,18497225.0
2020-09-23,18498112.5
2020-09-24,18498968.75
2020-09-25,18500025.0
2020-09-26,18500962.5
2020-09-27,18501912.5
2020-09-28,18502712.5
2020-09-29,18503600.0
2020-09-30,18504575.0
2020-10-01,18505350.0
2020-10-02,18506200.0
2020-10-03,18507143.75
2020-10-04,18508131.25
2020-10-05,18509006.25
2020-10-06,18509818.75
2020-10-07,18510762.5
2020-10-08,18511775.0
2020-10-09,18512662.5
2020-10-10,18513556.25
2020-10-11,18514431.25
2020-10-12,18515362.5
2020-10-13,18516400.0
2020-10-14,18517331.25
2020-10-15,18518275.0
2020-10-16,18519243.75
2020-10-17,18520225.0
2020-10-18,18520975.0
2020-10-19,18521756.25
2020-10-20,18522650.0
2020-10-21,18523468.75
2020-10-22,18524325.0
2020-10-23,18525143.75
2020-10-24,18526093.75
2020-10-25,18526825.0
2020-10-26,18527512.5
2020-10-27,18528131.25
2020-10-28,18528756.25
2020-10-29,18529431.25
2020-10-30,18530125.0
2020-10-31,18530831.25
2020-11-01,18531612.5
2020-11-02,18532206.25
2020-11-03,18533081.25
2020-11-04,18534075.0
2020-11-05,18534993.75
2020-11-06,18535950.0
2020-11-07,18536862.5
2020-11-08,18537725.0
2020-11-09,18538881.25
2020-11-10,18539800.0
2020-11-11,18540718.75
2020-11-12,18541718.75
2020-11-13,18542587.5
2020-11-14,18543475.0
2020-11-15,18544412.5
2020-11-16,18545412.5
2020-11-17,18546393.75
2020-11-18,18547450.0
2020-11-19,18548306.25
2020-11-20,18549356.25
2020-11-21,18550412.5
2020-11-22,18551500.0
2020-11-23,18552418.75
2020-11-24,18553268.75
2020-11-25,18554237.5
2020-11-26,18555175.0
2020-11-27,18556137.5
2020-11-28,18557100.0
2020-11-29,18558037.5
2020-11-30,18558743.75
2020-12-01,18559693.75
2020-12-02,18560512.5
2020-12-03,18561493.75
2020-12-04,18562393.75
2020-12-05,18563293.75
2020-12-06,18564143.75
2020-12-07,18565081.25
2020-12-08,18565981.25
2020-12-09,18566850.0
2020-12-10,18567662.5
2020-12-11,18568525.0
2020-12-12,18569350.0
2020-12-13,18570325.0
2020-12-14,18571231.25
2020-12-15,18572106.25
2020-12-16,18573000.0
2020-12-17,18573806.25
2020-12-18,18574787.5
2020-12-19,18575775.0
2020-12-20,18576718.75
2020-12-21,18577568.75
2020-12-22,18578462.5
2020-12-23,18579425.0
2020-12-24,18580212.5
2020-12-25,18581112.5
2020-12-26,18581968.75
2020-12-27,18582893.75
2020-12-28,18583893.75
2020-12-29,18584843.75
2020-12-30,18585918.75
2020-12-31,18586956.25
2021-01-01,18587887.5
2021-01-02,18588831.25
2021-01-03,18589818.75
2021-01-04,18590900.0
2021-01-05,18591881.25
2021-01-06,18592987.5
2021-01-07,18594037.5
2021-01-08,18594962.5
2021-01-09,18595831.25
2021-01-10,18596825.0
2021-01-11,18597787.5
2021-01-12,18598712.5
2021-01-13,18599662.5
2021-01-14,18600581.25
2021-01-15,18601550.0
2021-01-16,18602468.75
2021-01-17,18603300.0
2021-01-18,18604206.25
2021-01-19,18605137.5
2021-01-20,18606018.75
2021-01-21,18606825.0
2021-01-22,18607706.25
2021-01-23,18608681.25
2021-01-24,18609550.0
2021-01-25,18610425.0
2021-01-26,18611431.25
2021-01-27,18612318.75
2021-01-28,18613225.0
2021-01-29,18614175.0
2021-01-30,18615025.0
2021-01-31,18615925.0
2021-02-01,18616668.75
2021-02-02,18617625.0
2021-02-03,18618562.5
2021-02-04,18619562.5
2021-02-05,18620618.75
2021-02-06,18621612.5
2021-02-07,18622587.5
2021-02-08,18623600.0
2021-02-09,18624493.75
2021-02-10,18625387.5
2021-02-11,18626193.75
2021-02-12,18627081.25
2021-02-13,18628062.5
2021-02-14,18628987.5
2021-02-15,18629937.5
2021-02-16,18630693.75
2021-02-17,18631556.25
2021-02-18,18632412.5
2021-02-19,18633368.75
