Date,addresses/new_non_zero_count
2009-01-03,"1,0"
2009-01-04,"0,0"
2009-01-05,"0,0"
2009-01-06,"0,0"
2009-01-07,"0,0"
2009-01-08,"0,0"
2009-01-09,"14,0"
2009-01-10,"61,0"
2009-01-11,"93,0"
2009-01-12,"101,0"
2009-01-13,"123,0"
2009-01-14,"130,0"
2009-01-15,"132,0"
2009-01-16,"110,0"
2009-01-17,"109,0"
2009-01-18,"108,0"
2009-01-19,"116,0"
2009-01-20,"115,0"
2009-01-21,"103,0"
2009-01-22,"91,0"
2009-01-23,"85,0"
2009-01-24,"202,0"
2009-01-25,"192,0"
2009-01-26,"96,0"
2009-01-27,"98,0"
2009-01-28,"112,0"
2009-01-29,"121,0"
2009-01-30,"117,0"
2009-01-31,"139,0"
2009-02-01,"114,0"
2009-02-02,"129,0"
2009-02-03,"149,0"
2009-02-04,"119,0"
2009-02-05,"126,0"
2009-02-06,"122,0"
2009-02-07,"133,0"
2009-02-08,"133,0"
2009-02-09,"134,0"
2009-02-10,"120,0"
2009-02-11,"135,0"
2009-02-12,"119,0"
2009-02-13,"124,0"
2009-02-14,"136,0"
2009-02-15,"131,0"
2009-02-16,"122,0"
2009-02-17,"117,0"
2009-02-18,"118,0"
2009-02-19,"124,0"
2009-02-20,"122,0"
2009-02-21,"114,0"
2009-02-22,"125,0"
2009-02-23,"108,0"
2009-02-24,"106,0"
2009-02-25,"105,0"
2009-02-26,"107,0"
2009-02-27,"115,0"
2009-02-28,"99,0"
2009-03-01,"105,0"
2009-03-02,"108,0"
2009-03-03,"105,0"
2009-03-04,"104,0"
2009-03-05,"112,0"
2009-03-06,"117,0"
2009-03-07,"109,0"
2009-03-08,"117,0"
2009-03-09,"108,0"
2009-03-10,"107,0"
2009-03-11,"114,0"
2009-03-12,"119,0"
2009-03-13,"113,0"
2009-03-14,"110,0"
2009-03-15,"123,0"
2009-03-16,"121,0"
2009-03-17,"114,0"
2009-03-18,"114,0"
2009-03-19,"122,0"
2009-03-20,"118,0"
2009-03-21,"50,0"
2009-03-22,"119,0"
2009-03-23,"130,0"
2009-03-24,"105,0"
2009-03-25,"117,0"
2009-03-26,"117,0"
2009-03-27,"106,0"
2009-03-28,"119,0"
2009-03-29,"116,0"
2009-03-30,"120,0"
2009-03-31,"110,0"
2009-04-01,"114,0"
2009-04-02,"115,0"
2009-04-03,"116,0"
2009-04-04,"113,0"
2009-04-05,"130,0"
2009-04-06,"109,0"
2009-04-07,"100,0"
2009-04-08,"105,0"
2009-04-09,"99,0"
2009-04-10,"108,0"
2009-04-11,"121,0"
2009-04-12,"119,0"
2009-04-13,"116,0"
2009-04-14,"124,0"
2009-04-15,"113,0"
2009-04-16,"123,0"
2009-04-17,"112,0"
2009-04-18,"128,0"
2009-04-19,"119,0"
2009-04-20,"120,0"
2009-04-21,"124,0"
2009-04-22,"121,0"
2009-04-23,"75,0"
2009-04-24,"115,0"
2009-04-25,"118,0"
2009-04-26,"112,0"
2009-04-27,"104,0"
2009-04-28,"117,0"
2009-04-29,"128,0"
2009-04-30,"131,0"
2009-05-01,"121,0"
2009-05-02,"128,0"
2009-05-03,"109,0"
2009-05-04,"128,0"
2009-05-05,"135,0"
2009-05-06,"135,0"
2009-05-07,"122,0"
2009-05-08,"107,0"
2009-05-09,"78,0"
2009-05-10,"85,0"
2009-05-11,"121,0"
2009-05-12,"130,0"
2009-05-13,"115,0"
2009-05-14,"141,0"
2009-05-15,"136,0"
2009-05-16,"119,0"
2009-05-17,"127,0"
2009-05-18,"118,0"
2009-05-19,"86,0"
2009-05-20,"120,0"
2009-05-21,"82,0"
2009-05-22,"61,0"
2009-05-23,"32,0"
2009-05-24,"100,0"
2009-05-25,"109,0"
2009-05-26,"125,0"
2009-05-27,"119,0"
2009-05-28,"95,0"
2009-05-29,"106,0"
2009-05-30,"109,0"
2009-05-31,"96,0"
2009-06-01,"72,0"
2009-06-02,"111,0"
2009-06-03,"71,0"
2009-06-04,"66,0"
2009-06-05,"30,0"
2009-06-06,"28,0"
2009-06-07,"16,0"
2009-06-08,"82,0"
2009-06-09,"91,0"
2009-06-10,"82,0"
2009-06-11,"89,0"
2009-06-12,"86,0"
2009-06-13,"78,0"
2009-06-14,"72,0"
2009-06-15,"84,0"
2009-06-16,"71,0"
2009-06-17,"79,0"
2009-06-18,"80,0"
2009-06-19,"87,0"
2009-06-20,"78,0"
2009-06-21,"81,0"
2009-06-22,"76,0"
2009-06-23,"76,0"
2009-06-24,"96,0"
2009-06-25,"68,0"
2009-06-26,"90,0"
2009-06-27,"84,0"
2009-06-28,"47,0"
2009-06-29,"84,0"
2009-06-30,"85,0"
2009-07-01,"74,0"
2009-07-02,"84,0"
2009-07-03,"82,0"
2009-07-04,"89,0"
2009-07-05,"79,0"
2009-07-06,"84,0"
2009-07-07,"69,0"
2009-07-08,"74,0"
2009-07-09,"86,0"
2009-07-10,"81,0"
2009-07-11,"83,0"
2009-07-12,"77,0"
2009-07-13,"78,0"
2009-07-14,"69,0"
2009-07-15,"45,0"
2009-07-16,"71,0"
2009-07-17,"47,0"
2009-07-18,"4,0"
2009-07-19,"70,0"
2009-07-20,"70,0"
2009-07-21,"82,0"
2009-07-22,"60,0"
2009-07-23,"76,0"
2009-07-24,"73,0"
2009-07-25,"32,0"
2009-07-26,"21,0"
2009-07-27,"74,0"
2009-07-28,"41,0"
2009-07-29,"20,0"
2009-07-30,"16,0"
2009-07-31,"17,0"
2009-08-01,"28,0"
2009-08-02,"23,0"
2009-08-03,"12,0"
2009-08-04,"81,0"
2009-08-05,"87,0"
2009-08-06,"90,0"
2009-08-07,"80,0"
2009-08-08,"80,0"
2009-08-09,"101,0"
2009-08-10,"75,0"
2009-08-11,"70,0"
2009-08-12,"63,0"
2009-08-13,"85,0"
2009-08-14,"63,0"
2009-08-15,"26,0"
2009-08-16,"19,0"
2009-08-17,"17,0"
2009-08-18,"10,0"
2009-08-19,"18,0"
2009-08-20,"22,0"
2009-08-21,"14,0"
2009-08-22,"7,0"
2009-08-23,"15,0"
2009-08-24,"15,0"
2009-08-25,"50,0"
2009-08-26,"49,0"
2009-08-27,"29,0"
2009-08-28,"75,0"
2009-08-29,"78,0"
2009-08-30,"97,0"
2009-08-31,"86,0"
2009-09-01,"78,0"
2009-09-02,"66,0"
2009-09-03,"61,0"
2009-09-04,"64,0"
2009-09-05,"76,0"
2009-09-06,"68,0"
2009-09-07,"78,0"
2009-09-08,"69,0"
2009-09-09,"54,0"
2009-09-10,"67,0"
2009-09-11,"67,0"
2009-09-12,"69,0"
2009-09-13,"75,0"
2009-09-14,"74,0"
2009-09-15,"44,0"
2009-09-16,"72,0"
2009-09-17,"84,0"
2009-09-18,"78,0"
2009-09-19,"74,0"
2009-09-20,"78,0"
2009-09-21,"69,0"
2009-09-22,"25,0"
2009-09-23,"36,0"
2009-09-24,"97,0"
2009-09-25,"91,0"
2009-09-26,"100,0"
2009-09-27,"87,0"
2009-09-28,"85,0"
2009-09-29,"88,0"
2009-09-30,"85,0"
2009-10-01,"82,0"
2009-10-02,"72,0"
2009-10-03,"58,0"
2009-10-04,"53,0"
2009-10-05,"55,0"
2009-10-06,"44,0"
2009-10-07,"60,0"
2009-10-08,"70,0"
2009-10-09,"79,0"
2009-10-10,"77,0"
2009-10-11,"74,0"
2009-10-12,"58,0"
2009-10-13,"57,0"
2009-10-14,"69,0"
2009-10-15,"71,0"
2009-10-16,"61,0"
2009-10-17,"57,0"
2009-10-18,"74,0"
2009-10-19,"112,0"
2009-10-20,"95,0"
2009-10-21,"80,0"
2009-10-22,"91,0"
2009-10-23,"89,0"
2009-10-24,"63,0"
2009-10-25,"76,0"
2009-10-26,"71,0"
2009-10-27,"65,0"
2009-10-28,"66,0"
2009-10-29,"46,0"
2009-10-30,"60,0"
2009-10-31,"46,0"
2009-11-01,"25,0"
2009-11-02,"33,0"
2009-11-03,"62,0"
2009-11-04,"64,0"
2009-11-05,"57,0"
2009-11-06,"62,0"
2009-11-07,"69,0"
2009-11-08,"73,0"
2009-11-09,"64,0"
2009-11-10,"78,0"
2009-11-11,"65,0"
2009-11-12,"66,0"
2009-11-13,"81,0"
2009-11-14,"79,0"
2009-11-15,"96,0"
2009-11-16,"97,0"
2009-11-17,"92,0"
2009-11-18,"79,0"
2009-11-19,"72,0"
2009-11-20,"86,0"
2009-11-21,"73,0"
2009-11-22,"106,0"
2009-11-23,"96,0"
2009-11-24,"93,0"
2009-11-25,"90,0"
2009-11-26,"84,0"
2009-11-27,"74,0"
2009-11-28,"71,0"
2009-11-29,"60,0"
2009-11-30,"75,0"
2009-12-01,"75,0"
2009-12-02,"94,0"
2009-12-03,"88,0"
2009-12-04,"36,0"
2009-12-05,"66,0"
2009-12-06,"105,0"
2009-12-07,"112,0"
2009-12-08,"105,0"
2009-12-09,"107,0"
2009-12-10,"104,0"
2009-12-11,"112,0"
2009-12-12,"110,0"
2009-12-13,"114,0"
2009-12-14,"107,0"
2009-12-15,"111,0"
2009-12-16,"137,0"
2009-12-17,"172,0"
2009-12-18,"225,0"
2009-12-19,"198,0"
2009-12-20,"175,0"
2009-12-21,"176,0"
2009-12-22,"162,0"
2009-12-23,"154,0"
2009-12-24,"154,0"
2009-12-25,"150,0"
2009-12-26,"174,0"
2009-12-27,"168,0"
2009-12-28,"137,0"
2009-12-29,"171,0"
2009-12-30,"141,0"
2009-12-31,"138,0"
2010-01-01,"134,0"
2010-01-02,"126,0"
2010-01-03,"186,0"
2010-01-04,"183,0"
2010-01-05,"198,0"
2010-01-06,"163,0"
2010-01-07,"154,0"
2010-01-08,"153,0"
2010-01-09,"151,0"
2010-01-10,"190,0"
2010-01-11,"159,0"
2010-01-12,"159,0"
2010-01-13,"166,0"
2010-01-14,"145,0"
2010-01-15,"141,0"
2010-01-16,"126,0"
2010-01-17,"131,0"
2010-01-18,"127,0"
2010-01-19,"124,0"
2010-01-20,"158,0"
2010-01-21,"183,0"
2010-01-22,"135,0"
2010-01-23,"161,0"
2010-01-24,"154,0"
2010-01-25,"215,0"
2010-01-26,"197,0"
2010-01-27,"164,0"
2010-01-28,"177,0"
2010-01-29,"198,0"
2010-01-30,"212,0"
2010-01-31,"166,0"
2010-02-01,"192,0"
2010-02-02,"145,0"
2010-02-03,"270,0"
2010-02-04,"233,0"
2010-02-05,"227,0"
2010-02-06,"194,0"
2010-02-07,"222,0"
2010-02-08,"205,0"
2010-02-09,"210,0"
2010-02-10,"169,0"
2010-02-11,"169,0"
2010-02-12,"187,0"
2010-02-13,"234,0"
2010-02-14,"212,0"
2010-02-15,"183,0"
2010-02-16,"199,0"
2010-02-17,"243,0"
2010-02-18,"211,0"
2010-02-19,"197,0"
2010-02-20,"209,0"
2010-02-21,"225,0"
2010-02-22,"263,0"
2010-02-23,"251,0"
2010-02-24,"173,0"
2010-02-25,"156,0"
2010-02-26,"174,0"
2010-02-27,"172,0"
2010-02-28,"157,0"
2010-03-01,"196,0"
2010-03-02,"189,0"
2010-03-03,"152,0"
2010-03-04,"186,0"
2010-03-05,"172,0"
2010-03-06,"178,0"
2010-03-07,"180,0"
2010-03-08,"128,0"
2010-03-09,"147,0"
2010-03-10,"168,0"
2010-03-11,"134,0"
2010-03-12,"121,0"
2010-03-13,"154,0"
2010-03-14,"125,0"
2010-03-15,"143,0"
2010-03-16,"129,0"
2010-03-17,"138,0"
2010-03-18,"148,0"
2010-03-19,"159,0"
2010-03-20,"202,0"
2010-03-21,"185,0"
2010-03-22,"181,0"
2010-03-23,"212,0"
2010-03-24,"177,0"
2010-03-25,"194,0"
2010-03-26,"199,0"
2010-03-27,"180,0"
2010-03-28,"186,0"
2010-03-29,"196,0"
2010-03-30,"216,0"
2010-03-31,"211,0"
2010-04-01,"168,0"
2010-04-02,"156,0"
2010-04-03,"164,0"
2010-04-04,"173,0"
2010-04-05,"174,0"
2010-04-06,"163,0"
2010-04-07,"198,0"
2010-04-08,"191,0"
2010-04-09,"225,0"
2010-04-10,"288,0"
2010-04-11,"247,0"
2010-04-12,"223,0"
2010-04-13,"193,0"
2010-04-14,"206,0"
2010-04-15,"275,0"
2010-04-16,"219,0"
2010-04-17,"233,0"
2010-04-18,"3345,0"
2010-04-19,"253,0"
2010-04-20,"220,0"
2010-04-21,"237,0"
2010-04-22,"179,0"
2010-04-23,"187,0"
2010-04-24,"183,0"
2010-04-25,"172,0"
2010-04-26,"190,0"
2010-04-27,"210,0"
2010-04-28,"199,0"
2010-04-29,"160,0"
2010-04-30,"160,0"
2010-05-01,"192,0"
2010-05-02,"161,0"
2010-05-03,"168,0"
2010-05-04,"149,0"
2010-05-05,"145,0"
2010-05-06,"155,0"
2010-05-07,"138,0"
2010-05-08,"165,0"
2010-05-09,"169,0"
2010-05-10,"136,0"
2010-05-11,"116,0"
2010-05-12,"133,0"
2010-05-13,"141,0"
2010-05-14,"138,0"
2010-05-15,"94,0"
2010-05-16,"117,0"
2010-05-17,"152,0"
2010-05-18,"192,0"
2010-05-19,"193,0"
2010-05-20,"217,0"
2010-05-21,"192,0"
2010-05-22,"209,0"
2010-05-23,"288,0"
2010-05-24,"226,0"
2010-05-25,"233,0"
2010-05-26,"262,0"
2010-05-27,"231,0"
2010-05-28,"265,0"
2010-05-29,"220,0"
2010-05-30,"186,0"
2010-05-31,"179,0"
2010-06-01,"166,0"
2010-06-02,"177,0"
2010-06-03,"208,0"
2010-06-04,"162,0"
2010-06-05,"169,0"
2010-06-06,"179,0"
2010-06-07,"187,0"
2010-06-08,"212,0"
2010-06-09,"210,0"
2010-06-10,"202,0"
2010-06-11,"234,0"
2010-06-12,"193,0"
2010-06-13,"220,0"
2010-06-14,"233,0"
2010-06-15,"255,0"
2010-06-16,"183,0"
2010-06-17,"188,0"
2010-06-18,"174,0"
2010-06-19,"204,0"
2010-06-20,"222,0"
2010-06-21,"243,0"
2010-06-22,"219,0"
2010-06-23,"251,0"
2010-06-24,"222,0"
2010-06-25,"195,0"
2010-06-26,"186,0"
2010-06-27,"211,0"
2010-06-28,"194,0"
2010-06-29,"229,0"
2010-06-30,"244,0"
2010-07-01,"249,0"
2010-07-02,"205,0"
2010-07-03,"244,0"
2010-07-04,"191,0"
2010-07-05,"204,0"
2010-07-06,"188,0"
2010-07-07,"207,0"
2010-07-08,"208,0"
2010-07-09,"253,0"
2010-07-10,"229,0"
2010-07-11,"432,0"
2010-07-12,"3323,0"
2010-07-13,"1733,0"
2010-07-14,"6478,0"
2010-07-15,"1508,0"
2010-07-16,"1340,0"
2010-07-17,"447,0"
2010-07-18,"467,0"
2010-07-19,"605,0"
2010-07-20,"674,0"
2010-07-21,"469,0"
2010-07-22,"434,0"
2010-07-23,"434,0"
2010-07-24,"706,0"
2010-07-25,"1847,0"
2010-07-26,"461,0"
2010-07-27,"471,0"
2010-07-28,"392,0"
2010-07-29,"387,0"
2010-07-30,"348,0"
2010-07-31,"317,0"
2010-08-01,"397,0"
2010-08-02,"390,0"
2010-08-03,"653,0"
2010-08-04,"460,0"
2010-08-05,"595,0"
2010-08-06,"380,0"
2010-08-07,"275,0"
2010-08-08,"409,0"
2010-08-09,"466,0"
2010-08-10,"341,0"
2010-08-11,"406,0"
2010-08-12,"415,0"
2010-08-13,"566,0"
2010-08-14,"408,0"
2010-08-15,"278,0"
2010-08-16,"465,0"
2010-08-17,"331,0"
2010-08-18,"415,0"
2010-08-19,"316,0"
2010-08-20,"403,0"
2010-08-21,"340,0"
2010-08-22,"346,0"
2010-08-23,"379,0"
2010-08-24,"396,0"
2010-08-25,"355,0"
2010-08-26,"347,0"
2010-08-27,"300,0"
2010-08-28,"350,0"
2010-08-29,"264,0"
2010-08-30,"323,0"
2010-08-31,"411,0"
2010-09-01,"389,0"
2010-09-02,"305,0"
2010-09-03,"339,0"
2010-09-04,"275,0"
2010-09-05,"323,0"
2010-09-06,"277,0"
2010-09-07,"255,0"
2010-09-08,"351,0"
2010-09-09,"312,0"
2010-09-10,"357,0"
2010-09-11,"289,0"
2010-09-12,"372,0"
2010-09-13,"444,0"
2010-09-14,"399,0"
2010-09-15,"417,0"
2010-09-16,"384,0"
2010-09-17,"344,0"
2010-09-18,"379,0"
2010-09-19,"356,0"
2010-09-20,"489,0"
2010-09-21,"922,0"
2010-09-22,"785,0"
2010-09-23,"664,0"
2010-09-24,"528,0"
2010-09-25,"570,0"
2010-09-26,"409,0"
2010-09-27,"654,0"
2010-09-28,"448,0"
2010-09-29,"935,0"
2010-09-30,"419,0"
2010-10-01,"624,0"
2010-10-02,"524,0"
2010-10-03,"387,0"
2010-10-04,"448,0"
2010-10-05,"441,0"
2010-10-06,"420,0"
2010-10-07,"359,0"
2010-10-08,"407,0"
2010-10-09,"445,0"
2010-10-10,"389,0"
2010-10-11,"376,0"
2010-10-12,"402,0"
2010-10-13,"405,0"
2010-10-14,"398,0"
2010-10-15,"362,0"
2010-10-16,"477,0"
2010-10-17,"499,0"
2010-10-18,"643,0"
2010-10-19,"958,0"
2010-10-20,"728,0"
2010-10-21,"557,0"
2010-10-22,"591,0"
2010-10-23,"518,0"
2010-10-24,"530,0"
2010-10-25,"469,0"
2010-10-26,"621,0"
2010-10-27,"666,0"
2010-10-28,"546,0"
2010-10-29,"474,0"
2010-10-30,"424,0"
2010-10-31,"302,0"
2010-11-01,"347,0"
2010-11-02,"294,0"
2010-11-03,"356,0"
2010-11-04,"341,0"
2010-11-05,"428,0"
2010-11-06,"404,0"
2010-11-07,"421,0"
2010-11-08,"517,0"
2010-11-09,"400,0"
2010-11-10,"409,0"
2010-11-11,"392,0"
2010-11-12,"281,0"
2010-11-13,"333,0"
2010-11-14,"417,0"
2010-11-15,"4164,0"
2010-11-16,"3030,0"
2010-11-17,"450,0"
2010-11-18,"424,0"
2010-11-19,"354,0"
2010-11-20,"558,0"
2010-11-21,"509,0"
2010-11-22,"374,0"
2010-11-23,"369,0"
2010-11-24,"552,0"
2010-11-25,"591,0"
2010-11-26,"911,0"
2010-11-27,"521,0"
2010-11-28,"504,0"
2010-11-29,"511,0"
2010-11-30,"525,0"
2010-12-01,"647,0"
2010-12-02,"521,0"
2010-12-03,"434,0"
2010-12-04,"496,0"
2010-12-05,"502,0"
2010-12-06,"519,0"
2010-12-07,"678,0"
2010-12-08,"620,0"
2010-12-09,"555,0"
2010-12-10,"458,0"
2010-12-11,"774,0"
2010-12-12,"908,0"
2010-12-13,"910,0"
2010-12-14,"808,0"
2010-12-15,"758,0"
2010-12-16,"641,0"
2010-12-17,"533,0"
2010-12-18,"611,0"
2010-12-19,"676,0"
2010-12-20,"1027,0"
2010-12-21,"743,0"
2010-12-22,"787,0"
2010-12-23,"681,0"
2010-12-24,"615,0"
2010-12-25,"819,0"
2010-12-26,"720,0"
2010-12-27,"607,0"
2010-12-28,"751,0"
2010-12-29,"600,0"
2010-12-30,"676,0"
2010-12-31,"612,0"
2011-01-01,"750,0"
2011-01-02,"628,0"
2011-01-03,"910,0"
2011-01-04,"766,0"
2011-01-05,"970,0"
2011-01-06,"709,0"
2011-01-07,"863,0"
2011-01-08,"1036,0"
2011-01-09,"934,0"
2011-01-10,"991,0"
2011-01-11,"1071,0"
2011-01-12,"881,0"
2011-01-13,"986,0"
2011-01-14,"900,0"
2011-01-15,"993,0"
2011-01-16,"1053,0"
2011-01-17,"932,0"
2011-01-18,"979,0"
2011-01-19,"1043,0"
2011-01-20,"1016,0"
2011-01-21,"1331,0"
2011-01-22,"1531,0"
2011-01-23,"1243,0"
2011-01-24,"1465,0"
2011-01-25,"983,0"
2011-01-26,"1044,0"
2011-01-27,"950,0"
2011-01-28,"1209,0"
2011-01-29,"1501,0"
2011-01-30,"2660,0"
2011-01-31,"1589,0"
2011-02-01,"1140,0"
2011-02-02,"935,0"
2011-02-03,"816,0"
2011-02-04,"972,0"
2011-02-05,"875,0"
2011-02-06,"916,0"
2011-02-07,"903,0"
2011-02-08,"905,0"
2011-02-09,"1486,0"
2011-02-10,"2694,0"
2011-02-11,"3408,0"
2011-02-12,"2589,0"
2011-02-13,"2316,0"
2011-02-14,"2493,0"
2011-02-15,"2505,0"
2011-02-16,"2210,0"
2011-02-17,"2755,0"
2011-02-18,"2560,0"
2011-02-19,"1973,0"
2011-02-20,"2341,0"
2011-02-21,"2498,0"
2011-02-22,"2783,0"
2011-02-23,"2786,0"
2011-02-24,"2637,0"
2011-02-25,"2556,0"
2011-02-26,"2461,0"
2011-02-27,"2674,0"
2011-02-28,"2112,0"
2011-03-01,"3908,0"
2011-03-02,"2502,0"
2011-03-03,"3832,0"
2011-03-04,"2272,0"
2011-03-05,"2390,0"
2011-03-06,"2368,0"
2011-03-07,"2347,0"
2011-03-08,"2918,0"
2011-03-09,"2373,0"
2011-03-10,"2157,0"
2011-03-11,"2097,0"
2011-03-12,"2239,0"
2011-03-13,"2036,0"
2011-03-14,"1806,0"
2011-03-15,"2446,0"
2011-03-16,"2085,0"
2011-03-17,"2265,0"
2011-03-18,"2087,0"
2011-03-19,"2238,0"
2011-03-20,"3572,0"
2011-03-21,"3686,0"
2011-03-22,"2807,0"
2011-03-23,"5557,0"
2011-03-24,"3020,0"
2011-03-25,"2694,0"
2011-03-26,"3412,0"
2011-03-27,"2978,0"
2011-03-28,"3260,0"
2011-03-29,"3174,0"
2011-03-30,"2347,0"
2011-03-31,"2678,0"
2011-04-01,"1913,0"
2011-04-02,"2069,0"
2011-04-03,"2260,0"
2011-04-04,"2988,0"
2011-04-05,"2732,0"
2011-04-06,"2428,0"
2011-04-07,"2041,0"
2011-04-08,"2209,0"
2011-04-09,"2194,0"
2011-04-10,"2115,0"
2011-04-11,"2377,0"
2011-04-12,"2516,0"
2011-04-13,"2747,0"
2011-04-14,"4408,0"
2011-04-15,"2303,0"
2011-04-16,"2458,0"
2011-04-17,"2541,0"
2011-04-18,"3463,0"
2011-04-19,"4173,0"
2011-04-20,"3363,0"
2011-04-21,"2447,0"
2011-04-22,"2508,0"
2011-04-23,"2816,0"
2011-04-24,"2679,0"
2011-04-25,"3139,0"
2011-04-26,"4054,0"
2011-04-27,"5244,0"
2011-04-28,"3935,0"
2011-04-29,"4355,0"
2011-04-30,"5544,0"
2011-05-01,"4766,0"
2011-05-02,"3661,0"
2011-05-03,"3680,0"
2011-05-04,"3771,0"
2011-05-05,"4451,0"
2011-05-06,"4398,0"
2011-05-07,"4631,0"
2011-05-08,"3914,0"
2011-05-09,"4502,0"
2011-05-10,"4017,0"
2011-05-11,"4096,0"
2011-05-12,"4076,0"
2011-05-13,"5752,0"
2011-05-14,"5733,0"
2011-05-15,"5286,0"
2011-05-16,"8116,0"
2011-05-17,"6837,0"
2011-05-18,"8402,0"
2011-05-19,"7982,0"
2011-05-20,"7224,0"
2011-05-21,"6810,0"
2011-05-22,"6805,0"
2011-05-23,"7424,0"
2011-05-24,"8464,0"
2011-05-25,"9431,0"
2011-05-26,"8715,0"
2011-05-27,"6091,0"
2011-05-28,"6868,0"
2011-05-29,"6161,0"
2011-05-30,"7748,0"
2011-05-31,"8556,0"
2011-06-01,"8165,0"
2011-06-02,"9029,0"
2011-06-03,"10709,0"
2011-06-04,"12273,0"
2011-06-05,"10810,0"
2011-06-06,"12552,0"
2011-06-07,"11419,0"
2011-06-08,"15550,0"
2011-06-09,"16493,0"
2011-06-10,"14895,0"
2011-06-11,"14210,0"
2011-06-12,"16418,0"
2011-06-13,"15119,0"
2011-06-14,"18145,0"
2011-06-15,"16641,0"
2011-06-16,"17477,0"
2011-06-17,"15421,0"
2011-06-18,"16377,0"
2011-06-19,"16372,0"
2011-06-20,"14960,0"
2011-06-21,"14738,0"
2011-06-22,"15835,0"
2011-06-23,"14008,0"
2011-06-24,"14694,0"
2011-06-25,"12988,0"
2011-06-26,"14018,0"
2011-06-27,"17672,0"
2011-06-28,"15345,0"
2011-06-29,"14473,0"
2011-06-30,"13304,0"
2011-07-01,"20343,0"
2011-07-02,"23518,0"
2011-07-03,"13414,0"
2011-07-04,"13944,0"
2011-07-05,"12516,0"
2011-07-06,"15906,0"
2011-07-07,"14272,0"
2011-07-08,"14952,0"
2011-07-09,"14120,0"
2011-07-10,"19938,0"
2011-07-11,"15830,0"
2011-07-12,"13799,0"
2011-07-13,"17165,0"
2011-07-14,"18698,0"
2011-07-15,"15395,0"
2011-07-16,"14625,0"
2011-07-17,"15530,0"
2011-07-18,"15356,0"
2011-07-19,"15873,0"
2011-07-20,"15840,0"
2011-07-21,"16486,0"
2011-07-22,"15993,0"
2011-07-23,"14043,0"
2011-07-24,"14796,0"
2011-07-25,"17022,0"
2011-07-26,"14469,0"
2011-07-27,"14675,0"
2011-07-28,"16305,0"
2011-07-29,"14070,0"
2011-07-30,"12597,0"
2011-07-31,"15726,0"
2011-08-01,"15335,0"
2011-08-02,"12619,0"
2011-08-03,"9638,0"
2011-08-04,"10230,0"
2011-08-05,"13792,0"
2011-08-06,"12704,0"
2011-08-07,"12819,0"
2011-08-08,"13155,0"
2011-08-09,"14713,0"
2011-08-10,"10496,0"
2011-08-11,"9915,0"
2011-08-12,"9217,0"
2011-08-13,"11846,0"
2011-08-14,"13202,0"
2011-08-15,"10752,0"
2011-08-16,"11732,0"
2011-08-17,"11974,0"
2011-08-18,"11917,0"
2011-08-19,"14238,0"
2011-08-20,"12994,0"
2011-08-21,"14851,0"
2011-08-22,"16250,0"
2011-08-23,"14090,0"
2011-08-24,"13677,0"
2011-08-25,"14535,0"
2011-08-26,"12402,0"
2011-08-27,"11855,0"
2011-08-28,"11561,0"
2011-08-29,"11413,0"
2011-08-30,"9275,0"
2011-08-31,"8974,0"
2011-09-01,"8721,0"
2011-09-02,"8493,0"
2011-09-03,"7478,0"
2011-09-04,"9990,0"
2011-09-05,"9954,0"
2011-09-06,"10002,0"
2011-09-07,"8782,0"
2011-09-08,"8002,0"
2011-09-09,"8723,0"
2011-09-10,"7295,0"
2011-09-11,"8157,0"
2011-09-12,"8192,0"
2011-09-13,"7999,0"
2011-09-14,"7427,0"
2011-09-15,"8035,0"
2011-09-16,"7724,0"
2011-09-17,"6738,0"
2011-09-18,"7193,0"
2011-09-19,"8421,0"
2011-09-20,"13861,0"
2011-09-21,"9168,0"
2011-09-22,"10646,0"
2011-09-23,"13625,0"
2011-09-24,"12855,0"
2011-09-25,"13239,0"
2011-09-26,"11395,0"
2011-09-27,"12057,0"
2011-09-28,"7047,0"
2011-09-29,"6705,0"
2011-09-30,"7023,0"
2011-10-01,"6364,0"
2011-10-02,"6020,0"
2011-10-03,"7642,0"
2011-10-04,"7349,0"
2011-10-05,"6934,0"
2011-10-06,"7353,0"
2011-10-07,"6932,0"
2011-10-08,"6459,0"
2011-10-09,"6513,0"
2011-10-10,"7130,0"
2011-10-11,"7506,0"
2011-10-12,"7217,0"
2011-10-13,"6237,0"
2011-10-14,"7272,0"
2011-10-15,"6828,0"
2011-10-16,"6031,0"
2011-10-17,"6918,0"
2011-10-18,"5977,0"
2011-10-19,"6033,0"
2011-10-20,"5416,0"
2011-10-21,"6334,0"
2011-10-22,"6222,0"
2011-10-23,"7019,0"
2011-10-24,"7308,0"
2011-10-25,"6553,0"
2011-10-26,"6466,0"
2011-10-27,"5799,0"
2011-10-28,"6553,0"
2011-10-29,"6781,0"
2011-10-30,"6016,0"
2011-10-31,"6189,0"
2011-11-01,"7289,0"
2011-11-02,"7216,0"
2011-11-03,"7443,0"
2011-11-04,"7814,0"
2011-11-05,"7066,0"
2011-11-06,"6068,0"
2011-11-07,"6558,0"
2011-11-08,"7293,0"
2011-11-09,"7846,0"
2011-11-10,"7782,0"
2011-11-11,"6209,0"
2011-11-12,"6088,0"
2011-11-13,"6692,0"
2011-11-14,"7048,0"
2011-11-15,"7225,0"
2011-11-16,"7223,0"
2011-11-17,"5957,0"
2011-11-18,"6510,0"
2011-11-19,"4411,0"
2011-11-20,"4814,0"
2011-11-21,"4661,0"
2011-11-22,"5332,0"
2011-11-23,"5236,0"
2011-11-24,"4803,0"
2011-11-25,"5350,0"
2011-11-26,"4609,0"
2011-11-27,"5014,0"
2011-11-28,"6326,0"
2011-11-29,"7652,0"
2011-11-30,"7166,0"
2011-12-01,"7089,0"
2011-12-02,"6712,0"
2011-12-03,"5516,0"
2011-12-04,"5553,0"
2011-12-05,"6347,0"
2011-12-06,"8007,0"
2011-12-07,"6218,0"
2011-12-08,"5248,0"
2011-12-09,"5338,0"
2011-12-10,"5439,0"
2011-12-11,"4976,0"
2011-12-12,"4651,0"
2011-12-13,"5824,0"
2011-12-14,"5155,0"
2011-12-15,"4363,0"
2011-12-16,"4816,0"
2011-12-17,"4533,0"
2011-12-18,"4241,0"
2011-12-19,"5739,0"
2011-12-20,"6163,0"
2011-12-21,"5107,0"
2011-12-22,"5385,0"
2011-12-23,"5459,0"
2011-12-24,"4269,0"
2011-12-25,"5053,0"
2011-12-26,"5544,0"
2011-12-27,"5288,0"
2011-12-28,"4483,0"
2011-12-29,"5040,0"
2011-12-30,"4423,0"
2011-12-31,"4522,0"
2012-01-01,"4550,0"
2012-01-02,"5087,0"
2012-01-03,"5313,0"
2012-01-04,"5323,0"
2012-01-05,"6958,0"
2012-01-06,"6462,0"
2012-01-07,"5596,0"
2012-01-08,"6142,0"
2012-01-09,"5844,0"
2012-01-10,"6908,0"
2012-01-11,"6849,0"
2012-01-12,"6130,0"
2012-01-13,"6519,0"
2012-01-14,"6498,0"
2012-01-15,"6148,0"
2012-01-16,"6294,0"
2012-01-17,"6438,0"
2012-01-18,"6488,0"
2012-01-19,"6593,0"
2012-01-20,"6355,0"
2012-01-21,"5629,0"
2012-01-22,"4541,0"
2012-01-23,"5382,0"
2012-01-24,"6847,0"
2012-01-25,"7680,0"
2012-01-26,"6076,0"
2012-01-27,"6114,0"
2012-01-28,"5376,0"
2012-01-29,"5748,0"
2012-01-30,"5702,0"
2012-01-31,"6779,0"
2012-02-01,"6141,0"
2012-02-02,"6836,0"
2012-02-03,"6952,0"
2012-02-04,"7291,0"
2012-02-05,"6497,0"
2012-02-06,"5914,0"
2012-02-07,"6760,0"
2012-02-08,"6559,0"
2012-02-09,"6975,0"
2012-02-10,"7648,0"
2012-02-11,"7058,0"
2012-02-12,"6435,0"
2012-02-13,"7565,0"
2012-02-14,"9194,0"
2012-02-15,"8949,0"
2012-02-16,"9240,0"
2012-02-17,"6607,0"
2012-02-18,"6372,0"
2012-02-19,"5991,0"
2012-02-20,"6399,0"
2012-02-21,"6384,0"
2012-02-22,"7129,0"
2012-02-23,"7929,0"
2012-02-24,"7051,0"
2012-02-25,"5813,0"
2012-02-26,"5436,0"
2012-02-27,"6310,0"
2012-02-28,"6579,0"
2012-02-29,"6551,0"
2012-03-01,"7025,0"
2012-03-02,"7678,0"
2012-03-03,"5335,0"
2012-03-04,"6842,0"
2012-03-05,"7223,0"
2012-03-06,"6495,0"
2012-03-07,"6876,0"
2012-03-08,"6762,0"
2012-03-09,"6467,0"
2012-03-10,"5091,0"
2012-03-11,"5245,0"
2012-03-12,"5973,0"
2012-03-13,"7566,0"
2012-03-14,"6882,0"
2012-03-15,"6556,0"
2012-03-16,"6856,0"
2012-03-17,"7372,0"
2012-03-18,"6158,0"
2012-03-19,"6574,0"
2012-03-20,"6874,0"
2012-03-21,"7113,0"
2012-03-22,"6435,0"
2012-03-23,"6006,0"
2012-03-24,"6050,0"
2012-03-25,"6026,0"
2012-03-26,"6642,0"
2012-03-27,"6615,0"
2012-03-28,"7315,0"
2012-03-29,"7458,0"
2012-03-30,"6597,0"
2012-03-31,"5974,0"
2012-04-01,"5134,0"
2012-04-02,"6282,0"
2012-04-03,"8115,0"
2012-04-04,"7457,0"
2012-04-05,"7266,0"
2012-04-06,"6728,0"
2012-04-07,"6010,0"
2012-04-08,"6081,0"
2012-04-09,"6701,0"
2012-04-10,"8157,0"
2012-04-11,"8558,0"
2012-04-12,"8657,0"
2012-04-13,"7061,0"
2012-04-14,"8110,0"
2012-04-15,"7539,0"
2012-04-16,"8534,0"
2012-04-17,"8076,0"
2012-04-18,"8958,0"
2012-04-19,"7895,0"
2012-04-20,"8631,0"
2012-04-21,"7366,0"
2012-04-22,"6492,0"
2012-04-23,"7413,0"
2012-04-24,"7980,0"
2012-04-25,"7878,0"
2012-04-26,"9507,0"
2012-04-27,"7399,0"
2012-04-28,"7035,0"
2012-04-29,"6886,0"
2012-04-30,"9282,0"
2012-05-01,"8924,0"
2012-05-02,"9425,0"
2012-05-03,"10878,0"
2012-05-04,"10631,0"
2012-05-05,"9905,0"
2012-05-06,"8831,0"
2012-05-07,"13233,0"
2012-05-08,"12520,0"
2012-05-09,"13154,0"
2012-05-10,"9772,0"
2012-05-11,"14252,0"
2012-05-12,"12769,0"
2012-05-13,"10419,0"
2012-05-14,"20633,0"
2012-05-15,"15481,0"
2012-05-16,"13249,0"
2012-05-17,"12270,0"
2012-05-18,"16033,0"
2012-05-19,"20942,0"
2012-05-20,"19107,0"
2012-05-21,"19426,0"
2012-05-22,"16074,0"
2012-05-23,"17751,0"
2012-05-24,"17184,0"
2012-05-25,"18319,0"
2012-05-26,"14914,0"
2012-05-27,"16193,0"
2012-05-28,"17787,0"
2012-05-29,"20102,0"
2012-05-30,"16685,0"
2012-05-31,"16452,0"
2012-06-01,"17066,0"
2012-06-02,"10151,0"
2012-06-03,"19667,0"
2012-06-04,"27230,0"
2012-06-05,"27116,0"
2012-06-06,"12542,0"
2012-06-07,"20332,0"
2012-06-08,"14984,0"
2012-06-09,"18405,0"
2012-06-10,"21830,0"
2012-06-11,"19467,0"
2012-06-12,"11715,0"
2012-06-13,"32208,0"
2012-06-14,"30697,0"
2012-06-15,"30522,0"
2012-06-16,"25527,0"
2012-06-17,"25809,0"
2012-06-18,"24588,0"
2012-06-19,"21705,0"
2012-06-20,"18258,0"
2012-06-21,"16843,0"
2012-06-22,"16203,0"
2012-06-23,"15884,0"
2012-06-24,"15962,0"
2012-06-25,"20173,0"
2012-06-26,"22037,0"
2012-06-27,"23638,0"
2012-06-28,"19629,0"
2012-06-29,"19539,0"
2012-06-30,"19178,0"
2012-07-01,"19141,0"
2012-07-02,"21872,0"
2012-07-03,"19549,0"
2012-07-04,"17538,0"
2012-07-05,"15328,0"
2012-07-06,"16572,0"
2012-07-07,"19659,0"
2012-07-08,"15971,0"
2012-07-09,"18636,0"
2012-07-10,"23546,0"
2012-07-11,"21130,0"
2012-07-12,"20524,0"
2012-07-13,"17304,0"
2012-07-14,"17565,0"
2012-07-15,"18249,0"
2012-07-16,"23153,0"
2012-07-17,"25374,0"
2012-07-18,"20412,0"
2012-07-19,"20318,0"
2012-07-20,"22903,0"
2012-07-21,"22944,0"
2012-07-22,"25462,0"
2012-07-23,"25550,0"
2012-07-24,"20709,0"
2012-07-25,"18089,0"
2012-07-26,"17858,0"
2012-07-27,"18362,0"
2012-07-28,"24063,0"
2012-07-29,"20535,0"
2012-07-30,"21542,0"
2012-07-31,"35016,0"
2012-08-01,"23686,0"
2012-08-02,"24754,0"
2012-08-03,"21190,0"
2012-08-04,"20241,0"
2012-08-05,"22633,0"
2012-08-06,"26412,0"
2012-08-07,"23875,0"
2012-08-08,"30644,0"
2012-08-09,"22099,0"
2012-08-10,"22210,0"
2012-08-11,"22453,0"
2012-08-12,"23877,0"
2012-08-13,"30612,0"
2012-08-14,"24947,0"
2012-08-15,"28726,0"
2012-08-16,"38745,0"
2012-08-17,"35189,0"
2012-08-18,"32633,0"
2012-08-19,"27091,0"
2012-08-20,"25186,0"
2012-08-21,"32149,0"
2012-08-22,"29571,0"
2012-08-23,"26605,0"
2012-08-24,"26261,0"
2012-08-25,"22061,0"
2012-08-26,"19556,0"
2012-08-27,"22019,0"
2012-08-28,"21142,0"
2012-08-29,"23552,0"
2012-08-30,"20394,0"
2012-08-31,"29875,0"
2012-09-01,"27752,0"
2012-09-02,"20399,0"
2012-09-03,"19899,0"
2012-09-04,"24035,0"
2012-09-05,"25693,0"
2012-09-06,"28088,0"
2012-09-07,"24186,0"
2012-09-08,"19445,0"
2012-09-09,"23972,0"
2012-09-10,"21495,0"
2012-09-11,"26554,0"
2012-09-12,"18952,0"
2012-09-13,"18637,0"
2012-09-14,"21348,0"
2012-09-15,"16841,0"
2012-09-16,"16754,0"
2012-09-17,"16868,0"
2012-09-18,"22268,0"
2012-09-19,"24706,0"
2012-09-20,"27877,0"
2012-09-21,"18956,0"
2012-09-22,"13372,0"
2012-09-23,"14564,0"
2012-09-24,"17774,0"
2012-09-25,"24926,0"
2012-09-26,"26927,0"
2012-09-27,"22155,0"
2012-09-28,"26231,0"
2012-09-29,"18254,0"
2012-09-30,"16231,0"
2012-10-01,"18207,0"
2012-10-02,"28902,0"
2012-10-03,"24229,0"
2012-10-04,"27564,0"
2012-10-05,"26009,0"
2012-10-06,"23390,0"
2012-10-07,"24574,0"
2012-10-08,"28174,0"
2012-10-09,"28476,0"
2012-10-10,"26063,0"
2012-10-11,"22443,0"
2012-10-12,"25241,0"
2012-10-13,"21103,0"
2012-10-14,"21780,0"
2012-10-15,"23558,0"
2012-10-16,"22069,0"
2012-10-17,"25416,0"
2012-10-18,"23914,0"
2012-10-19,"19918,0"
2012-10-20,"22680,0"
2012-10-21,"21973,0"
2012-10-22,"23545,0"
2012-10-23,"19527,0"
2012-10-24,"21050,0"
2012-10-25,"19399,0"
2012-10-26,"18326,0"
2012-10-27,"14033,0"
2012-10-28,"13149,0"
2012-10-29,"13917,0"
2012-10-30,"18747,0"
2012-10-31,"17602,0"
2012-11-01,"15583,0"
2012-11-02,"17289,0"
2012-11-03,"17435,0"
2012-11-04,"15057,0"
2012-11-05,"18169,0"
2012-11-06,"20397,0"
2012-11-07,"22535,0"
2012-11-08,"18821,0"
2012-11-09,"18427,0"
2012-11-10,"16234,0"
2012-11-11,"14787,0"
2012-11-12,"16349,0"
2012-11-13,"17430,0"
2012-11-14,"20536,0"
2012-11-15,"25811,0"
2012-11-16,"26546,0"
2012-11-17,"29173,0"
2012-11-18,"24442,0"
2012-11-19,"23452,0"
2012-11-20,"24804,0"
2012-11-21,"24033,0"
2012-11-22,"22543,0"
2012-11-23,"17214,0"
2012-11-24,"18441,0"
2012-11-25,"18293,0"
2012-11-26,"21164,0"
2012-11-27,"19227,0"
2012-11-28,"21790,0"
2012-11-29,"20997,0"
2012-11-30,"18936,0"
2012-12-01,"17749,0"
2012-12-02,"12937,0"
2012-12-03,"14392,0"
2012-12-04,"20431,0"
2012-12-05,"22786,0"
2012-12-06,"22208,0"
2012-12-07,"21428,0"
2012-12-08,"21239,0"
2012-12-09,"20447,0"
2012-12-10,"17068,0"
2012-12-11,"20375,0"
2012-12-12,"22164,0"
2012-12-13,"25807,0"
2012-12-14,"23215,0"
2012-12-15,"19291,0"
2012-12-16,"19794,0"
2012-12-17,"23932,0"
2012-12-18,"29116,0"
2012-12-19,"24501,0"
2012-12-20,"21263,0"
2012-12-21,"26163,0"
2012-12-22,"35525,0"
2012-12-23,"20700,0"
2012-12-24,"20307,0"
2012-12-25,"16752,0"
2012-12-26,"16503,0"
2012-12-27,"18814,0"
2012-12-28,"23588,0"
2012-12-29,"19966,0"
2012-12-30,"27944,0"
2012-12-31,"18751,0"
2013-01-01,"20051,0"
2013-01-02,"24208,0"
2013-01-03,"30278,0"
2013-01-04,"25733,0"
2013-01-05,"27474,0"
2013-01-06,"20780,0"
2013-01-07,"24560,0"
2013-01-08,"25724,0"
2013-01-09,"27603,0"
2013-01-10,"30594,0"
2013-01-11,"33789,0"
2013-01-12,"24974,0"
2013-01-13,"28082,0"
2013-01-14,"23707,0"
2013-01-15,"29836,0"
2013-01-16,"32887,0"
2013-01-17,"30657,0"
2013-01-18,"31070,0"
2013-01-19,"26236,0"
2013-01-20,"25003,0"
2013-01-21,"23035,0"
2013-01-22,"27167,0"
2013-01-23,"25607,0"
2013-01-24,"28654,0"
2013-01-25,"28791,0"
2013-01-26,"31464,0"
2013-01-27,"29049,0"
2013-01-28,"27370,0"
2013-01-29,"28677,0"
2013-01-30,"23426,0"
2013-01-31,"25439,0"
2013-02-01,"35168,0"
2013-02-02,"31395,0"
2013-02-03,"30138,0"
2013-02-04,"29478,0"
2013-02-05,"32874,0"
2013-02-06,"28743,0"
2013-02-07,"31723,0"
2013-02-08,"32780,0"
2013-02-09,"29779,0"
2013-02-10,"33598,0"
2013-02-11,"28280,0"
2013-02-12,"29149,0"
2013-02-13,"28442,0"
2013-02-14,"26909,0"
2013-02-15,"27004,0"
2013-02-16,"23731,0"
2013-02-17,"24457,0"
2013-02-18,"25906,0"
2013-02-19,"26457,0"
2013-02-20,"27099,0"
2013-02-21,"28825,0"
2013-02-22,"31317,0"
2013-02-23,"29790,0"
2013-02-24,"29512,0"
2013-02-25,"28991,0"
2013-02-26,"31459,0"
2013-02-27,"27578,0"
2013-02-28,"30712,0"
2013-03-01,"34534,0"
2013-03-02,"24462,0"
2013-03-03,"22953,0"
2013-03-04,"27131,0"
2013-03-05,"30863,0"
2013-03-06,"35602,0"
2013-03-07,"33871,0"
2013-03-08,"30669,0"
2013-03-09,"26800,0"
2013-03-10,"30299,0"
2013-03-11,"25876,0"
2013-03-12,"29968,0"
2013-03-13,"32826,0"
2013-03-14,"30939,0"
2013-03-15,"35124,0"
2013-03-16,"23861,0"
2013-03-17,"25441,0"
2013-03-18,"30247,0"
2013-03-19,"34804,0"
2013-03-20,"31344,0"
2013-03-21,"33248,0"
2013-03-22,"38468,0"
2013-03-23,"31307,0"
2013-03-24,"39854,0"
2013-03-25,"33371,0"
2013-03-26,"35799,0"
2013-03-27,"37344,0"
2013-03-28,"41422,0"
2013-03-29,"45688,0"
2013-03-30,"39839,0"
2013-03-31,"29603,0"
2013-04-01,"37290,0"
2013-04-02,"48201,0"
2013-04-03,"53962,0"
2013-04-04,"56432,0"
2013-04-05,"56052,0"
2013-04-06,"41149,0"
2013-04-07,"39923,0"
2013-04-08,"59216,0"
2013-04-09,"61023,0"
2013-04-10,"73729,0"
2013-04-11,"61521,0"
2013-04-12,"53313,0"
2013-04-13,"43129,0"
2013-04-14,"34077,0"
2013-04-15,"45536,0"
2013-04-16,"52595,0"
2013-04-17,"51852,0"
2013-04-18,"42647,0"
2013-04-19,"52609,0"
2013-04-20,"37393,0"
2013-04-21,"33509,0"
2013-04-22,"41404,0"
2013-04-23,"48721,0"
2013-04-24,"49251,0"
2013-04-25,"46603,0"
2013-04-26,"42805,0"
2013-04-27,"39954,0"
2013-04-28,"78887,0"
2013-04-29,"40203,0"
2013-04-30,"32270,0"
2013-05-01,"39946,0"
2013-05-02,"38311,0"
2013-05-03,"36185,0"
2013-05-04,"30850,0"
2013-05-05,"31954,0"
2013-05-06,"36066,0"
2013-05-07,"40859,0"
2013-05-08,"41432,0"
2013-05-09,"43634,0"
2013-05-10,"42602,0"
2013-05-11,"41428,0"
2013-05-12,"34714,0"
2013-05-13,"37451,0"
2013-05-14,"41802,0"
2013-05-15,"41889,0"
2013-05-16,"39930,0"
2013-05-17,"37614,0"
2013-05-18,"32691,0"
2013-05-19,"30679,0"
2013-05-20,"34079,0"
2013-05-21,"41089,0"
2013-05-22,"36060,0"
2013-05-23,"42402,0"
2013-05-24,"40406,0"
2013-05-25,"31522,0"
2013-05-26,"27766,0"
2013-05-27,"32149,0"
2013-05-28,"37242,0"
2013-05-29,"40526,0"
2013-05-30,"38299,0"
2013-05-31,"37792,0"
2013-06-01,"33025,0"
2013-06-02,"29392,0"
2013-06-03,"35391,0"
2013-06-04,"38074,0"
2013-06-05,"34639,0"
2013-06-06,"36376,0"
2013-06-07,"39295,0"
2013-06-08,"28295,0"
2013-06-09,"26798,0"
2013-06-10,"31252,0"
2013-06-11,"33023,0"
2013-06-12,"30678,0"
2013-06-13,"33849,0"
2013-06-14,"43488,0"
2013-06-15,"27776,0"
2013-06-16,"24354,0"
2013-06-17,"29961,0"
2013-06-18,"33040,0"
2013-06-19,"36662,0"
2013-06-20,"35885,0"
2013-06-21,"38076,0"
2013-06-22,"30147,0"
2013-06-23,"25148,0"
2013-06-24,"33080,0"
2013-06-25,"32687,0"
2013-06-26,"32896,0"
2013-06-27,"32495,0"
2013-06-28,"38511,0"
2013-06-29,"28843,0"
2013-06-30,"25058,0"
2013-07-01,"36264,0"
2013-07-02,"33956,0"
2013-07-03,"34584,0"
2013-07-04,"31940,0"
2013-07-05,"32359,0"
2013-07-06,"26908,0"
2013-07-07,"22920,0"
2013-07-08,"34864,0"
2013-07-09,"37298,0"
2013-07-10,"35046,0"
2013-07-11,"44476,0"
2013-07-12,"49665,0"
2013-07-13,"33914,0"
2013-07-14,"23652,0"
2013-07-15,"31249,0"
2013-07-16,"37769,0"
2013-07-17,"35317,0"
2013-07-18,"34405,0"
2013-07-19,"33514,0"
2013-07-20,"26219,0"
2013-07-21,"27608,0"
2013-07-22,"33798,0"
2013-07-23,"35482,0"
2013-07-24,"35159,0"
2013-07-25,"37178,0"
2013-07-26,"34520,0"
2013-07-27,"27170,0"
2013-07-28,"26735,0"
2013-07-29,"36777,0"
2013-07-30,"40732,0"
2013-07-31,"48107,0"
2013-08-01,"83186,0"
2013-08-02,"47796,0"
2013-08-03,"35542,0"
2013-08-04,"32359,0"
2013-08-05,"44268,0"
2013-08-06,"43678,0"
2013-08-07,"45682,0"
2013-08-08,"43769,0"
2013-08-09,"38396,0"
2013-08-10,"37185,0"
2013-08-11,"29167,0"
2013-08-12,"70909,0"
2013-08-13,"43973,0"
2013-08-14,"46505,0"
2013-08-15,"45339,0"
2013-08-16,"53270,0"
2013-08-17,"36752,0"
2013-08-18,"33028,0"
2013-08-19,"50178,0"
2013-08-20,"47735,0"
2013-08-21,"48544,0"
2013-08-22,"52849,0"
2013-08-23,"43800,0"
2013-08-24,"36845,0"
2013-08-25,"33092,0"
2013-08-26,"44212,0"
2013-08-27,"51940,0"
2013-08-28,"52661,0"
2013-08-29,"46298,0"
2013-08-30,"56064,0"
2013-08-31,"60541,0"
2013-09-01,"29740,0"
2013-09-02,"33285,0"
2013-09-03,"38704,0"
2013-09-04,"42353,0"
2013-09-05,"40926,0"
2013-09-06,"40146,0"
2013-09-07,"34989,0"
2013-09-08,"29455,0"
2013-09-09,"38459,0"
2013-09-10,"36816,0"
2013-09-11,"42342,0"
2013-09-12,"43434,0"
2013-09-13,"38691,0"
2013-09-14,"28949,0"
2013-09-15,"27833,0"
2013-09-16,"38731,0"
2013-09-17,"40977,0"
2013-09-18,"42982,0"
2013-09-19,"44585,0"
2013-09-20,"42298,0"
2013-09-21,"35688,0"
2013-09-22,"31233,0"
2013-09-23,"43296,0"
2013-09-24,"43851,0"
2013-09-25,"40422,0"
2013-09-26,"43178,0"
2013-09-27,"41056,0"
2013-09-28,"34633,0"
2013-09-29,"33780,0"
2013-09-30,"42529,0"
2013-10-01,"48808,0"
2013-10-02,"51738,0"
2013-10-03,"43580,0"
2013-10-04,"40345,0"
2013-10-05,"31685,0"
2013-10-06,"30859,0"
2013-10-07,"39999,0"
2013-10-08,"42014,0"
2013-10-09,"45135,0"
2013-10-10,"46269,0"
2013-10-11,"44212,0"
2013-10-12,"36877,0"
2013-10-13,"45764,0"
2013-10-14,"42917,0"
2013-10-15,"46040,0"
2013-10-16,"50706,0"
2013-10-17,"43279,0"
2013-10-18,"47960,0"
2013-10-19,"49659,0"
2013-10-20,"40928,0"
2013-10-21,"50653,0"
2013-10-22,"60660,0"
2013-10-23,"55718,0"
2013-10-24,"60685,0"
2013-10-25,"53571,0"
2013-10-26,"38279,0"
2013-10-27,"33697,0"
2013-10-28,"44774,0"
2013-10-29,"46306,0"
2013-10-30,"50909,0"
2013-10-31,"51332,0"
2013-11-01,"46914,0"
2013-11-02,"40623,0"
2013-11-03,"40279,0"
2013-11-04,"53722,0"
2013-11-05,"64942,0"
2013-11-06,"64856,0"
2013-11-07,"77522,0"
2013-11-08,"74381,0"
2013-11-09,"70837,0"
2013-11-10,"60755,0"
2013-11-11,"54494,0"
2013-11-12,"62394,0"
2013-11-13,"66004,0"
2013-11-14,"75226,0"
2013-11-15,"66433,0"
2013-11-16,"55428,0"
2013-11-17,"57957,0"
2013-11-18,"98501,0"
2013-11-19,"122569,0"
2013-11-20,"94626,0"
2013-11-21,"86987,0"
2013-11-22,"92542,0"
2013-11-23,"89488,0"
2013-11-24,"66868,0"
2013-11-25,"80770,0"
2013-11-26,"105749,0"
2013-11-27,"120839,0"
2013-11-28,"119039,0"
2013-11-29,"111893,0"
2013-11-30,"93988,0"
2013-12-01,"91315,0"
2013-12-02,"98139,0"
2013-12-03,"103171,0"
2013-12-04,"107115,0"
2013-12-05,"112005,0"
2013-12-06,"94721,0"
2013-12-07,"85366,0"
2013-12-08,"58957,0"
2013-12-09,"85052,0"
2013-12-10,"81951,0"
2013-12-11,"83332,0"
2013-12-12,"71486,0"
2013-12-13,"78043,0"
2013-12-14,"72732,0"
2013-12-15,"66578,0"
2013-12-16,"90226,0"
2013-12-17,"84742,0"
2013-12-18,"100581,0"
2013-12-19,"85309,0"
2013-12-20,"76368,0"
2013-12-21,"67672,0"
2013-12-22,"62103,0"
2013-12-23,"78877,0"
2013-12-24,"74611,0"
2013-12-25,"76569,0"
2013-12-26,"64674,0"
2013-12-27,"67390,0"
2013-12-28,"58176,0"
2013-12-29,"55496,0"
2013-12-30,"75272,0"
2013-12-31,"60337,0"
2014-01-01,"48016,0"
2014-01-02,"68175,0"
2014-01-03,"76350,0"
2014-01-04,"59230,0"
2014-01-05,"70149,0"
2014-01-06,"87273,0"
2014-01-07,"73112,0"
2014-01-08,"79826,0"
2014-01-09,"70522,0"
2014-01-10,"64443,0"
2014-01-11,"64358,0"
2014-01-12,"57124,0"
2014-01-13,"69031,0"
2014-01-14,"65023,0"
2014-01-15,"68130,0"
2014-01-16,"60700,0"
2014-01-17,"61925,0"
2014-01-18,"53054,0"
2014-01-19,"54185,0"
2014-01-20,"80615,0"
2014-01-21,"84639,0"
2014-01-22,"77159,0"
2014-01-23,"70163,0"
2014-01-24,"70463,0"
2014-01-25,"59027,0"
2014-01-26,"62518,0"
2014-01-27,"78093,0"
2014-01-28,"81443,0"
2014-01-29,"70557,0"
2014-01-30,"76730,0"
2014-01-31,"78345,0"
2014-02-01,"71945,0"
2014-02-02,"68471,0"
2014-02-03,"80688,0"
2014-02-04,"91383,0"
2014-02-05,"78714,0"
2014-02-06,"84271,0"
2014-02-07,"88571,0"
2014-02-08,"75628,0"
2014-02-09,"60604,0"
2014-02-10,"73598,0"
2014-02-11,"73589,0"
2014-02-12,"70050,0"
2014-02-13,"75845,0"
2014-02-14,"84043,0"
2014-02-15,"77005,0"
2014-02-16,"58976,0"
2014-02-17,"71751,0"
2014-02-18,"79391,0"
2014-02-19,"98653,0"
2014-02-20,"102475,0"
2014-02-21,"104174,0"
2014-02-22,"83684,0"
2014-02-23,"93648,0"
2014-02-24,"113386,0"
2014-02-25,"121848,0"
2014-02-26,"110755,0"
2014-02-27,"95258,0"
2014-02-28,"92185,0"
2014-03-01,"100240,0"
2014-03-02,"80904,0"
2014-03-03,"123682,0"
2014-03-04,"132657,0"
2014-03-05,"115204,0"
2014-03-06,"110189,0"
2014-03-07,"104229,0"
2014-03-08,"100087,0"
2014-03-09,"93174,0"
2014-03-10,"93153,0"
2014-03-11,"96931,0"
2014-03-12,"107955,0"
2014-03-13,"103206,0"
2014-03-14,"82162,0"
2014-03-15,"67463,0"
2014-03-16,"62114,0"
2014-03-17,"84866,0"
2014-03-18,"67558,0"
2014-03-19,"76434,0"
2014-03-20,"79613,0"
2014-03-21,"103283,0"
2014-03-22,"82150,0"
2014-03-23,"69492,0"
2014-03-24,"89663,0"
2014-03-25,"89779,0"
2014-03-26,"91558,0"
2014-03-27,"107308,0"
2014-03-28,"103276,0"
2014-03-29,"73678,0"
2014-03-30,"67114,0"
2014-03-31,"95377,0"
2014-04-01,"101889,0"
2014-04-02,"100905,0"
2014-04-03,"71015,0"
2014-04-04,"104258,0"
2014-04-05,"84979,0"
2014-04-06,"83275,0"
2014-04-07,"88066,0"
2014-04-08,"90341,0"
2014-04-09,"100712,0"
2014-04-10,"102158,0"
2014-04-11,"96972,0"
2014-04-12,"70788,0"
2014-04-13,"75475,0"
2014-04-14,"104550,0"
2014-04-15,"99409,0"
2014-04-16,"91097,0"
2014-04-17,"81361,0"
2014-04-18,"80282,0"
2014-04-19,"74486,0"
2014-04-20,"68439,0"
2014-04-21,"73183,0"
2014-04-22,"103654,0"
2014-04-23,"83808,0"
2014-04-24,"84316,0"
2014-04-25,"98357,0"
2014-04-26,"70770,0"
2014-04-27,"66194,0"
2014-04-28,"90739,0"
2014-04-29,"91368,0"
2014-04-30,"89772,0"
2014-05-01,"84388,0"
2014-05-02,"75954,0"
2014-05-03,"54719,0"
2014-05-04,"54791,0"
2014-05-05,"77065,0"
2014-05-06,"92853,0"
2014-05-07,"90244,0"
2014-05-08,"94319,0"
2014-05-09,"88165,0"
2014-05-10,"72844,0"
2014-05-11,"61212,0"
2014-05-12,"78045,0"
2014-05-13,"74609,0"
2014-05-14,"85906,0"
2014-05-15,"100867,0"
2014-05-16,"72675,0"
2014-05-17,"66936,0"
2014-05-18,"69342,0"
2014-05-19,"84700,0"
2014-05-20,"103072,0"
2014-05-21,"79396,0"
2014-05-22,"85891,0"
2014-05-23,"97788,0"
2014-05-24,"58617,0"
2014-05-25,"81703,0"
2014-05-26,"90393,0"
2014-05-27,"98683,0"
2014-05-28,"106405,0"
2014-05-29,"94017,0"
2014-05-30,"77438,0"
2014-05-31,"74286,0"
2014-06-01,"85044,0"
2014-06-02,"93730,0"
2014-06-03,"105270,0"
2014-06-04,"94264,0"
2014-06-05,"100158,0"
2014-06-06,"91153,0"
2014-06-07,"74112,0"
2014-06-08,"71411,0"
2014-06-09,"86026,0"
2014-06-10,"88565,0"
2014-06-11,"91509,0"
2014-06-12,"90992,0"
2014-06-13,"90583,0"
2014-06-14,"76762,0"
2014-06-15,"68740,0"
2014-06-16,"95046,0"
2014-06-17,"101211,0"
2014-06-18,"90310,0"
2014-06-19,"79141,0"
2014-06-20,"81162,0"
2014-06-21,"79288,0"
2014-06-22,"75707,0"
2014-06-23,"79048,0"
2014-06-24,"93480,0"
2014-06-25,"95669,0"
2014-06-26,"85616,0"
2014-06-27,"91810,0"
2014-06-28,"72268,0"
2014-06-29,"66918,0"
2014-06-30,"95860,0"
2014-07-01,"101559,0"
2014-07-02,"98023,0"
2014-07-03,"83871,0"
2014-07-04,"69945,0"
2014-07-05,"60530,0"
2014-07-06,"77257,0"
2014-07-07,"93901,0"
2014-07-08,"112459,0"
2014-07-09,"99898,0"
2014-07-10,"97956,0"
2014-07-11,"94788,0"
2014-07-12,"70554,0"
2014-07-13,"80736,0"
2014-07-14,"85035,0"
2014-07-15,"100169,0"
2014-07-16,"91086,0"
2014-07-17,"93817,0"
2014-07-18,"90594,0"
2014-07-19,"83871,0"
2014-07-20,"79814,0"
2014-07-21,"81507,0"
2014-07-22,"89111,0"
2014-07-23,"100433,0"
2014-07-24,"93298,0"
2014-07-25,"96300,0"
2014-07-26,"72383,0"
2014-07-27,"69818,0"
2014-07-28,"94011,0"
2014-07-29,"91105,0"
2014-07-30,"103556,0"
2014-07-31,"94285,0"
2014-08-01,"94450,0"
2014-08-02,"74351,0"
2014-08-03,"62511,0"
2014-08-04,"77445,0"
2014-08-05,"112126,0"
2014-08-06,"113799,0"
2014-08-07,"95131,0"
2014-08-08,"97981,0"
2014-08-09,"81083,0"
2014-08-10,"79824,0"
2014-08-11,"108380,0"
2014-08-12,"113052,0"
2014-08-13,"112749,0"
2014-08-14,"105435,0"
2014-08-15,"100740,0"
2014-08-16,"99012,0"
2014-08-17,"81265,0"
2014-08-18,"104467,0"
2014-08-19,"107722,0"
2014-08-20,"108713,0"
2014-08-21,"106047,0"
2014-08-22,"100294,0"
2014-08-23,"81434,0"
2014-08-24,"83913,0"
2014-08-25,"98319,0"
2014-08-26,"106891,0"
2014-08-27,"102408,0"
2014-08-28,"98484,0"
2014-08-29,"89179,0"
2014-08-30,"80397,0"
2014-08-31,"77917,0"
2014-09-01,"91897,0"
2014-09-02,"98512,0"
2014-09-03,"94118,0"
2014-09-04,"101962,0"
2014-09-05,"101651,0"
2014-09-06,"82372,0"
2014-09-07,"91573,0"
2014-09-08,"105357,0"
2014-09-09,"117326,0"
2014-09-10,"106270,0"
2014-09-11,"96218,0"
2014-09-12,"98837,0"
2014-09-13,"84279,0"
2014-09-14,"98652,0"
2014-09-15,"103157,0"
2014-09-16,"124088,0"
2014-09-17,"108434,0"
2014-09-18,"108086,0"
2014-09-19,"94519,0"
2014-09-20,"85455,0"
2014-09-21,"68842,0"
2014-09-22,"105784,0"
2014-09-23,"109763,0"
2014-09-24,"102029,0"
2014-09-25,"109280,0"
2014-09-26,"99839,0"
2014-09-27,"86034,0"
2014-09-28,"87381,0"
2014-09-29,"104748,0"
2014-09-30,"112563,0"
2014-10-01,"118271,0"
2014-10-02,"105189,0"
2014-10-03,"83334,0"
2014-10-04,"72114,0"
2014-10-05,"90122,0"
2014-10-06,"99474,0"
2014-10-07,"111650,0"
2014-10-08,"112582,0"
2014-10-09,"109178,0"
2014-10-10,"110069,0"
2014-10-11,"87493,0"
2014-10-12,"85100,0"
2014-10-13,"112977,0"
2014-10-14,"118540,0"
2014-10-15,"118828,0"
2014-10-16,"110265,0"
2014-10-17,"107936,0"
2014-10-18,"88789,0"
2014-10-19,"85393,0"
2014-10-20,"111094,0"
2014-10-21,"120450,0"
2014-10-22,"113431,0"
2014-10-23,"116363,0"
2014-10-24,"110395,0"
2014-10-25,"94054,0"
2014-10-26,"90400,0"
2014-10-27,"120102,0"
2014-10-28,"115893,0"
2014-10-29,"119899,0"
2014-10-30,"121618,0"
2014-10-31,"115957,0"
2014-11-01,"91265,0"
2014-11-02,"103698,0"
2014-11-03,"119227,0"
2014-11-04,"118013,0"
2014-11-05,"118689,0"
2014-11-06,"123195,0"
2014-11-07,"107644,0"
2014-11-08,"88562,0"
2014-11-09,"97970,0"
2014-11-10,"112832,0"
2014-11-11,"115349,0"
2014-11-12,"135393,0"
2014-11-13,"124540,0"
2014-11-14,"120232,0"
2014-11-15,"96460,0"
2014-11-16,"94560,0"
2014-11-17,"117301,0"
2014-11-18,"118274,0"
2014-11-19,"115337,0"
2014-11-20,"124453,0"
2014-11-21,"111624,0"
2014-11-22,"97972,0"
2014-11-23,"92763,0"
2014-11-24,"106960,0"
2014-11-25,"118263,0"
2014-11-26,"115711,0"
2014-11-27,"117815,0"
2014-11-28,"113136,0"
2014-11-29,"98859,0"
2014-11-30,"107011,0"
2014-12-01,"115541,0"
2014-12-02,"144270,0"
2014-12-03,"130406,0"
2014-12-04,"128079,0"
2014-12-05,"121473,0"
2014-12-06,"99219,0"
2014-12-07,"95784,0"
2014-12-08,"131024,0"
2014-12-09,"126926,0"
2014-12-10,"127245,0"
2014-12-11,"119440,0"
2014-12-12,"120821,0"
2014-12-13,"106682,0"
2014-12-14,"116471,0"
2014-12-15,"131967,0"
2014-12-16,"151265,0"
2014-12-17,"149159,0"
2014-12-18,"133123,0"
2014-12-19,"116445,0"
2014-12-20,"125232,0"
2014-12-21,"109472,0"
2014-12-22,"139075,0"
2014-12-23,"137218,0"
2014-12-24,"108387,0"
2014-12-25,"84871,0"
2014-12-26,"98421,0"
2014-12-27,"103599,0"
2014-12-28,"102413,0"
2014-12-29,"108203,0"
2014-12-30,"113928,0"
2014-12-31,"101265,0"
2015-01-01,"72699,0"
2015-01-02,"103865,0"
2015-01-03,"109711,0"
2015-01-04,"112151,0"
2015-01-05,"127095,0"
2015-01-06,"121392,0"
2015-01-07,"119633,0"
2015-01-08,"131134,0"
2015-01-09,"128152,0"
2015-01-10,"124208,0"
2015-01-11,"111235,0"
2015-01-12,"123559,0"
2015-01-13,"146362,0"
2015-01-14,"156997,0"
2015-01-15,"159987,0"
2015-01-16,"139288,0"
2015-01-17,"134555,0"
2015-01-18,"114518,0"
2015-01-19,"130802,0"
2015-01-20,"130972,0"
2015-01-21,"132051,0"
2015-01-22,"129544,0"
2015-01-23,"116517,0"
2015-01-24,"104273,0"
2015-01-25,"124436,0"
2015-01-26,"140919,0"
2015-01-27,"141229,0"
2015-01-28,"97735,0"
2015-01-29,"111080,0"
2015-01-30,"97313,0"
2015-01-31,"134072,0"
2015-02-01,"110767,0"
2015-02-02,"118375,0"
2015-02-03,"136256,0"
2015-02-04,"131841,0"
2015-02-05,"120378,0"
2015-02-06,"121249,0"
2015-02-07,"105830,0"
2015-02-08,"108857,0"
2015-02-09,"127117,0"
2015-02-10,"123322,0"
2015-02-11,"128947,0"
2015-02-12,"128291,0"
2015-02-13,"166679,0"
2015-02-14,"123939,0"
2015-02-15,"124984,0"
2015-02-16,"133415,0"
2015-02-17,"145271,0"
2015-02-18,"133676,0"
2015-02-19,"116574,0"
2015-02-20,"125622,0"
2015-02-21,"117828,0"
2015-02-22,"111789,0"
2015-02-23,"131230,0"
2015-02-24,"132659,0"
2015-02-25,"133735,0"
2015-02-26,"130919,0"
2015-02-27,"131092,0"
2015-02-28,"110458,0"
2015-03-01,"115285,0"
2015-03-02,"143921,0"
2015-03-03,"148552,0"
2015-03-04,"132238,0"
2015-03-05,"144723,0"
2015-03-06,"125970,0"
2015-03-07,"111378,0"
2015-03-08,"100841,0"
2015-03-09,"130087,0"
2015-03-10,"140686,0"
2015-03-11,"140458,0"
2015-03-12,"133058,0"
2015-03-13,"128158,0"
2015-03-14,"119985,0"
2015-03-15,"101788,0"
2015-03-16,"129915,0"
2015-03-17,"124775,0"
2015-03-18,"120640,0"
2015-03-19,"131667,0"
2015-03-20,"131976,0"
2015-03-21,"112010,0"
2015-03-22,"112881,0"
2015-03-23,"131830,0"
2015-03-24,"121303,0"
2015-03-25,"125436,0"
2015-03-26,"122877,0"
2015-03-27,"126718,0"
2015-03-28,"107429,0"
2015-03-29,"109199,0"
2015-03-30,"138436,0"
2015-03-31,"146888,0"
2015-04-01,"159906,0"
2015-04-02,"150301,0"
2015-04-03,"129840,0"
2015-04-04,"112223,0"
2015-04-05,"104727,0"
2015-04-06,"128877,0"
2015-04-07,"142875,0"
2015-04-08,"145711,0"
2015-04-09,"142243,0"
2015-04-10,"141715,0"
2015-04-11,"123549,0"
2015-04-12,"108969,0"
2015-04-13,"143355,0"
2015-04-14,"137747,0"
2015-04-15,"124091,0"
2015-04-16,"123370,0"
2015-04-17,"121364,0"
2015-04-18,"107769,0"
2015-04-19,"105314,0"
2015-04-20,"129221,0"
2015-04-21,"135085,0"
2015-04-22,"139053,0"
2015-04-23,"137115,0"
2015-04-24,"134319,0"
2015-04-25,"120037,0"
2015-04-26,"113484,0"
2015-04-27,"137433,0"
2015-04-28,"138624,0"
2015-04-29,"145051,0"
2015-04-30,"139530,0"
2015-05-01,"123632,0"
2015-05-02,"120633,0"
2015-05-03,"98853,0"
2015-05-04,"128101,0"
2015-05-05,"145584,0"
2015-05-06,"148616,0"
2015-05-07,"142856,0"
2015-05-08,"141782,0"
2015-05-09,"116960,0"
2015-05-10,"107359,0"
2015-05-11,"142592,0"
2015-05-12,"147133,0"
2015-05-13,"137015,0"
2015-05-14,"133789,0"
2015-05-15,"133325,0"
2015-05-16,"126350,0"
2015-05-17,"105442,0"
2015-05-18,"123903,0"
2015-05-19,"141091,0"
2015-05-20,"139790,0"
2015-05-21,"129167,0"
2015-05-22,"130866,0"
2015-05-23,"106249,0"
2015-05-24,"117526,0"
2015-05-25,"129085,0"
2015-05-26,"140431,0"
2015-05-27,"141840,0"
2015-05-28,"139761,0"
2015-05-29,"159402,0"
2015-05-30,"163372,0"
2015-05-31,"136818,0"
2015-06-01,"170631,0"
2015-06-02,"169879,0"
2015-06-03,"168780,0"
2015-06-04,"156440,0"
2015-06-05,"147767,0"
2015-06-06,"125102,0"
2015-06-07,"107852,0"
2015-06-08,"115548,0"
2015-06-09,"155624,0"
2015-06-10,"192036,0"
2015-06-11,"161386,0"
2015-06-12,"166810,0"
2015-06-13,"129095,0"
2015-06-14,"140831,0"
2015-06-15,"174360,0"
2015-06-16,"156823,0"
2015-06-17,"182691,0"
2015-06-18,"161908,0"
2015-06-19,"167981,0"
2015-06-20,"126704,0"
2015-06-21,"119415,0"
2015-06-22,"143677,0"
2015-06-23,"168194,0"
2015-06-24,"150210,0"
2015-06-25,"117381,0"
2015-06-26,"169677,0"
2015-06-27,"149291,0"
2015-06-28,"124027,0"
2015-06-29,"153085,0"
2015-06-30,"186677,0"
2015-07-01,"171093,0"
2015-07-02,"186641,0"
2015-07-03,"169804,0"
2015-07-04,"135535,0"
2015-07-05,"152765,0"
2015-07-06,"207881,0"
2015-07-07,"208141,0"
2015-07-08,"211758,0"
2015-07-09,"188760,0"
2015-07-10,"189298,0"
2015-07-11,"170741,0"
2015-07-12,"163128,0"
2015-07-13,"163594,0"
2015-07-14,"156297,0"
2015-07-15,"151087,0"
2015-07-16,"147597,0"
2015-07-17,"140546,0"
2015-07-18,"127382,0"
2015-07-19,"116045,0"
2015-07-20,"162259,0"
2015-07-21,"183610,0"
2015-07-22,"173951,0"
2015-07-23,"145672,0"
2015-07-24,"146905,0"
2015-07-25,"124521,0"
2015-07-26,"125517,0"
2015-07-27,"150434,0"
2015-07-28,"154439,0"
2015-07-29,"186426,0"
2015-07-30,"161339,0"
2015-07-31,"171377,0"
2015-08-01,"149232,0"
2015-08-02,"125714,0"
2015-08-03,"148841,0"
2015-08-04,"169884,0"
2015-08-05,"175285,0"
2015-08-06,"164354,0"
2015-08-07,"146370,0"
2015-08-08,"135445,0"
2015-08-09,"108041,0"
2015-08-10,"145061,0"
2015-08-11,"148776,0"
2015-08-12,"156114,0"
2015-08-13,"153064,0"
2015-08-14,"149215,0"
2015-08-15,"133137,0"
2015-08-16,"121284,0"
2015-08-17,"152258,0"
2015-08-18,"162352,0"
2015-08-19,"160228,0"
2015-08-20,"150948,0"
2015-08-21,"163653,0"
2015-08-22,"160983,0"
2015-08-23,"132213,0"
2015-08-24,"161851,0"
2015-08-25,"155998,0"
2015-08-26,"155265,0"
2015-08-27,"157109,0"
2015-08-28,"160607,0"
2015-08-29,"142995,0"
2015-08-30,"127562,0"
2015-08-31,"158971,0"
2015-09-01,"165984,0"
2015-09-02,"176807,0"
2015-09-03,"165324,0"
2015-09-04,"140105,0"
2015-09-05,"160650,0"
2015-09-06,"137809,0"
2015-09-07,"172497,0"
2015-09-08,"184012,0"
2015-09-09,"178600,0"
2015-09-10,"162582,0"
2015-09-11,"186378,0"
2015-09-12,"148976,0"
2015-09-13,"136864,0"
2015-09-14,"165121,0"
2015-09-15,"173677,0"
2015-09-16,"166784,0"
2015-09-17,"172711,0"
2015-09-18,"169977,0"
2015-09-19,"144080,0"
2015-09-20,"163052,0"
2015-09-21,"205811,0"
2015-09-22,"206390,0"
2015-09-23,"162170,0"
2015-09-24,"161244,0"
2015-09-25,"163639,0"
2015-09-26,"140859,0"
2015-09-27,"133054,0"
2015-09-28,"163833,0"
2015-09-29,"178536,0"
2015-09-30,"163508,0"
2015-10-01,"158251,0"
2015-10-02,"164283,0"
2015-10-03,"138097,0"
2015-10-04,"117637,0"
2015-10-05,"135370,0"
2015-10-06,"150756,0"
2015-10-07,"159347,0"
2015-10-08,"178804,0"
2015-10-09,"129581,0"
2015-10-10,"144590,0"
2015-10-11,"114347,0"
2015-10-12,"140604,0"
2015-10-13,"145358,0"
2015-10-14,"165745,0"
2015-10-15,"199779,0"
2015-10-16,"177353,0"
2015-10-17,"170687,0"
2015-10-18,"150129,0"
2015-10-19,"182572,0"
2015-10-20,"189956,0"
2015-10-21,"189330,0"
2015-10-22,"184776,0"
2015-10-23,"182474,0"
2015-10-24,"185479,0"
2015-10-25,"168272,0"
2015-10-26,"164179,0"
2015-10-27,"176728,0"
2015-10-28,"178014,0"
2015-10-29,"182207,0"
2015-10-30,"189623,0"
2015-10-31,"181241,0"
2015-11-01,"169685,0"
2015-11-02,"202715,0"
2015-11-03,"237515,0"
2015-11-04,"265096,0"
2015-11-05,"228340,0"
2015-11-06,"211531,0"
2015-11-07,"192621,0"
2015-11-08,"182728,0"
2015-11-09,"196682,0"
2015-11-10,"198473,0"
2015-11-11,"195207,0"
2015-11-12,"190213,0"
2015-11-13,"188292,0"
2015-11-14,"179609,0"
2015-11-15,"175518,0"
2015-11-16,"194167,0"
2015-11-17,"202673,0"
2015-11-18,"219712,0"
2015-11-19,"191642,0"
2015-11-20,"186434,0"
2015-11-21,"182139,0"
2015-11-22,"161985,0"
2015-11-23,"177090,0"
2015-11-24,"195301,0"
2015-11-25,"188472,0"
2015-11-26,"193859,0"
2015-11-27,"180545,0"
2015-11-28,"192933,0"
2015-11-29,"146065,0"
2015-11-30,"230417,0"
2015-12-01,"219973,0"
2015-12-02,"224812,0"
2015-12-03,"189606,0"
2015-12-04,"201677,0"
2015-12-05,"224737,0"
2015-12-06,"199844,0"
2015-12-07,"220900,0"
2015-12-08,"229191,0"
2015-12-09,"271309,0"
2015-12-10,"293034,0"
2015-12-11,"264591,0"
2015-12-12,"277607,0"
2015-12-13,"223722,0"
2015-12-14,"267696,0"
2015-12-15,"261672,0"
2015-12-16,"254307,0"
2015-12-17,"245116,0"
2015-12-18,"244758,0"
2015-12-19,"252989,0"
2015-12-20,"225370,0"
2015-12-21,"254723,0"
2015-12-22,"248114,0"
2015-12-23,"253460,0"
2015-12-24,"237056,0"
2015-12-25,"195104,0"
2015-12-26,"187000,0"
2015-12-27,"172001,0"
2015-12-28,"201780,0"
2015-12-29,"211750,0"
2015-12-30,"206470,0"
2015-12-31,"182179,0"
2016-01-01,"145528,0"
2016-01-02,"181390,0"
2016-01-03,"172920,0"
2016-01-04,"214810,0"
2016-01-05,"221131,0"
2016-01-06,"205167,0"
2016-01-07,"226692,0"
2016-01-08,"216202,0"
2016-01-09,"221115,0"
2016-01-10,"203417,0"
2016-01-11,"231149,0"
2016-01-12,"236785,0"
2016-01-13,"223170,0"
2016-01-14,"223873,0"
2016-01-15,"220897,0"
2016-01-16,"254062,0"
2016-01-17,"246802,0"
2016-01-18,"252982,0"
2016-01-19,"210731,0"
2016-01-20,"269194,0"
2016-01-21,"272176,0"
2016-01-22,"259713,0"
2016-01-23,"236432,0"
2016-01-24,"236103,0"
2016-01-25,"274372,0"
2016-01-26,"287517,0"
2016-01-27,"279207,0"
2016-01-28,"293254,0"
2016-01-29,"293274,0"
2016-01-30,"249856,0"
2016-01-31,"223724,0"
2016-02-01,"280629,0"
2016-02-02,"322860,0"
2016-02-03,"247562,0"
2016-02-04,"248311,0"
2016-02-05,"272569,0"
2016-02-06,"265518,0"
2016-02-07,"272588,0"
2016-02-08,"261544,0"
2016-02-09,"276637,0"
2016-02-10,"274343,0"
2016-02-11,"279254,0"
2016-02-12,"266698,0"
2016-02-13,"238371,0"
2016-02-14,"226306,0"
2016-02-15,"260749,0"
2016-02-16,"258485,0"
2016-02-17,"290813,0"
2016-02-18,"268864,0"
2016-02-19,"266272,0"
2016-02-20,"256778,0"
2016-02-21,"237537,0"
2016-02-22,"281800,0"
2016-02-23,"281697,0"
2016-02-24,"245855,0"
2016-02-25,"264518,0"
2016-02-26,"243175,0"
2016-02-27,"233325,0"
2016-02-28,"269344,0"
2016-02-29,"279271,0"
2016-03-01,"287568,0"
2016-03-02,"299552,0"
2016-03-03,"237411,0"
2016-03-04,"231294,0"
2016-03-05,"248257,0"
2016-03-06,"179107,0"
2016-03-07,"205091,0"
2016-03-08,"234811,0"
2016-03-09,"220717,0"
2016-03-10,"223217,0"
2016-03-11,"220422,0"
2016-03-12,"196516,0"
2016-03-13,"181385,0"
2016-03-14,"218784,0"
2016-03-15,"228028,0"
2016-03-16,"244745,0"
2016-03-17,"240987,0"
2016-03-18,"234138,0"
2016-03-19,"206161,0"
2016-03-20,"207820,0"
2016-03-21,"223171,0"
2016-03-22,"235751,0"
2016-03-23,"221312,0"
2016-03-24,"215570,0"
2016-03-25,"200694,0"
2016-03-26,"179322,0"
2016-03-27,"175069,0"
2016-03-28,"212024,0"
2016-03-29,"219340,0"
2016-03-30,"225363,0"
2016-03-31,"220148,0"
2016-04-01,"228033,0"
2016-04-02,"204903,0"
2016-04-03,"199526,0"
2016-04-04,"237721,0"
2016-04-05,"235848,0"
2016-04-06,"241663,0"
2016-04-07,"232527,0"
2016-04-08,"225591,0"
2016-04-09,"211233,0"
2016-04-10,"200421,0"
2016-04-11,"230428,0"
2016-04-12,"255528,0"
2016-04-13,"241141,0"
2016-04-14,"240589,0"
2016-04-15,"220995,0"
2016-04-16,"199902,0"
2016-04-17,"211892,0"
2016-04-18,"229748,0"
2016-04-19,"241409,0"
2016-04-20,"236507,0"
2016-04-21,"239508,0"
2016-04-22,"228679,0"
2016-04-23,"201689,0"
2016-04-24,"199886,0"
2016-04-25,"237672,0"
2016-04-26,"265262,0"
2016-04-27,"246366,0"
2016-04-28,"233167,0"
2016-04-29,"248819,0"
2016-04-30,"220758,0"
2016-05-01,"190714,0"
2016-05-02,"215762,0"
2016-05-03,"222591,0"
2016-05-04,"216958,0"
2016-05-05,"214432,0"
2016-05-06,"214989,0"
2016-05-07,"193044,0"
2016-05-08,"183364,0"
2016-05-09,"224435,0"
2016-05-10,"232138,0"
2016-05-11,"224970,0"
2016-05-12,"220272,0"
2016-05-13,"219933,0"
2016-05-14,"201211,0"
2016-05-15,"186172,0"
2016-05-16,"233618,0"
2016-05-17,"228539,0"
2016-05-18,"234722,0"
2016-05-19,"219019,0"
2016-05-20,"205104,0"
2016-05-21,"191131,0"
2016-05-22,"176868,0"
2016-05-23,"220330,0"
2016-05-24,"235069,0"
2016-05-25,"235385,0"
2016-05-26,"223188,0"
2016-05-27,"231655,0"
2016-05-28,"212858,0"
2016-05-29,"187801,0"
2016-05-30,"221349,0"
2016-05-31,"226702,0"
2016-06-01,"241984,0"
2016-06-02,"233295,0"
2016-06-03,"241706,0"
2016-06-04,"200854,0"
2016-06-05,"196131,0"
2016-06-06,"235941,0"
2016-06-07,"246021,0"
2016-06-08,"237957,0"
2016-06-09,"253173,0"
2016-06-10,"243463,0"
2016-06-11,"217935,0"
2016-06-12,"215516,0"
2016-06-13,"260602,0"
2016-06-14,"256777,0"
2016-06-15,"272736,0"
2016-06-16,"277533,0"
2016-06-17,"270576,0"
2016-06-18,"244420,0"
2016-06-19,"222856,0"
2016-06-20,"265089,0"
2016-06-21,"268803,0"
2016-06-22,"249235,0"
2016-06-23,"261294,0"
2016-06-24,"256534,0"
2016-06-25,"221625,0"
2016-06-26,"194844,0"
2016-06-27,"234512,0"
2016-06-28,"248560,0"
2016-06-29,"239707,0"
2016-06-30,"252446,0"
2016-07-01,"231671,0"
2016-07-02,"216007,0"
2016-07-03,"194232,0"
2016-07-04,"233483,0"
2016-07-05,"236211,0"
2016-07-06,"239340,0"
2016-07-07,"242063,0"
2016-07-08,"225259,0"
2016-07-09,"208128,0"
2016-07-10,"183058,0"
2016-07-11,"232450,0"
2016-07-12,"242724,0"
2016-07-13,"232923,0"
2016-07-14,"233885,0"
2016-07-15,"229791,0"
2016-07-16,"206238,0"
2016-07-17,"186229,0"
2016-07-18,"234079,0"
2016-07-19,"228428,0"
2016-07-20,"239129,0"
2016-07-21,"224952,0"
2016-07-22,"229590,0"
2016-07-23,"203286,0"
2016-07-24,"190716,0"
2016-07-25,"241479,0"
2016-07-26,"247378,0"
2016-07-27,"241495,0"
2016-07-28,"240509,0"
2016-07-29,"230008,0"
2016-07-30,"205072,0"
2016-07-31,"198239,0"
2016-08-01,"240714,0"
2016-08-02,"269215,0"
2016-08-03,"258904,0"
2016-08-04,"245544,0"
2016-08-05,"245330,0"
2016-08-06,"213754,0"
2016-08-07,"192456,0"
2016-08-08,"242012,0"
2016-08-09,"250578,0"
2016-08-10,"260916,0"
2016-08-11,"267853,0"
2016-08-12,"247875,0"
2016-08-13,"223590,0"
2016-08-14,"205806,0"
2016-08-15,"217327,0"
2016-08-16,"270020,0"
2016-08-17,"262011,0"
2016-08-18,"262388,0"
2016-08-19,"261845,0"
2016-08-20,"245108,0"
2016-08-21,"210787,0"
2016-08-22,"253931,0"
2016-08-23,"265732,0"
2016-08-24,"262583,0"
2016-08-25,"250959,0"
2016-08-26,"249721,0"
2016-08-27,"228548,0"
2016-08-28,"202158,0"
2016-08-29,"237689,0"
2016-08-30,"278257,0"
2016-08-31,"259831,0"
2016-09-01,"256918,0"
2016-09-02,"248445,0"
2016-09-03,"231430,0"
2016-09-04,"216702,0"
2016-09-05,"262305,0"
2016-09-06,"267234,0"
2016-09-07,"280223,0"
2016-09-08,"271008,0"
2016-09-09,"263421,0"
2016-09-10,"239328,0"
2016-09-11,"233200,0"
2016-09-12,"255730,0"
2016-09-13,"276579,0"
2016-09-14,"271031,0"
2016-09-15,"269255,0"
2016-09-16,"247559,0"
2016-09-17,"259321,0"
2016-09-18,"224851,0"
2016-09-19,"264848,0"
2016-09-20,"286269,0"
2016-09-21,"278434,0"
2016-09-22,"266957,0"
2016-09-23,"267450,0"
2016-09-24,"244963,0"
2016-09-25,"234241,0"
2016-09-26,"282476,0"
2016-09-27,"295434,0"
2016-09-28,"292516,0"
2016-09-29,"300504,0"
2016-09-30,"302457,0"
2016-10-01,"264387,0"
2016-10-02,"234929,0"
2016-10-03,"318372,0"
2016-10-04,"330224,0"
2016-10-05,"321640,0"
2016-10-06,"336396,0"
2016-10-07,"319944,0"
2016-10-08,"300107,0"
2016-10-09,"253965,0"
2016-10-10,"268563,0"
2016-10-11,"313100,0"
2016-10-12,"280930,0"
2016-10-13,"282805,0"
2016-10-14,"296164,0"
2016-10-15,"264869,0"
2016-10-16,"247348,0"
2016-10-17,"294102,0"
2016-10-18,"307119,0"
2016-10-19,"243043,0"
2016-10-20,"337887,0"
2016-10-21,"316029,0"
2016-10-22,"265262,0"
2016-10-23,"236215,0"
2016-10-24,"276577,0"
2016-10-25,"295379,0"
2016-10-26,"284065,0"
2016-10-27,"377460,0"
2016-10-28,"304569,0"
2016-10-29,"278391,0"
2016-10-30,"248154,0"
2016-10-31,"289722,0"
2016-11-01,"298114,0"
2016-11-02,"331759,0"
2016-11-03,"332604,0"
2016-11-04,"311876,0"
2016-11-05,"299738,0"
2016-11-06,"273215,0"
2016-11-07,"336404,0"
2016-11-08,"361244,0"
2016-11-09,"329762,0"
2016-11-10,"335983,0"
2016-11-11,"312720,0"
2016-11-12,"291754,0"
2016-11-13,"275690,0"
2016-11-14,"335102,0"
2016-11-15,"352221,0"
2016-11-16,"337788,0"
2016-11-17,"339055,0"
2016-11-18,"338878,0"
2016-11-19,"311669,0"
2016-11-20,"294875,0"
2016-11-21,"348004,0"
2016-11-22,"350377,0"
2016-11-23,"337025,0"
2016-11-24,"392810,0"
2016-11-25,"366464,0"
2016-11-26,"332545,0"
2016-11-27,"286572,0"
2016-11-28,"368899,0"
2016-11-29,"354980,0"
2016-11-30,"361323,0"
2016-12-01,"295205,0"
2016-12-02,"413899,0"
2016-12-03,"354964,0"
2016-12-04,"304980,0"
2016-12-05,"359495,0"
2016-12-06,"419096,0"
2016-12-07,"395637,0"
2016-12-08,"354285,0"
2016-12-09,"335791,0"
2016-12-10,"315555,0"
2016-12-11,"289736,0"
2016-12-12,"339618,0"
2016-12-13,"359741,0"
2016-12-14,"353156,0"
2016-12-15,"347436,0"
2016-12-16,"345369,0"
2016-12-17,"299707,0"
2016-12-18,"283345,0"
2016-12-19,"347917,0"
2016-12-20,"360345,0"
2016-12-21,"392318,0"
2016-12-22,"386367,0"
2016-12-23,"370657,0"
2016-12-24,"292724,0"
2016-12-25,"231129,0"
2016-12-26,"295726,0"
2016-12-27,"359644,0"
2016-12-28,"372550,0"
2016-12-29,"373000,0"
2016-12-30,"353172,0"
2016-12-31,"305705,0"
2017-01-01,"211491,0"
2017-01-02,"349124,0"
2017-01-03,"361528,0"
2017-01-04,"392404,0"
2017-01-05,"350209,0"
2017-01-06,"398794,0"
2017-01-07,"330442,0"
2017-01-08,"303855,0"
2017-01-09,"327877,0"
2017-01-10,"372134,0"
2017-01-11,"343599,0"
2017-01-12,"340950,0"
2017-01-13,"327358,0"
2017-01-14,"294689,0"
2017-01-15,"278451,0"
2017-01-16,"324770,0"
2017-01-17,"354003,0"
2017-01-18,"353045,0"
2017-01-19,"363392,0"
2017-01-20,"361173,0"
2017-01-21,"323261,0"
2017-01-22,"285880,0"
2017-01-23,"286339,0"
2017-01-24,"365092,0"
2017-01-25,"364341,0"
2017-01-26,"369137,0"
2017-01-27,"326969,0"
2017-01-28,"313580,0"
2017-01-29,"298979,0"
2017-01-30,"306839,0"
2017-01-31,"379092,0"
2017-02-01,"429820,0"
2017-02-02,"314119,0"
2017-02-03,"408978,0"
2017-02-04,"347848,0"
2017-02-05,"354736,0"
2017-02-06,"283408,0"
2017-02-07,"410354,0"
2017-02-08,"361503,0"
2017-02-09,"409970,0"
2017-02-10,"353009,0"
2017-02-11,"312304,0"
2017-02-12,"278038,0"
2017-02-13,"340394,0"
2017-02-14,"367136,0"
2017-02-15,"343561,0"
2017-02-16,"332493,0"
2017-02-17,"378386,0"
2017-02-18,"339810,0"
2017-02-19,"305485,0"
2017-02-20,"333068,0"
2017-02-21,"332676,0"
2017-02-22,"335170,0"
2017-02-23,"388503,0"
2017-02-24,"412012,0"
2017-02-25,"371259,0"
2017-02-26,"305532,0"
2017-02-27,"332474,0"
2017-02-28,"377342,0"
2017-03-01,"368882,0"
2017-03-02,"394648,0"
2017-03-03,"408163,0"
2017-03-04,"326869,0"
2017-03-05,"347044,0"
2017-03-06,"361518,0"
2017-03-07,"405546,0"
2017-03-08,"363924,0"
2017-03-09,"378981,0"
2017-03-10,"380952,0"
2017-03-11,"351260,0"
2017-03-12,"279055,0"
2017-03-13,"340413,0"
2017-03-14,"389580,0"
2017-03-15,"363457,0"
2017-03-16,"416493,0"
2017-03-17,"361080,0"
2017-03-18,"333570,0"
2017-03-19,"338256,0"
2017-03-20,"349323,0"
2017-03-21,"373031,0"
2017-03-22,"402376,0"
2017-03-23,"366031,0"
2017-03-24,"364111,0"
2017-03-25,"328093,0"
2017-03-26,"303956,0"
2017-03-27,"306941,0"
2017-03-28,"386600,0"
2017-03-29,"371857,0"
2017-03-30,"359505,0"
2017-03-31,"344555,0"
2017-04-01,"334324,0"
2017-04-02,"316650,0"
2017-04-03,"371363,0"
2017-04-04,"344075,0"
2017-04-05,"401807,0"
2017-04-06,"381825,0"
2017-04-07,"377988,0"
2017-04-08,"307950,0"
2017-04-09,"317104,0"
2017-04-10,"374455,0"
2017-04-11,"410402,0"
2017-04-12,"382931,0"
2017-04-13,"314082,0"
2017-04-14,"388295,0"
2017-04-15,"344725,0"
2017-04-16,"278388,0"
2017-04-17,"324681,0"
2017-04-18,"391320,0"
2017-04-19,"398287,0"
2017-04-20,"351714,0"
2017-04-21,"424106,0"
2017-04-22,"349485,0"
2017-04-23,"322533,0"
2017-04-24,"304590,0"
2017-04-25,"423889,0"
2017-04-26,"439689,0"
2017-04-27,"388633,0"
2017-04-28,"407022,0"
2017-04-29,"430547,0"
2017-04-30,"351225,0"
2017-05-01,"373976,0"
2017-05-02,"428686,0"
2017-05-03,"392264,0"
2017-05-04,"469662,0"
2017-05-05,"356111,0"
2017-05-06,"473788,0"
2017-05-07,"388359,0"
2017-05-08,"471403,0"
2017-05-09,"442237,0"
2017-05-10,"405266,0"
2017-05-11,"393881,0"
2017-05-12,"415119,0"
2017-05-13,"428850,0"
2017-05-14,"483476,0"
2017-05-15,"422746,0"
2017-05-16,"312125,0"
2017-05-17,"417037,0"
2017-05-18,"388950,0"
2017-05-19,"430261,0"
2017-05-20,"477995,0"
2017-05-21,"433041,0"
2017-05-22,"440302,0"
2017-05-23,"484078,0"
2017-05-24,"446593,0"
2017-05-25,"472227,0"
2017-05-26,"468771,0"
2017-05-27,"446181,0"
2017-05-28,"394694,0"
2017-05-29,"415287,0"
2017-05-30,"457311,0"
2017-05-31,"434775,0"
2017-06-01,"435580,0"
2017-06-02,"370346,0"
2017-06-03,"406229,0"
2017-06-04,"358810,0"
2017-06-05,"405962,0"
2017-06-06,"428436,0"
2017-06-07,"478624,0"
2017-06-08,"427094,0"
2017-06-09,"402501,0"
2017-06-10,"354570,0"
2017-06-11,"315893,0"
2017-06-12,"383874,0"
2017-06-13,"422991,0"
2017-06-14,"404792,0"
2017-06-15,"407444,0"
2017-06-16,"374282,0"
2017-06-17,"329596,0"
2017-06-18,"289709,0"
2017-06-19,"379004,0"
2017-06-20,"401894,0"
2017-06-21,"413793,0"
2017-06-22,"374728,0"
2017-06-23,"352171,0"
2017-06-24,"313905,0"
2017-06-25,"249825,0"
2017-06-26,"355266,0"
2017-06-27,"363120,0"
2017-06-28,"388319,0"
2017-06-29,"332526,0"
2017-06-30,"367976,0"
2017-07-01,"301032,0"
2017-07-02,"267665,0"
2017-07-03,"347080,0"
2017-07-04,"357584,0"
2017-07-05,"325713,0"
2017-07-06,"326278,0"
2017-07-07,"386031,0"
2017-07-08,"306613,0"
2017-07-09,"264594,0"
2017-07-10,"355420,0"
2017-07-11,"368583,0"
2017-07-12,"360378,0"
2017-07-13,"349856,0"
2017-07-14,"322557,0"
2017-07-15,"303904,0"
2017-07-16,"278624,0"
2017-07-17,"333611,0"
2017-07-18,"375327,0"
2017-07-19,"364699,0"
2017-07-20,"336717,0"
2017-07-21,"379692,0"
2017-07-22,"299657,0"
2017-07-23,"250313,0"
2017-07-24,"334484,0"
2017-07-25,"347154,0"
2017-07-26,"336113,0"
2017-07-27,"318290,0"
2017-07-28,"352217,0"
2017-07-29,"292635,0"
2017-07-30,"282849,0"
2017-07-31,"354755,0"
2017-08-01,"214155,0"
2017-08-02,"305312,0"
2017-08-03,"315088,0"
2017-08-04,"334017,0"
2017-08-05,"341882,0"
2017-08-06,"290112,0"
2017-08-07,"370423,0"
2017-08-08,"403112,0"
2017-08-09,"388911,0"
2017-08-10,"387068,0"
2017-08-11,"426284,0"
2017-08-12,"371402,0"
2017-08-13,"375811,0"
2017-08-14,"387486,0"
2017-08-15,"450247,0"
2017-08-16,"401474,0"
2017-08-17,"459661,0"
2017-08-18,"400630,0"
2017-08-19,"367757,0"
2017-08-20,"305337,0"
2017-08-21,"353523,0"
2017-08-22,"300629,0"
2017-08-23,"451101,0"
2017-08-24,"308952,0"
2017-08-25,"318233,0"
2017-08-26,"337140,0"
2017-08-27,"350199,0"
2017-08-28,"338627,0"
2017-08-29,"416379,0"
2017-08-30,"399861,0"
2017-08-31,"413468,0"
2017-09-01,"413391,0"
2017-09-02,"348395,0"
2017-09-03,"287629,0"
2017-09-04,"384744,0"
2017-09-05,"405938,0"
2017-09-06,"410603,0"
2017-09-07,"376156,0"
2017-09-08,"395720,0"
2017-09-09,"312552,0"
2017-09-10,"279002,0"
2017-09-11,"366567,0"
2017-09-12,"377587,0"
2017-09-13,"377542,0"
2017-09-14,"384536,0"
2017-09-15,"421637,0"
2017-09-16,"332844,0"
2017-09-17,"290977,0"
2017-09-18,"333574,0"
2017-09-19,"409467,0"
2017-09-20,"350206,0"
2017-09-21,"370753,0"
2017-09-22,"337788,0"
2017-09-23,"291029,0"
2017-09-24,"266874,0"
2017-09-25,"338327,0"
2017-09-26,"382221,0"
2017-09-27,"376927,0"
2017-09-28,"399134,0"
2017-09-29,"372380,0"
2017-09-30,"316165,0"
2017-10-01,"296193,0"
2017-10-02,"411589,0"
2017-10-03,"409256,0"
2017-10-04,"345478,0"
2017-10-05,"389776,0"
2017-10-06,"401730,0"
2017-10-07,"350637,0"
2017-10-08,"330338,0"
2017-10-09,"409662,0"
2017-10-10,"421982,0"
2017-10-11,"420076,0"
2017-10-12,"424581,0"
2017-10-13,"448951,0"
2017-10-14,"405894,0"
2017-10-15,"395752,0"
2017-10-16,"448615,0"
2017-10-17,"475434,0"
2017-10-18,"461425,0"
2017-10-19,"487161,0"
2017-10-20,"425000,0"
2017-10-21,"423638,0"
2017-10-22,"383464,0"
2017-10-23,"456857,0"
2017-10-24,"502283,0"
2017-10-25,"446068,0"
2017-10-26,"383381,0"
2017-10-27,"370449,0"
2017-10-28,"303380,0"
2017-10-29,"460535,0"
2017-10-30,"475479,0"
2017-10-31,"428919,0"
2017-11-01,"518855,0"
2017-11-02,"514829,0"
2017-11-03,"439062,0"
2017-11-04,"431597,0"
2017-11-05,"377090,0"
2017-11-06,"417763,0"
2017-11-07,"495492,0"
2017-11-08,"452268,0"
2017-11-09,"511221,0"
2017-11-10,"419707,0"
2017-11-11,"299725,0"
2017-11-12,"306039,0"
2017-11-13,"473845,0"
2017-11-14,"415674,0"
2017-11-15,"485981,0"
2017-11-16,"460279,0"
2017-11-17,"437650,0"
2017-11-18,"411040,0"
2017-11-19,"395646,0"
2017-11-20,"498233,0"
2017-11-21,"519569,0"
2017-11-22,"462672,0"
2017-11-23,"515070,0"
2017-11-24,"450595,0"
2017-11-25,"481670,0"
2017-11-26,"501062,0"
2017-11-27,"586654,0"
2017-11-28,"578538,0"
2017-11-29,"639087,0"
2017-11-30,"589518,0"
2017-12-01,"576865,0"
2017-12-02,"466826,0"
2017-12-03,"524912,0"
2017-12-04,"613422,0"
2017-12-05,"621730,0"
2017-12-06,"697875,0"
2017-12-07,"641027,0"
2017-12-08,"657519,0"
2017-12-09,"631757,0"
2017-12-10,"524388,0"
2017-12-11,"597801,0"
2017-12-12,"610207,0"
2017-12-13,"682179,0"
2017-12-14,"800180,0"
2017-12-15,"659351,0"
2017-12-16,"578717,0"
2017-12-17,"625081,0"
2017-12-18,"647087,0"
2017-12-19,"636829,0"
2017-12-20,"608255,0"
2017-12-21,"576590,0"
2017-12-22,"613358,0"
2017-12-23,"482949,0"
2017-12-24,"418053,0"
2017-12-25,"347398,0"
2017-12-26,"391992,0"
2017-12-27,"508200,0"
2017-12-28,"496273,0"
2017-12-29,"563134,0"
2017-12-30,"548609,0"
2017-12-31,"441146,0"
2018-01-01,"376395,0"
2018-01-02,"564782,0"
2018-01-03,"650353,0"
2018-01-04,"705502,0"
2018-01-05,"592757,0"
2018-01-06,"589710,0"
2018-01-07,"621100,0"
2018-01-08,"578391,0"
2018-01-09,"617206,0"
2018-01-10,"583580,0"
2018-01-11,"551821,0"
2018-01-12,"490486,0"
2018-01-13,"433002,0"
2018-01-14,"380510,0"
2018-01-15,"448871,0"
2018-01-16,"477022,0"
2018-01-17,"501546,0"
2018-01-18,"486392,0"
2018-01-19,"379195,0"
2018-01-20,"373560,0"
2018-01-21,"323166,0"
2018-01-22,"369415,0"
2018-01-23,"351712,0"
2018-01-24,"380489,0"
2018-01-25,"352208,0"
2018-01-26,"336895,0"
2018-01-27,"386099,0"
2018-01-28,"310638,0"
2018-01-29,"342142,0"
2018-01-30,"352820,0"
2018-01-31,"313499,0"
2018-02-01,"385013,0"
2018-02-02,"350469,0"
2018-02-03,"276616,0"
2018-02-04,"248290,0"
2018-02-05,"308288,0"
2018-02-06,"358340,0"
2018-02-07,"315524,0"
2018-02-08,"257675,0"
2018-02-09,"277407,0"
2018-02-10,"273890,0"
2018-02-11,"226863,0"
2018-02-12,"286370,0"
2018-02-13,"279243,0"
2018-02-14,"294651,0"
2018-02-15,"302301,0"
2018-02-16,"278751,0"
2018-02-17,"263046,0"
2018-02-18,"242574,0"
2018-02-19,"285432,0"
2018-02-20,"306423,0"
2018-02-21,"306130,0"
2018-02-22,"278053,0"
2018-02-23,"270530,0"
2018-02-24,"222910,0"
2018-02-25,"218404,0"
2018-02-26,"278150,0"
2018-02-27,"328370,0"
2018-02-28,"273040,0"
2018-03-01,"344095,0"
2018-03-02,"300343,0"
2018-03-03,"265396,0"
2018-03-04,"244535,0"
2018-03-05,"306262,0"
2018-03-06,"295901,0"
2018-03-07,"302091,0"
2018-03-08,"282084,0"
2018-03-09,"281973,0"
2018-03-10,"227349,0"
2018-03-11,"219372,0"
2018-03-12,"268312,0"
2018-03-13,"271876,0"
2018-03-14,"277136,0"
2018-03-15,"295654,0"
2018-03-16,"271073,0"
2018-03-17,"223657,0"
2018-03-18,"237920,0"
2018-03-19,"275939,0"
2018-03-20,"284634,0"
2018-03-21,"281300,0"
2018-03-22,"270686,0"
2018-03-23,"261303,0"
2018-03-24,"230893,0"
2018-03-25,"200508,0"
2018-03-26,"272335,0"
2018-03-27,"270640,0"
2018-03-28,"258166,0"
2018-03-29,"273099,0"
2018-03-30,"262049,0"
2018-03-31,"211232,0"
2018-04-01,"195132,0"
2018-04-02,"240383,0"
2018-04-03,"286343,0"
2018-04-04,"268392,0"
2018-04-05,"263142,0"
2018-04-06,"259248,0"
2018-04-07,"215720,0"
2018-04-08,"196793,0"
2018-04-09,"251140,0"
2018-04-10,"269157,0"
2018-04-11,"263755,0"
2018-04-12,"295906,0"
2018-04-13,"313986,0"
2018-04-14,"239163,0"
2018-04-15,"265225,0"
2018-04-16,"288930,0"
2018-04-17,"298952,0"
2018-04-18,"296602,0"
2018-04-19,"314752,0"
2018-04-20,"304505,0"
2018-04-21,"283327,0"
2018-04-22,"250877,0"
2018-04-23,"313343,0"
2018-04-24,"363251,0"
2018-04-25,"311525,0"
2018-04-26,"313797,0"
2018-04-27,"305162,0"
2018-04-28,"265211,0"
2018-04-29,"257124,0"
2018-04-30,"312816,0"
2018-05-01,"319641,0"
2018-05-02,"309970,0"
2018-05-03,"335403,0"
2018-05-04,"318665,0"
2018-05-05,"292106,0"
2018-05-06,"241753,0"
2018-05-07,"296317,0"
2018-05-08,"311488,0"
2018-05-09,"303647,0"
2018-05-10,"306005,0"
2018-05-11,"302445,0"
2018-05-12,"257166,0"
2018-05-13,"230968,0"
2018-05-14,"307530,0"
2018-05-15,"315277,0"
2018-05-16,"295325,0"
2018-05-17,"274632,0"
2018-05-18,"299127,0"
2018-05-19,"244083,0"
2018-05-20,"233059,0"
2018-05-21,"292129,0"
2018-05-22,"292700,0"
2018-05-23,"310429,0"
2018-05-24,"289352,0"
2018-05-25,"278404,0"
2018-05-26,"225391,0"
2018-05-27,"207339,0"
2018-05-28,"259574,0"
2018-05-29,"287346,0"
2018-05-30,"294702,0"
2018-05-31,"303106,0"
2018-06-01,"298615,0"
2018-06-02,"247855,0"
2018-06-03,"231997,0"
2018-06-04,"296556,0"
2018-06-05,"304251,0"
2018-06-06,"297283,0"
2018-06-07,"287549,0"
2018-06-08,"284711,0"
2018-06-09,"238707,0"
2018-06-10,"241218,0"
2018-06-11,"287767,0"
2018-06-12,"296097,0"
2018-06-13,"288271,0"
2018-06-14,"289147,0"
2018-06-15,"284142,0"
2018-06-16,"221210,0"
2018-06-17,"203095,0"
2018-06-18,"280459,0"
2018-06-19,"270727,0"
2018-06-20,"283337,0"
2018-06-21,"274581,0"
2018-06-22,"278305,0"
2018-06-23,"230293,0"
2018-06-24,"213826,0"
2018-06-25,"272562,0"
2018-06-26,"269826,0"
2018-06-27,"261988,0"
2018-06-28,"259482,0"
2018-06-29,"273266,0"
2018-06-30,"241501,0"
2018-07-01,"211252,0"
2018-07-02,"273830,0"
2018-07-03,"302138,0"
2018-07-04,"286184,0"
2018-07-05,"272058,0"
2018-07-06,"281725,0"
2018-07-07,"227916,0"
2018-07-08,"220671,0"
2018-07-09,"283014,0"
2018-07-10,"293877,0"
2018-07-11,"275599,0"
2018-07-12,"270214,0"
2018-07-13,"288149,0"
2018-07-14,"237064,0"
2018-07-15,"219458,0"
2018-07-16,"286754,0"
2018-07-17,"327988,0"
2018-07-18,"330155,0"
2018-07-19,"310270,0"
2018-07-20,"307160,0"
2018-07-21,"251188,0"
2018-07-22,"235512,0"
2018-07-23,"317262,0"
2018-07-24,"360330,0"
2018-07-25,"350627,0"
2018-07-26,"320690,0"
2018-07-27,"319401,0"
2018-07-28,"260730,0"
2018-07-29,"245295,0"
2018-07-30,"318076,0"
2018-07-31,"336242,0"
2018-08-01,"330708,0"
2018-08-02,"311938,0"
2018-08-03,"309663,0"
2018-08-04,"266826,0"
2018-08-05,"233338,0"
2018-08-06,"300149,0"
2018-08-07,"320446,0"
2018-08-08,"323354,0"
2018-08-09,"304148,0"
2018-08-10,"309375,0"
2018-08-11,"255141,0"
2018-08-12,"223246,0"
2018-08-13,"303763,0"
2018-08-14,"339737,0"
2018-08-15,"341831,0"
2018-08-16,"317696,0"
2018-08-17,"320852,0"
2018-08-18,"261990,0"
2018-08-19,"245065,0"
2018-08-20,"313767,0"
2018-08-21,"302680,0"
2018-08-22,"323086,0"
2018-08-23,"297483,0"
2018-08-24,"303345,0"
2018-08-25,"271177,0"
2018-08-26,"233141,0"
2018-08-27,"309139,0"
2018-08-28,"326736,0"
2018-08-29,"337137,0"
2018-08-30,"313041,0"
2018-08-31,"325443,0"
2018-09-01,"284694,0"
2018-09-02,"252022,0"
2018-09-03,"304462,0"
2018-09-04,"320350,0"
2018-09-05,"335508,0"
2018-09-06,"334727,0"
2018-09-07,"314381,0"
2018-09-08,"275730,0"
2018-09-09,"250634,0"
2018-09-10,"301398,0"
2018-09-11,"320983,0"
2018-09-12,"312198,0"
2018-09-13,"315948,0"
2018-09-14,"297972,0"
2018-09-15,"284135,0"
2018-09-16,"242454,0"
2018-09-17,"333185,0"
2018-09-18,"338355,0"
2018-09-19,"339448,0"
2018-09-20,"347070,0"
2018-09-21,"370435,0"
2018-09-22,"308024,0"
2018-09-23,"268887,0"
2018-09-24,"321166,0"
2018-09-25,"336847,0"
2018-09-26,"324608,0"
2018-09-27,"330514,0"
2018-09-28,"343280,0"
2018-09-29,"291110,0"
2018-09-30,"273880,0"
2018-10-01,"327802,0"
2018-10-02,"334727,0"
2018-10-03,"407232,0"
2018-10-04,"355545,0"
2018-10-05,"342455,0"
2018-10-06,"305953,0"
2018-10-07,"316310,0"
2018-10-08,"326977,0"
2018-10-09,"312887,0"
2018-10-10,"327580,0"
2018-10-11,"336936,0"
2018-10-12,"321262,0"
2018-10-13,"267894,0"
2018-10-14,"250462,0"
2018-10-15,"337722,0"
2018-10-16,"337002,0"
2018-10-17,"339291,0"
2018-10-18,"328510,0"
2018-10-19,"327521,0"
2018-10-20,"292238,0"
2018-10-21,"267114,0"
2018-10-22,"332160,0"
2018-10-23,"328345,0"
2018-10-24,"326489,0"
2018-10-25,"321559,0"
2018-10-26,"322919,0"
2018-10-27,"288882,0"
2018-10-28,"268969,0"
2018-10-29,"336351,0"
2018-10-30,"346857,0"
2018-10-31,"352411,0"
2018-11-01,"344692,0"
2018-11-02,"354665,0"
2018-11-03,"307392,0"
2018-11-04,"274457,0"
2018-11-05,"369491,0"
2018-11-06,"361824,0"
2018-11-07,"361568,0"
2018-11-08,"342063,0"
2018-11-09,"351983,0"
2018-11-10,"306232,0"
2018-11-11,"284303,0"
2018-11-12,"348589,0"
2018-11-13,"336412,0"
2018-11-14,"348478,0"
2018-11-15,"341191,0"
2018-11-16,"339024,0"
2018-11-17,"283798,0"
2018-11-18,"252300,0"
2018-11-19,"305224,0"
2018-11-20,"358059,0"
2018-11-21,"309582,0"
2018-11-22,"306586,0"
2018-11-23,"293488,0"
2018-11-24,"260326,0"
2018-11-25,"257549,0"
2018-11-26,"305433,0"
2018-11-27,"306054,0"
2018-11-28,"299724,0"
2018-11-29,"306843,0"
2018-11-30,"302959,0"
2018-12-01,"270954,0"
2018-12-02,"245215,0"
2018-12-03,"286060,0"
2018-12-04,"345803,0"
2018-12-05,"298333,0"
2018-12-06,"327751,0"
2018-12-07,"309146,0"
2018-12-08,"254667,0"
2018-12-09,"244695,0"
2018-12-10,"296289,0"
2018-12-11,"295507,0"
2018-12-12,"300075,0"
2018-12-13,"300820,0"
2018-12-14,"300393,0"
2018-12-15,"271718,0"
2018-12-16,"244281,0"
2018-12-17,"320590,0"
2018-12-18,"316774,0"
2018-12-19,"337371,0"
2018-12-20,"322763,0"
2018-12-21,"319860,0"
2018-12-22,"260907,0"
2018-12-23,"244450,0"
2018-12-24,"275865,0"
2018-12-25,"228560,0"
2018-12-26,"264142,0"
2018-12-27,"293957,0"
2018-12-28,"316473,0"
2018-12-29,"291778,0"
2018-12-30,"259067,0"
2018-12-31,"264907,0"
2019-01-01,"204562,0"
2019-01-02,"286954,0"
2019-01-03,"312525,0"
2019-01-04,"300809,0"
2019-01-05,"266560,0"
2019-01-06,"264515,0"
2019-01-07,"308682,0"
2019-01-08,"324750,0"
2019-01-09,"318696,0"
2019-01-10,"328827,0"
2019-01-11,"311242,0"
2019-01-12,"274828,0"
2019-01-13,"252763,0"
2019-01-14,"317177,0"
2019-01-15,"327628,0"
2019-01-16,"352464,0"
2019-01-17,"321945,0"
2019-01-18,"327181,0"
2019-01-19,"277542,0"
2019-01-20,"263820,0"
2019-01-21,"307705,0"
2019-01-22,"312322,0"
2019-01-23,"330739,0"
2019-01-24,"329312,0"
2019-01-25,"331761,0"
2019-01-26,"317015,0"
2019-01-27,"263391,0"
2019-01-28,"329682,0"
2019-01-29,"338556,0"
2019-01-30,"324374,0"
2019-01-31,"343090,0"
2019-02-01,"337288,0"
2019-02-02,"293309,0"
2019-02-03,"272765,0"
2019-02-04,"318133,0"
2019-02-05,"360437,0"
2019-02-06,"342551,0"
2019-02-07,"336017,0"
2019-02-08,"340853,0"
2019-02-09,"293087,0"
2019-02-10,"262051,0"
2019-02-11,"319715,0"
2019-02-12,"346675,0"
2019-02-13,"390264,0"
2019-02-14,"331106,0"
2019-02-15,"318006,0"
2019-02-16,"307164,0"
2019-02-17,"269025,0"
2019-02-18,"347384,0"
2019-02-19,"379760,0"
2019-02-20,"367302,0"
2019-02-21,"340596,0"
2019-02-22,"369454,0"
2019-02-23,"306358,0"
2019-02-24,"292119,0"
2019-02-25,"343088,0"
2019-02-26,"371804,0"
2019-02-27,"361846,0"
2019-02-28,"364225,0"
2019-03-01,"357997,0"
2019-03-02,"344659,0"
2019-03-03,"292396,0"
2019-03-04,"349046,0"
2019-03-05,"372570,0"
2019-03-06,"363255,0"
2019-03-07,"358188,0"
2019-03-08,"362225,0"
2019-03-09,"322951,0"
2019-03-10,"268237,0"
2019-03-11,"386103,0"
2019-03-12,"365115,0"
2019-03-13,"359420,0"
2019-03-14,"380064,0"
2019-03-15,"371410,0"
2019-03-16,"322104,0"
2019-03-17,"280698,0"
2019-03-18,"358037,0"
2019-03-19,"380743,0"
2019-03-20,"373723,0"
2019-03-21,"370850,0"
2019-03-22,"363858,0"
2019-03-23,"309672,0"
2019-03-24,"285850,0"
2019-03-25,"360132,0"
2019-03-26,"353200,0"
2019-03-27,"395991,0"
2019-03-28,"396453,0"
2019-03-29,"383751,0"
2019-03-30,"343304,0"
2019-03-31,"314547,0"
2019-04-01,"352843,0"
2019-04-02,"456379,0"
2019-04-03,"428555,0"
2019-04-04,"413226,0"
2019-04-05,"411980,0"
2019-04-06,"329677,0"
2019-04-07,"305217,0"
2019-04-08,"397487,0"
2019-04-09,"394769,0"
2019-04-10,"405636,0"
2019-04-11,"432889,0"
2019-04-12,"378792,0"
2019-04-13,"318661,0"
2019-04-14,"294569,0"
2019-04-15,"398318,0"
2019-04-16,"383706,0"
2019-04-17,"383073,0"
2019-04-18,"379959,0"
2019-04-19,"402698,0"
2019-04-20,"315691,0"
2019-04-21,"286542,0"
2019-04-22,"335782,0"
2019-04-23,"374697,0"
2019-04-24,"437624,0"
2019-04-25,"390368,0"
2019-04-26,"383577,0"
2019-04-27,"312269,0"
2019-04-28,"302136,0"
2019-04-29,"379907,0"
2019-04-30,"404004,0"
2019-05-01,"393361,0"
2019-05-02,"402407,0"
2019-05-03,"407533,0"
2019-05-04,"349433,0"
2019-05-05,"316916,0"
2019-05-06,"390611,0"
2019-05-07,"390034,0"
2019-05-08,"435093,0"
2019-05-09,"423016,0"
2019-05-10,"401965,0"
2019-05-11,"402077,0"
2019-05-12,"379788,0"
2019-05-13,"444013,0"
2019-05-14,"455852,0"
2019-05-15,"449311,0"
2019-05-16,"451912,0"
2019-05-17,"428496,0"
2019-05-18,"400789,0"
2019-05-19,"350555,0"
2019-05-20,"408490,0"
2019-05-21,"435577,0"
2019-05-22,"424365,0"
2019-05-23,"414969,0"
2019-05-24,"401554,0"
2019-05-25,"336016,0"
2019-05-26,"317168,0"
2019-05-27,"419436,0"
2019-05-28,"441214,0"
2019-05-29,"444183,0"
2019-05-30,"411677,0"
2019-05-31,"361290,0"
2019-06-01,"381074,0"
2019-06-02,"319426,0"
2019-06-03,"349931,0"
2019-06-04,"444311,0"
2019-06-05,"409911,0"
2019-06-06,"393943,0"
2019-06-07,"384734,0"
2019-06-08,"308718,0"
2019-06-09,"280185,0"
2019-06-10,"386170,0"
2019-06-11,"397708,0"
2019-06-12,"387706,0"
2019-06-13,"437626,0"
2019-06-14,"474039,0"
2019-06-15,"406189,0"
2019-06-16,"342249,0"
2019-06-17,"395190,0"
2019-06-18,"471569,0"
2019-06-19,"442221,0"
2019-06-20,"400697,0"
2019-06-21,"418388,0"
2019-06-22,"428578,0"
2019-06-23,"396776,0"
2019-06-24,"427492,0"
2019-06-25,"445703,0"
2019-06-26,"512444,0"
2019-06-27,"455725,0"
2019-06-28,"480421,0"
2019-06-29,"372389,0"
2019-06-30,"317138,0"
2019-07-01,"392976,0"
2019-07-02,"438156,0"
2019-07-03,"426007,0"
2019-07-04,"391814,0"
2019-07-05,"376382,0"
2019-07-06,"351538,0"
2019-07-07,"284528,0"
2019-07-08,"402680,0"
2019-07-09,"406974,0"
2019-07-10,"387005,0"
2019-07-11,"373048,0"
2019-07-12,"400992,0"
2019-07-13,"302093,0"
2019-07-14,"272747,0"
2019-07-15,"372663,0"
2019-07-16,"389537,0"
2019-07-17,"367741,0"
2019-07-18,"352268,0"
2019-07-19,"357282,0"
2019-07-20,"320751,0"
2019-07-21,"261219,0"
2019-07-22,"337301,0"
2019-07-23,"354711,0"
2019-07-24,"323603,0"
2019-07-25,"385948,0"
2019-07-26,"374310,0"
2019-07-27,"293681,0"
2019-07-28,"254956,0"
2019-07-29,"345532,0"
2019-07-30,"366250,0"
2019-07-31,"384720,0"
2019-08-01,"373810,0"
2019-08-02,"372648,0"
2019-08-03,"315333,0"
2019-08-04,"279136,0"
2019-08-05,"391161,0"
2019-08-06,"419801,0"
2019-08-07,"375329,0"
2019-08-08,"387694,0"
2019-08-09,"367478,0"
2019-08-10,"300060,0"
2019-08-11,"272990,0"
2019-08-12,"299771,0"
2019-08-13,"384319,0"
2019-08-14,"368713,0"
2019-08-15,"357577,0"
2019-08-16,"342405,0"
2019-08-17,"290432,0"
2019-08-18,"269462,0"
2019-08-19,"347670,0"
2019-08-20,"357380,0"
2019-08-21,"362469,0"
2019-08-22,"365719,0"
2019-08-23,"377779,0"
2019-08-24,"299312,0"
2019-08-25,"260856,0"
2019-08-26,"362806,0"
2019-08-27,"366369,0"
2019-08-28,"353749,0"
2019-08-29,"364207,0"
2019-08-30,"356421,0"
2019-08-31,"305452,0"
2019-09-01,"277425,0"
2019-09-02,"353576,0"
2019-09-03,"407547,0"
2019-09-04,"371984,0"
2019-09-05,"375926,0"
2019-09-06,"396295,0"
2019-09-07,"319732,0"
2019-09-08,"295140,0"
2019-09-09,"360766,0"
2019-09-10,"381982,0"
2019-09-11,"381628,0"
2019-09-12,"389920,0"
2019-09-13,"366633,0"
2019-09-14,"339012,0"
2019-09-15,"284047,0"
2019-09-16,"381410,0"
2019-09-17,"390590,0"
2019-09-18,"399431,0"
2019-09-19,"374606,0"
2019-09-20,"373328,0"
2019-09-21,"340491,0"
2019-09-22,"298974,0"
2019-09-23,"353522,0"
2019-09-24,"400332,0"
2019-09-25,"376529,0"
2019-09-26,"375254,0"
2019-09-27,"346847,0"
2019-09-28,"320722,0"
2019-09-29,"293726,0"
2019-09-30,"361882,0"
2019-10-01,"389286,0"
2019-10-02,"366963,0"
2019-10-03,"359537,0"
2019-10-04,"366334,0"
2019-10-05,"327334,0"
2019-10-06,"295455,0"
2019-10-07,"367462,0"
2019-10-08,"365814,0"
2019-10-09,"357384,0"
2019-10-10,"378534,0"
2019-10-11,"370917,0"
2019-10-12,"311477,0"
2019-10-13,"287378,0"
2019-10-14,"353224,0"
2019-10-15,"365716,0"
2019-10-16,"370887,0"
2019-10-17,"363462,0"
2019-10-18,"356576,0"
2019-10-19,"341528,0"
2019-10-20,"300995,0"
2019-10-21,"377722,0"
2019-10-22,"375531,0"
2019-10-23,"370670,0"
2019-10-24,"350257,0"
2019-10-25,"390140,0"
2019-10-26,"367051,0"
2019-10-27,"296668,0"
2019-10-28,"371436,0"
2019-10-29,"364448,0"
2019-10-30,"371086,0"
2019-10-31,"344574,0"
2019-11-01,"390458,0"
2019-11-02,"324716,0"
2019-11-03,"325031,0"
2019-11-04,"382722,0"
2019-11-05,"410836,0"
2019-11-06,"380237,0"
2019-11-07,"387677,0"
2019-11-08,"372780,0"
2019-11-09,"367952,0"
2019-11-10,"295930,0"
2019-11-11,"347828,0"
2019-11-12,"340065,0"
2019-11-13,"381717,0"
2019-11-14,"370749,0"
2019-11-15,"401136,0"
2019-11-16,"342972,0"
2019-11-17,"294154,0"
2019-11-18,"353071,0"
2019-11-19,"393408,0"
2019-11-20,"361187,0"
2019-11-21,"381731,0"
2019-11-22,"384198,0"
2019-11-23,"367781,0"
2019-11-24,"303481,0"
2019-11-25,"333361,0"
2019-11-26,"407342,0"
2019-11-27,"397137,0"
2019-11-28,"371916,0"
2019-11-29,"373793,0"
2019-11-30,"336924,0"
2019-12-01,"335420,0"
2019-12-02,"389048,0"
2019-12-03,"405246,0"
2019-12-04,"395937,0"
2019-12-05,"380820,0"
2019-12-06,"381939,0"
2019-12-07,"333112,0"
2019-12-08,"307903,0"
2019-12-09,"375881,0"
2019-12-10,"391322,0"
2019-12-11,"368267,0"
2019-12-12,"382294,0"
2019-12-13,"396659,0"
2019-12-14,"336789,0"
2019-12-15,"311361,0"
2019-12-16,"386911,0"
2019-12-17,"399174,0"
2019-12-18,"392256,0"
2019-12-19,"381882,0"
2019-12-20,"389495,0"
2019-12-21,"338401,0"
2019-12-22,"304743,0"
2019-12-23,"364651,0"
2019-12-24,"346409,0"
2019-12-25,"276066,0"
2019-12-26,"335335,0"
2019-12-27,"382407,0"
2019-12-28,"340982,0"
2019-12-29,"314985,0"
2019-12-30,"384575,0"
2019-12-31,"344675,0"
2020-01-01,"270712,0"
2020-01-02,"332607,0"
2020-01-03,"374771,0"
2020-01-04,"333684,0"
2020-01-05,"321606,0"
2020-01-06,"363784,0"
2020-01-07,"406608,0"
2020-01-08,"390179,0"
2020-01-09,"389335,0"
2020-01-10,"428220,0"
2020-01-11,"363562,0"
2020-01-12,"318938,0"
2020-01-13,"353859,0"
2020-01-14,"440906,0"
2020-01-15,"409052,0"
2020-01-16,"394948,0"
2020-01-17,"403715,0"
2020-01-18,"345905,0"
2020-01-19,"341859,0"
2020-01-20,"376724,0"
2020-01-21,"389259,0"
2020-01-22,"389151,0"
2020-01-23,"382570,0"
2020-01-24,"386379,0"
2020-01-25,"331711,0"
2020-01-26,"307288,0"
2020-01-27,"355234,0"
2020-01-28,"423475,0"
2020-01-29,"412477,0"
2020-01-30,"408420,0"
2020-01-31,"410430,0"
2020-02-01,"373233,0"
2020-02-02,"363024,0"
2020-02-03,"411073,0"
2020-02-04,"398573,0"
2020-02-05,"444339,0"
2020-02-06,"391129,0"
2020-02-07,"431324,0"
2020-02-08,"374627,0"
2020-02-09,"363417,0"
2020-02-10,"368000,0"
2020-02-11,"461491,0"
2020-02-12,"434261,0"
2020-02-13,"434490,0"
2020-02-14,"401293,0"
2020-02-15,"400063,0"
2020-02-16,"335874,0"
2020-02-17,"411564,0"
2020-02-18,"408547,0"
2020-02-19,"411305,0"
2020-02-20,"398045,0"
2020-02-21,"409827,0"
2020-02-22,"378689,0"
2020-02-23,"331165,0"
2020-02-24,"399335,0"
2020-02-25,"403276,0"
2020-02-26,"410450,0"
2020-02-27,"410996,0"
2020-02-28,"440024,0"
2020-02-29,"369140,0"
2020-03-01,"366064,0"
2020-03-02,"431936,0"
2020-03-03,"425603,0"
2020-03-04,"448849,0"
2020-03-05,"431628,0"
2020-03-06,"432268,0"
2020-03-07,"375432,0"
2020-03-08,"350494,0"
2020-03-09,"421275,0"
2020-03-10,"420436,0"
2020-03-11,"369367,0"
2020-03-12,"447980,0"
2020-03-13,"374511,0"
2020-03-14,"352606,0"
2020-03-15,"287119,0"
2020-03-16,"367663,0"
2020-03-17,"377631,0"
2020-03-18,"327223,0"
2020-03-19,"363015,0"
2020-03-20,"393039,0"
2020-03-21,"329766,0"
2020-03-22,"280471,0"
2020-03-23,"352105,0"
2020-03-24,"371320,0"
2020-03-25,"312779,0"
2020-03-26,"383310,0"
2020-03-27,"372444,0"
2020-03-28,"321216,0"
2020-03-29,"300456,0"
2020-03-30,"375141,0"
2020-03-31,"385745,0"
2020-04-01,"383377,0"
2020-04-02,"402540,0"
2020-04-03,"385206,0"
2020-04-04,"332580,0"
2020-04-05,"320219,0"
2020-04-06,"388990,0"
2020-04-07,"426167,0"
2020-04-08,"390317,0"
2020-04-09,"386095,0"
2020-04-10,"391467,0"
2020-04-11,"331900,0"
2020-04-12,"312144,0"
2020-04-13,"389922,0"
2020-04-14,"422492,0"
2020-04-15,"444157,0"
2020-04-16,"463269,0"
2020-04-17,"419966,0"
2020-04-18,"402024,0"
2020-04-19,"348725,0"
2020-04-20,"443051,0"
2020-04-21,"441965,0"
2020-04-22,"413520,0"
2020-04-23,"486983,0"
2020-04-24,"466113,0"
2020-04-25,"394484,0"
2020-04-26,"359678,0"
2020-04-27,"454726,0"
2020-04-28,"468604,0"
2020-04-29,"484404,0"
2020-04-30,"491773,0"
2020-05-01,"493888,0"
2020-05-02,"409648,0"
2020-05-03,"397707,0"
2020-05-04,"467753,0"
2020-05-05,"474471,0"
2020-05-06,"483827,0"
2020-05-07,"499171,0"
2020-05-08,"481633,0"
2020-05-09,"453230,0"
2020-05-10,"403201,0"
2020-05-11,"456334,0"
2020-05-12,"504187,0"
2020-05-13,"452203,0"
2020-05-14,"429577,0"
2020-05-15,"472344,0"
2020-05-16,"427444,0"
2020-05-17,"356593,0"
2020-05-18,"425493,0"
2020-05-19,"428206,0"
2020-05-20,"437155,0"
2020-05-21,"448105,0"
2020-05-22,"419949,0"
2020-05-23,"400683,0"
2020-05-24,"332497,0"
2020-05-25,"397348,0"
2020-05-26,"446470,0"
2020-05-27,"441237,0"
2020-05-28,"451063,0"
2020-05-29,"430118,0"
2020-05-30,"400113,0"
2020-05-31,"360333,0"
2020-06-01,"449527,0"
2020-06-02,"459719,0"
2020-06-03,"470226,0"
2020-06-04,"461847,0"
2020-06-05,"472772,0"
2020-06-06,"393992,0"
2020-06-07,"356603,0"
2020-06-08,"459623,0"
2020-06-09,"472738,0"
2020-06-10,"468790,0"
2020-06-11,"493095,0"
2020-06-12,"466920,0"
2020-06-13,"388084,0"
2020-06-14,"370323,0"
2020-06-15,"439069,0"
2020-06-16,"499981,0"
2020-06-17,"493224,0"
2020-06-18,"418911,0"
2020-06-19,"503452,0"
2020-06-20,"397171,0"
2020-06-21,"347387,0"
2020-06-22,"438163,0"
2020-06-23,"520440,0"
2020-06-24,"456732,0"
2020-06-25,"461435,0"
2020-06-26,"475841,0"
2020-06-27,"390920,0"
2020-06-28,"366786,0"
2020-06-29,"458303,0"
2020-06-30,"455539,0"
2020-07-01,"561189,0"
2020-07-02,"495545,0"
2020-07-03,"486310,0"
2020-07-04,"399680,0"
2020-07-05,"371639,0"
2020-07-06,"496322,0"
2020-07-07,"514221,0"
2020-07-08,"509555,0"
2020-07-09,"520452,0"
2020-07-10,"498733,0"
2020-07-11,"428629,0"
2020-07-12,"385671,0"
2020-07-13,"463949,0"
2020-07-14,"543696,0"
2020-07-15,"488317,0"
2020-07-16,"520890,0"
2020-07-17,"459700,0"
2020-07-18,"458844,0"
2020-07-19,"400010,0"
2020-07-20,"466590,0"
2020-07-21,"480481,0"
2020-07-22,"549638,0"
2020-07-23,"513905,0"
2020-07-24,"542443,0"
2020-07-25,"438710,0"
2020-07-26,"442756,0"
2020-07-27,"495271,0"
2020-07-28,"541745,0"
2020-07-29,"519284,0"
2020-07-30,"498690,0"
2020-07-31,"535441,0"
2020-08-01,"458728,0"
2020-08-02,"444034,0"
2020-08-03,"515528,0"
2020-08-04,"514934,0"
2020-08-05,"475404,0"
2020-08-06,"554710,0"
2020-08-07,"512951,0"
2020-08-08,"444555,0"
2020-08-09,"412471,0"
2020-08-10,"489595,0"
2020-08-11,"540141,0"
2020-08-12,"530531,0"
2020-08-13,"499409,0"
2020-08-14,"554528,0"
2020-08-15,"478438,0"
2020-08-16,"415727,0"
2020-08-17,"465460,0"
2020-08-18,"540669,0"
2020-08-19,"507506,0"
2020-08-20,"512695,0"
2020-08-21,"486643,0"
2020-08-22,"464839,0"
2020-08-23,"415657,0"
2020-08-24,"486675,0"
2020-08-25,"486631,0"
2020-08-26,"498779,0"
2020-08-27,"502507,0"
2020-08-28,"518376,0"
2020-08-29,"438179,0"
2020-08-30,"398460,0"
2020-08-31,"470724,0"
2020-09-01,"567989,0"
2020-09-02,"507452,0"
2020-09-03,"489881,0"
2020-09-04,"476406,0"
2020-09-05,"473696,0"
2020-09-06,"398510,0"
2020-09-07,"478470,0"
2020-09-08,"498882,0"
2020-09-09,"484473,0"
2020-09-10,"540259,0"
2020-09-11,"488909,0"
2020-09-12,"440432,0"
2020-09-13,"388671,0"
2020-09-14,"522780,0"
2020-09-15,"517435,0"
2020-09-16,"534230,0"
2020-09-17,"536179,0"
2020-09-18,"496261,0"
2020-09-19,"451564,0"
2020-09-20,"388678,0"
2020-09-21,"458159,0"
2020-09-22,"492275,0"
2020-09-23,"522127,0"
2020-09-24,"492546,0"
2020-09-25,"536320,0"
2020-09-26,"433333,0"
2020-09-27,"392893,0"
2020-09-28,"451158,0"
2020-09-29,"536468,0"
2020-09-30,"534086,0"
2020-10-01,"493343,0"
2020-10-02,"492331,0"
2020-10-03,"466851,0"
2020-10-04,"413216,0"
2020-10-05,"457554,0"
2020-10-06,"497237,0"
2020-10-07,"545762,0"
2020-10-08,"510494,0"
2020-10-09,"514866,0"
2020-10-10,"463290,0"
2020-10-11,"399233,0"
2020-10-12,"473110,0"
2020-10-13,"530758,0"
2020-10-14,"485193,0"
2020-10-15,"533319,0"
2020-10-16,"510766,0"
2020-10-17,"428313,0"
2020-10-18,"373544,0"
2020-10-19,"489808,0"
2020-10-20,"519988,0"
2020-10-21,"490652,0"
2020-10-22,"539330,0"
2020-10-23,"511169,0"
2020-10-24,"478407,0"
2020-10-25,"402253,0"
2020-10-26,"418046,0"
2020-10-27,"433878,0"
2020-10-28,"441263,0"
2020-10-29,"463925,0"
2020-10-30,"440119,0"
2020-10-31,"441682,0"
2020-11-01,"425333,0"
2020-11-02,"382139,0"
2020-11-03,"529072,0"
2020-11-04,"509272,0"
2020-11-05,"515031,0"
2020-11-06,"541866,0"
2020-11-07,"440998,0"
2020-11-08,"408013,0"
2020-11-09,"520324,0"
2020-11-10,"492985,0"
2020-11-11,"509966,0"
2020-11-12,"519504,0"
2020-11-13,"496848,0"
2020-11-14,"449703,0"
2020-11-15,"407914,0"
2020-11-16,"493329,0"
2020-11-17,"558880,0"
2020-11-18,"581082,0"
2020-11-19,"517332,0"
2020-11-20,"559823,0"
2020-11-21,"486456,0"
2020-11-22,"430736,0"
2020-11-23,"484809,0"
2020-11-24,"543103,0"
2020-11-25,"579342,0"
2020-11-26,"525787,0"
2020-11-27,"513799,0"
2020-11-28,"472882,0"
2020-11-29,"434832,0"
2020-11-30,"441143,0"
2020-12-01,"614449,0"
2020-12-02,"539351,0"
2020-12-03,"554788,0"
2020-12-04,"521062,0"
2020-12-05,"468371,0"
2020-12-06,"429728,0"
2020-12-07,"486989,0"
2020-12-08,"536825,0"
2020-12-09,"530363,0"
2020-12-10,"512866,0"
2020-12-11,"508289,0"
2020-12-12,"482288,0"
2020-12-13,"449669,0"
2020-12-14,"504683,0"
2020-12-15,"521913,0"
2020-12-16,"520297,0"
2020-12-17,"533017,0"
2020-12-18,"596314,0"
2020-12-19,"542856,0"
2020-12-20,"465212,0"
2020-12-21,"461211,0"
2020-12-22,"528210,0"
2020-12-23,"540230,0"
2020-12-24,"447429,0"
