Date,addresses/sending_count
2009-01-03,"0,0"
2009-01-04,"0,0"
2009-01-05,"0,0"
2009-01-06,"0,0"
2009-01-07,"0,0"
2009-01-08,"0,0"
2009-01-09,"0,0"
2009-01-10,"0,0"
2009-01-11,"0,0"
2009-01-12,"3,0"
2009-01-13,"0,0"
2009-01-14,"3,0"
2009-01-15,"11,0"
2009-01-16,"4,0"
2009-01-17,"0,0"
2009-01-18,"3,0"
2009-01-19,"16,0"
2009-01-20,"8,0"
2009-01-21,"2,0"
2009-01-22,"10,0"
2009-01-23,"9,0"
2009-01-24,"10,0"
2009-01-25,"1,0"
2009-01-26,"20,0"
2009-01-27,"3,0"
2009-01-28,"0,0"
2009-01-29,"12,0"
2009-01-30,"0,0"
2009-01-31,"20,0"
2009-02-01,"2,0"
2009-02-02,"1,0"
2009-02-03,"5,0"
2009-02-04,"0,0"
2009-02-05,"0,0"
2009-02-06,"0,0"
2009-02-07,"23,0"
2009-02-08,"1,0"
2009-02-09,"44,0"
2009-02-10,"0,0"
2009-02-11,"14,0"
2009-02-12,"0,0"
2009-02-13,"0,0"
2009-02-14,"0,0"
2009-02-15,"13,0"
2009-02-16,"30,0"
2009-02-17,"0,0"
2009-02-18,"0,0"
2009-02-19,"16,0"
2009-02-20,"0,0"
2009-02-21,"0,0"
2009-02-22,"11,0"
2009-02-23,"0,0"
2009-02-24,"0,0"
2009-02-25,"0,0"
2009-02-26,"0,0"
2009-02-27,"36,0"
2009-02-28,"7,0"
2009-03-01,"0,0"
2009-03-02,"0,0"
2009-03-03,"8,0"
2009-03-04,"25,0"
2009-03-05,"8,0"
2009-03-06,"0,0"
2009-03-07,"0,0"
2009-03-08,"26,0"
2009-03-09,"0,0"
2009-03-10,"0,0"
2009-03-11,"0,0"
2009-03-12,"3,0"
2009-03-13,"13,0"
2009-03-14,"0,0"
2009-03-15,"0,0"
2009-03-16,"48,0"
2009-03-17,"0,0"
2009-03-18,"14,0"
2009-03-19,"0,0"
2009-03-20,"12,0"
2009-03-21,"0,0"
2009-03-22,"11,0"
2009-03-23,"0,0"
2009-03-24,"0,0"
2009-03-25,"0,0"
2009-03-26,"28,0"
2009-03-27,"0,0"
2009-03-28,"20,0"
2009-03-29,"0,0"
2009-03-30,"0,0"
2009-03-31,"32,0"
2009-04-01,"0,0"
2009-04-02,"0,0"
2009-04-03,"0,0"
2009-04-04,"0,0"
2009-04-05,"17,0"
2009-04-06,"0,0"
2009-04-07,"0,0"
2009-04-08,"0,0"
2009-04-09,"0,0"
2009-04-10,"0,0"
2009-04-11,"7,0"
2009-04-12,"8,0"
2009-04-13,"1,0"
2009-04-14,"0,0"
2009-04-15,"0,0"
2009-04-16,"0,0"
2009-04-17,"0,0"
2009-04-18,"4,0"
2009-04-19,"8,0"
2009-04-20,"115,0"
2009-04-21,"1,0"
2009-04-22,"0,0"
2009-04-23,"0,0"
2009-04-24,"0,0"
2009-04-25,"0,0"
2009-04-26,"15,0"
2009-04-27,"0,0"
2009-04-28,"0,0"
2009-04-29,"20,0"
2009-04-30,"0,0"
2009-05-01,"0,0"
2009-05-02,"14,0"
2009-05-03,"3,0"
2009-05-04,"30,0"
2009-05-05,"10,0"
2009-05-06,"0,0"
2009-05-07,"0,0"
2009-05-08,"0,0"
2009-05-09,"0,0"
2009-05-10,"0,0"
2009-05-11,"2,0"
2009-05-12,"0,0"
2009-05-13,"4,0"
2009-05-14,"3,0"
2009-05-15,"10,0"
2009-05-16,"0,0"
2009-05-17,"0,0"
2009-05-18,"0,0"
2009-05-19,"0,0"
2009-05-20,"0,0"
2009-05-21,"0,0"
2009-05-22,"0,0"
2009-05-23,"0,0"
2009-05-24,"0,0"
2009-05-25,"0,0"
2009-05-26,"0,0"
2009-05-27,"0,0"
2009-05-28,"0,0"
2009-05-29,"60,0"
2009-05-30,"0,0"
2009-05-31,"0,0"
2009-06-01,"1,0"
2009-06-02,"0,0"
2009-06-03,"0,0"
2009-06-04,"0,0"
2009-06-05,"0,0"
2009-06-06,"0,0"
2009-06-07,"0,0"
2009-06-08,"0,0"
2009-06-09,"0,0"
2009-06-10,"0,0"
2009-06-11,"0,0"
2009-06-12,"0,0"
2009-06-13,"0,0"
2009-06-14,"0,0"
2009-06-15,"0,0"
2009-06-16,"0,0"
2009-06-17,"0,0"
2009-06-18,"0,0"
2009-06-19,"0,0"
2009-06-20,"0,0"
2009-06-21,"0,0"
2009-06-22,"60,0"
2009-06-23,"0,0"
2009-06-24,"3,0"
2009-06-25,"20,0"
2009-06-26,"0,0"
2009-06-27,"0,0"
2009-06-28,"1,0"
2009-06-29,"1,0"
2009-06-30,"3,0"
2009-07-01,"2,0"
2009-07-02,"1,0"
2009-07-03,"0,0"
2009-07-04,"0,0"
2009-07-05,"0,0"
2009-07-06,"0,0"
2009-07-07,"0,0"
2009-07-08,"0,0"
2009-07-09,"0,0"
2009-07-10,"0,0"
2009-07-11,"0,0"
2009-07-12,"0,0"
2009-07-13,"0,0"
2009-07-14,"0,0"
2009-07-15,"0,0"
2009-07-16,"0,0"
2009-07-17,"0,0"
2009-07-18,"0,0"
2009-07-19,"0,0"
2009-07-20,"121,0"
2009-07-21,"0,0"
2009-07-22,"0,0"
2009-07-23,"0,0"
2009-07-24,"0,0"
2009-07-25,"0,0"
2009-07-26,"0,0"
2009-07-27,"0,0"
2009-07-28,"0,0"
2009-07-29,"2,0"
2009-07-30,"1,0"
2009-07-31,"0,0"
2009-08-01,"0,0"
2009-08-02,"0,0"
2009-08-03,"0,0"
2009-08-04,"0,0"
2009-08-05,"0,0"
2009-08-06,"0,0"
2009-08-07,"111,0"
2009-08-08,"0,0"
2009-08-09,"0,0"
2009-08-10,"0,0"
2009-08-11,"0,0"
2009-08-12,"0,0"
2009-08-13,"0,0"
2009-08-14,"0,0"
2009-08-15,"0,0"
2009-08-16,"0,0"
2009-08-17,"0,0"
2009-08-18,"0,0"
2009-08-19,"0,0"
2009-08-20,"0,0"
2009-08-21,"0,0"
2009-08-22,"0,0"
2009-08-23,"0,0"
2009-08-24,"0,0"
2009-08-25,"0,0"
2009-08-26,"46,0"
2009-08-27,"0,0"
2009-08-28,"0,0"
2009-08-29,"0,0"
2009-08-30,"1,0"
2009-08-31,"6,0"
2009-09-01,"0,0"
2009-09-02,"0,0"
2009-09-03,"14,0"
2009-09-04,"0,0"
2009-09-05,"0,0"
2009-09-06,"0,0"
2009-09-07,"13,0"
2009-09-08,"0,0"
2009-09-09,"0,0"
2009-09-10,"0,0"
2009-09-11,"0,0"
2009-09-12,"0,0"
2009-09-13,"0,0"
2009-09-14,"0,0"
2009-09-15,"0,0"
2009-09-16,"1,0"
2009-09-17,"101,0"
2009-09-18,"0,0"
2009-09-19,"0,0"
2009-09-20,"0,0"
2009-09-21,"8,0"
2009-09-22,"40,0"
2009-09-23,"0,0"
2009-09-24,"0,0"
2009-09-25,"26,0"
2009-09-26,"0,0"
2009-09-27,"16,0"
2009-09-28,"0,0"
2009-09-29,"43,0"
2009-09-30,"0,0"
2009-10-01,"0,0"
2009-10-02,"10,0"
2009-10-03,"0,0"
2009-10-04,"0,0"
2009-10-05,"0,0"
2009-10-06,"15,0"
2009-10-07,"0,0"
2009-10-08,"0,0"
2009-10-09,"0,0"
2009-10-10,"0,0"
2009-10-11,"0,0"
2009-10-12,"73,0"
2009-10-13,"0,0"
2009-10-14,"0,0"
2009-10-15,"0,0"
2009-10-16,"80,0"
2009-10-17,"0,0"
2009-10-18,"7,0"
2009-10-19,"0,0"
2009-10-20,"101,0"
2009-10-21,"18,0"
2009-10-22,"39,0"
2009-10-23,"0,0"
2009-10-24,"7,0"
2009-10-25,"0,0"
2009-10-26,"0,0"
2009-10-27,"16,0"
2009-10-28,"0,0"
2009-10-29,"41,0"
2009-10-30,"0,0"
2009-10-31,"0,0"
2009-11-01,"0,0"
2009-11-02,"0,0"
2009-11-03,"0,0"
2009-11-04,"41,0"
2009-11-05,"0,0"
2009-11-06,"0,0"
2009-11-07,"0,0"
2009-11-08,"0,0"
2009-11-09,"0,0"
2009-11-10,"0,0"
2009-11-11,"51,0"
2009-11-12,"0,0"
2009-11-13,"12,0"
2009-11-14,"0,0"
2009-11-15,"0,0"
2009-11-16,"0,0"
2009-11-17,"0,0"
2009-11-18,"0,0"
2009-11-19,"82,0"
2009-11-20,"0,0"
2009-11-21,"0,0"
2009-11-22,"0,0"
2009-11-23,"0,0"
2009-11-24,"0,0"
2009-11-25,"0,0"
2009-11-26,"0,0"
2009-11-27,"0,0"
2009-11-28,"0,0"
2009-11-29,"0,0"
2009-11-30,"0,0"
2009-12-01,"165,0"
2009-12-02,"0,0"
2009-12-03,"0,0"
2009-12-04,"0,0"
2009-12-05,"18,0"
2009-12-06,"3,0"
2009-12-07,"0,0"
2009-12-08,"30,0"
2009-12-09,"17,0"
2009-12-10,"0,0"
2009-12-11,"0,0"
2009-12-12,"67,0"
2009-12-13,"0,0"
2009-12-14,"331,0"
2009-12-15,"7,0"
2009-12-16,"17,0"
2009-12-17,"7,0"
2009-12-18,"0,0"
2009-12-19,"1,0"
2009-12-20,"0,0"
2009-12-21,"1,0"
2009-12-22,"0,0"
2009-12-23,"0,0"
2009-12-24,"0,0"
2009-12-25,"1,0"
2009-12-26,"0,0"
2009-12-27,"5,0"
2009-12-28,"0,0"
2009-12-29,"0,0"
2009-12-30,"0,0"
2009-12-31,"0,0"
2010-01-01,"2,0"
2010-01-02,"0,0"
2010-01-03,"0,0"
2010-01-04,"82,0"
2010-01-05,"0,0"
2010-01-06,"0,0"
2010-01-07,"0,0"
2010-01-08,"0,0"
2010-01-09,"0,0"
2010-01-10,"0,0"
2010-01-11,"0,0"
2010-01-12,"215,0"
2010-01-13,"2,0"
2010-01-14,"9,0"
2010-01-15,"5,0"
2010-01-16,"6,0"
2010-01-17,"0,0"
2010-01-18,"1,0"
2010-01-19,"0,0"
2010-01-20,"0,0"
2010-01-21,"12,0"
2010-01-22,"5,0"
2010-01-23,"2,0"
2010-01-24,"1,0"
2010-01-25,"58,0"
2010-01-26,"17,0"
2010-01-27,"20,0"
2010-01-28,"21,0"
2010-01-29,"19,0"
2010-01-30,"34,0"
2010-01-31,"18,0"
2010-02-01,"17,0"
2010-02-02,"21,0"
2010-02-03,"6,0"
2010-02-04,"41,0"
2010-02-05,"245,0"
2010-02-06,"30,0"
2010-02-07,"10,0"
2010-02-08,"124,0"
2010-02-09,"418,0"
2010-02-10,"606,0"
2010-02-11,"74,0"
2010-02-12,"39,0"
2010-02-13,"85,0"
2010-02-14,"54,0"
2010-02-15,"91,0"
2010-02-16,"16,0"
2010-02-17,"26,0"
2010-02-18,"58,0"
2010-02-19,"4,0"
2010-02-20,"13,0"
2010-02-21,"126,0"
2010-02-22,"267,0"
2010-02-23,"1,0"
2010-02-24,"107,0"
2010-02-25,"143,0"
2010-02-26,"20,0"
2010-02-27,"10,0"
2010-02-28,"106,0"
2010-03-01,"32,0"
2010-03-02,"40,0"
2010-03-03,"106,0"
2010-03-04,"387,0"
2010-03-05,"2,0"
2010-03-06,"92,0"
2010-03-07,"115,0"
2010-03-08,"181,0"
2010-03-09,"81,0"
2010-03-10,"42,0"
2010-03-11,"64,0"
2010-03-12,"7,0"
2010-03-13,"36,0"
2010-03-14,"8,0"
2010-03-15,"5,0"
2010-03-16,"25,0"
2010-03-17,"25,0"
2010-03-18,"81,0"
2010-03-19,"127,0"
2010-03-20,"70,0"
2010-03-21,"9,0"
2010-03-22,"40,0"
2010-03-23,"77,0"
2010-03-24,"31,0"
2010-03-25,"344,0"
2010-03-26,"76,0"
2010-03-27,"23,0"
2010-03-28,"18,0"
2010-03-29,"68,0"
2010-03-30,"11,0"
2010-03-31,"25,0"
2010-04-01,"28,0"
2010-04-02,"20,0"
2010-04-03,"25,0"
2010-04-04,"69,0"
2010-04-05,"140,0"
2010-04-06,"99,0"
2010-04-07,"103,0"
2010-04-08,"25,0"
2010-04-09,"109,0"
2010-04-10,"282,0"
2010-04-11,"166,0"
2010-04-12,"142,0"
2010-04-13,"38,0"
2010-04-14,"108,0"
2010-04-15,"689,0"
2010-04-16,"217,0"
2010-04-17,"74,0"
2010-04-18,"3202,0"
2010-04-19,"296,0"
2010-04-20,"207,0"
2010-04-21,"148,0"
2010-04-22,"55,0"
2010-04-23,"74,0"
2010-04-24,"104,0"
2010-04-25,"169,0"
2010-04-26,"92,0"
2010-04-27,"76,0"
2010-04-28,"128,0"
2010-04-29,"51,0"
2010-04-30,"43,0"
2010-05-01,"66,0"
2010-05-02,"41,0"
2010-05-03,"111,0"
2010-05-04,"179,0"
2010-05-05,"144,0"
2010-05-06,"279,0"
2010-05-07,"91,0"
2010-05-08,"278,0"
2010-05-09,"94,0"
2010-05-10,"151,0"
2010-05-11,"38,0"
2010-05-12,"122,0"
2010-05-13,"109,0"
2010-05-14,"106,0"
2010-05-15,"58,0"
2010-05-16,"46,0"
2010-05-17,"133,0"
2010-05-18,"128,0"
2010-05-19,"125,0"
2010-05-20,"75,0"
2010-05-21,"144,0"
2010-05-22,"137,0"
2010-05-23,"180,0"
2010-05-24,"112,0"
2010-05-25,"117,0"
2010-05-26,"153,0"
2010-05-27,"170,0"
2010-05-28,"100,0"
2010-05-29,"144,0"
2010-05-30,"80,0"
2010-05-31,"95,0"
2010-06-01,"102,0"
2010-06-02,"75,0"
2010-06-03,"205,0"
2010-06-04,"65,0"
2010-06-05,"87,0"
2010-06-06,"87,0"
2010-06-07,"287,0"
2010-06-08,"130,0"
2010-06-09,"154,0"
2010-06-10,"89,0"
2010-06-11,"144,0"
2010-06-12,"114,0"
2010-06-13,"138,0"
2010-06-14,"214,0"
2010-06-15,"130,0"
2010-06-16,"116,0"
2010-06-17,"85,0"
2010-06-18,"99,0"
2010-06-19,"193,0"
2010-06-20,"94,0"
2010-06-21,"146,0"
2010-06-22,"153,0"
2010-06-23,"126,0"
2010-06-24,"148,0"
2010-06-25,"61,0"
2010-06-26,"59,0"
2010-06-27,"110,0"
2010-06-28,"110,0"
2010-06-29,"209,0"
2010-06-30,"240,0"
2010-07-01,"171,0"
2010-07-02,"184,0"
2010-07-03,"136,0"
2010-07-04,"249,0"
2010-07-05,"178,0"
2010-07-06,"81,0"
2010-07-07,"186,0"
2010-07-08,"111,0"
2010-07-09,"115,0"
2010-07-10,"185,0"
2010-07-11,"265,0"
2010-07-12,"1740,0"
2010-07-13,"876,0"
2010-07-14,"5692,0"
2010-07-15,"1042,0"
2010-07-16,"832,0"
2010-07-17,"457,0"
2010-07-18,"564,0"
2010-07-19,"521,0"
2010-07-20,"541,0"
2010-07-21,"453,0"
2010-07-22,"261,0"
2010-07-23,"296,0"
2010-07-24,"650,0"
2010-07-25,"1784,0"
2010-07-26,"838,0"
2010-07-27,"435,0"
2010-07-28,"351,0"
2010-07-29,"219,0"
2010-07-30,"291,0"
2010-07-31,"200,0"
2010-08-01,"286,0"
2010-08-02,"291,0"
2010-08-03,"629,0"
2010-08-04,"339,0"
2010-08-05,"500,0"
2010-08-06,"365,0"
2010-08-07,"280,0"
2010-08-08,"313,0"
2010-08-09,"435,0"
2010-08-10,"282,0"
2010-08-11,"371,0"
2010-08-12,"238,0"
2010-08-13,"526,0"
2010-08-14,"240,0"
2010-08-15,"191,0"
2010-08-16,"443,0"
2010-08-17,"251,0"
2010-08-18,"444,0"
2010-08-19,"230,0"
2010-08-20,"367,0"
2010-08-21,"258,0"
2010-08-22,"298,0"
2010-08-23,"332,0"
2010-08-24,"329,0"
2010-08-25,"221,0"
2010-08-26,"363,0"
2010-08-27,"240,0"
2010-08-28,"275,0"
2010-08-29,"154,0"
2010-08-30,"268,0"
2010-08-31,"447,0"
2010-09-01,"336,0"
2010-09-02,"291,0"
2010-09-03,"234,0"
2010-09-04,"197,0"
2010-09-05,"285,0"
2010-09-06,"254,0"
2010-09-07,"177,0"
2010-09-08,"280,0"
2010-09-09,"271,0"
2010-09-10,"281,0"
2010-09-11,"207,0"
2010-09-12,"434,0"
2010-09-13,"417,0"
2010-09-14,"345,0"
2010-09-15,"373,0"
2010-09-16,"396,0"
2010-09-17,"736,0"
2010-09-18,"271,0"
2010-09-19,"364,0"
2010-09-20,"405,0"
2010-09-21,"928,0"
2010-09-22,"713,0"
2010-09-23,"633,0"
2010-09-24,"432,0"
2010-09-25,"536,0"
2010-09-26,"355,0"
2010-09-27,"937,0"
2010-09-28,"1397,0"
2010-09-29,"915,0"
2010-09-30,"335,0"
2010-10-01,"580,0"
2010-10-02,"527,0"
2010-10-03,"397,0"
2010-10-04,"530,0"
2010-10-05,"431,0"
2010-10-06,"390,0"
2010-10-07,"379,0"
2010-10-08,"535,0"
2010-10-09,"480,0"
2010-10-10,"327,0"
2010-10-11,"343,0"
2010-10-12,"367,0"
2010-10-13,"614,0"
2010-10-14,"346,0"
2010-10-15,"283,0"
2010-10-16,"572,0"
2010-10-17,"397,0"
2010-10-18,"567,0"
2010-10-19,"950,0"
2010-10-20,"757,0"
2010-10-21,"655,0"
2010-10-22,"677,0"
2010-10-23,"520,0"
2010-10-24,"495,0"
2010-10-25,"436,0"
2010-10-26,"445,0"
2010-10-27,"700,0"
2010-10-28,"602,0"
2010-10-29,"506,0"
2010-10-30,"336,0"
2010-10-31,"309,0"
2010-11-01,"315,0"
2010-11-02,"200,0"
2010-11-03,"296,0"
2010-11-04,"312,0"
2010-11-05,"531,0"
2010-11-06,"294,0"
2010-11-07,"352,0"
2010-11-08,"1191,0"
2010-11-09,"338,0"
2010-11-10,"323,0"
2010-11-11,"271,0"
2010-11-12,"202,0"
2010-11-13,"277,0"
2010-11-14,"575,0"
2010-11-15,"4047,0"
2010-11-16,"2988,0"
2010-11-17,"320,0"
2010-11-18,"292,0"
2010-11-19,"344,0"
2010-11-20,"474,0"
2010-11-21,"414,0"
2010-11-22,"307,0"
2010-11-23,"367,0"
2010-11-24,"561,0"
2010-11-25,"494,0"
2010-11-26,"802,0"
2010-11-27,"456,0"
2010-11-28,"365,0"
2010-11-29,"506,0"
2010-11-30,"401,0"
2010-12-01,"670,0"
2010-12-02,"452,0"
2010-12-03,"524,0"
2010-12-04,"319,0"
2010-12-05,"318,0"
2010-12-06,"313,0"
2010-12-07,"641,0"
2010-12-08,"449,0"
2010-12-09,"422,0"
2010-12-10,"291,0"
2010-12-11,"520,0"
2010-12-12,"605,0"
2010-12-13,"1119,0"
2010-12-14,"614,0"
2010-12-15,"578,0"
2010-12-16,"491,0"
2010-12-17,"405,0"
2010-12-18,"424,0"
2010-12-19,"622,0"
2010-12-20,"1013,0"
2010-12-21,"600,0"
2010-12-22,"715,0"
2010-12-23,"512,0"
2010-12-24,"463,0"
2010-12-25,"562,0"
2010-12-26,"565,0"
2010-12-27,"737,0"
2010-12-28,"563,0"
2010-12-29,"552,0"
2010-12-30,"618,0"
2010-12-31,"482,0"
2011-01-01,"620,0"
2011-01-02,"588,0"
2011-01-03,"920,0"
2011-01-04,"642,0"
2011-01-05,"1072,0"
2011-01-06,"711,0"
2011-01-07,"778,0"
2011-01-08,"990,0"
2011-01-09,"882,0"
2011-01-10,"926,0"
2011-01-11,"1014,0"
2011-01-12,"748,0"
2011-01-13,"1151,0"
2011-01-14,"1076,0"
2011-01-15,"855,0"
2011-01-16,"992,0"
2011-01-17,"782,0"
2011-01-18,"922,0"
2011-01-19,"984,0"
2011-01-20,"879,0"
2011-01-21,"1307,0"
2011-01-22,"1514,0"
2011-01-23,"1328,0"
2011-01-24,"1371,0"
2011-01-25,"889,0"
2011-01-26,"1016,0"
2011-01-27,"1081,0"
2011-01-28,"1088,0"
2011-01-29,"1469,0"
2011-01-30,"2668,0"
2011-01-31,"1580,0"
2011-02-01,"1249,0"
2011-02-02,"963,0"
2011-02-03,"805,0"
2011-02-04,"960,0"
2011-02-05,"1004,0"
2011-02-06,"898,0"
2011-02-07,"884,0"
2011-02-08,"897,0"
2011-02-09,"1274,0"
2011-02-10,"2225,0"
2011-02-11,"2660,0"
2011-02-12,"1948,0"
2011-02-13,"2053,0"
2011-02-14,"2880,0"
2011-02-15,"2324,0"
2011-02-16,"2075,0"
2011-02-17,"2170,0"
2011-02-18,"2230,0"
2011-02-19,"1779,0"
2011-02-20,"2005,0"
2011-02-21,"2003,0"
2011-02-22,"2386,0"
2011-02-23,"2342,0"
2011-02-24,"2318,0"
2011-02-25,"2127,0"
2011-02-26,"2272,0"
2011-02-27,"2368,0"
2011-02-28,"1843,0"
2011-03-01,"3173,0"
2011-03-02,"2371,0"
2011-03-03,"3292,0"
2011-03-04,"2027,0"
2011-03-05,"2319,0"
2011-03-06,"2092,0"
2011-03-07,"2151,0"
2011-03-08,"2665,0"
2011-03-09,"2284,0"
2011-03-10,"2006,0"
2011-03-11,"2062,0"
2011-03-12,"2240,0"
2011-03-13,"1977,0"
2011-03-14,"2035,0"
2011-03-15,"2421,0"
2011-03-16,"2212,0"
2011-03-17,"2202,0"
2011-03-18,"2150,0"
2011-03-19,"2182,0"
2011-03-20,"3512,0"
2011-03-21,"3040,0"
2011-03-22,"2511,0"
2011-03-23,"4454,0"
2011-03-24,"2539,0"
2011-03-25,"2553,0"
2011-03-26,"3357,0"
2011-03-27,"2937,0"
2011-03-28,"3688,0"
2011-03-29,"3149,0"
2011-03-30,"2321,0"
2011-03-31,"2599,0"
2011-04-01,"1927,0"
2011-04-02,"2043,0"
2011-04-03,"2087,0"
2011-04-04,"2906,0"
2011-04-05,"2550,0"
2011-04-06,"2321,0"
2011-04-07,"2063,0"
2011-04-08,"2166,0"
2011-04-09,"2085,0"
2011-04-10,"2095,0"
2011-04-11,"2500,0"
2011-04-12,"2763,0"
2011-04-13,"3041,0"
2011-04-14,"3407,0"
2011-04-15,"2712,0"
2011-04-16,"3998,0"
2011-04-17,"2772,0"
2011-04-18,"3749,0"
2011-04-19,"4344,0"
2011-04-20,"3710,0"
2011-04-21,"2346,0"
2011-04-22,"2654,0"
2011-04-23,"3118,0"
2011-04-24,"2950,0"
2011-04-25,"3100,0"
2011-04-26,"4194,0"
2011-04-27,"5546,0"
2011-04-28,"4049,0"
2011-04-29,"4510,0"
2011-04-30,"5743,0"
2011-05-01,"5021,0"
2011-05-02,"3851,0"
2011-05-03,"3799,0"
2011-05-04,"4077,0"
2011-05-05,"4563,0"
2011-05-06,"4272,0"
2011-05-07,"4839,0"
2011-05-08,"3781,0"
2011-05-09,"4771,0"
2011-05-10,"4439,0"
2011-05-11,"4330,0"
2011-05-12,"4429,0"
2011-05-13,"6030,0"
2011-05-14,"5708,0"
2011-05-15,"5066,0"
2011-05-16,"5968,0"
2011-05-17,"5911,0"
2011-05-18,"7534,0"
2011-05-19,"6457,0"
2011-05-20,"6521,0"
2011-05-21,"6522,0"
2011-05-22,"6594,0"
2011-05-23,"7554,0"
2011-05-24,"7513,0"
2011-05-25,"8095,0"
2011-05-26,"8819,0"
2011-05-27,"6320,0"
2011-05-28,"6543,0"
2011-05-29,"6624,0"
2011-05-30,"6952,0"
2011-05-31,"8326,0"
2011-06-01,"8593,0"
2011-06-02,"9964,0"
2011-06-03,"11543,0"
2011-06-04,"11791,0"
2011-06-05,"11048,0"
2011-06-06,"13176,0"
2011-06-07,"12066,0"
2011-06-08,"18547,0"
2011-06-09,"16816,0"
2011-06-10,"15391,0"
2011-06-11,"14870,0"
2011-06-12,"17532,0"
2011-06-13,"16133,0"
2011-06-14,"18673,0"
2011-06-15,"17265,0"
2011-06-16,"18174,0"
2011-06-17,"15842,0"
2011-06-18,"15489,0"
2011-06-19,"16175,0"
2011-06-20,"13868,0"
2011-06-21,"12674,0"
2011-06-22,"13896,0"
2011-06-23,"12730,0"
2011-06-24,"14167,0"
2011-06-25,"12732,0"
2011-06-26,"13721,0"
2011-06-27,"16930,0"
2011-06-28,"15199,0"
2011-06-29,"13091,0"
2011-06-30,"13028,0"
2011-07-01,"13649,0"
2011-07-02,"10594,0"
2011-07-03,"11129,0"
2011-07-04,"12920,0"
2011-07-05,"12462,0"
2011-07-06,"14632,0"
2011-07-07,"11859,0"
2011-07-08,"11246,0"
2011-07-09,"10420,0"
2011-07-10,"10796,0"
2011-07-11,"13165,0"
2011-07-12,"10701,0"
2011-07-13,"11717,0"
2011-07-14,"11167,0"
2011-07-15,"10293,0"
2011-07-16,"11388,0"
2011-07-17,"10664,0"
2011-07-18,"15281,0"
2011-07-19,"12312,0"
2011-07-20,"12483,0"
2011-07-21,"11350,0"
2011-07-22,"12551,0"
2011-07-23,"10216,0"
2011-07-24,"10826,0"
2011-07-25,"12559,0"
2011-07-26,"11983,0"
2011-07-27,"10579,0"
2011-07-28,"11968,0"
2011-07-29,"9597,0"
2011-07-30,"8092,0"
2011-07-31,"10653,0"
2011-08-01,"10991,0"
2011-08-02,"11890,0"
2011-08-03,"10780,0"
2011-08-04,"11276,0"
2011-08-05,"9864,0"
2011-08-06,"9367,0"
2011-08-07,"8852,0"
2011-08-08,"13452,0"
2011-08-09,"12131,0"
2011-08-10,"11180,0"
2011-08-11,"10366,0"
2011-08-12,"10178,0"
2011-08-13,"10865,0"
2011-08-14,"10796,0"
2011-08-15,"11432,0"
2011-08-16,"12629,0"
2011-08-17,"11006,0"
2011-08-18,"9982,0"
2011-08-19,"10370,0"
2011-08-20,"9064,0"
2011-08-21,"9997,0"
2011-08-22,"10317,0"
2011-08-23,"9588,0"
2011-08-24,"9923,0"
2011-08-25,"9874,0"
2011-08-26,"10906,0"
2011-08-27,"10228,0"
2011-08-28,"7649,0"
2011-08-29,"10345,0"
2011-08-30,"10303,0"
2011-08-31,"9908,0"
2011-09-01,"10057,0"
2011-09-02,"9381,0"
2011-09-03,"8126,0"
2011-09-04,"9978,0"
2011-09-05,"9966,0"
2011-09-06,"11541,0"
2011-09-07,"9929,0"
2011-09-08,"9203,0"
2011-09-09,"11529,0"
2011-09-10,"9786,0"
2011-09-11,"9239,0"
2011-09-12,"9847,0"
2011-09-13,"8962,0"
2011-09-14,"8564,0"
2011-09-15,"9171,0"
2011-09-16,"8723,0"
2011-09-17,"7650,0"
2011-09-18,"8109,0"
2011-09-19,"9716,0"
2011-09-20,"10836,0"
2011-09-21,"11912,0"
2011-09-22,"8400,0"
2011-09-23,"8387,0"
2011-09-24,"8114,0"
2011-09-25,"7534,0"
2011-09-26,"7588,0"
2011-09-27,"8468,0"
2011-09-28,"7905,0"
2011-09-29,"7490,0"
2011-09-30,"8146,0"
2011-10-01,"7685,0"
2011-10-02,"6897,0"
2011-10-03,"8580,0"
2011-10-04,"8334,0"
2011-10-05,"7885,0"
2011-10-06,"8746,0"
2011-10-07,"7967,0"
2011-10-08,"7324,0"
2011-10-09,"7179,0"
2011-10-10,"7955,0"
2011-10-11,"8194,0"
2011-10-12,"8202,0"
2011-10-13,"6822,0"
2011-10-14,"8887,0"
2011-10-15,"7703,0"
2011-10-16,"7017,0"
2011-10-17,"8241,0"
2011-10-18,"6821,0"
2011-10-19,"7136,0"
2011-10-20,"5968,0"
2011-10-21,"6759,0"
2011-10-22,"6790,0"
2011-10-23,"7451,0"
2011-10-24,"8203,0"
2011-10-25,"7170,0"
2011-10-26,"7273,0"
2011-10-27,"6645,0"
2011-10-28,"7667,0"
2011-10-29,"7765,0"
2011-10-30,"6779,0"
2011-10-31,"7039,0"
2011-11-01,"7708,0"
2011-11-02,"8120,0"
2011-11-03,"8520,0"
2011-11-04,"9814,0"
2011-11-05,"8182,0"
2011-11-06,"6476,0"
2011-11-07,"7378,0"
2011-11-08,"8413,0"
2011-11-09,"8773,0"
2011-11-10,"8653,0"
2011-11-11,"7270,0"
2011-11-12,"7059,0"
2011-11-13,"7186,0"
2011-11-14,"8362,0"
2011-11-15,"8626,0"
2011-11-16,"8227,0"
2011-11-17,"7467,0"
2011-11-18,"7570,0"
2011-11-19,"5303,0"
2011-11-20,"6418,0"
2011-11-21,"5293,0"
2011-11-22,"6280,0"
2011-11-23,"6361,0"
2011-11-24,"6007,0"
2011-11-25,"6084,0"
2011-11-26,"5388,0"
2011-11-27,"5463,0"
2011-11-28,"6987,0"
2011-11-29,"8525,0"
2011-11-30,"9694,0"
2011-12-01,"7515,0"
2011-12-02,"7282,0"
2011-12-03,"7044,0"
2011-12-04,"5953,0"
2011-12-05,"6808,0"
2011-12-06,"8785,0"
2011-12-07,"6957,0"
2011-12-08,"8401,0"
2011-12-09,"6128,0"
2011-12-10,"6437,0"
2011-12-11,"6702,0"
2011-12-12,"5892,0"
2011-12-13,"5833,0"
2011-12-14,"6183,0"
2011-12-15,"5303,0"
2011-12-16,"5788,0"
2011-12-17,"5406,0"
2011-12-18,"4791,0"
2011-12-19,"6939,0"
2011-12-20,"7911,0"
2011-12-21,"6316,0"
2011-12-22,"6297,0"
2011-12-23,"6107,0"
2011-12-24,"5013,0"
2011-12-25,"5762,0"
2011-12-26,"5943,0"
2011-12-27,"5986,0"
2011-12-28,"5584,0"
2011-12-29,"5940,0"
2011-12-30,"5385,0"
2011-12-31,"5925,0"
2012-01-01,"5992,0"
2012-01-02,"6362,0"
2012-01-03,"7335,0"
2012-01-04,"6699,0"
2012-01-05,"8590,0"
2012-01-06,"8350,0"
2012-01-07,"7207,0"
2012-01-08,"8001,0"
2012-01-09,"8379,0"
2012-01-10,"9015,0"
2012-01-11,"9892,0"
2012-01-12,"7520,0"
2012-01-13,"7966,0"
2012-01-14,"7706,0"
2012-01-15,"7595,0"
2012-01-16,"7792,0"
2012-01-17,"7585,0"
2012-01-18,"7883,0"
2012-01-19,"7952,0"
2012-01-20,"7534,0"
2012-01-21,"7101,0"
2012-01-22,"5542,0"
2012-01-23,"6367,0"
2012-01-24,"8221,0"
2012-01-25,"9276,0"
2012-01-26,"7666,0"
2012-01-27,"7581,0"
2012-01-28,"6464,0"
2012-01-29,"8033,0"
2012-01-30,"6783,0"
2012-01-31,"8234,0"
2012-02-01,"7648,0"
2012-02-02,"8534,0"
2012-02-03,"8877,0"
2012-02-04,"9298,0"
2012-02-05,"8217,0"
2012-02-06,"7513,0"
2012-02-07,"8357,0"
2012-02-08,"7897,0"
2012-02-09,"8240,0"
2012-02-10,"9599,0"
2012-02-11,"8967,0"
2012-02-12,"7936,0"
2012-02-13,"9537,0"
2012-02-14,"11261,0"
2012-02-15,"10255,0"
2012-02-16,"10622,0"
2012-02-17,"7726,0"
2012-02-18,"7297,0"
2012-02-19,"6331,0"
2012-02-20,"7217,0"
2012-02-21,"7674,0"
2012-02-22,"8557,0"
2012-02-23,"9528,0"
2012-02-24,"8773,0"
2012-02-25,"8069,0"
2012-02-26,"6481,0"
2012-02-27,"7653,0"
2012-02-28,"8570,0"
2012-02-29,"7987,0"
2012-03-01,"8967,0"
2012-03-02,"10031,0"
2012-03-03,"6404,0"
2012-03-04,"7433,0"
2012-03-05,"8586,0"
2012-03-06,"7879,0"
2012-03-07,"7700,0"
2012-03-08,"7993,0"
2012-03-09,"8258,0"
2012-03-10,"6239,0"
2012-03-11,"6184,0"
2012-03-12,"7384,0"
2012-03-13,"9010,0"
2012-03-14,"8756,0"
2012-03-15,"7658,0"
2012-03-16,"8119,0"
2012-03-17,"8040,0"
2012-03-18,"6337,0"
2012-03-19,"8064,0"
2012-03-20,"7832,0"
2012-03-21,"8071,0"
2012-03-22,"7707,0"
2012-03-23,"7160,0"
2012-03-24,"6620,0"
2012-03-25,"7420,0"
2012-03-26,"8370,0"
2012-03-27,"8098,0"
2012-03-28,"8580,0"
2012-03-29,"9026,0"
2012-03-30,"7853,0"
2012-03-31,"6959,0"
2012-04-01,"6381,0"
2012-04-02,"7832,0"
2012-04-03,"10402,0"
2012-04-04,"8775,0"
2012-04-05,"8659,0"
2012-04-06,"8776,0"
2012-04-07,"7107,0"
2012-04-08,"6756,0"
2012-04-09,"7954,0"
2012-04-10,"9410,0"
2012-04-11,"10011,0"
2012-04-12,"10263,0"
2012-04-13,"8558,0"
2012-04-14,"9244,0"
2012-04-15,"8475,0"
2012-04-16,"10678,0"
2012-04-17,"10479,0"
2012-04-18,"11108,0"
2012-04-19,"10197,0"
2012-04-20,"11009,0"
2012-04-21,"9040,0"
2012-04-22,"7654,0"
2012-04-23,"8948,0"
2012-04-24,"9499,0"
2012-04-25,"9337,0"
2012-04-26,"11644,0"
2012-04-27,"9209,0"
2012-04-28,"8596,0"
2012-04-29,"8395,0"
2012-04-30,"11366,0"
2012-05-01,"11642,0"
2012-05-02,"11690,0"
2012-05-03,"13343,0"
2012-05-04,"14144,0"
2012-05-05,"12364,0"
2012-05-06,"14681,0"
2012-05-07,"17533,0"
2012-05-08,"15521,0"
2012-05-09,"16860,0"
2012-05-10,"12777,0"
2012-05-11,"18066,0"
2012-05-12,"15474,0"
2012-05-13,"13122,0"
2012-05-14,"23912,0"
2012-05-15,"19035,0"
2012-05-16,"17806,0"
2012-05-17,"14739,0"
2012-05-18,"18541,0"
2012-05-19,"24028,0"
2012-05-20,"21737,0"
2012-05-21,"22006,0"
2012-05-22,"19043,0"
2012-05-23,"21212,0"
2012-05-24,"19995,0"
2012-05-25,"21730,0"
2012-05-26,"17690,0"
2012-05-27,"18640,0"
2012-05-28,"21321,0"
2012-05-29,"24469,0"
2012-05-30,"19496,0"
2012-05-31,"18578,0"
2012-06-01,"20093,0"
2012-06-02,"12536,0"
2012-06-03,"22304,0"
2012-06-04,"33486,0"
2012-06-05,"31422,0"
2012-06-06,"15250,0"
2012-06-07,"26264,0"
2012-06-08,"19161,0"
2012-06-09,"22805,0"
2012-06-10,"25242,0"
2012-06-11,"23709,0"
2012-06-12,"14797,0"
2012-06-13,"36057,0"
2012-06-14,"38874,0"
2012-06-15,"38742,0"
2012-06-16,"29672,0"
2012-06-17,"29164,0"
2012-06-18,"27430,0"
2012-06-19,"25652,0"
2012-06-20,"22362,0"
2012-06-21,"19820,0"
2012-06-22,"19078,0"
2012-06-23,"19838,0"
2012-06-24,"19096,0"
2012-06-25,"23398,0"
2012-06-26,"24781,0"
2012-06-27,"28195,0"
2012-06-28,"22721,0"
2012-06-29,"22353,0"
2012-06-30,"21558,0"
2012-07-01,"20215,0"
2012-07-02,"25365,0"
2012-07-03,"22904,0"
2012-07-04,"21832,0"
2012-07-05,"18640,0"
2012-07-06,"19420,0"
2012-07-07,"21930,0"
2012-07-08,"18930,0"
2012-07-09,"22274,0"
2012-07-10,"26760,0"
2012-07-11,"24392,0"
2012-07-12,"23594,0"
2012-07-13,"20800,0"
2012-07-14,"19770,0"
2012-07-15,"21205,0"
2012-07-16,"26976,0"
2012-07-17,"28707,0"
2012-07-18,"24553,0"
2012-07-19,"26871,0"
2012-07-20,"25945,0"
2012-07-21,"25419,0"
2012-07-22,"27228,0"
2012-07-23,"29663,0"
2012-07-24,"27320,0"
2012-07-25,"21395,0"
2012-07-26,"21015,0"
2012-07-27,"20938,0"
2012-07-28,"23993,0"
2012-07-29,"25469,0"
2012-07-30,"26741,0"
2012-07-31,"41649,0"
2012-08-01,"28343,0"
2012-08-02,"29713,0"
2012-08-03,"23951,0"
2012-08-04,"23847,0"
2012-08-05,"25868,0"
2012-08-06,"28559,0"
2012-08-07,"25700,0"
2012-08-08,"36346,0"
2012-08-09,"27317,0"
2012-08-10,"23982,0"
2012-08-11,"24076,0"
2012-08-12,"24001,0"
2012-08-13,"30948,0"
2012-08-14,"27703,0"
2012-08-15,"36065,0"
2012-08-16,"43311,0"
2012-08-17,"39268,0"
2012-08-18,"34310,0"
2012-08-19,"43754,0"
2012-08-20,"33200,0"
2012-08-21,"37003,0"
2012-08-22,"34050,0"
2012-08-23,"27564,0"
2012-08-24,"29280,0"
2012-08-25,"23795,0"
2012-08-26,"23049,0"
2012-08-27,"25381,0"
2012-08-28,"23601,0"
2012-08-29,"25634,0"
2012-08-30,"23933,0"
2012-08-31,"33918,0"
2012-09-01,"28988,0"
2012-09-02,"23644,0"
2012-09-03,"23432,0"
2012-09-04,"32415,0"
2012-09-05,"28587,0"
2012-09-06,"32835,0"
2012-09-07,"31395,0"
2012-09-08,"22125,0"
2012-09-09,"25866,0"
2012-09-10,"25377,0"
2012-09-11,"30956,0"
2012-09-12,"21047,0"
2012-09-13,"23186,0"
2012-09-14,"25025,0"
2012-09-15,"19140,0"
2012-09-16,"19504,0"
2012-09-17,"20407,0"
2012-09-18,"24011,0"
2012-09-19,"25232,0"
2012-09-20,"27408,0"
2012-09-21,"22727,0"
2012-09-22,"16044,0"
2012-09-23,"16957,0"
2012-09-24,"21134,0"
2012-09-25,"24207,0"
2012-09-26,"31180,0"
2012-09-27,"25558,0"
2012-09-28,"31550,0"
2012-09-29,"23876,0"
2012-09-30,"20621,0"
2012-10-01,"20872,0"
2012-10-02,"34448,0"
2012-10-03,"31769,0"
2012-10-04,"32878,0"
2012-10-05,"27964,0"
2012-10-06,"24273,0"
2012-10-07,"27205,0"
2012-10-08,"29149,0"
2012-10-09,"32757,0"
2012-10-10,"28465,0"
2012-10-11,"24426,0"
2012-10-12,"24774,0"
2012-10-13,"25160,0"
2012-10-14,"21399,0"
2012-10-15,"29385,0"
2012-10-16,"28029,0"
2012-10-17,"24675,0"
2012-10-18,"32680,0"
2012-10-19,"29359,0"
2012-10-20,"28728,0"
2012-10-21,"25602,0"
2012-10-22,"27943,0"
2012-10-23,"26242,0"
2012-10-24,"24289,0"
2012-10-25,"24630,0"
2012-10-26,"23398,0"
2012-10-27,"18123,0"
2012-10-28,"15779,0"
2012-10-29,"24651,0"
2012-10-30,"21949,0"
2012-10-31,"21057,0"
2012-11-01,"19858,0"
2012-11-02,"19220,0"
2012-11-03,"17813,0"
2012-11-04,"19035,0"
2012-11-05,"23105,0"
2012-11-06,"25889,0"
2012-11-07,"28845,0"
2012-11-08,"22626,0"
2012-11-09,"21877,0"
2012-11-10,"23445,0"
2012-11-11,"15749,0"
2012-11-12,"19028,0"
2012-11-13,"20094,0"
2012-11-14,"22979,0"
2012-11-15,"29793,0"
2012-11-16,"33396,0"
2012-11-17,"25379,0"
2012-11-18,"27414,0"
2012-11-19,"27297,0"
2012-11-20,"28665,0"
2012-11-21,"30482,0"
2012-11-22,"25030,0"
2012-11-23,"20936,0"
2012-11-24,"22071,0"
2012-11-25,"22238,0"
2012-11-26,"24161,0"
2012-11-27,"23774,0"
2012-11-28,"27749,0"
2012-11-29,"27028,0"
2012-11-30,"22580,0"
2012-12-01,"22498,0"
2012-12-02,"16705,0"
2012-12-03,"18495,0"
2012-12-04,"28705,0"
2012-12-05,"27525,0"
2012-12-06,"25066,0"
2012-12-07,"25935,0"
2012-12-08,"23420,0"
2012-12-09,"26290,0"
2012-12-10,"23262,0"
2012-12-11,"24899,0"
2012-12-12,"29358,0"
2012-12-13,"31351,0"
2012-12-14,"27286,0"
2012-12-15,"22268,0"
2012-12-16,"23806,0"
2012-12-17,"27627,0"
2012-12-18,"31941,0"
2012-12-19,"28581,0"
2012-12-20,"25911,0"
2012-12-21,"31129,0"
2012-12-22,"32985,0"
2012-12-23,"26182,0"
2012-12-24,"26273,0"
2012-12-25,"17740,0"
2012-12-26,"26960,0"
2012-12-27,"24736,0"
2012-12-28,"26841,0"
2012-12-29,"26467,0"
2012-12-30,"29315,0"
2012-12-31,"20255,0"
2013-01-01,"22083,0"
2013-01-02,"25565,0"
2013-01-03,"30620,0"
2013-01-04,"29575,0"
2013-01-05,"30071,0"
2013-01-06,"24788,0"
2013-01-07,"32370,0"
2013-01-08,"36007,0"
2013-01-09,"36348,0"
2013-01-10,"40161,0"
2013-01-11,"39566,0"
2013-01-12,"32496,0"
2013-01-13,"37513,0"
2013-01-14,"31275,0"
2013-01-15,"35429,0"
2013-01-16,"38382,0"
2013-01-17,"39945,0"
2013-01-18,"37438,0"
2013-01-19,"30303,0"
2013-01-20,"28171,0"
2013-01-21,"30753,0"
2013-01-22,"36047,0"
2013-01-23,"33151,0"
2013-01-24,"43579,0"
2013-01-25,"33626,0"
2013-01-26,"36850,0"
2013-01-27,"32184,0"
2013-01-28,"35532,0"
2013-01-29,"39020,0"
2013-01-30,"29517,0"
2013-01-31,"31948,0"
2013-02-01,"42244,0"
2013-02-02,"37609,0"
2013-02-03,"39203,0"
2013-02-04,"38934,0"
2013-02-05,"38865,0"
2013-02-06,"34000,0"
2013-02-07,"38195,0"
2013-02-08,"40791,0"
2013-02-09,"37611,0"
2013-02-10,"39176,0"
2013-02-11,"37358,0"
2013-02-12,"36734,0"
2013-02-13,"38447,0"
2013-02-14,"35779,0"
2013-02-15,"34442,0"
2013-02-16,"29157,0"
2013-02-17,"29541,0"
2013-02-18,"30943,0"
2013-02-19,"32994,0"
2013-02-20,"34156,0"
2013-02-21,"33989,0"
2013-02-22,"37554,0"
2013-02-23,"35307,0"
2013-02-24,"36317,0"
2013-02-25,"38681,0"
2013-02-26,"40691,0"
2013-02-27,"36127,0"
2013-02-28,"39327,0"
2013-03-01,"42954,0"
2013-03-02,"32155,0"
2013-03-03,"30410,0"
2013-03-04,"35795,0"
2013-03-05,"37233,0"
2013-03-06,"44894,0"
2013-03-07,"44373,0"
2013-03-08,"36521,0"
2013-03-09,"34210,0"
2013-03-10,"35097,0"
2013-03-11,"34577,0"
2013-03-12,"40697,0"
2013-03-13,"40772,0"
2013-03-14,"40789,0"
2013-03-15,"41616,0"
2013-03-16,"29081,0"
2013-03-17,"28449,0"
2013-03-18,"35070,0"
2013-03-19,"42614,0"
2013-03-20,"37313,0"
2013-03-21,"44560,0"
2013-03-22,"48387,0"
2013-03-23,"43127,0"
2013-03-24,"44335,0"
2013-03-25,"40365,0"
2013-03-26,"44485,0"
2013-03-27,"43734,0"
2013-03-28,"61939,0"
2013-03-29,"53513,0"
2013-03-30,"49067,0"
2013-03-31,"39218,0"
2013-04-01,"47829,0"
2013-04-02,"59171,0"
2013-04-03,"63467,0"
2013-04-04,"67845,0"
2013-04-05,"61764,0"
2013-04-06,"48286,0"
2013-04-07,"47330,0"
2013-04-08,"58954,0"
2013-04-09,"69158,0"
2013-04-10,"79367,0"
2013-04-11,"76356,0"
2013-04-12,"62440,0"
2013-04-13,"48549,0"
2013-04-14,"39686,0"
2013-04-15,"49614,0"
2013-04-16,"60715,0"
2013-04-17,"56536,0"
2013-04-18,"50663,0"
2013-04-19,"62477,0"
2013-04-20,"43747,0"
2013-04-21,"39657,0"
2013-04-22,"44548,0"
2013-04-23,"57136,0"
2013-04-24,"62743,0"
2013-04-25,"55417,0"
2013-04-26,"49502,0"
2013-04-27,"41358,0"
2013-04-28,"41682,0"
2013-04-29,"48339,0"
2013-04-30,"45283,0"
2013-05-01,"47701,0"
2013-05-02,"48541,0"
2013-05-03,"46258,0"
2013-05-04,"36108,0"
2013-05-05,"39532,0"
2013-05-06,"46453,0"
2013-05-07,"50107,0"
2013-05-08,"49294,0"
2013-05-09,"50507,0"
2013-05-10,"49901,0"
2013-05-11,"52455,0"
2013-05-12,"40809,0"
2013-05-13,"45950,0"
2013-05-14,"50933,0"
2013-05-15,"52586,0"
2013-05-16,"48941,0"
2013-05-17,"48129,0"
2013-05-18,"39987,0"
2013-05-19,"38089,0"
2013-05-20,"42844,0"
2013-05-21,"49979,0"
2013-05-22,"44063,0"
2013-05-23,"52200,0"
2013-05-24,"53099,0"
2013-05-25,"43657,0"
2013-05-26,"40848,0"
2013-05-27,"41913,0"
2013-05-28,"46645,0"
2013-05-29,"50977,0"
2013-05-30,"48845,0"
2013-05-31,"47454,0"
2013-06-01,"41844,0"
2013-06-02,"40506,0"
2013-06-03,"49291,0"
2013-06-04,"49728,0"
2013-06-05,"45821,0"
2013-06-06,"46496,0"
2013-06-07,"50023,0"
2013-06-08,"36460,0"
2013-06-09,"35266,0"
2013-06-10,"39016,0"
2013-06-11,"39236,0"
2013-06-12,"38701,0"
2013-06-13,"41594,0"
2013-06-14,"52772,0"
2013-06-15,"35730,0"
2013-06-16,"31522,0"
2013-06-17,"36406,0"
2013-06-18,"41657,0"
2013-06-19,"45094,0"
2013-06-20,"46609,0"
2013-06-21,"48244,0"
2013-06-22,"38369,0"
2013-06-23,"34276,0"
2013-06-24,"42241,0"
2013-06-25,"40523,0"
2013-06-26,"40576,0"
2013-06-27,"39319,0"
2013-06-28,"48028,0"
2013-06-29,"36092,0"
2013-06-30,"31269,0"
2013-07-01,"45346,0"
2013-07-02,"43047,0"
2013-07-03,"41951,0"
2013-07-04,"39000,0"
2013-07-05,"39266,0"
2013-07-06,"37982,0"
2013-07-07,"30342,0"
2013-07-08,"42074,0"
2013-07-09,"45960,0"
2013-07-10,"42124,0"
2013-07-11,"52714,0"
2013-07-12,"58577,0"
2013-07-13,"43683,0"
2013-07-14,"30897,0"
2013-07-15,"40576,0"
2013-07-16,"44635,0"
2013-07-17,"41551,0"
2013-07-18,"43226,0"
2013-07-19,"38744,0"
2013-07-20,"32047,0"
2013-07-21,"33983,0"
2013-07-22,"39886,0"
2013-07-23,"42110,0"
2013-07-24,"43924,0"
2013-07-25,"46831,0"
2013-07-26,"42781,0"
2013-07-27,"36458,0"
2013-07-28,"33813,0"
2013-07-29,"45954,0"
2013-07-30,"49943,0"
2013-07-31,"60865,0"
2013-08-01,"59979,0"
2013-08-02,"55580,0"
2013-08-03,"43216,0"
2013-08-04,"43605,0"
2013-08-05,"52615,0"
2013-08-06,"50739,0"
2013-08-07,"52026,0"
2013-08-08,"52370,0"
2013-08-09,"46255,0"
2013-08-10,"42742,0"
2013-08-11,"38029,0"
2013-08-12,"82274,0"
2013-08-13,"51665,0"
2013-08-14,"55407,0"
2013-08-15,"52523,0"
2013-08-16,"63084,0"
2013-08-17,"44634,0"
2013-08-18,"41214,0"
2013-08-19,"57577,0"
2013-08-20,"57603,0"
2013-08-21,"58915,0"
2013-08-22,"62213,0"
2013-08-23,"61069,0"
2013-08-24,"45775,0"
2013-08-25,"52041,0"
2013-08-26,"56426,0"
2013-08-27,"72975,0"
2013-08-28,"60495,0"
2013-08-29,"52775,0"
2013-08-30,"67828,0"
2013-08-31,"50438,0"
2013-09-01,"37272,0"
2013-09-02,"41682,0"
2013-09-03,"50204,0"
2013-09-04,"54249,0"
2013-09-05,"49120,0"
2013-09-06,"52070,0"
2013-09-07,"43834,0"
2013-09-08,"38783,0"
2013-09-09,"50552,0"
2013-09-10,"49131,0"
2013-09-11,"52156,0"
2013-09-12,"54597,0"
2013-09-13,"44905,0"
2013-09-14,"34676,0"
2013-09-15,"36009,0"
2013-09-16,"47461,0"
2013-09-17,"50167,0"
2013-09-18,"56085,0"
2013-09-19,"54798,0"
2013-09-20,"50934,0"
2013-09-21,"42450,0"
2013-09-22,"40575,0"
2013-09-23,"53639,0"
2013-09-24,"52498,0"
2013-09-25,"50180,0"
2013-09-26,"51825,0"
2013-09-27,"53114,0"
2013-09-28,"45449,0"
2013-09-29,"46981,0"
2013-09-30,"53185,0"
2013-10-01,"61383,0"
2013-10-02,"77417,0"
2013-10-03,"62461,0"
2013-10-04,"49350,0"
2013-10-05,"40803,0"
2013-10-06,"38295,0"
2013-10-07,"49084,0"
2013-10-08,"49420,0"
2013-10-09,"51429,0"
2013-10-10,"53522,0"
2013-10-11,"52718,0"
2013-10-12,"43264,0"
2013-10-13,"53015,0"
2013-10-14,"53616,0"
2013-10-15,"55658,0"
2013-10-16,"59818,0"
2013-10-17,"52318,0"
2013-10-18,"57827,0"
2013-10-19,"61793,0"
2013-10-20,"45128,0"
2013-10-21,"63300,0"
2013-10-22,"74530,0"
2013-10-23,"72163,0"
2013-10-24,"79246,0"
2013-10-25,"69426,0"
2013-10-26,"46778,0"
2013-10-27,"40939,0"
2013-10-28,"58043,0"
2013-10-29,"55938,0"
2013-10-30,"62723,0"
2013-10-31,"64192,0"
2013-11-01,"56963,0"
2013-11-02,"48139,0"
2013-11-03,"54009,0"
2013-11-04,"66423,0"
2013-11-05,"81542,0"
2013-11-06,"95342,0"
2013-11-07,"90998,0"
2013-11-08,"89599,0"
2013-11-09,"86279,0"
2013-11-10,"76578,0"
2013-11-11,"77397,0"
2013-11-12,"74552,0"
2013-11-13,"82076,0"
2013-11-14,"89848,0"
2013-11-15,"77832,0"
2013-11-16,"63396,0"
2013-11-17,"69094,0"
2013-11-18,"111985,0"
2013-11-19,"146959,0"
2013-11-20,"110652,0"
2013-11-21,"138808,0"
2013-11-22,"111567,0"
2013-11-23,"100738,0"
2013-11-24,"82587,0"
2013-11-25,"94217,0"
2013-11-26,"120930,0"
2013-11-27,"139967,0"
2013-11-28,"135763,0"
2013-11-29,"126455,0"
2013-11-30,"101008,0"
2013-12-01,"114791,0"
2013-12-02,"115589,0"
2013-12-03,"115666,0"
2013-12-04,"126220,0"
2013-12-05,"128109,0"
2013-12-06,"110862,0"
2013-12-07,"97849,0"
2013-12-08,"71190,0"
2013-12-09,"94152,0"
2013-12-10,"101326,0"
2013-12-11,"100801,0"
2013-12-12,"85532,0"
2013-12-13,"94877,0"
2013-12-14,"104630,0"
2013-12-15,"98063,0"
2013-12-16,"111864,0"
2013-12-17,"106290,0"
2013-12-18,"125752,0"
2013-12-19,"105548,0"
2013-12-20,"105920,0"
2013-12-21,"85051,0"
2013-12-22,"83156,0"
2013-12-23,"82930,0"
2013-12-24,"85065,0"
2013-12-25,"88653,0"
2013-12-26,"79721,0"
2013-12-27,"79068,0"
2013-12-28,"77546,0"
2013-12-29,"88288,0"
2013-12-30,"86079,0"
2013-12-31,"77689,0"
2014-01-01,"59230,0"
2014-01-02,"89943,0"
2014-01-03,"95517,0"
2014-01-04,"73856,0"
2014-01-05,"89692,0"
2014-01-06,"111416,0"
2014-01-07,"90145,0"
2014-01-08,"86936,0"
2014-01-09,"84598,0"
2014-01-10,"81600,0"
2014-01-11,"83544,0"
2014-01-12,"72280,0"
2014-01-13,"80125,0"
2014-01-14,"84231,0"
2014-01-15,"83146,0"
2014-01-16,"85205,0"
2014-01-17,"75462,0"
2014-01-18,"66529,0"
2014-01-19,"67774,0"
2014-01-20,"105733,0"
2014-01-21,"107748,0"
2014-01-22,"97883,0"
2014-01-23,"97271,0"
2014-01-24,"90362,0"
2014-01-25,"78536,0"
2014-01-26,"78767,0"
2014-01-27,"93989,0"
2014-01-28,"104242,0"
2014-01-29,"87647,0"
2014-01-30,"96581,0"
2014-01-31,"95879,0"
2014-02-01,"85815,0"
2014-02-02,"87949,0"
2014-02-03,"98446,0"
2014-02-04,"114458,0"
2014-02-05,"102764,0"
2014-02-06,"105628,0"
2014-02-07,"113249,0"
2014-02-08,"94775,0"
2014-02-09,"79658,0"
2014-02-10,"92230,0"
2014-02-11,"98243,0"
2014-02-12,"160342,0"
2014-02-13,"111682,0"
2014-02-14,"119106,0"
2014-02-15,"100776,0"
2014-02-16,"79096,0"
2014-02-17,"101955,0"
2014-02-18,"104456,0"
2014-02-19,"122980,0"
2014-02-20,"124160,0"
2014-02-21,"125674,0"
2014-02-22,"104030,0"
2014-02-23,"113053,0"
2014-02-24,"134120,0"
2014-02-25,"147215,0"
2014-02-26,"138695,0"
2014-02-27,"119191,0"
2014-02-28,"139764,0"
2014-03-01,"123434,0"
2014-03-02,"102204,0"
2014-03-03,"147505,0"
2014-03-04,"162398,0"
2014-03-05,"143936,0"
2014-03-06,"134232,0"
2014-03-07,"125239,0"
2014-03-08,"113499,0"
2014-03-09,"106845,0"
2014-03-10,"121995,0"
2014-03-11,"126964,0"
2014-03-12,"139660,0"
2014-03-13,"125121,0"
2014-03-14,"136926,0"
2014-03-15,"93569,0"
2014-03-16,"83638,0"
2014-03-17,"104855,0"
2014-03-18,"85262,0"
2014-03-19,"95590,0"
2014-03-20,"107266,0"
2014-03-21,"131533,0"
2014-03-22,"111946,0"
2014-03-23,"91711,0"
2014-03-24,"110620,0"
2014-03-25,"112636,0"
2014-03-26,"113706,0"
2014-03-27,"130082,0"
2014-03-28,"124289,0"
2014-03-29,"90094,0"
2014-03-30,"81793,0"
2014-03-31,"116444,0"
2014-04-01,"121850,0"
2014-04-02,"122784,0"
2014-04-03,"112306,0"
2014-04-04,"124280,0"
2014-04-05,"105120,0"
2014-04-06,"96758,0"
2014-04-07,"110540,0"
2014-04-08,"111798,0"
2014-04-09,"124767,0"
2014-04-10,"125600,0"
2014-04-11,"117841,0"
2014-04-12,"90616,0"
2014-04-13,"87998,0"
2014-04-14,"130612,0"
2014-04-15,"142817,0"
2014-04-16,"128887,0"
2014-04-17,"107997,0"
2014-04-18,"100950,0"
2014-04-19,"97350,0"
2014-04-20,"84545,0"
2014-04-21,"95057,0"
2014-04-22,"123838,0"
2014-04-23,"101816,0"
2014-04-24,"111960,0"
2014-04-25,"120366,0"
2014-04-26,"88332,0"
2014-04-27,"88194,0"
2014-04-28,"110468,0"
2014-04-29,"118344,0"
2014-04-30,"116314,0"
2014-05-01,"102307,0"
2014-05-02,"94588,0"
2014-05-03,"72056,0"
2014-05-04,"73197,0"
2014-05-05,"95642,0"
2014-05-06,"113719,0"
2014-05-07,"109695,0"
2014-05-08,"117033,0"
2014-05-09,"110561,0"
2014-05-10,"88517,0"
2014-05-11,"77815,0"
2014-05-12,"102199,0"
2014-05-13,"97699,0"
2014-05-14,"108341,0"
2014-05-15,"122707,0"
2014-05-16,"103561,0"
2014-05-17,"101589,0"
2014-05-18,"92881,0"
2014-05-19,"131919,0"
2014-05-20,"133257,0"
2014-05-21,"105661,0"
2014-05-22,"111010,0"
2014-05-23,"122741,0"
2014-05-24,"77767,0"
2014-05-25,"101474,0"
2014-05-26,"116348,0"
2014-05-27,"124100,0"
2014-05-28,"134172,0"
2014-05-29,"119799,0"
2014-05-30,"101741,0"
2014-05-31,"95884,0"
2014-06-01,"106724,0"
2014-06-02,"121439,0"
2014-06-03,"131781,0"
2014-06-04,"116236,0"
2014-06-05,"128494,0"
2014-06-06,"122533,0"
2014-06-07,"91526,0"
2014-06-08,"91237,0"
2014-06-09,"114996,0"
2014-06-10,"123652,0"
2014-06-11,"119408,0"
2014-06-12,"118785,0"
2014-06-13,"120039,0"
2014-06-14,"98653,0"
2014-06-15,"85566,0"
2014-06-16,"123358,0"
2014-06-17,"123627,0"
2014-06-18,"114043,0"
2014-06-19,"105841,0"
2014-06-20,"103493,0"
2014-06-21,"101338,0"
2014-06-22,"92772,0"
2014-06-23,"106298,0"
2014-06-24,"120799,0"
2014-06-25,"120436,0"
2014-06-26,"107479,0"
2014-06-27,"114838,0"
2014-06-28,"94931,0"
2014-06-29,"83323,0"
2014-06-30,"123834,0"
2014-07-01,"131838,0"
2014-07-02,"127287,0"
2014-07-03,"110474,0"
2014-07-04,"91510,0"
2014-07-05,"76297,0"
2014-07-06,"92649,0"
2014-07-07,"119259,0"
2014-07-08,"143518,0"
2014-07-09,"126697,0"
2014-07-10,"121955,0"
2014-07-11,"120149,0"
2014-07-12,"90949,0"
2014-07-13,"98773,0"
2014-07-14,"108005,0"
2014-07-15,"124366,0"
2014-07-16,"112592,0"
2014-07-17,"120705,0"
2014-07-18,"120455,0"
2014-07-19,"100956,0"
2014-07-20,"93881,0"
2014-07-21,"110221,0"
2014-07-22,"115169,0"
2014-07-23,"123102,0"
2014-07-24,"119728,0"
2014-07-25,"119760,0"
2014-07-26,"89240,0"
2014-07-27,"91998,0"
2014-07-28,"118281,0"
2014-07-29,"112221,0"
2014-07-30,"128678,0"
2014-07-31,"127214,0"
2014-08-01,"117601,0"
2014-08-02,"93890,0"
2014-08-03,"80054,0"
2014-08-04,"116713,0"
2014-08-05,"137763,0"
2014-08-06,"143360,0"
2014-08-07,"125015,0"
2014-08-08,"122734,0"
2014-08-09,"101683,0"
2014-08-10,"104392,0"
2014-08-11,"135933,0"
2014-08-12,"139652,0"
2014-08-13,"141308,0"
2014-08-14,"140419,0"
2014-08-15,"133969,0"
2014-08-16,"125727,0"
2014-08-17,"99442,0"
2014-08-18,"132641,0"
2014-08-19,"135198,0"
2014-08-20,"131745,0"
2014-08-21,"130466,0"
2014-08-22,"126470,0"
2014-08-23,"102431,0"
2014-08-24,"106039,0"
2014-08-25,"125153,0"
2014-08-26,"134118,0"
2014-08-27,"134080,0"
2014-08-28,"122344,0"
2014-08-29,"113831,0"
2014-08-30,"103428,0"
2014-08-31,"97569,0"
2014-09-01,"113514,0"
2014-09-02,"131392,0"
2014-09-03,"118797,0"
2014-09-04,"125451,0"
2014-09-05,"124212,0"
2014-09-06,"101937,0"
2014-09-07,"104374,0"
2014-09-08,"132764,0"
2014-09-09,"175659,0"
2014-09-10,"175466,0"
2014-09-11,"117784,0"
2014-09-12,"118068,0"
2014-09-13,"102344,0"
2014-09-14,"118309,0"
2014-09-15,"135323,0"
2014-09-16,"153810,0"
2014-09-17,"136567,0"
2014-09-18,"132846,0"
2014-09-19,"117648,0"
2014-09-20,"110874,0"
2014-09-21,"90710,0"
2014-09-22,"139283,0"
2014-09-23,"148539,0"
2014-09-24,"128371,0"
2014-09-25,"142541,0"
2014-09-26,"126706,0"
2014-09-27,"116616,0"
2014-09-28,"117166,0"
2014-09-29,"137256,0"
2014-09-30,"145891,0"
2014-10-01,"140137,0"
2014-10-02,"131437,0"
2014-10-03,"111411,0"
2014-10-04,"106213,0"
2014-10-05,"117458,0"
2014-10-06,"126579,0"
2014-10-07,"141746,0"
2014-10-08,"138970,0"
2014-10-09,"135134,0"
2014-10-10,"134417,0"
2014-10-11,"111790,0"
2014-10-12,"122866,0"
2014-10-13,"140045,0"
2014-10-14,"162147,0"
2014-10-15,"149177,0"
2014-10-16,"133630,0"
2014-10-17,"131861,0"
2014-10-18,"114874,0"
2014-10-19,"115559,0"
2014-10-20,"142876,0"
2014-10-21,"154040,0"
2014-10-22,"143899,0"
2014-10-23,"148777,0"
2014-10-24,"137936,0"
2014-10-25,"118924,0"
2014-10-26,"120434,0"
2014-10-27,"154593,0"
2014-10-28,"144107,0"
2014-10-29,"144248,0"
2014-10-30,"149469,0"
2014-10-31,"145710,0"
2014-11-01,"118500,0"
2014-11-02,"129602,0"
2014-11-03,"153688,0"
2014-11-04,"146747,0"
2014-11-05,"145974,0"
2014-11-06,"167440,0"
2014-11-07,"168907,0"
2014-11-08,"120961,0"
2014-11-09,"123404,0"
2014-11-10,"149985,0"
2014-11-11,"146658,0"
2014-11-12,"166011,0"
2014-11-13,"156768,0"
2014-11-14,"146287,0"
2014-11-15,"121759,0"
2014-11-16,"123231,0"
2014-11-17,"154560,0"
2014-11-18,"146884,0"
2014-11-19,"142423,0"
2014-11-20,"156330,0"
2014-11-21,"140728,0"
2014-11-22,"122248,0"
2014-11-23,"117548,0"
2014-11-24,"143578,0"
2014-11-25,"152874,0"
2014-11-26,"142127,0"
2014-11-27,"148787,0"
2014-11-28,"141484,0"
2014-11-29,"130595,0"
2014-11-30,"150042,0"
2014-12-01,"146555,0"
2014-12-02,"186298,0"
2014-12-03,"165951,0"
2014-12-04,"164722,0"
2014-12-05,"149117,0"
2014-12-06,"130395,0"
2014-12-07,"119173,0"
2014-12-08,"177624,0"
2014-12-09,"158807,0"
2014-12-10,"160871,0"
2014-12-11,"153426,0"
2014-12-12,"147576,0"
2014-12-13,"132100,0"
2014-12-14,"143206,0"
2014-12-15,"171487,0"
2014-12-16,"186778,0"
2014-12-17,"181894,0"
2014-12-18,"171742,0"
2014-12-19,"151908,0"
2014-12-20,"156356,0"
2014-12-21,"133760,0"
2014-12-22,"189544,0"
2014-12-23,"183586,0"
2014-12-24,"135755,0"
2014-12-25,"112770,0"
2014-12-26,"123547,0"
2014-12-27,"132317,0"
2014-12-28,"135645,0"
2014-12-29,"144808,0"
2014-12-30,"143281,0"
2014-12-31,"125929,0"
2015-01-01,"93096,0"
2015-01-02,"132228,0"
2015-01-03,"136537,0"
2015-01-04,"140985,0"
2015-01-05,"167517,0"
2015-01-06,"154814,0"
2015-01-07,"146753,0"
2015-01-08,"162497,0"
2015-01-09,"163460,0"
2015-01-10,"153455,0"
2015-01-11,"147737,0"
2015-01-12,"158177,0"
2015-01-13,"188417,0"
2015-01-14,"179860,0"
2015-01-15,"192859,0"
2015-01-16,"170308,0"
2015-01-17,"158176,0"
2015-01-18,"145138,0"
2015-01-19,"177900,0"
2015-01-20,"160155,0"
2015-01-21,"163313,0"
2015-01-22,"161522,0"
2015-01-23,"147631,0"
2015-01-24,"136122,0"
2015-01-25,"167801,0"
2015-01-26,"181552,0"
2015-01-27,"179270,0"
2015-01-28,"136240,0"
2015-01-29,"142674,0"
2015-01-30,"126838,0"
2015-01-31,"159579,0"
2015-02-01,"144067,0"
2015-02-02,"159787,0"
2015-02-03,"172239,0"
2015-02-04,"162893,0"
2015-02-05,"158785,0"
2015-02-06,"147934,0"
2015-02-07,"137762,0"
2015-02-08,"149441,0"
2015-02-09,"161380,0"
2015-02-10,"160705,0"
2015-02-11,"166487,0"
2015-02-12,"146697,0"
2015-02-13,"185477,0"
2015-02-14,"174185,0"
2015-02-15,"184403,0"
2015-02-16,"173871,0"
2015-02-17,"177389,0"
2015-02-18,"173606,0"
2015-02-19,"149766,0"
2015-02-20,"177088,0"
2015-02-21,"170267,0"
2015-02-22,"154653,0"
2015-02-23,"168219,0"
2015-02-24,"168675,0"
2015-02-25,"164531,0"
2015-02-26,"162032,0"
2015-02-27,"169005,0"
2015-02-28,"168543,0"
2015-03-01,"160766,0"
2015-03-02,"198150,0"
2015-03-03,"196145,0"
2015-03-04,"168911,0"
2015-03-05,"184035,0"
2015-03-06,"169804,0"
2015-03-07,"145990,0"
2015-03-08,"159552,0"
2015-03-09,"173208,0"
2015-03-10,"179844,0"
2015-03-11,"175806,0"
2015-03-12,"179574,0"
2015-03-13,"168794,0"
2015-03-14,"149494,0"
2015-03-15,"137429,0"
2015-03-16,"172659,0"
2015-03-17,"151339,0"
2015-03-18,"177659,0"
2015-03-19,"194102,0"
2015-03-20,"159662,0"
2015-03-21,"140710,0"
2015-03-22,"154037,0"
2015-03-23,"166787,0"
2015-03-24,"154061,0"
2015-03-25,"153195,0"
2015-03-26,"159803,0"
2015-03-27,"157477,0"
2015-03-28,"134947,0"
2015-03-29,"156903,0"
2015-03-30,"180220,0"
2015-03-31,"181056,0"
2015-04-01,"197013,0"
2015-04-02,"177880,0"
2015-04-03,"163904,0"
2015-04-04,"146950,0"
2015-04-05,"154513,0"
2015-04-06,"169251,0"
2015-04-07,"183944,0"
2015-04-08,"179658,0"
2015-04-09,"179464,0"
2015-04-10,"177716,0"
2015-04-11,"161250,0"
2015-04-12,"139751,0"
2015-04-13,"194998,0"
2015-04-14,"179026,0"
2015-04-15,"158878,0"
2015-04-16,"153586,0"
2015-04-17,"154063,0"
2015-04-18,"144656,0"
2015-04-19,"153196,0"
2015-04-20,"167486,0"
2015-04-21,"175984,0"
2015-04-22,"180110,0"
2015-04-23,"180561,0"
2015-04-24,"187102,0"
2015-04-25,"154900,0"
2015-04-26,"162233,0"
2015-04-27,"177497,0"
2015-04-28,"182395,0"
2015-04-29,"184976,0"
2015-04-30,"177046,0"
2015-05-01,"153414,0"
2015-05-02,"152953,0"
2015-05-03,"136226,0"
2015-05-04,"174514,0"
2015-05-05,"186210,0"
2015-05-06,"191219,0"
2015-05-07,"181894,0"
2015-05-08,"179539,0"
2015-05-09,"153284,0"
2015-05-10,"160958,0"
2015-05-11,"185236,0"
2015-05-12,"197913,0"
2015-05-13,"171921,0"
2015-05-14,"166317,0"
2015-05-15,"166429,0"
2015-05-16,"153015,0"
2015-05-17,"149848,0"
2015-05-18,"158250,0"
2015-05-19,"178204,0"
2015-05-20,"179319,0"
2015-05-21,"162703,0"
2015-05-22,"166882,0"
2015-05-23,"137638,0"
2015-05-24,"155302,0"
2015-05-25,"167605,0"
2015-05-26,"181911,0"
2015-05-27,"183557,0"
2015-05-28,"178942,0"
2015-05-29,"189622,0"
2015-05-30,"188456,0"
2015-05-31,"171884,0"
2015-06-01,"215881,0"
2015-06-02,"219059,0"
2015-06-03,"208219,0"
2015-06-04,"197300,0"
2015-06-05,"185166,0"
2015-06-06,"157774,0"
2015-06-07,"145621,0"
2015-06-08,"158603,0"
2015-06-09,"196034,0"
2015-06-10,"255788,0"
2015-06-11,"202080,0"
2015-06-12,"202252,0"
2015-06-13,"175635,0"
2015-06-14,"177788,0"
2015-06-15,"221570,0"
2015-06-16,"198455,0"
2015-06-17,"243612,0"
2015-06-18,"209694,0"
2015-06-19,"192867,0"
2015-06-20,"161491,0"
2015-06-21,"164431,0"
2015-06-22,"180970,0"
2015-06-23,"213373,0"
2015-06-24,"190216,0"
2015-06-25,"159702,0"
2015-06-26,"209841,0"
2015-06-27,"190645,0"
2015-06-28,"161419,0"
2015-06-29,"205086,0"
2015-06-30,"233889,0"
2015-07-01,"216761,0"
2015-07-02,"227951,0"
2015-07-03,"215047,0"
2015-07-04,"173692,0"
2015-07-05,"189865,0"
2015-07-06,"252385,0"
2015-07-07,"237469,0"
2015-07-08,"236854,0"
2015-07-09,"237790,0"
2015-07-10,"237828,0"
2015-07-11,"209966,0"
2015-07-12,"205656,0"
2015-07-13,"206591,0"
2015-07-14,"204563,0"
2015-07-15,"188681,0"
2015-07-16,"194265,0"
2015-07-17,"179511,0"
2015-07-18,"159774,0"
2015-07-19,"162712,0"
2015-07-20,"199449,0"
2015-07-21,"215441,0"
2015-07-22,"206755,0"
2015-07-23,"186005,0"
2015-07-24,"193631,0"
2015-07-25,"164665,0"
2015-07-26,"168842,0"
2015-07-27,"189168,0"
2015-07-28,"202774,0"
2015-07-29,"231255,0"
2015-07-30,"195151,0"
2015-07-31,"216514,0"
2015-08-01,"197487,0"
2015-08-02,"161509,0"
2015-08-03,"196229,0"
2015-08-04,"196966,0"
2015-08-05,"225279,0"
2015-08-06,"207779,0"
2015-08-07,"189849,0"
2015-08-08,"168706,0"
2015-08-09,"152905,0"
2015-08-10,"201821,0"
2015-08-11,"193279,0"
2015-08-12,"193789,0"
2015-08-13,"194207,0"
2015-08-14,"189691,0"
2015-08-15,"166715,0"
2015-08-16,"155886,0"
2015-08-17,"196761,0"
2015-08-18,"211945,0"
2015-08-19,"203933,0"
2015-08-20,"195669,0"
2015-08-21,"201867,0"
2015-08-22,"190958,0"
2015-08-23,"163983,0"
2015-08-24,"215803,0"
2015-08-25,"196173,0"
2015-08-26,"194540,0"
2015-08-27,"187556,0"
2015-08-28,"202509,0"
2015-08-29,"176408,0"
2015-08-30,"159765,0"
2015-08-31,"205800,0"
2015-09-01,"212333,0"
2015-09-02,"212491,0"
2015-09-03,"211372,0"
2015-09-04,"175458,0"
2015-09-05,"190219,0"
2015-09-06,"172366,0"
2015-09-07,"204915,0"
2015-09-08,"217784,0"
2015-09-09,"203991,0"
2015-09-10,"196604,0"
2015-09-11,"191290,0"
2015-09-12,"173675,0"
2015-09-13,"176903,0"
2015-09-14,"215157,0"
2015-09-15,"224989,0"
2015-09-16,"211319,0"
2015-09-17,"210507,0"
2015-09-18,"218317,0"
2015-09-19,"186083,0"
2015-09-20,"170286,0"
2015-09-21,"221990,0"
2015-09-22,"222100,0"
2015-09-23,"203967,0"
2015-09-24,"204616,0"
2015-09-25,"210871,0"
2015-09-26,"201313,0"
2015-09-27,"200038,0"
2015-09-28,"217412,0"
2015-09-29,"261102,0"
2015-09-30,"227503,0"
2015-10-01,"204992,0"
2015-10-02,"222106,0"
2015-10-03,"175377,0"
2015-10-04,"153534,0"
2015-10-05,"188253,0"
2015-10-06,"221728,0"
2015-10-07,"214182,0"
2015-10-08,"227664,0"
2015-10-09,"176223,0"
2015-10-10,"186113,0"
2015-10-11,"163750,0"
2015-10-12,"212352,0"
2015-10-13,"208709,0"
2015-10-14,"223432,0"
2015-10-15,"264508,0"
2015-10-16,"239051,0"
2015-10-17,"240925,0"
2015-10-18,"205765,0"
2015-10-19,"250085,0"
2015-10-20,"278830,0"
2015-10-21,"250919,0"
2015-10-22,"240853,0"
2015-10-23,"267634,0"
2015-10-24,"235023,0"
2015-10-25,"243712,0"
2015-10-26,"274590,0"
2015-10-27,"232337,0"
2015-10-28,"239654,0"
2015-10-29,"271241,0"
2015-10-30,"261563,0"
2015-10-31,"236634,0"
2015-11-01,"235529,0"
2015-11-02,"290102,0"
2015-11-03,"302604,0"
2015-11-04,"353085,0"
2015-11-05,"308259,0"
2015-11-06,"282127,0"
2015-11-07,"241399,0"
2015-11-08,"217135,0"
2015-11-09,"290545,0"
2015-11-10,"279188,0"
2015-11-11,"267471,0"
2015-11-12,"255037,0"
2015-11-13,"242229,0"
2015-11-14,"230822,0"
2015-11-15,"248856,0"
2015-11-16,"288142,0"
2015-11-17,"262221,0"
2015-11-18,"282774,0"
2015-11-19,"252984,0"
2015-11-20,"251071,0"
2015-11-21,"256477,0"
2015-11-22,"221820,0"
2015-11-23,"241516,0"
2015-11-24,"257104,0"
2015-11-25,"259645,0"
2015-11-26,"280385,0"
2015-11-27,"253903,0"
2015-11-28,"252975,0"
2015-11-29,"216468,0"
2015-11-30,"324041,0"
2015-12-01,"288989,0"
2015-12-02,"292836,0"
2015-12-03,"260177,0"
2015-12-04,"273526,0"
2015-12-05,"294569,0"
2015-12-06,"262008,0"
2015-12-07,"321208,0"
2015-12-08,"314569,0"
2015-12-09,"355549,0"
2015-12-10,"338963,0"
2015-12-11,"301992,0"
2015-12-12,"342835,0"
2015-12-13,"284443,0"
2015-12-14,"386764,0"
2015-12-15,"331372,0"
2015-12-16,"340526,0"
2015-12-17,"320462,0"
2015-12-18,"320331,0"
2015-12-19,"316515,0"
2015-12-20,"291332,0"
2015-12-21,"348889,0"
2015-12-22,"322792,0"
2015-12-23,"332452,0"
2015-12-24,"303203,0"
2015-12-25,"246171,0"
2015-12-26,"270081,0"
2015-12-27,"245895,0"
2015-12-28,"270711,0"
2015-12-29,"295712,0"
2015-12-30,"259515,0"
2015-12-31,"253232,0"
2016-01-01,"198638,0"
2016-01-02,"287355,0"
2016-01-03,"236219,0"
2016-01-04,"289923,0"
2016-01-05,"299793,0"
2016-01-06,"271512,0"
2016-01-07,"290107,0"
2016-01-08,"299172,0"
2016-01-09,"299047,0"
2016-01-10,"264384,0"
2016-01-11,"310119,0"
2016-01-12,"305923,0"
2016-01-13,"301704,0"
2016-01-14,"297906,0"
2016-01-15,"287768,0"
2016-01-16,"340017,0"
2016-01-17,"338046,0"
2016-01-18,"335663,0"
2016-01-19,"287291,0"
2016-01-20,"451648,0"
2016-01-21,"361494,0"
2016-01-22,"369384,0"
2016-01-23,"318940,0"
2016-01-24,"300145,0"
2016-01-25,"362679,0"
2016-01-26,"373330,0"
2016-01-27,"371741,0"
2016-01-28,"376537,0"
2016-01-29,"401648,0"
2016-01-30,"331509,0"
2016-01-31,"296327,0"
2016-02-01,"452550,0"
2016-02-02,"514558,0"
2016-02-03,"417302,0"
2016-02-04,"314589,0"
2016-02-05,"357930,0"
2016-02-06,"323328,0"
2016-02-07,"313063,0"
2016-02-08,"327993,0"
2016-02-09,"360077,0"
2016-02-10,"351523,0"
2016-02-11,"340753,0"
2016-02-12,"319196,0"
2016-02-13,"291424,0"
2016-02-14,"304515,0"
2016-02-15,"342150,0"
2016-02-16,"326511,0"
2016-02-17,"367990,0"
2016-02-18,"331517,0"
2016-02-19,"361318,0"
2016-02-20,"333653,0"
2016-02-21,"324239,0"
2016-02-22,"342093,0"
2016-02-23,"378090,0"
2016-02-24,"327793,0"
2016-02-25,"373253,0"
2016-02-26,"330459,0"
2016-02-27,"314307,0"
2016-02-28,"308804,0"
2016-02-29,"368172,0"
2016-03-01,"374495,0"
2016-03-02,"412048,0"
2016-03-03,"358076,0"
2016-03-04,"379950,0"
2016-03-05,"361233,0"
2016-03-06,"260453,0"
2016-03-07,"280299,0"
2016-03-08,"314832,0"
2016-03-09,"394827,0"
2016-03-10,"291375,0"
2016-03-11,"284382,0"
2016-03-12,"250048,0"
2016-03-13,"254178,0"
2016-03-14,"301134,0"
2016-03-15,"303941,0"
2016-03-16,"320197,0"
2016-03-17,"320941,0"
2016-03-18,"305358,0"
2016-03-19,"260368,0"
2016-03-20,"274481,0"
2016-03-21,"303723,0"
2016-03-22,"305000,0"
2016-03-23,"282549,0"
2016-03-24,"296294,0"
2016-03-25,"262088,0"
2016-03-26,"312109,0"
2016-03-27,"261990,0"
2016-03-28,"374626,0"
2016-03-29,"492457,0"
2016-03-30,"347183,0"
2016-03-31,"292524,0"
2016-04-01,"342282,0"
2016-04-02,"331468,0"
2016-04-03,"301705,0"
2016-04-04,"317767,0"
2016-04-05,"318536,0"
2016-04-06,"312246,0"
2016-04-07,"292212,0"
2016-04-08,"288505,0"
2016-04-09,"270912,0"
2016-04-10,"241743,0"
2016-04-11,"305351,0"
2016-04-12,"325439,0"
2016-04-13,"332093,0"
2016-04-14,"319126,0"
2016-04-15,"281643,0"
2016-04-16,"263771,0"
2016-04-17,"292949,0"
2016-04-18,"306358,0"
2016-04-19,"312288,0"
2016-04-20,"324932,0"
2016-04-21,"306277,0"
2016-04-22,"304080,0"
2016-04-23,"260301,0"
2016-04-24,"272356,0"
2016-04-25,"315091,0"
2016-04-26,"344762,0"
2016-04-27,"321279,0"
2016-04-28,"308702,0"
2016-04-29,"328724,0"
2016-04-30,"286622,0"
2016-05-01,"249302,0"
2016-05-02,"300881,0"
2016-05-03,"310357,0"
2016-05-04,"318975,0"
2016-05-05,"299190,0"
2016-05-06,"294551,0"
2016-05-07,"266357,0"
2016-05-08,"257417,0"
2016-05-09,"300282,0"
2016-05-10,"314674,0"
2016-05-11,"304279,0"
2016-05-12,"292572,0"
2016-05-13,"292737,0"
2016-05-14,"282122,0"
2016-05-15,"258422,0"
2016-05-16,"302178,0"
2016-05-17,"303378,0"
2016-05-18,"317290,0"
2016-05-19,"293045,0"
2016-05-20,"284510,0"
2016-05-21,"310323,0"
2016-05-22,"282057,0"
2016-05-23,"302048,0"
2016-05-24,"329779,0"
2016-05-25,"321572,0"
2016-05-26,"293396,0"
2016-05-27,"339288,0"
2016-05-28,"303512,0"
2016-05-29,"257544,0"
2016-05-30,"345839,0"
2016-05-31,"300881,0"
2016-06-01,"320664,0"
2016-06-02,"306572,0"
2016-06-03,"314910,0"
2016-06-04,"262216,0"
2016-06-05,"271832,0"
2016-06-06,"320179,0"
2016-06-07,"311382,0"
2016-06-08,"312000,0"
2016-06-09,"326489,0"
2016-06-10,"323514,0"
2016-06-11,"289734,0"
2016-06-12,"314215,0"
2016-06-13,"376453,0"
2016-06-14,"331218,0"
2016-06-15,"373454,0"
2016-06-16,"355150,0"
2016-06-17,"374681,0"
2016-06-18,"361153,0"
2016-06-19,"315932,0"
2016-06-20,"335555,0"
2016-06-21,"377574,0"
2016-06-22,"359880,0"
2016-06-23,"348091,0"
2016-06-24,"341772,0"
2016-06-25,"333002,0"
2016-06-26,"310396,0"
2016-06-27,"313994,0"
2016-06-28,"331183,0"
2016-06-29,"309640,0"
2016-06-30,"330491,0"
2016-07-01,"331737,0"
2016-07-02,"291938,0"
2016-07-03,"247130,0"
2016-07-04,"306229,0"
2016-07-05,"318729,0"
2016-07-06,"301748,0"
2016-07-07,"311686,0"
2016-07-08,"297148,0"
2016-07-09,"257214,0"
2016-07-10,"232967,0"
2016-07-11,"306816,0"
2016-07-12,"306755,0"
2016-07-13,"285865,0"
2016-07-14,"313909,0"
2016-07-15,"291344,0"
2016-07-16,"290605,0"
2016-07-17,"267251,0"
2016-07-18,"316715,0"
2016-07-19,"301995,0"
2016-07-20,"312965,0"
2016-07-21,"288240,0"
2016-07-22,"300976,0"
2016-07-23,"293471,0"
2016-07-24,"257270,0"
2016-07-25,"320213,0"
2016-07-26,"317277,0"
2016-07-27,"320760,0"
2016-07-28,"317932,0"
2016-07-29,"317126,0"
2016-07-30,"255258,0"
2016-07-31,"330057,0"
2016-08-01,"335066,0"
2016-08-02,"362422,0"
2016-08-03,"345896,0"
2016-08-04,"326247,0"
2016-08-05,"313607,0"
2016-08-06,"266554,0"
2016-08-07,"276811,0"
2016-08-08,"333609,0"
2016-08-09,"305484,0"
2016-08-10,"344341,0"
2016-08-11,"349861,0"
2016-08-12,"323056,0"
2016-08-13,"266199,0"
2016-08-14,"262600,0"
2016-08-15,"336118,0"
2016-08-16,"349901,0"
2016-08-17,"340373,0"
2016-08-18,"358080,0"
2016-08-19,"343610,0"
2016-08-20,"301805,0"
2016-08-21,"266231,0"
2016-08-22,"345744,0"
2016-08-23,"347052,0"
2016-08-24,"331361,0"
2016-08-25,"309327,0"
2016-08-26,"316184,0"
2016-08-27,"281567,0"
2016-08-28,"268599,0"
2016-08-29,"343633,0"
2016-08-30,"364380,0"
2016-08-31,"338224,0"
2016-09-01,"339013,0"
2016-09-02,"313828,0"
2016-09-03,"299184,0"
2016-09-04,"273322,0"
2016-09-05,"344088,0"
2016-09-06,"336317,0"
2016-09-07,"365269,0"
2016-09-08,"330878,0"
2016-09-09,"334623,0"
2016-09-10,"289026,0"
2016-09-11,"263620,0"
2016-09-12,"331959,0"
2016-09-13,"367733,0"
2016-09-14,"337766,0"
2016-09-15,"332148,0"
2016-09-16,"314805,0"
2016-09-17,"330600,0"
2016-09-18,"286023,0"
2016-09-19,"328638,0"
2016-09-20,"346848,0"
2016-09-21,"338189,0"
2016-09-22,"329614,0"
2016-09-23,"320092,0"
2016-09-24,"305635,0"
2016-09-25,"282091,0"
2016-09-26,"358526,0"
2016-09-27,"376320,0"
2016-09-28,"365494,0"
2016-09-29,"374902,0"
2016-09-30,"377301,0"
2016-10-01,"329285,0"
2016-10-02,"297274,0"
2016-10-03,"412467,0"
2016-10-04,"400525,0"
2016-10-05,"397836,0"
2016-10-06,"413436,0"
2016-10-07,"384675,0"
2016-10-08,"364225,0"
2016-10-09,"307555,0"
2016-10-10,"329538,0"
2016-10-11,"398150,0"
2016-10-12,"370759,0"
2016-10-13,"385685,0"
2016-10-14,"350619,0"
2016-10-15,"328264,0"
2016-10-16,"307427,0"
2016-10-17,"367849,0"
2016-10-18,"391635,0"
2016-10-19,"311200,0"
2016-10-20,"427792,0"
2016-10-21,"391194,0"
2016-10-22,"356432,0"
2016-10-23,"347731,0"
2016-10-24,"406475,0"
2016-10-25,"427773,0"
2016-10-26,"430684,0"
2016-10-27,"490724,0"
2016-10-28,"369885,0"
2016-10-29,"342315,0"
2016-10-30,"306676,0"
2016-10-31,"365860,0"
2016-11-01,"408886,0"
2016-11-02,"389977,0"
2016-11-03,"392871,0"
2016-11-04,"357055,0"
2016-11-05,"346671,0"
2016-11-06,"321111,0"
2016-11-07,"406056,0"
2016-11-08,"438596,0"
2016-11-09,"409617,0"
2016-11-10,"400161,0"
2016-11-11,"364524,0"
2016-11-12,"354599,0"
2016-11-13,"330494,0"
2016-11-14,"410684,0"
2016-11-15,"413394,0"
2016-11-16,"402315,0"
2016-11-17,"409915,0"
2016-11-18,"395110,0"
2016-11-19,"352288,0"
2016-11-20,"350841,0"
2016-11-21,"379679,0"
2016-11-22,"375243,0"
2016-11-23,"416269,0"
2016-11-24,"478681,0"
2016-11-25,"442969,0"
2016-11-26,"424944,0"
2016-11-27,"360451,0"
2016-11-28,"464915,0"
2016-11-29,"431491,0"
2016-11-30,"417357,0"
2016-12-01,"423904,0"
2016-12-02,"458217,0"
2016-12-03,"464848,0"
2016-12-04,"439284,0"
2016-12-05,"438036,0"
2016-12-06,"484342,0"
2016-12-07,"510292,0"
2016-12-08,"436067,0"
2016-12-09,"409550,0"
2016-12-10,"386510,0"
2016-12-11,"359779,0"
2016-12-12,"415442,0"
2016-12-13,"441900,0"
2016-12-14,"394896,0"
2016-12-15,"396874,0"
2016-12-16,"410619,0"
2016-12-17,"354245,0"
2016-12-18,"369500,0"
2016-12-19,"429369,0"
2016-12-20,"427302,0"
2016-12-21,"479593,0"
2016-12-22,"463532,0"
2016-12-23,"429470,0"
2016-12-24,"361796,0"
2016-12-25,"298969,0"
2016-12-26,"380420,0"
2016-12-27,"430389,0"
2016-12-28,"442637,0"
2016-12-29,"435815,0"
2016-12-30,"430986,0"
2016-12-31,"365519,0"
2017-01-01,"279373,0"
2017-01-02,"460486,0"
2017-01-03,"429819,0"
2017-01-04,"459464,0"
2017-01-05,"426831,0"
2017-01-06,"466301,0"
2017-01-07,"404935,0"
2017-01-08,"384929,0"
2017-01-09,"383840,0"
2017-01-10,"449727,0"
2017-01-11,"414446,0"
2017-01-12,"409129,0"
2017-01-13,"373237,0"
2017-01-14,"374377,0"
2017-01-15,"352454,0"
2017-01-16,"416502,0"
2017-01-17,"436572,0"
2017-01-18,"419010,0"
2017-01-19,"457248,0"
2017-01-20,"430275,0"
2017-01-21,"407168,0"
2017-01-22,"362467,0"
2017-01-23,"414481,0"
2017-01-24,"483660,0"
2017-01-25,"473429,0"
2017-01-26,"497692,0"
2017-01-27,"463279,0"
2017-01-28,"440055,0"
2017-01-29,"445081,0"
2017-01-30,"441424,0"
2017-01-31,"449279,0"
2017-02-01,"533343,0"
2017-02-02,"440617,0"
2017-02-03,"454582,0"
2017-02-04,"430086,0"
2017-02-05,"459498,0"
2017-02-06,"408734,0"
2017-02-07,"464612,0"
2017-02-08,"428480,0"
2017-02-09,"501606,0"
2017-02-10,"432970,0"
2017-02-11,"406324,0"
2017-02-12,"371179,0"
2017-02-13,"441315,0"
2017-02-14,"435565,0"
2017-02-15,"403916,0"
2017-02-16,"455207,0"
2017-02-17,"443822,0"
2017-02-18,"458794,0"
2017-02-19,"385652,0"
2017-02-20,"428902,0"
2017-02-21,"415997,0"
2017-02-22,"403324,0"
2017-02-23,"447267,0"
2017-02-24,"498186,0"
2017-02-25,"475388,0"
2017-02-26,"444349,0"
2017-02-27,"420247,0"
2017-02-28,"446514,0"
2017-03-01,"428606,0"
2017-03-02,"472855,0"
2017-03-03,"457390,0"
2017-03-04,"390705,0"
2017-03-05,"439245,0"
2017-03-06,"425215,0"
2017-03-07,"474868,0"
2017-03-08,"447587,0"
2017-03-09,"458213,0"
2017-03-10,"486217,0"
2017-03-11,"454052,0"
2017-03-12,"397310,0"
2017-03-13,"448939,0"
2017-03-14,"493865,0"
2017-03-15,"442532,0"
2017-03-16,"476834,0"
2017-03-17,"474957,0"
2017-03-18,"452995,0"
2017-03-19,"431476,0"
2017-03-20,"414013,0"
2017-03-21,"448119,0"
2017-03-22,"509753,0"
2017-03-23,"448344,0"
2017-03-24,"479115,0"
2017-03-25,"389697,0"
2017-03-26,"360552,0"
2017-03-27,"383244,0"
2017-03-28,"489504,0"
2017-03-29,"432879,0"
2017-03-30,"465627,0"
2017-03-31,"416036,0"
2017-04-01,"412309,0"
2017-04-02,"418458,0"
2017-04-03,"477384,0"
2017-04-04,"405046,0"
2017-04-05,"490351,0"
2017-04-06,"466482,0"
2017-04-07,"495505,0"
2017-04-08,"377011,0"
2017-04-09,"427936,0"
2017-04-10,"429674,0"
2017-04-11,"496732,0"
2017-04-12,"437301,0"
2017-04-13,"403955,0"
2017-04-14,"437920,0"
2017-04-15,"438652,0"
2017-04-16,"383419,0"
2017-04-17,"380427,0"
2017-04-18,"449876,0"
2017-04-19,"456354,0"
2017-04-20,"460481,0"
2017-04-21,"514067,0"
2017-04-22,"428526,0"
2017-04-23,"405780,0"
2017-04-24,"394785,0"
2017-04-25,"473507,0"
2017-04-26,"484450,0"
2017-04-27,"466184,0"
2017-04-28,"442676,0"
2017-04-29,"524466,0"
2017-04-30,"469321,0"
2017-05-01,"449566,0"
2017-05-02,"499103,0"
2017-05-03,"426199,0"
2017-05-04,"526979,0"
2017-05-05,"406687,0"
2017-05-06,"539151,0"
2017-05-07,"506257,0"
2017-05-08,"560112,0"
2017-05-09,"507739,0"
2017-05-10,"459544,0"
2017-05-11,"429634,0"
2017-05-12,"472151,0"
2017-05-13,"496535,0"
2017-05-14,"548045,0"
2017-05-15,"515996,0"
2017-05-16,"440703,0"
2017-05-17,"506073,0"
2017-05-18,"491614,0"
2017-05-19,"536262,0"
2017-05-20,"564798,0"
2017-05-21,"494394,0"
2017-05-22,"480609,0"
2017-05-23,"554718,0"
2017-05-24,"492222,0"
2017-05-25,"519358,0"
2017-05-26,"498058,0"
2017-05-27,"557578,0"
2017-05-28,"549413,0"
2017-05-29,"470596,0"
2017-05-30,"546070,0"
2017-05-31,"515652,0"
2017-06-01,"540154,0"
2017-06-02,"468643,0"
2017-06-03,"598281,0"
2017-06-04,"475675,0"
2017-06-05,"516438,0"
2017-06-06,"507019,0"
2017-06-07,"579338,0"
2017-06-08,"545348,0"
2017-06-09,"501820,0"
2017-06-10,"454065,0"
2017-06-11,"442910,0"
2017-06-12,"474699,0"
2017-06-13,"478238,0"
2017-06-14,"479467,0"
2017-06-15,"529211,0"
2017-06-16,"477205,0"
2017-06-17,"443019,0"
2017-06-18,"424662,0"
2017-06-19,"497488,0"
2017-06-20,"460043,0"
2017-06-21,"471676,0"
2017-06-22,"497457,0"
2017-06-23,"483365,0"
2017-06-24,"436613,0"
2017-06-25,"359093,0"
2017-06-26,"480580,0"
2017-06-27,"435434,0"
2017-06-28,"509412,0"
2017-06-29,"415224,0"
2017-06-30,"478539,0"
2017-07-01,"444896,0"
2017-07-02,"414270,0"
2017-07-03,"457444,0"
2017-07-04,"455794,0"
2017-07-05,"420379,0"
2017-07-06,"412276,0"
2017-07-07,"454274,0"
2017-07-08,"419561,0"
2017-07-09,"347840,0"
2017-07-10,"463244,0"
2017-07-11,"497867,0"
2017-07-12,"505543,0"
2017-07-13,"443050,0"
2017-07-14,"408965,0"
2017-07-15,"418043,0"
2017-07-16,"415251,0"
2017-07-17,"470313,0"
2017-07-18,"546005,0"
2017-07-19,"478877,0"
2017-07-20,"435664,0"
2017-07-21,"494112,0"
2017-07-22,"447998,0"
2017-07-23,"366137,0"
2017-07-24,"464993,0"
2017-07-25,"452336,0"
2017-07-26,"459397,0"
2017-07-27,"484137,0"
2017-07-28,"464359,0"
2017-07-29,"447912,0"
2017-07-30,"383894,0"
2017-07-31,"463896,0"
2017-08-01,"304007,0"
2017-08-02,"404894,0"
2017-08-03,"397274,0"
2017-08-04,"444555,0"
2017-08-05,"448352,0"
2017-08-06,"344242,0"
2017-08-07,"442170,0"
2017-08-08,"514274,0"
2017-08-09,"458063,0"
2017-08-10,"478675,0"
2017-08-11,"489298,0"
2017-08-12,"446510,0"
2017-08-13,"477058,0"
2017-08-14,"430352,0"
2017-08-15,"507535,0"
2017-08-16,"437581,0"
2017-08-17,"583467,0"
2017-08-18,"464141,0"
2017-08-19,"467252,0"
2017-08-20,"399898,0"
2017-08-21,"391683,0"
2017-08-22,"313375,0"
2017-08-23,"560333,0"
2017-08-24,"350405,0"
2017-08-25,"329122,0"
2017-08-26,"381434,0"
2017-08-27,"497868,0"
2017-08-28,"414409,0"
2017-08-29,"531264,0"
2017-08-30,"550107,0"
2017-08-31,"538141,0"
2017-09-01,"518284,0"
2017-09-02,"432174,0"
2017-09-03,"380278,0"
2017-09-04,"505489,0"
2017-09-05,"509759,0"
2017-09-06,"512344,0"
2017-09-07,"533044,0"
2017-09-08,"542621,0"
2017-09-09,"413545,0"
2017-09-10,"363587,0"
2017-09-11,"482118,0"
2017-09-12,"462938,0"
2017-09-13,"471070,0"
2017-09-14,"517495,0"
2017-09-15,"534673,0"
2017-09-16,"411949,0"
2017-09-17,"371778,0"
2017-09-18,"435341,0"
2017-09-19,"523969,0"
2017-09-20,"398714,0"
2017-09-21,"456102,0"
2017-09-22,"401105,0"
2017-09-23,"356756,0"
2017-09-24,"350491,0"
2017-09-25,"414079,0"
2017-09-26,"479004,0"
2017-09-27,"438155,0"
2017-09-28,"498372,0"
2017-09-29,"459946,0"
2017-09-30,"394913,0"
2017-10-01,"413866,0"
2017-10-02,"527026,0"
2017-10-03,"503177,0"
2017-10-04,"392514,0"
2017-10-05,"457512,0"
2017-10-06,"518916,0"
2017-10-07,"407885,0"
2017-10-08,"447727,0"
2017-10-09,"524599,0"
2017-10-10,"536679,0"
2017-10-11,"487998,0"
2017-10-12,"503258,0"
2017-10-13,"474910,0"
2017-10-14,"478606,0"
2017-10-15,"527077,0"
2017-10-16,"533530,0"
2017-10-17,"545805,0"
2017-10-18,"489691,0"
2017-10-19,"573935,0"
2017-10-20,"522952,0"
2017-10-21,"497465,0"
2017-10-22,"696896,0"
2017-10-23,"556353,0"
2017-10-24,"608636,0"
2017-10-25,"607960,0"
2017-10-26,"450857,0"
2017-10-27,"373636,0"
2017-10-28,"302187,0"
2017-10-29,"553227,0"
2017-10-30,"533199,0"
2017-10-31,"515174,0"
2017-11-01,"584589,0"
2017-11-02,"554415,0"
2017-11-03,"432873,0"
2017-11-04,"486977,0"
2017-11-05,"494350,0"
2017-11-06,"485935,0"
2017-11-07,"557414,0"
2017-11-08,"520104,0"
2017-11-09,"568448,0"
2017-11-10,"453526,0"
2017-11-11,"307942,0"
2017-11-12,"316228,0"
2017-11-13,"519840,0"
2017-11-14,"471624,0"
2017-11-15,"569118,0"
2017-11-16,"548897,0"
2017-11-17,"611166,0"
2017-11-18,"511465,0"
2017-11-19,"590084,0"
2017-11-20,"626585,0"
2017-11-21,"610872,0"
2017-11-22,"541868,0"
2017-11-23,"582929,0"
2017-11-24,"557043,0"
2017-11-25,"590665,0"
2017-11-26,"574913,0"
2017-11-27,"640222,0"
2017-11-28,"600584,0"
2017-11-29,"660439,0"
2017-11-30,"631810,0"
2017-12-01,"652412,0"
2017-12-02,"578417,0"
2017-12-03,"611244,0"
2017-12-04,"685749,0"
2017-12-05,"657529,0"
2017-12-06,"698671,0"
2017-12-07,"575537,0"
2017-12-08,"598355,0"
2017-12-09,"670014,0"
2017-12-10,"644650,0"
2017-12-11,"641127,0"
2017-12-12,"600130,0"
2017-12-13,"745641,0"
2017-12-14,"737025,0"
2017-12-15,"675609,0"
2017-12-16,"718206,0"
2017-12-17,"726850,0"
2017-12-18,"733448,0"
2017-12-19,"553293,0"
2017-12-20,"547079,0"
2017-12-21,"507175,0"
2017-12-22,"625687,0"
2017-12-23,"553035,0"
2017-12-24,"646967,0"
2017-12-25,"562596,0"
2017-12-26,"579868,0"
2017-12-27,"638320,0"
2017-12-28,"614790,0"
2017-12-29,"660586,0"
2017-12-30,"584929,0"
2017-12-31,"636548,0"
2018-01-01,"640407,0"
2018-01-02,"689876,0"
2018-01-03,"632572,0"
2018-01-04,"663090,0"
2018-01-05,"556831,0"
2018-01-06,"676732,0"
2018-01-07,"645977,0"
2018-01-08,"665084,0"
2018-01-09,"660822,0"
2018-01-10,"665155,0"
2018-01-11,"829956,0"
2018-01-12,"791698,0"
2018-01-13,"625251,0"
2018-01-14,"654489,0"
2018-01-15,"611603,0"
2018-01-16,"635637,0"
2018-01-17,"714561,0"
2018-01-18,"696226,0"
2018-01-19,"726641,0"
2018-01-20,"671555,0"
2018-01-21,"707143,0"
2018-01-22,"665397,0"
2018-01-23,"619145,0"
2018-01-24,"651683,0"
2018-01-25,"563518,0"
2018-01-26,"547025,0"
2018-01-27,"539284,0"
2018-01-28,"505386,0"
2018-01-29,"496910,0"
2018-01-30,"577088,0"
2018-01-31,"426811,0"
2018-02-01,"538308,0"
2018-02-02,"592257,0"
2018-02-03,"491521,0"
2018-02-04,"505465,0"
2018-02-05,"658112,0"
2018-02-06,"699769,0"
2018-02-07,"570933,0"
2018-02-08,"529284,0"
2018-02-09,"527186,0"
2018-02-10,"528204,0"
2018-02-11,"610878,0"
2018-02-12,"691015,0"
2018-02-13,"643351,0"
2018-02-14,"705314,0"
2018-02-15,"542606,0"
2018-02-16,"558191,0"
2018-02-17,"557691,0"
2018-02-18,"525033,0"
2018-02-19,"616922,0"
2018-02-20,"474360,0"
2018-02-21,"457510,0"
2018-02-22,"422242,0"
2018-02-23,"515748,0"
2018-02-24,"525580,0"
2018-02-25,"342906,0"
2018-02-26,"443427,0"
2018-02-27,"472538,0"
2018-02-28,"556738,0"
2018-03-01,"567981,0"
2018-03-02,"480091,0"
2018-03-03,"713850,0"
2018-03-04,"597604,0"
2018-03-05,"618623,0"
2018-03-06,"606662,0"
2018-03-07,"684361,0"
2018-03-08,"695247,0"
2018-03-09,"628333,0"
2018-03-10,"625781,0"
2018-03-11,"702248,0"
2018-03-12,"626698,0"
2018-03-13,"554937,0"
2018-03-14,"364165,0"
2018-03-15,"391222,0"
2018-03-16,"355015,0"
2018-03-17,"274395,0"
2018-03-18,"334463,0"
2018-03-19,"372286,0"
2018-03-20,"354864,0"
2018-03-21,"365283,0"
2018-03-22,"379136,0"
2018-03-23,"409129,0"
2018-03-24,"357903,0"
2018-03-25,"276437,0"
2018-03-26,"386719,0"
2018-03-27,"408363,0"
2018-03-28,"349952,0"
2018-03-29,"360236,0"
2018-03-30,"342733,0"
2018-03-31,"321188,0"
2018-04-01,"260776,0"
2018-04-02,"307204,0"
2018-04-03,"392564,0"
2018-04-04,"358853,0"
2018-04-05,"341887,0"
2018-04-06,"383287,0"
2018-04-07,"334012,0"
2018-04-08,"239963,0"
2018-04-09,"359023,0"
2018-04-10,"363517,0"
2018-04-11,"353333,0"
2018-04-12,"415946,0"
2018-04-13,"404265,0"
2018-04-14,"309840,0"
2018-04-15,"391316,0"
2018-04-16,"532272,0"
2018-04-17,"394294,0"
2018-04-18,"376652,0"
2018-04-19,"400699,0"
2018-04-20,"397243,0"
2018-04-21,"415807,0"
2018-04-22,"307431,0"
2018-04-23,"404380,0"
2018-04-24,"522677,0"
2018-04-25,"454040,0"
2018-04-26,"433603,0"
2018-04-27,"435753,0"
2018-04-28,"366428,0"
2018-04-29,"343796,0"
2018-04-30,"425486,0"
2018-05-01,"381804,0"
2018-05-02,"472064,0"
2018-05-03,"433951,0"
2018-05-04,"446080,0"
2018-05-05,"407367,0"
2018-05-06,"339249,0"
2018-05-07,"450972,0"
2018-05-08,"438996,0"
2018-05-09,"394396,0"
2018-05-10,"402132,0"
2018-05-11,"511929,0"
2018-05-12,"381050,0"
2018-05-13,"317371,0"
2018-05-14,"423290,0"
2018-05-15,"421473,0"
2018-05-16,"391992,0"
2018-05-17,"437410,0"
2018-05-18,"466271,0"
2018-05-19,"332047,0"
2018-05-20,"289945,0"
2018-05-21,"421557,0"
2018-05-22,"386912,0"
2018-05-23,"432533,0"
2018-05-24,"365712,0"
2018-05-25,"399228,0"
2018-05-26,"288128,0"
2018-05-27,"266224,0"
2018-05-28,"402478,0"
2018-05-29,"401947,0"
2018-05-30,"391704,0"
2018-05-31,"424858,0"
2018-06-01,"401811,0"
2018-06-02,"336051,0"
2018-06-03,"350865,0"
2018-06-04,"498920,0"
2018-06-05,"442109,0"
2018-06-06,"437495,0"
2018-06-07,"428971,0"
2018-06-08,"420718,0"
2018-06-09,"320984,0"
2018-06-10,"346625,0"
2018-06-11,"387604,0"
2018-06-12,"453801,0"
2018-06-13,"445567,0"
2018-06-14,"388000,0"
2018-06-15,"410942,0"
2018-06-16,"277498,0"
2018-06-17,"277033,0"
2018-06-18,"383104,0"
2018-06-19,"432950,0"
2018-06-20,"383288,0"
2018-06-21,"364379,0"
2018-06-22,"407598,0"
2018-06-23,"304133,0"
2018-06-24,"293406,0"
2018-06-25,"432340,0"
2018-06-26,"420289,0"
2018-06-27,"408677,0"
2018-06-28,"381922,0"
2018-06-29,"377704,0"
2018-06-30,"408518,0"
2018-07-01,"326090,0"
2018-07-02,"444108,0"
2018-07-03,"452633,0"
2018-07-04,"407761,0"
2018-07-05,"359493,0"
2018-07-06,"370088,0"
2018-07-07,"301937,0"
2018-07-08,"319577,0"
2018-07-09,"432080,0"
2018-07-10,"468920,0"
2018-07-11,"433827,0"
2018-07-12,"771410,0"
2018-07-13,"718880,0"
2018-07-14,"645666,0"
2018-07-15,"362519,0"
2018-07-16,"394720,0"
2018-07-17,"491572,0"
2018-07-18,"570025,0"
2018-07-19,"449065,0"
2018-07-20,"436569,0"
2018-07-21,"340737,0"
2018-07-22,"287641,0"
2018-07-23,"515864,0"
2018-07-24,"484997,0"
2018-07-25,"546412,0"
2018-07-26,"429983,0"
2018-07-27,"473558,0"
2018-07-28,"386263,0"
2018-07-29,"305206,0"
2018-07-30,"428779,0"
2018-07-31,"485257,0"
2018-08-01,"489921,0"
2018-08-02,"435881,0"
2018-08-03,"439147,0"
2018-08-04,"349564,0"
2018-08-05,"321119,0"
2018-08-06,"453933,0"
2018-08-07,"509488,0"
2018-08-08,"436195,0"
2018-08-09,"433444,0"
2018-08-10,"450913,0"
2018-08-11,"364598,0"
2018-08-12,"315390,0"
2018-08-13,"419156,0"
2018-08-14,"447293,0"
2018-08-15,"441382,0"
2018-08-16,"422226,0"
2018-08-17,"451326,0"
2018-08-18,"333868,0"
2018-08-19,"324035,0"
2018-08-20,"435258,0"
2018-08-21,"397816,0"
2018-08-22,"429125,0"
2018-08-23,"377408,0"
2018-08-24,"427495,0"
2018-08-25,"377446,0"
2018-08-26,"348721,0"
2018-08-27,"470143,0"
2018-08-28,"466705,0"
2018-08-29,"457125,0"
2018-08-30,"435118,0"
2018-08-31,"445784,0"
2018-09-01,"388290,0"
2018-09-02,"320521,0"
2018-09-03,"423713,0"
2018-09-04,"431983,0"
2018-09-05,"457209,0"
2018-09-06,"469472,0"
2018-09-07,"459679,0"
2018-09-08,"376025,0"
2018-09-09,"340072,0"
2018-09-10,"423536,0"
2018-09-11,"457062,0"
2018-09-12,"417001,0"
2018-09-13,"427057,0"
2018-09-14,"424132,0"
2018-09-15,"379869,0"
2018-09-16,"306797,0"
2018-09-17,"420370,0"
2018-09-18,"441316,0"
2018-09-19,"437181,0"
2018-09-20,"437665,0"
2018-09-21,"500079,0"
2018-09-22,"386568,0"
2018-09-23,"331594,0"
2018-09-24,"410540,0"
2018-09-25,"442408,0"
2018-09-26,"433854,0"
2018-09-27,"439527,0"
2018-09-28,"454365,0"
2018-09-29,"366674,0"
2018-09-30,"346047,0"
2018-10-01,"469105,0"
2018-10-02,"474470,0"
2018-10-03,"410749,0"
2018-10-04,"409269,0"
2018-10-05,"438778,0"
2018-10-06,"392125,0"
2018-10-07,"424853,0"
2018-10-08,"449777,0"
2018-10-09,"425197,0"
2018-10-10,"434139,0"
2018-10-11,"484681,0"
2018-10-12,"488690,0"
2018-10-13,"402090,0"
2018-10-14,"359825,0"
2018-10-15,"490747,0"
2018-10-16,"479235,0"
2018-10-17,"477052,0"
2018-10-18,"459061,0"
2018-10-19,"478914,0"
2018-10-20,"420124,0"
2018-10-21,"379612,0"
2018-10-22,"469225,0"
2018-10-23,"471800,0"
2018-10-24,"425270,0"
2018-10-25,"460890,0"
2018-10-26,"482426,0"
2018-10-27,"409545,0"
2018-10-28,"382558,0"
2018-10-29,"488371,0"
2018-10-30,"481579,0"
2018-10-31,"487005,0"
2018-11-01,"478038,0"
2018-11-02,"523513,0"
2018-11-03,"453876,0"
2018-11-04,"444679,0"
2018-11-05,"479552,0"
2018-11-06,"465880,0"
2018-11-07,"480188,0"
2018-11-08,"483594,0"
2018-11-09,"472039,0"
2018-11-10,"401323,0"
2018-11-11,"400520,0"
2018-11-12,"454165,0"
2018-11-13,"423829,0"
2018-11-14,"477986,0"
2018-11-15,"481626,0"
2018-11-16,"469206,0"
2018-11-17,"397823,0"
2018-11-18,"358586,0"
2018-11-19,"445602,0"
2018-11-20,"524145,0"
2018-11-21,"411396,0"
2018-11-22,"452713,0"
2018-11-23,"426699,0"
2018-11-24,"402961,0"
2018-11-25,"385627,0"
2018-11-26,"426676,0"
2018-11-27,"441845,0"
2018-11-28,"408614,0"
2018-11-29,"408913,0"
2018-11-30,"393436,0"
2018-12-01,"405043,0"
2018-12-02,"349480,0"
2018-12-03,"388006,0"
2018-12-04,"479130,0"
2018-12-05,"420874,0"
2018-12-06,"457736,0"
2018-12-07,"452198,0"
2018-12-08,"370467,0"
2018-12-09,"357040,0"
2018-12-10,"424334,0"
2018-12-11,"437406,0"
2018-12-12,"436203,0"
2018-12-13,"454606,0"
2018-12-14,"505257,0"
2018-12-15,"429849,0"
2018-12-16,"377131,0"
2018-12-17,"497961,0"
2018-12-18,"450172,0"
2018-12-19,"502210,0"
2018-12-20,"445490,0"
2018-12-21,"452542,0"
2018-12-22,"395860,0"
2018-12-23,"360030,0"
2018-12-24,"403583,0"
2018-12-25,"330887,0"
2018-12-26,"373138,0"
2018-12-27,"434976,0"
2018-12-28,"439468,0"
2018-12-29,"390392,0"
2018-12-30,"357225,0"
2018-12-31,"382677,0"
2019-01-01,"285300,0"
2019-01-02,"407539,0"
2019-01-03,"412217,0"
2019-01-04,"398219,0"
2019-01-05,"344782,0"
2019-01-06,"338672,0"
2019-01-07,"412776,0"
2019-01-08,"417307,0"
2019-01-09,"414021,0"
2019-01-10,"436159,0"
2019-01-11,"420416,0"
2019-01-12,"343891,0"
2019-01-13,"317600,0"
2019-01-14,"388435,0"
2019-01-15,"417800,0"
2019-01-16,"442831,0"
2019-01-17,"414038,0"
2019-01-18,"412408,0"
2019-01-19,"352976,0"
2019-01-20,"349247,0"
2019-01-21,"395628,0"
2019-01-22,"403459,0"
2019-01-23,"464273,0"
2019-01-24,"433767,0"
2019-01-25,"418463,0"
2019-01-26,"395051,0"
2019-01-27,"335305,0"
2019-01-28,"436767,0"
2019-01-29,"428382,0"
2019-01-30,"413823,0"
2019-01-31,"432618,0"
2019-02-01,"457655,0"
2019-02-02,"377269,0"
2019-02-03,"350042,0"
2019-02-04,"409771,0"
2019-02-05,"415142,0"
2019-02-06,"478567,0"
2019-02-07,"436336,0"
2019-02-08,"465394,0"
2019-02-09,"384827,0"
2019-02-10,"322583,0"
2019-02-11,"483098,0"
2019-02-12,"592770,0"
2019-02-13,"527888,0"
2019-02-14,"408626,0"
2019-02-15,"412002,0"
2019-02-16,"406247,0"
2019-02-17,"344758,0"
2019-02-18,"468988,0"
2019-02-19,"479292,0"
2019-02-20,"469196,0"
2019-02-21,"425915,0"
2019-02-22,"519666,0"
2019-02-23,"377140,0"
2019-02-24,"377302,0"
2019-02-25,"456354,0"
2019-02-26,"476143,0"
2019-02-27,"464656,0"
2019-02-28,"478501,0"
2019-03-01,"484006,0"
2019-03-02,"418196,0"
2019-03-03,"372687,0"
2019-03-04,"465796,0"
2019-03-05,"479852,0"
2019-03-06,"509354,0"
2019-03-07,"470169,0"
2019-03-08,"483180,0"
2019-03-09,"388760,0"
2019-03-10,"339341,0"
2019-03-11,"495992,0"
2019-03-12,"461913,0"
2019-03-13,"496044,0"
2019-03-14,"512178,0"
2019-03-15,"481227,0"
2019-03-16,"403874,0"
2019-03-17,"341880,0"
2019-03-18,"475671,0"
2019-03-19,"507966,0"
2019-03-20,"507776,0"
2019-03-21,"476968,0"
2019-03-22,"489202,0"
2019-03-23,"386772,0"
2019-03-24,"374279,0"
2019-03-25,"480990,0"
2019-03-26,"442463,0"
2019-03-27,"518687,0"
2019-03-28,"503341,0"
2019-03-29,"504292,0"
2019-03-30,"459206,0"
2019-03-31,"419376,0"
2019-04-01,"442542,0"
2019-04-02,"574167,0"
2019-04-03,"562537,0"
2019-04-04,"521684,0"
2019-04-05,"584681,0"
2019-04-06,"463348,0"
2019-04-07,"404594,0"
2019-04-08,"507658,0"
2019-04-09,"513562,0"
2019-04-10,"509986,0"
2019-04-11,"529046,0"
2019-04-12,"512926,0"
2019-04-13,"380784,0"
2019-04-14,"394809,0"
2019-04-15,"521664,0"
2019-04-16,"522293,0"
2019-04-17,"503073,0"
2019-04-18,"485869,0"
2019-04-19,"505492,0"
2019-04-20,"478547,0"
2019-04-21,"487685,0"
2019-04-22,"410660,0"
2019-04-23,"445725,0"
2019-04-24,"595155,0"
2019-04-25,"482788,0"
2019-04-26,"501403,0"
2019-04-27,"393580,0"
2019-04-28,"375355,0"
2019-04-29,"515179,0"
2019-04-30,"564159,0"
2019-05-01,"499908,0"
2019-05-02,"529147,0"
2019-05-03,"535217,0"
2019-05-04,"427592,0"
2019-05-05,"399210,0"
2019-05-06,"511762,0"
2019-05-07,"482015,0"
2019-05-08,"555566,0"
2019-05-09,"533946,0"
2019-05-10,"469099,0"
2019-05-11,"500456,0"
2019-05-12,"565204,0"
2019-05-13,"578004,0"
2019-05-14,"567494,0"
2019-05-15,"533105,0"
2019-05-16,"539306,0"
2019-05-17,"581371,0"
2019-05-18,"570697,0"
2019-05-19,"492625,0"
2019-05-20,"531749,0"
2019-05-21,"574427,0"
2019-05-22,"572886,0"
2019-05-23,"537152,0"
2019-05-24,"569502,0"
2019-05-25,"464422,0"
2019-05-26,"430092,0"
2019-05-27,"572389,0"
2019-05-28,"624395,0"
2019-05-29,"578095,0"
2019-05-30,"551496,0"
2019-05-31,"449394,0"
2019-06-01,"574190,0"
2019-06-02,"450398,0"
2019-06-03,"453214,0"
2019-06-04,"574185,0"
2019-06-05,"584083,0"
2019-06-06,"538899,0"
2019-06-07,"577234,0"
2019-06-08,"407462,0"
2019-06-09,"358425,0"
2019-06-10,"514376,0"
2019-06-11,"555281,0"
2019-06-12,"514956,0"
2019-06-13,"589710,0"
2019-06-14,"704387,0"
2019-06-15,"563975,0"
2019-06-16,"450770,0"
2019-06-17,"488116,0"
2019-06-18,"628866,0"
2019-06-19,"600847,0"
2019-06-20,"526642,0"
2019-06-21,"533327,0"
2019-06-22,"526855,0"
2019-06-23,"597252,0"
2019-06-24,"656000,0"
2019-06-25,"570751,0"
2019-06-26,"640343,0"
2019-06-27,"525620,0"
2019-06-28,"656579,0"
2019-06-29,"568019,0"
2019-06-30,"436747,0"
2019-07-01,"529634,0"
2019-07-02,"587641,0"
2019-07-03,"595527,0"
2019-07-04,"543883,0"
2019-07-05,"519594,0"
2019-07-06,"416782,0"
2019-07-07,"385026,0"
2019-07-08,"540909,0"
2019-07-09,"520603,0"
2019-07-10,"491541,0"
2019-07-11,"489394,0"
2019-07-12,"598986,0"
2019-07-13,"428152,0"
2019-07-14,"377600,0"
2019-07-15,"483000,0"
2019-07-16,"511693,0"
2019-07-17,"475279,0"
2019-07-18,"461415,0"
2019-07-19,"476014,0"
2019-07-20,"488402,0"
2019-07-21,"349283,0"
2019-07-22,"450999,0"
2019-07-23,"462321,0"
2019-07-24,"493089,0"
2019-07-25,"517801,0"
2019-07-26,"481997,0"
2019-07-27,"375515,0"
2019-07-28,"341869,0"
2019-07-29,"480722,0"
2019-07-30,"490114,0"
2019-07-31,"516485,0"
2019-08-01,"506643,0"
2019-08-02,"514611,0"
2019-08-03,"406105,0"
2019-08-04,"382125,0"
2019-08-05,"515994,0"
2019-08-06,"567581,0"
2019-08-07,"534118,0"
2019-08-08,"565856,0"
2019-08-09,"495671,0"
2019-08-10,"398605,0"
2019-08-11,"346447,0"
2019-08-12,"415013,0"
2019-08-13,"607450,0"
2019-08-14,"514762,0"
2019-08-15,"473640,0"
2019-08-16,"447316,0"
2019-08-17,"365139,0"
2019-08-18,"336938,0"
2019-08-19,"458593,0"
2019-08-20,"491428,0"
2019-08-21,"482992,0"
2019-08-22,"524019,0"
2019-08-23,"511754,0"
2019-08-24,"489058,0"
2019-08-25,"324607,0"
2019-08-26,"489813,0"
2019-08-27,"484317,0"
2019-08-28,"468653,0"
2019-08-29,"489850,0"
2019-08-30,"485253,0"
2019-08-31,"392479,0"
2019-09-01,"365270,0"
2019-09-02,"476935,0"
2019-09-03,"525816,0"
2019-09-04,"498905,0"
2019-09-05,"485635,0"
2019-09-06,"522463,0"
2019-09-07,"401813,0"
2019-09-08,"361312,0"
2019-09-09,"518921,0"
2019-09-10,"549969,0"
2019-09-11,"542250,0"
2019-09-12,"484089,0"
2019-09-13,"509569,0"
2019-09-14,"428903,0"
2019-09-15,"358314,0"
2019-09-16,"520355,0"
2019-09-17,"528654,0"
2019-09-18,"607631,0"
2019-09-19,"480026,0"
2019-09-20,"480785,0"
2019-09-21,"424164,0"
2019-09-22,"368331,0"
2019-09-23,"458290,0"
2019-09-24,"571009,0"
2019-09-25,"546592,0"
2019-09-26,"503756,0"
2019-09-27,"456941,0"
2019-09-28,"416026,0"
2019-09-29,"357115,0"
2019-09-30,"481875,0"
2019-10-01,"511579,0"
2019-10-02,"464604,0"
2019-10-03,"460469,0"
2019-10-04,"458633,0"
2019-10-05,"404619,0"
2019-10-06,"353051,0"
2019-10-07,"487813,0"
2019-10-08,"475181,0"
2019-10-09,"449021,0"
2019-10-10,"485899,0"
2019-10-11,"478577,0"
2019-10-12,"372160,0"
2019-10-13,"331890,0"
2019-10-14,"446407,0"
2019-10-15,"460568,0"
2019-10-16,"490956,0"
2019-10-17,"488487,0"
2019-10-18,"441003,0"
2019-10-19,"396664,0"
2019-10-20,"358201,0"
2019-10-21,"476983,0"
2019-10-22,"476922,0"
2019-10-23,"498898,0"
2019-10-24,"470409,0"
2019-10-25,"534072,0"
2019-10-26,"522366,0"
2019-10-27,"381834,0"
2019-10-28,"504523,0"
2019-10-29,"486435,0"
2019-10-30,"479217,0"
2019-10-31,"466352,0"
2019-11-01,"538211,0"
2019-11-02,"412624,0"
2019-11-03,"412535,0"
2019-11-04,"490638,0"
2019-11-05,"535707,0"
2019-11-06,"571857,0"
2019-11-07,"537071,0"
2019-11-08,"482594,0"
2019-11-09,"494692,0"
2019-11-10,"375404,0"
2019-11-11,"460717,0"
2019-11-12,"436975,0"
2019-11-13,"506043,0"
2019-11-14,"505319,0"
2019-11-15,"489795,0"
2019-11-16,"436390,0"
2019-11-17,"390681,0"
2019-11-18,"447305,0"
2019-11-19,"578252,0"
2019-11-20,"450677,0"
2019-11-21,"523092,0"
2019-11-22,"520864,0"
2019-11-23,"453025,0"
2019-11-24,"344908,0"
2019-11-25,"425844,0"
2019-11-26,"516866,0"
2019-11-27,"572891,0"
2019-11-28,"458068,0"
2019-11-29,"474647,0"
2019-11-30,"432872,0"
2019-12-01,"379655,0"
2019-12-02,"482758,0"
2019-12-03,"497424,0"
2019-12-04,"495215,0"
2019-12-05,"489079,0"
2019-12-06,"507281,0"
2019-12-07,"442215,0"
2019-12-08,"380653,0"
2019-12-09,"529656,0"
2019-12-10,"555086,0"
2019-12-11,"553875,0"
2019-12-12,"479780,0"
2019-12-13,"489109,0"
2019-12-14,"413559,0"
2019-12-15,"445437,0"
2019-12-16,"543539,0"
2019-12-17,"649066,0"
2019-12-18,"489742,0"
2019-12-19,"495414,0"
2019-12-20,"467202,0"
2019-12-21,"395206,0"
2019-12-22,"381281,0"
2019-12-23,"473045,0"
2019-12-24,"440496,0"
2019-12-25,"359284,0"
2019-12-26,"423515,0"
2019-12-27,"466783,0"
2019-12-28,"399027,0"
2019-12-29,"373392,0"
2019-12-30,"490688,0"
2019-12-31,"453407,0"
2020-01-01,"328014,0"
2020-01-02,"456645,0"
2020-01-03,"489096,0"
2020-01-04,"403524,0"
2020-01-05,"377443,0"
2020-01-06,"485586,0"
2020-01-07,"515241,0"
2020-01-08,"484950,0"
2020-01-09,"527275,0"
2020-01-10,"512904,0"
2020-01-11,"416730,0"
2020-01-12,"375123,0"
2020-01-13,"450752,0"
2020-01-14,"579844,0"
2020-01-15,"513556,0"
2020-01-16,"491616,0"
2020-01-17,"509930,0"
2020-01-18,"400593,0"
2020-01-19,"416987,0"
2020-01-20,"487853,0"
2020-01-21,"512574,0"
2020-01-22,"540608,0"
2020-01-23,"528853,0"
2020-01-24,"501426,0"
2020-01-25,"439923,0"
2020-01-26,"375398,0"
2020-01-27,"468083,0"
2020-01-28,"566112,0"
2020-01-29,"519271,0"
2020-01-30,"514771,0"
2020-01-31,"524096,0"
2020-02-01,"478143,0"
2020-02-02,"493872,0"
2020-02-03,"598876,0"
2020-02-04,"517030,0"
2020-02-05,"570797,0"
2020-02-06,"500360,0"
2020-02-07,"600904,0"
2020-02-08,"476684,0"
2020-02-09,"445238,0"
2020-02-10,"454414,0"
2020-02-11,"607410,0"
2020-02-12,"541063,0"
2020-02-13,"568813,0"
2020-02-14,"477566,0"
2020-02-15,"497544,0"
2020-02-16,"424647,0"
2020-02-17,"522718,0"
2020-02-18,"537548,0"
2020-02-19,"537370,0"
2020-02-20,"518464,0"
2020-02-21,"520189,0"
2020-02-22,"434016,0"
2020-02-23,"398650,0"
2020-02-24,"514773,0"
2020-02-25,"487024,0"
2020-02-26,"516536,0"
2020-02-27,"530527,0"
2020-02-28,"542553,0"
2020-02-29,"435781,0"
2020-03-01,"435284,0"
2020-03-02,"552534,0"
2020-03-03,"581411,0"
2020-03-04,"606560,0"
2020-03-05,"530250,0"
2020-03-06,"543549,0"
2020-03-07,"441624,0"
2020-03-08,"416657,0"
2020-03-09,"546934,0"
2020-03-10,"545490,0"
2020-03-11,"467285,0"
2020-03-12,"604780,0"
2020-03-13,"492893,0"
2020-03-14,"507589,0"
2020-03-15,"434425,0"
2020-03-16,"461691,0"
2020-03-17,"493104,0"
2020-03-18,"376733,0"
2020-03-19,"439251,0"
2020-03-20,"444729,0"
2020-03-21,"419847,0"
2020-03-22,"335085,0"
2020-03-23,"422176,0"
2020-03-24,"473989,0"
2020-03-25,"336340,0"
2020-03-26,"619682,0"
2020-03-27,"586273,0"
2020-03-28,"385993,0"
2020-03-29,"360548,0"
2020-03-30,"519211,0"
2020-03-31,"557559,0"
2020-04-01,"546284,0"
2020-04-02,"532360,0"
2020-04-03,"488626,0"
2020-04-04,"413109,0"
2020-04-05,"365208,0"
2020-04-06,"493380,0"
2020-04-07,"663378,0"
2020-04-08,"507575,0"
2020-04-09,"466026,0"
2020-04-10,"482095,0"
2020-04-11,"397375,0"
2020-04-12,"385763,0"
2020-04-13,"518128,0"
2020-04-14,"553067,0"
2020-04-15,"646396,0"
2020-04-16,"567277,0"
2020-04-17,"556147,0"
2020-04-18,"594672,0"
2020-04-19,"468660,0"
2020-04-20,"559139,0"
2020-04-21,"530441,0"
2020-04-22,"445984,0"
2020-04-23,"607437,0"
2020-04-24,"575918,0"
2020-04-25,"550206,0"
2020-04-26,"452822,0"
2020-04-27,"559413,0"
2020-04-28,"625671,0"
2020-04-29,"552961,0"
2020-04-30,"570868,0"
2020-05-01,"583268,0"
2020-05-02,"674214,0"
2020-05-03,"627911,0"
2020-05-04,"569048,0"
2020-05-05,"648525,0"
2020-05-06,"635512,0"
2020-05-07,"647978,0"
2020-05-08,"588361,0"
2020-05-09,"576569,0"
2020-05-10,"585860,0"
2020-05-11,"653312,0"
2020-05-12,"615602,0"
2020-05-13,"522859,0"
2020-05-14,"531173,0"
2020-05-15,"542501,0"
2020-05-16,"560653,0"
2020-05-17,"490361,0"
2020-05-18,"621347,0"
2020-05-19,"560607,0"
2020-05-20,"535129,0"
2020-05-21,"590035,0"
2020-05-22,"484937,0"
2020-05-23,"535140,0"
2020-05-24,"559465,0"
2020-05-25,"542744,0"
2020-05-26,"561249,0"
2020-05-27,"608254,0"
2020-05-28,"552221,0"
2020-05-29,"551132,0"
2020-05-30,"633676,0"
2020-05-31,"545591,0"
2020-06-01,"581335,0"
2020-06-02,"560024,0"
2020-06-03,"616450,0"
2020-06-04,"601692,0"
2020-06-05,"613387,0"
2020-06-06,"506658,0"
2020-06-07,"442369,0"
2020-06-08,"663201,0"
2020-06-09,"628859,0"
2020-06-10,"588889,0"
2020-06-11,"726845,0"
2020-06-12,"603787,0"
2020-06-13,"538918,0"
2020-06-14,"437790,0"
2020-06-15,"536387,0"
2020-06-16,"635373,0"
2020-06-17,"585377,0"
2020-06-18,"535371,0"
2020-06-19,"621475,0"
2020-06-20,"489993,0"
2020-06-21,"476036,0"
2020-06-22,"522513,0"
2020-06-23,"700051,0"
2020-06-24,"621188,0"
2020-06-25,"574072,0"
2020-06-26,"632147,0"
2020-06-27,"500544,0"
2020-06-28,"431854,0"
2020-06-29,"623945,0"
2020-06-30,"594561,0"
2020-07-01,"713763,0"
2020-07-02,"632901,0"
2020-07-03,"630539,0"
2020-07-04,"534814,0"
2020-07-05,"518927,0"
2020-07-06,"659345,0"
2020-07-07,"617301,0"
2020-07-08,"658494,0"
2020-07-09,"698857,0"
2020-07-10,"655237,0"
2020-07-11,"591671,0"
2020-07-12,"488763,0"
2020-07-13,"570179,0"
2020-07-14,"615274,0"
2020-07-15,"607516,0"
2020-07-16,"592245,0"
2020-07-17,"504673,0"
2020-07-18,"553498,0"
2020-07-19,"583328,0"
2020-07-20,"595249,0"
2020-07-21,"548351,0"
2020-07-22,"620205,0"
2020-07-23,"604216,0"
2020-07-24,"691870,0"
2020-07-25,"635399,0"
2020-07-26,"693702,0"
2020-07-27,"637444,0"
2020-07-28,"641600,0"
2020-07-29,"639366,0"
2020-07-30,"586252,0"
2020-07-31,"670316,0"
2020-08-01,"611274,0"
2020-08-02,"629662,0"
2020-08-03,"721501,0"
2020-08-04,"628857,0"
2020-08-05,"580505,0"
2020-08-06,"720265,0"
2020-08-07,"684157,0"
2020-08-08,"633002,0"
2020-08-09,"626585,0"
2020-08-10,"598278,0"
2020-08-11,"688949,0"
2020-08-12,"699414,0"
2020-08-13,"587941,0"
2020-08-14,"710664,0"
2020-08-15,"639572,0"
2020-08-16,"606819,0"
2020-08-17,"521150,0"
2020-08-18,"607755,0"
2020-08-19,"595251,0"
2020-08-20,"614884,0"
2020-08-21,"730314,0"
2020-08-22,"600070,0"
2020-08-23,"627675,0"
2020-08-24,"573182,0"
2020-08-25,"576732,0"
2020-08-26,"643519,0"
2020-08-27,"555615,0"
2020-08-28,"705152,0"
2020-08-29,"658925,0"
2020-08-30,"544735,0"
2020-08-31,"560006,0"
2020-09-01,"648524,0"
2020-09-02,"618091,0"
2020-09-03,"579682,0"
2020-09-04,"625856,0"
2020-09-05,"599227,0"
2020-09-06,"695956,0"
2020-09-07,"759464,0"
2020-09-08,"630745,0"
2020-09-09,"597952,0"
2020-09-10,"727757,0"
2020-09-11,"611797,0"
2020-09-12,"594145,0"
2020-09-13,"509925,0"
2020-09-14,"676472,0"
2020-09-15,"590992,0"
2020-09-16,"676606,0"
2020-09-17,"753712,0"
2020-09-18,"618112,0"
2020-09-19,"585007,0"
2020-09-20,"529010,0"
2020-09-21,"587999,0"
2020-09-22,"584511,0"
2020-09-23,"616069,0"
2020-09-24,"567344,0"
2020-09-25,"770781,0"
2020-09-26,"648873,0"
2020-09-27,"508392,0"
2020-09-28,"523828,0"
2020-09-29,"597919,0"
2020-09-30,"723577,0"
2020-10-01,"554838,0"
2020-10-02,"605476,0"
2020-10-03,"672406,0"
2020-10-04,"621309,0"
2020-10-05,"585906,0"
2020-10-06,"588196,0"
2020-10-07,"666042,0"
2020-10-08,"665537,0"
2020-10-09,"638381,0"
2020-10-10,"587804,0"
2020-10-11,"507045,0"
2020-10-12,"604092,0"
2020-10-13,"688213,0"
2020-10-14,"582581,0"
2020-10-15,"662608,0"
2020-10-16,"629111,0"
2020-10-17,"540148,0"
2020-10-18,"447525,0"
2020-10-19,"551329,0"
2020-10-20,"604951,0"
2020-10-21,"599806,0"
2020-10-22,"612912,0"
2020-10-23,"582842,0"
2020-10-24,"738154,0"
2020-10-25,"552103,0"
2020-10-26,"476790,0"
2020-10-27,"449088,0"
2020-10-28,"439451,0"
2020-10-29,"487568,0"
2020-10-30,"508761,0"
2020-10-31,"508272,0"
2020-11-01,"533185,0"
2020-11-02,"437495,0"
2020-11-03,"614093,0"
2020-11-04,"785390,0"
2020-11-05,"660884,0"
2020-11-06,"679112,0"
2020-11-07,"720048,0"
2020-11-08,"613459,0"
2020-11-09,"843429,0"
2020-11-10,"657130,0"
2020-11-11,"647237,0"
2020-11-12,"682299,0"
2020-11-13,"622040,0"
2020-11-14,"578027,0"
2020-11-15,"559028,0"
2020-11-16,"663147,0"
2020-11-17,"706546,0"
2020-11-18,"750796,0"
2020-11-19,"660869,0"
2020-11-20,"768842,0"
2020-11-21,"664034,0"
2020-11-22,"546614,0"
2020-11-23,"614205,0"
2020-11-24,"604676,0"
2020-11-25,"667140,0"
2020-11-26,"703406,0"
2020-11-27,"718366,0"
2020-11-28,"703716,0"
2020-11-29,"563015,0"
2020-11-30,"519025,0"
2020-12-01,"687581,0"
2020-12-02,"581148,0"
2020-12-03,"734993,0"
2020-12-04,"682355,0"
2020-12-05,"713681,0"
2020-12-06,"591411,0"
2020-12-07,"636452,0"
2020-12-08,"654268,0"
2020-12-09,"640704,0"
2020-12-10,"608059,0"
2020-12-11,"676839,0"
2020-12-12,"605196,0"
2020-12-13,"611100,0"
2020-12-14,"601599,0"
2020-12-15,"644895,0"
2020-12-16,"645112,0"
2020-12-17,"589572,0"
2020-12-18,"694062,0"
2020-12-19,"716929,0"
2020-12-20,"711846,0"
2020-12-21,"715418,0"
2020-12-22,"669771,0"
2020-12-23,"684823,0"
2020-12-24,"587208,0"
