Date,blockchain/utxo_spent_count
2009-01-03,"0,0"
2009-01-04,"0,0"
2009-01-05,"0,0"
2009-01-06,"0,0"
2009-01-07,"0,0"
2009-01-08,"0,0"
2009-01-09,"0,0"
2009-01-10,"0,0"
2009-01-11,"0,0"
2009-01-12,"7,0"
2009-01-13,"0,0"
2009-01-14,"3,0"
2009-01-15,"15,0"
2009-01-16,"4,0"
2009-01-17,"0,0"
2009-01-18,"3,0"
2009-01-19,"16,0"
2009-01-20,"8,0"
2009-01-21,"2,0"
2009-01-22,"10,0"
2009-01-23,"9,0"
2009-01-24,"10,0"
2009-01-25,"1,0"
2009-01-26,"20,0"
2009-01-27,"3,0"
2009-01-28,"0,0"
2009-01-29,"12,0"
2009-01-30,"0,0"
2009-01-31,"20,0"
2009-02-01,"2,0"
2009-02-02,"1,0"
2009-02-03,"18,0"
2009-02-04,"0,0"
2009-02-05,"0,0"
2009-02-06,"0,0"
2009-02-07,"24,0"
2009-02-08,"1,0"
2009-02-09,"44,0"
2009-02-10,"0,0"
2009-02-11,"14,0"
2009-02-12,"0,0"
2009-02-13,"0,0"
2009-02-14,"0,0"
2009-02-15,"13,0"
2009-02-16,"30,0"
2009-02-17,"0,0"
2009-02-18,"0,0"
2009-02-19,"16,0"
2009-02-20,"0,0"
2009-02-21,"0,0"
2009-02-22,"11,0"
2009-02-23,"0,0"
2009-02-24,"0,0"
2009-02-25,"0,0"
2009-02-26,"0,0"
2009-02-27,"36,0"
2009-02-28,"7,0"
2009-03-01,"0,0"
2009-03-02,"0,0"
2009-03-03,"8,0"
2009-03-04,"25,0"
2009-03-05,"8,0"
2009-03-06,"0,0"
2009-03-07,"0,0"
2009-03-08,"26,0"
2009-03-09,"0,0"
2009-03-10,"0,0"
2009-03-11,"0,0"
2009-03-12,"3,0"
2009-03-13,"13,0"
2009-03-14,"0,0"
2009-03-15,"0,0"
2009-03-16,"48,0"
2009-03-17,"0,0"
2009-03-18,"14,0"
2009-03-19,"0,0"
2009-03-20,"12,0"
2009-03-21,"0,0"
2009-03-22,"11,0"
2009-03-23,"0,0"
2009-03-24,"0,0"
2009-03-25,"0,0"
2009-03-26,"28,0"
2009-03-27,"0,0"
2009-03-28,"20,0"
2009-03-29,"0,0"
2009-03-30,"0,0"
2009-03-31,"32,0"
2009-04-01,"0,0"
2009-04-02,"0,0"
2009-04-03,"0,0"
2009-04-04,"0,0"
2009-04-05,"17,0"
2009-04-06,"0,0"
2009-04-07,"0,0"
2009-04-08,"0,0"
2009-04-09,"0,0"
2009-04-10,"0,0"
2009-04-11,"7,0"
2009-04-12,"8,0"
2009-04-13,"1,0"
2009-04-14,"0,0"
2009-04-15,"0,0"
2009-04-16,"0,0"
2009-04-17,"0,0"
2009-04-18,"4,0"
2009-04-19,"8,0"
2009-04-20,"115,0"
2009-04-21,"1,0"
2009-04-22,"0,0"
2009-04-23,"0,0"
2009-04-24,"0,0"
2009-04-25,"0,0"
2009-04-26,"15,0"
2009-04-27,"0,0"
2009-04-28,"0,0"
2009-04-29,"20,0"
2009-04-30,"0,0"
2009-05-01,"0,0"
2009-05-02,"15,0"
2009-05-03,"4,0"
2009-05-04,"30,0"
2009-05-05,"10,0"
2009-05-06,"0,0"
2009-05-07,"0,0"
2009-05-08,"0,0"
2009-05-09,"0,0"
2009-05-10,"0,0"
2009-05-11,"2,0"
2009-05-12,"0,0"
2009-05-13,"5,0"
2009-05-14,"4,0"
2009-05-15,"10,0"
2009-05-16,"0,0"
2009-05-17,"0,0"
2009-05-18,"0,0"
2009-05-19,"0,0"
2009-05-20,"0,0"
2009-05-21,"0,0"
2009-05-22,"0,0"
2009-05-23,"0,0"
2009-05-24,"0,0"
2009-05-25,"0,0"
2009-05-26,"0,0"
2009-05-27,"0,0"
2009-05-28,"0,0"
2009-05-29,"60,0"
2009-05-30,"0,0"
2009-05-31,"0,0"
2009-06-01,"1,0"
2009-06-02,"0,0"
2009-06-03,"0,0"
2009-06-04,"0,0"
2009-06-05,"0,0"
2009-06-06,"0,0"
2009-06-07,"0,0"
2009-06-08,"0,0"
2009-06-09,"0,0"
2009-06-10,"0,0"
2009-06-11,"0,0"
2009-06-12,"0,0"
2009-06-13,"0,0"
2009-06-14,"0,0"
2009-06-15,"0,0"
2009-06-16,"0,0"
2009-06-17,"0,0"
2009-06-18,"0,0"
2009-06-19,"0,0"
2009-06-20,"0,0"
2009-06-21,"0,0"
2009-06-22,"60,0"
2009-06-23,"0,0"
2009-06-24,"3,0"
2009-06-25,"20,0"
2009-06-26,"0,0"
2009-06-27,"0,0"
2009-06-28,"1,0"
2009-06-29,"1,0"
2009-06-30,"3,0"
2009-07-01,"2,0"
2009-07-02,"1,0"
2009-07-03,"0,0"
2009-07-04,"0,0"
2009-07-05,"0,0"
2009-07-06,"0,0"
2009-07-07,"0,0"
2009-07-08,"0,0"
2009-07-09,"0,0"
2009-07-10,"0,0"
2009-07-11,"0,0"
2009-07-12,"0,0"
2009-07-13,"0,0"
2009-07-14,"0,0"
2009-07-15,"0,0"
2009-07-16,"0,0"
2009-07-17,"0,0"
2009-07-18,"0,0"
2009-07-19,"0,0"
2009-07-20,"121,0"
2009-07-21,"0,0"
2009-07-22,"0,0"
2009-07-23,"0,0"
2009-07-24,"0,0"
2009-07-25,"0,0"
2009-07-26,"0,0"
2009-07-27,"0,0"
2009-07-28,"0,0"
2009-07-29,"2,0"
2009-07-30,"1,0"
2009-07-31,"0,0"
2009-08-01,"0,0"
2009-08-02,"0,0"
2009-08-03,"0,0"
2009-08-04,"0,0"
2009-08-05,"0,0"
2009-08-06,"0,0"
2009-08-07,"111,0"
2009-08-08,"0,0"
2009-08-09,"0,0"
2009-08-10,"0,0"
2009-08-11,"0,0"
2009-08-12,"0,0"
2009-08-13,"0,0"
2009-08-14,"0,0"
2009-08-15,"0,0"
2009-08-16,"0,0"
2009-08-17,"0,0"
2009-08-18,"0,0"
2009-08-19,"0,0"
2009-08-20,"0,0"
2009-08-21,"0,0"
2009-08-22,"0,0"
2009-08-23,"0,0"
2009-08-24,"0,0"
2009-08-25,"0,0"
2009-08-26,"48,0"
2009-08-27,"0,0"
2009-08-28,"0,0"
2009-08-29,"0,0"
2009-08-30,"1,0"
2009-08-31,"6,0"
2009-09-01,"0,0"
2009-09-02,"0,0"
2009-09-03,"14,0"
2009-09-04,"0,0"
2009-09-05,"0,0"
2009-09-06,"0,0"
2009-09-07,"13,0"
2009-09-08,"0,0"
2009-09-09,"0,0"
2009-09-10,"0,0"
2009-09-11,"0,0"
2009-09-12,"0,0"
2009-09-13,"0,0"
2009-09-14,"0,0"
2009-09-15,"0,0"
2009-09-16,"1,0"
2009-09-17,"101,0"
2009-09-18,"0,0"
2009-09-19,"0,0"
2009-09-20,"0,0"
2009-09-21,"8,0"
2009-09-22,"40,0"
2009-09-23,"0,0"
2009-09-24,"0,0"
2009-09-25,"26,0"
2009-09-26,"0,0"
2009-09-27,"16,0"
2009-09-28,"0,0"
2009-09-29,"43,0"
2009-09-30,"0,0"
2009-10-01,"0,0"
2009-10-02,"10,0"
2009-10-03,"0,0"
2009-10-04,"0,0"
2009-10-05,"0,0"
2009-10-06,"15,0"
2009-10-07,"0,0"
2009-10-08,"0,0"
2009-10-09,"0,0"
2009-10-10,"0,0"
2009-10-11,"0,0"
2009-10-12,"74,0"
2009-10-13,"0,0"
2009-10-14,"0,0"
2009-10-15,"0,0"
2009-10-16,"81,0"
2009-10-17,"0,0"
2009-10-18,"7,0"
2009-10-19,"0,0"
2009-10-20,"101,0"
2009-10-21,"18,0"
2009-10-22,"40,0"
2009-10-23,"0,0"
2009-10-24,"7,0"
2009-10-25,"0,0"
2009-10-26,"0,0"
2009-10-27,"16,0"
2009-10-28,"0,0"
2009-10-29,"41,0"
2009-10-30,"0,0"
2009-10-31,"0,0"
2009-11-01,"0,0"
2009-11-02,"0,0"
2009-11-03,"0,0"
2009-11-04,"42,0"
2009-11-05,"0,0"
2009-11-06,"0,0"
2009-11-07,"0,0"
2009-11-08,"0,0"
2009-11-09,"0,0"
2009-11-10,"0,0"
2009-11-11,"57,0"
2009-11-12,"0,0"
2009-11-13,"13,0"
2009-11-14,"0,0"
2009-11-15,"0,0"
2009-11-16,"0,0"
2009-11-17,"0,0"
2009-11-18,"0,0"
2009-11-19,"91,0"
2009-11-20,"0,0"
2009-11-21,"0,0"
2009-11-22,"0,0"
2009-11-23,"0,0"
2009-11-24,"0,0"
2009-11-25,"0,0"
2009-11-26,"0,0"
2009-11-27,"0,0"
2009-11-28,"0,0"
2009-11-29,"0,0"
2009-11-30,"0,0"
2009-12-01,"168,0"
2009-12-02,"0,0"
2009-12-03,"0,0"
2009-12-04,"0,0"
2009-12-05,"18,0"
2009-12-06,"3,0"
2009-12-07,"0,0"
2009-12-08,"30,0"
2009-12-09,"25,0"
2009-12-10,"0,0"
2009-12-11,"0,0"
2009-12-12,"67,0"
2009-12-13,"0,0"
2009-12-14,"332,0"
2009-12-15,"8,0"
2009-12-16,"17,0"
2009-12-17,"10,0"
2009-12-18,"0,0"
2009-12-19,"1,0"
2009-12-20,"0,0"
2009-12-21,"1,0"
2009-12-22,"0,0"
2009-12-23,"0,0"
2009-12-24,"0,0"
2009-12-25,"1,0"
2009-12-26,"0,0"
2009-12-27,"5,0"
2009-12-28,"0,0"
2009-12-29,"0,0"
2009-12-30,"0,0"
2009-12-31,"0,0"
2010-01-01,"2,0"
2010-01-02,"0,0"
2010-01-03,"0,0"
2010-01-04,"82,0"
2010-01-05,"0,0"
2010-01-06,"0,0"
2010-01-07,"0,0"
2010-01-08,"0,0"
2010-01-09,"0,0"
2010-01-10,"0,0"
2010-01-11,"0,0"
2010-01-12,"216,0"
2010-01-13,"2,0"
2010-01-14,"9,0"
2010-01-15,"5,0"
2010-01-16,"6,0"
2010-01-17,"0,0"
2010-01-18,"1,0"
2010-01-19,"0,0"
2010-01-20,"0,0"
2010-01-21,"18,0"
2010-01-22,"5,0"
2010-01-23,"2,0"
2010-01-24,"1,0"
2010-01-25,"61,0"
2010-01-26,"19,0"
2010-01-27,"20,0"
2010-01-28,"21,0"
2010-01-29,"19,0"
2010-01-30,"34,0"
2010-01-31,"18,0"
2010-02-01,"20,0"
2010-02-02,"21,0"
2010-02-03,"6,0"
2010-02-04,"41,0"
2010-02-05,"245,0"
2010-02-06,"30,0"
2010-02-07,"10,0"
2010-02-08,"125,0"
2010-02-09,"418,0"
2010-02-10,"606,0"
2010-02-11,"74,0"
2010-02-12,"53,0"
2010-02-13,"85,0"
2010-02-14,"58,0"
2010-02-15,"91,0"
2010-02-16,"16,0"
2010-02-17,"28,0"
2010-02-18,"58,0"
2010-02-19,"4,0"
2010-02-20,"13,0"
2010-02-21,"126,0"
2010-02-22,"267,0"
2010-02-23,"1,0"
2010-02-24,"107,0"
2010-02-25,"143,0"
2010-02-26,"20,0"
2010-02-27,"10,0"
2010-02-28,"106,0"
2010-03-01,"32,0"
2010-03-02,"40,0"
2010-03-03,"116,0"
2010-03-04,"387,0"
2010-03-05,"2,0"
2010-03-06,"93,0"
2010-03-07,"115,0"
2010-03-08,"181,0"
2010-03-09,"81,0"
2010-03-10,"42,0"
2010-03-11,"64,0"
2010-03-12,"7,0"
2010-03-13,"36,0"
2010-03-14,"10,0"
2010-03-15,"5,0"
2010-03-16,"25,0"
2010-03-17,"25,0"
2010-03-18,"81,0"
2010-03-19,"127,0"
2010-03-20,"73,0"
2010-03-21,"9,0"
2010-03-22,"40,0"
2010-03-23,"77,0"
2010-03-24,"33,0"
2010-03-25,"344,0"
2010-03-26,"76,0"
2010-03-27,"24,0"
2010-03-28,"19,0"
2010-03-29,"68,0"
2010-03-30,"11,0"
2010-03-31,"25,0"
2010-04-01,"28,0"
2010-04-02,"20,0"
2010-04-03,"25,0"
2010-04-04,"69,0"
2010-04-05,"145,0"
2010-04-06,"101,0"
2010-04-07,"105,0"
2010-04-08,"51,0"
2010-04-09,"161,0"
2010-04-10,"282,0"
2010-04-11,"173,0"
2010-04-12,"165,0"
2010-04-13,"38,0"
2010-04-14,"114,0"
2010-04-15,"698,0"
2010-04-16,"221,0"
2010-04-17,"87,0"
2010-04-18,"3337,0"
2010-04-19,"306,0"
2010-04-20,"222,0"
2010-04-21,"153,0"
2010-04-22,"60,0"
2010-04-23,"76,0"
2010-04-24,"155,0"
2010-04-25,"181,0"
2010-04-26,"106,0"
2010-04-27,"89,0"
2010-04-28,"137,0"
2010-04-29,"58,0"
2010-04-30,"46,0"
2010-05-01,"70,0"
2010-05-02,"44,0"
2010-05-03,"118,0"
2010-05-04,"207,0"
2010-05-05,"175,0"
2010-05-06,"284,0"
2010-05-07,"94,0"
2010-05-08,"279,0"
2010-05-09,"114,0"
2010-05-10,"155,0"
2010-05-11,"41,0"
2010-05-12,"136,0"
2010-05-13,"117,0"
2010-05-14,"940,0"
2010-05-15,"1025,0"
2010-05-16,"47,0"
2010-05-17,"137,0"
2010-05-18,"138,0"
2010-05-19,"137,0"
2010-05-20,"79,0"
2010-05-21,"184,0"
2010-05-22,"267,0"
2010-05-23,"201,0"
2010-05-24,"117,0"
2010-05-25,"121,0"
2010-05-26,"177,0"
2010-05-27,"186,0"
2010-05-28,"107,0"
2010-05-29,"162,0"
2010-05-30,"86,0"
2010-05-31,"96,0"
2010-06-01,"111,0"
2010-06-02,"76,0"
2010-06-03,"234,0"
2010-06-04,"65,0"
2010-06-05,"93,0"
2010-06-06,"109,0"
2010-06-07,"296,0"
2010-06-08,"132,0"
2010-06-09,"157,0"
2010-06-10,"89,0"
2010-06-11,"154,0"
2010-06-12,"120,0"
2010-06-13,"148,0"
2010-06-14,"239,0"
2010-06-15,"141,0"
2010-06-16,"169,0"
2010-06-17,"87,0"
2010-06-18,"114,0"
2010-06-19,"243,0"
2010-06-20,"96,0"
2010-06-21,"149,0"
2010-06-22,"166,0"
2010-06-23,"142,0"
2010-06-24,"157,0"
2010-06-25,"77,0"
2010-06-26,"66,0"
2010-06-27,"111,0"
2010-06-28,"119,0"
2010-06-29,"240,0"
2010-06-30,"1044,0"
2010-07-01,"196,0"
2010-07-02,"463,0"
2010-07-03,"166,0"
2010-07-04,"305,0"
2010-07-05,"183,0"
2010-07-06,"91,0"
2010-07-07,"215,0"
2010-07-08,"117,0"
2010-07-09,"118,0"
2010-07-10,"185,0"
2010-07-11,"269,0"
2010-07-12,"1951,0"
2010-07-13,"957,0"
2010-07-14,"6165,0"
2010-07-15,"2178,0"
2010-07-16,"969,0"
2010-07-17,"501,0"
2010-07-18,"612,0"
2010-07-19,"556,0"
2010-07-20,"732,0"
2010-07-21,"472,0"
2010-07-22,"295,0"
2010-07-23,"304,0"
2010-07-24,"1188,0"
2010-07-25,"3264,0"
2010-07-26,"1225,0"
2010-07-27,"477,0"
2010-07-28,"2434,0"
2010-07-29,"1751,0"
2010-07-30,"413,0"
2010-07-31,"296,0"
2010-08-01,"298,0"
2010-08-02,"314,0"
2010-08-03,"686,0"
2010-08-04,"357,0"
2010-08-05,"807,0"
2010-08-06,"408,0"
2010-08-07,"389,0"
2010-08-08,"323,0"
2010-08-09,"1400,0"
2010-08-10,"289,0"
2010-08-11,"383,0"
2010-08-12,"260,0"
2010-08-13,"689,0"
2010-08-14,"434,0"
2010-08-15,"237,0"
2010-08-16,"635,0"
2010-08-17,"292,0"
2010-08-18,"1302,0"
2010-08-19,"271,0"
2010-08-20,"388,0"
2010-08-21,"286,0"
2010-08-22,"322,0"
2010-08-23,"338,0"
2010-08-24,"753,0"
2010-08-25,"230,0"
2010-08-26,"404,0"
2010-08-27,"255,0"
2010-08-28,"355,0"
2010-08-29,"168,0"
2010-08-30,"352,0"
2010-08-31,"769,0"
2010-09-01,"548,0"
2010-09-02,"345,0"
2010-09-03,"245,0"
2010-09-04,"205,0"
2010-09-05,"299,0"
2010-09-06,"271,0"
2010-09-07,"219,0"
2010-09-08,"293,0"
2010-09-09,"337,0"
2010-09-10,"309,0"
2010-09-11,"228,0"
2010-09-12,"495,0"
2010-09-13,"493,0"
2010-09-14,"404,0"
2010-09-15,"463,0"
2010-09-16,"413,0"
2010-09-17,"772,0"
2010-09-18,"307,0"
2010-09-19,"381,0"
2010-09-20,"496,0"
2010-09-21,"1121,0"
2010-09-22,"859,0"
2010-09-23,"750,0"
2010-09-24,"468,0"
2010-09-25,"593,0"
2010-09-26,"402,0"
2010-09-27,"998,0"
2010-09-28,"1499,0"
2010-09-29,"1550,0"
2010-09-30,"393,0"
2010-10-01,"622,0"
2010-10-02,"776,0"
2010-10-03,"429,0"
2010-10-04,"581,0"
2010-10-05,"487,0"
2010-10-06,"428,0"
2010-10-07,"400,0"
2010-10-08,"583,0"
2010-10-09,"579,0"
2010-10-10,"375,0"
2010-10-11,"374,0"
2010-10-12,"390,0"
2010-10-13,"716,0"
2010-10-14,"397,0"
2010-10-15,"299,0"
2010-10-16,"582,0"
2010-10-17,"405,0"
2010-10-18,"655,0"
2010-10-19,"1134,0"
2010-10-20,"848,0"
2010-10-21,"715,0"
2010-10-22,"766,0"
2010-10-23,"584,0"
2010-10-24,"574,0"
2010-10-25,"464,0"
2010-10-26,"487,0"
2010-10-27,"767,0"
2010-10-28,"623,0"
2010-10-29,"602,0"
2010-10-30,"359,0"
2010-10-31,"335,0"
2010-11-01,"346,0"
2010-11-02,"226,0"
2010-11-03,"316,0"
2010-11-04,"346,0"
2010-11-05,"607,0"
2010-11-06,"358,0"
2010-11-07,"411,0"
2010-11-08,"1232,0"
2010-11-09,"390,0"
2010-11-10,"353,0"
2010-11-11,"341,0"
2010-11-12,"240,0"
2010-11-13,"301,0"
2010-11-14,"597,0"
2010-11-15,"7718,0"
2010-11-16,"9155,0"
2010-11-17,"383,0"
2010-11-18,"1386,0"
2010-11-19,"9694,0"
2010-11-20,"9750,0"
2010-11-21,"10181,0"
2010-11-22,"347,0"
2010-11-23,"399,0"
2010-11-24,"4306,0"
2010-11-25,"8182,0"
2010-11-26,"1515,0"
2010-11-27,"489,0"
2010-11-28,"385,0"
2010-11-29,"547,0"
2010-11-30,"434,0"
2010-12-01,"684,0"
2010-12-02,"479,0"
2010-12-03,"540,0"
2010-12-04,"423,0"
2010-12-05,"337,0"
2010-12-06,"336,0"
2010-12-07,"700,0"
2010-12-08,"481,0"
2010-12-09,"490,0"
2010-12-10,"334,0"
2010-12-11,"599,0"
2010-12-12,"648,0"
2010-12-13,"1218,0"
2010-12-14,"639,0"
2010-12-15,"631,0"
2010-12-16,"560,0"
2010-12-17,"632,0"
2010-12-18,"473,0"
2010-12-19,"785,0"
2010-12-20,"1064,0"
2010-12-21,"654,0"
2010-12-22,"772,0"
2010-12-23,"579,0"
2010-12-24,"514,0"
2010-12-25,"577,0"
2010-12-26,"606,0"
2010-12-27,"809,0"
2010-12-28,"663,0"
2010-12-29,"625,0"
2010-12-30,"675,0"
2010-12-31,"535,0"
2011-01-01,"748,0"
2011-01-02,"690,0"
2011-01-03,"1723,0"
2011-01-04,"971,0"
2011-01-05,"1621,0"
2011-01-06,"903,0"
2011-01-07,"1066,0"
2011-01-08,"1555,0"
2011-01-09,"1424,0"
2011-01-10,"1491,0"
2011-01-11,"1627,0"
2011-01-12,"1280,0"
2011-01-13,"1655,0"
2011-01-14,"1600,0"
2011-01-15,"1205,0"
2011-01-16,"1174,0"
2011-01-17,"886,0"
2011-01-18,"1067,0"
2011-01-19,"1157,0"
2011-01-20,"978,0"
2011-01-21,"1599,0"
2011-01-22,"2269,0"
2011-01-23,"1622,0"
2011-01-24,"1773,0"
2011-01-25,"991,0"
2011-01-26,"1201,0"
2011-01-27,"1250,0"
2011-01-28,"1324,0"
2011-01-29,"2059,0"
2011-01-30,"4419,0"
2011-01-31,"2237,0"
2011-02-01,"1932,0"
2011-02-02,"1212,0"
2011-02-03,"937,0"
2011-02-04,"1161,0"
2011-02-05,"1166,0"
2011-02-06,"1260,0"
2011-02-07,"1019,0"
2011-02-08,"1024,0"
2011-02-09,"1481,0"
2011-02-10,"2885,0"
2011-02-11,"2967,0"
2011-02-12,"2475,0"
2011-02-13,"2244,0"
2011-02-14,"3325,0"
2011-02-15,"2687,0"
2011-02-16,"2438,0"
2011-02-17,"2709,0"
2011-02-18,"3018,0"
2011-02-19,"2049,0"
2011-02-20,"2269,0"
2011-02-21,"2198,0"
2011-02-22,"2776,0"
2011-02-23,"2823,0"
2011-02-24,"2749,0"
2011-02-25,"2586,0"
2011-02-26,"2550,0"
2011-02-27,"2967,0"
2011-02-28,"2379,0"
2011-03-01,"3727,0"
2011-03-02,"2675,0"
2011-03-03,"3795,0"
2011-03-04,"2936,0"
2011-03-05,"3759,0"
2011-03-06,"2644,0"
2011-03-07,"2677,0"
2011-03-08,"3521,0"
2011-03-09,"2690,0"
2011-03-10,"2274,0"
2011-03-11,"2691,0"
2011-03-12,"3671,0"
2011-03-13,"3430,0"
2011-03-14,"3916,0"
2011-03-15,"4048,0"
2011-03-16,"4214,0"
2011-03-17,"4046,0"
2011-03-18,"3281,0"
2011-03-19,"4014,0"
2011-03-20,"6152,0"
2011-03-21,"6856,0"
2011-03-22,"3028,0"
2011-03-23,"6172,0"
2011-03-24,"3320,0"
2011-03-25,"3091,0"
2011-03-26,"4801,0"
2011-03-27,"4089,0"
2011-03-28,"4595,0"
2011-03-29,"3803,0"
2011-03-30,"2679,0"
2011-03-31,"3312,0"
2011-04-01,"2592,0"
2011-04-02,"2618,0"
2011-04-03,"2482,0"
2011-04-04,"3492,0"
2011-04-05,"3142,0"
2011-04-06,"2800,0"
2011-04-07,"2489,0"
2011-04-08,"2896,0"
2011-04-09,"2582,0"
2011-04-10,"2816,0"
2011-04-11,"3398,0"
2011-04-12,"4084,0"
2011-04-13,"4101,0"
2011-04-14,"4244,0"
2011-04-15,"4401,0"
2011-04-16,"4912,0"
2011-04-17,"3512,0"
2011-04-18,"4742,0"
2011-04-19,"5433,0"
2011-04-20,"5974,0"
2011-04-21,"2861,0"
2011-04-22,"3309,0"
2011-04-23,"4162,0"
2011-04-24,"4137,0"
2011-04-25,"5123,0"
2011-04-26,"5424,0"
2011-04-27,"8792,0"
2011-04-28,"5474,0"
2011-04-29,"5813,0"
2011-04-30,"8098,0"
2011-05-01,"7532,0"
2011-05-02,"4888,0"
2011-05-03,"5151,0"
2011-05-04,"5215,0"
2011-05-05,"6378,0"
2011-05-06,"5747,0"
2011-05-07,"5758,0"
2011-05-08,"5040,0"
2011-05-09,"6353,0"
2011-05-10,"6506,0"
2011-05-11,"6052,0"
2011-05-12,"6248,0"
2011-05-13,"8847,0"
2011-05-14,"8042,0"
2011-05-15,"7406,0"
2011-05-16,"8257,0"
2011-05-17,"7992,0"
2011-05-18,"10086,0"
2011-05-19,"8315,0"
2011-05-20,"8980,0"
2011-05-21,"8514,0"
2011-05-22,"8613,0"
2011-05-23,"10014,0"
2011-05-24,"9586,0"
2011-05-25,"11063,0"
2011-05-26,"12474,0"
2011-05-27,"8117,0"
2011-05-28,"8368,0"
2011-05-29,"8066,0"
2011-05-30,"9276,0"
2011-05-31,"11254,0"
2011-06-01,"11852,0"
2011-06-02,"13694,0"
2011-06-03,"18376,0"
2011-06-04,"16458,0"
2011-06-05,"13994,0"
2011-06-06,"18841,0"
2011-06-07,"15857,0"
2011-06-08,"26010,0"
2011-06-09,"22779,0"
2011-06-10,"20636,0"
2011-06-11,"18978,0"
2011-06-12,"23080,0"
2011-06-13,"21621,0"
2011-06-14,"23644,0"
2011-06-15,"23568,0"
2011-06-16,"24131,0"
2011-06-17,"21493,0"
2011-06-18,"20188,0"
2011-06-19,"21114,0"
2011-06-20,"17853,0"
2011-06-21,"16539,0"
2011-06-22,"17619,0"
2011-06-23,"16584,0"
2011-06-24,"18198,0"
2011-06-25,"17314,0"
2011-06-26,"18955,0"
2011-06-27,"23769,0"
2011-06-28,"19490,0"
2011-06-29,"17784,0"
2011-06-30,"17308,0"
2011-07-01,"18679,0"
2011-07-02,"13709,0"
2011-07-03,"14063,0"
2011-07-04,"17153,0"
2011-07-05,"17521,0"
2011-07-06,"20697,0"
2011-07-07,"16432,0"
2011-07-08,"14868,0"
2011-07-09,"13966,0"
2011-07-10,"15768,0"
2011-07-11,"18018,0"
2011-07-12,"14405,0"
2011-07-13,"15270,0"
2011-07-14,"15010,0"
2011-07-15,"13246,0"
2011-07-16,"15273,0"
2011-07-17,"15075,0"
2011-07-18,"20344,0"
2011-07-19,"17934,0"
2011-07-20,"16084,0"
2011-07-21,"15260,0"
2011-07-22,"16105,0"
2011-07-23,"13580,0"
2011-07-24,"14976,0"
2011-07-25,"18399,0"
2011-07-26,"16098,0"
2011-07-27,"15121,0"
2011-07-28,"15393,0"
2011-07-29,"12287,0"
2011-07-30,"10354,0"
2011-07-31,"13960,0"
2011-08-01,"15720,0"
2011-08-02,"16833,0"
2011-08-03,"15521,0"
2011-08-04,"15288,0"
2011-08-05,"12869,0"
2011-08-06,"13586,0"
2011-08-07,"11530,0"
2011-08-08,"16128,0"
2011-08-09,"17753,0"
2011-08-10,"15046,0"
2011-08-11,"13331,0"
2011-08-12,"12788,0"
2011-08-13,"13440,0"
2011-08-14,"14421,0"
2011-08-15,"17129,0"
2011-08-16,"17725,0"
2011-08-17,"15209,0"
2011-08-18,"13092,0"
2011-08-19,"15100,0"
2011-08-20,"12749,0"
2011-08-21,"13297,0"
2011-08-22,"14332,0"
2011-08-23,"13113,0"
2011-08-24,"13059,0"
2011-08-25,"13009,0"
2011-08-26,"14652,0"
2011-08-27,"12939,0"
2011-08-28,"9953,0"
2011-08-29,"14826,0"
2011-08-30,"13812,0"
2011-08-31,"12723,0"
2011-09-01,"13457,0"
2011-09-02,"12467,0"
2011-09-03,"10710,0"
2011-09-04,"12803,0"
2011-09-05,"13308,0"
2011-09-06,"15585,0"
2011-09-07,"13313,0"
2011-09-08,"12380,0"
2011-09-09,"18072,0"
2011-09-10,"12890,0"
2011-09-11,"13103,0"
2011-09-12,"13799,0"
2011-09-13,"11785,0"
2011-09-14,"11473,0"
2011-09-15,"12543,0"
2011-09-16,"11593,0"
2011-09-17,"10038,0"
2011-09-18,"10598,0"
2011-09-19,"13740,0"
2011-09-20,"17179,0"
2011-09-21,"17109,0"
2011-09-22,"11133,0"
2011-09-23,"10659,0"
2011-09-24,"10951,0"
2011-09-25,"10420,0"
2011-09-26,"9762,0"
2011-09-27,"10907,0"
2011-09-28,"10621,0"
2011-09-29,"9766,0"
2011-09-30,"10593,0"
2011-10-01,"10171,0"
2011-10-02,"9119,0"
2011-10-03,"11393,0"
2011-10-04,"11319,0"
2011-10-05,"10709,0"
2011-10-06,"11523,0"
2011-10-07,"10783,0"
2011-10-08,"9962,0"
2011-10-09,"10168,0"
2011-10-10,"10545,0"
2011-10-11,"12053,0"
2011-10-12,"11425,0"
2011-10-13,"9395,0"
2011-10-14,"11696,0"
2011-10-15,"10145,0"
2011-10-16,"9488,0"
2011-10-17,"12029,0"
2011-10-18,"9305,0"
2011-10-19,"9623,0"
2011-10-20,"8089,0"
2011-10-21,"8359,0"
2011-10-22,"9478,0"
2011-10-23,"9900,0"
2011-10-24,"10613,0"
2011-10-25,"9353,0"
2011-10-26,"9729,0"
2011-10-27,"8376,0"
2011-10-28,"9999,0"
2011-10-29,"10889,0"
2011-10-30,"9043,0"
2011-10-31,"8994,0"
2011-11-01,"10173,0"
2011-11-02,"10282,0"
2011-11-03,"10695,0"
2011-11-04,"12290,0"
2011-11-05,"11027,0"
2011-11-06,"8084,0"
2011-11-07,"10564,0"
2011-11-08,"11854,0"
2011-11-09,"12043,0"
2011-11-10,"12256,0"
2011-11-11,"10033,0"
2011-11-12,"9587,0"
2011-11-13,"9107,0"
2011-11-14,"11690,0"
2011-11-15,"11859,0"
2011-11-16,"11643,0"
2011-11-17,"10036,0"
2011-11-18,"9627,0"
2011-11-19,"8978,0"
2011-11-20,"10828,0"
2011-11-21,"8602,0"
2011-11-22,"10524,0"
2011-11-23,"10111,0"
2011-11-24,"10319,0"
2011-11-25,"10067,0"
2011-11-26,"9323,0"
2011-11-27,"9072,0"
2011-11-28,"11481,0"
2011-11-29,"13746,0"
2011-11-30,"15309,0"
2011-12-01,"13294,0"
2011-12-02,"12050,0"
2011-12-03,"11120,0"
2011-12-04,"10187,0"
2011-12-05,"11490,0"
2011-12-06,"15062,0"
2011-12-07,"12134,0"
2011-12-08,"12614,0"
2011-12-09,"10493,0"
2011-12-10,"10443,0"
2011-12-11,"12356,0"
2011-12-12,"11004,0"
2011-12-13,"10993,0"
2011-12-14,"10604,0"
2011-12-15,"8544,0"
2011-12-16,"10735,0"
2011-12-17,"9787,0"
2011-12-18,"8490,0"
2011-12-19,"12490,0"
2011-12-20,"15746,0"
2011-12-21,"10883,0"
2011-12-22,"11340,0"
2011-12-23,"10413,0"
2011-12-24,"8555,0"
2011-12-25,"9828,0"
2011-12-26,"10767,0"
2011-12-27,"10512,0"
2011-12-28,"9964,0"
2011-12-29,"10333,0"
2011-12-30,"9421,0"
2011-12-31,"11281,0"
2012-01-01,"12053,0"
2012-01-02,"13486,0"
2012-01-03,"13290,0"
2012-01-04,"13351,0"
2012-01-05,"16918,0"
2012-01-06,"17402,0"
2012-01-07,"14062,0"
2012-01-08,"14984,0"
2012-01-09,"15402,0"
2012-01-10,"19789,0"
2012-01-11,"19738,0"
2012-01-12,"14058,0"
2012-01-13,"13456,0"
2012-01-14,"13114,0"
2012-01-15,"12997,0"
2012-01-16,"15393,0"
2012-01-17,"13619,0"
2012-01-18,"14250,0"
2012-01-19,"14131,0"
2012-01-20,"13403,0"
2012-01-21,"13455,0"
2012-01-22,"9742,0"
2012-01-23,"11089,0"
2012-01-24,"14987,0"
2012-01-25,"16598,0"
2012-01-26,"13584,0"
2012-01-27,"13503,0"
2012-01-28,"12206,0"
2012-01-29,"13306,0"
2012-01-30,"11801,0"
2012-01-31,"14715,0"
2012-02-01,"12876,0"
2012-02-02,"15344,0"
2012-02-03,"14427,0"
2012-02-04,"14772,0"
2012-02-05,"13299,0"
2012-02-06,"12105,0"
2012-02-07,"13360,0"
2012-02-08,"13286,0"
2012-02-09,"14871,0"
2012-02-10,"17036,0"
2012-02-11,"15508,0"
2012-02-12,"13448,0"
2012-02-13,"15939,0"
2012-02-14,"19893,0"
2012-02-15,"17942,0"
2012-02-16,"20420,0"
2012-02-17,"12802,0"
2012-02-18,"12175,0"
2012-02-19,"11377,0"
2012-02-20,"11781,0"
2012-02-21,"13408,0"
2012-02-22,"13749,0"
2012-02-23,"16826,0"
2012-02-24,"14874,0"
2012-02-25,"13348,0"
2012-02-26,"12073,0"
2012-02-27,"13415,0"
2012-02-28,"13690,0"
2012-02-29,"13440,0"
2012-03-01,"15724,0"
2012-03-02,"17042,0"
2012-03-03,"10007,0"
2012-03-04,"12841,0"
2012-03-05,"15938,0"
2012-03-06,"14535,0"
2012-03-07,"12978,0"
2012-03-08,"13723,0"
2012-03-09,"13966,0"
2012-03-10,"13805,0"
2012-03-11,"11502,0"
2012-03-12,"13046,0"
2012-03-13,"18395,0"
2012-03-14,"16482,0"
2012-03-15,"13741,0"
2012-03-16,"13677,0"
2012-03-17,"13635,0"
2012-03-18,"11526,0"
2012-03-19,"13651,0"
2012-03-20,"13668,0"
2012-03-21,"13648,0"
2012-03-22,"13477,0"
2012-03-23,"11970,0"
2012-03-24,"11861,0"
2012-03-25,"12746,0"
2012-03-26,"14439,0"
2012-03-27,"13480,0"
2012-03-28,"14880,0"
2012-03-29,"15046,0"
2012-03-30,"13874,0"
2012-03-31,"12145,0"
2012-04-01,"11730,0"
2012-04-02,"14063,0"
2012-04-03,"16641,0"
2012-04-04,"14457,0"
2012-04-05,"16207,0"
2012-04-06,"16055,0"
2012-04-07,"12166,0"
2012-04-08,"11898,0"
2012-04-09,"13219,0"
2012-04-10,"16587,0"
2012-04-11,"16889,0"
2012-04-12,"16990,0"
2012-04-13,"14474,0"
2012-04-14,"15725,0"
2012-04-15,"14254,0"
2012-04-16,"18736,0"
2012-04-17,"18119,0"
2012-04-18,"19942,0"
2012-04-19,"16991,0"
2012-04-20,"20288,0"
2012-04-21,"15684,0"
2012-04-22,"13453,0"
2012-04-23,"15273,0"
2012-04-24,"15551,0"
2012-04-25,"15658,0"
2012-04-26,"18994,0"
2012-04-27,"15427,0"
2012-04-28,"14885,0"
2012-04-29,"15171,0"
2012-04-30,"19089,0"
2012-05-01,"21897,0"
2012-05-02,"21842,0"
2012-05-03,"27746,0"
2012-05-04,"28707,0"
2012-05-05,"26052,0"
2012-05-06,"26909,0"
2012-05-07,"37619,0"
2012-05-08,"35767,0"
2012-05-09,"37131,0"
2012-05-10,"25026,0"
2012-05-11,"39604,0"
2012-05-12,"37244,0"
2012-05-13,"29666,0"
2012-05-14,"57713,0"
2012-05-15,"46362,0"
2012-05-16,"39751,0"
2012-05-17,"36267,0"
2012-05-18,"50225,0"
2012-05-19,"71899,0"
2012-05-20,"63360,0"
2012-05-21,"64089,0"
2012-05-22,"48139,0"
2012-05-23,"56704,0"
2012-05-24,"54610,0"
2012-05-25,"58499,0"
2012-05-26,"47731,0"
2012-05-27,"53814,0"
2012-05-28,"62145,0"
2012-05-29,"62105,0"
2012-05-30,"53623,0"
2012-05-31,"44531,0"
2012-06-01,"56985,0"
2012-06-02,"26846,0"
2012-06-03,"68163,0"
2012-06-04,"96067,0"
2012-06-05,"88931,0"
2012-06-06,"34229,0"
2012-06-07,"68893,0"
2012-06-08,"52032,0"
2012-06-09,"68846,0"
2012-06-10,"80682,0"
2012-06-11,"66461,0"
2012-06-12,"43522,0"
2012-06-13,"115382,0"
2012-06-14,"134388,0"
2012-06-15,"117765,0"
2012-06-16,"93750,0"
2012-06-17,"87696,0"
2012-06-18,"83865,0"
2012-06-19,"79577,0"
2012-06-20,"72039,0"
2012-06-21,"59492,0"
2012-06-22,"52926,0"
2012-06-23,"49574,0"
2012-06-24,"48724,0"
2012-06-25,"60531,0"
2012-06-26,"61997,0"
2012-06-27,"63654,0"
2012-06-28,"55388,0"
2012-06-29,"44747,0"
2012-06-30,"44613,0"
2012-07-01,"38094,0"
2012-07-02,"49494,0"
2012-07-03,"45025,0"
2012-07-04,"47729,0"
2012-07-05,"45816,0"
2012-07-06,"49432,0"
2012-07-07,"50902,0"
2012-07-08,"42467,0"
2012-07-09,"51291,0"
2012-07-10,"72599,0"
2012-07-11,"65697,0"
2012-07-12,"51115,0"
2012-07-13,"54960,0"
2012-07-14,"46911,0"
2012-07-15,"54370,0"
2012-07-16,"68492,0"
2012-07-17,"75257,0"
2012-07-18,"72431,0"
2012-07-19,"70252,0"
2012-07-20,"78156,0"
2012-07-21,"70559,0"
2012-07-22,"66348,0"
2012-07-23,"65167,0"
2012-07-24,"58433,0"
2012-07-25,"53490,0"
2012-07-26,"62850,0"
2012-07-27,"52045,0"
2012-07-28,"65948,0"
2012-07-29,"68952,0"
2012-07-30,"75054,0"
2012-07-31,"84802,0"
2012-08-01,"62684,0"
2012-08-02,"68100,0"
2012-08-03,"54960,0"
2012-08-04,"59923,0"
2012-08-05,"64253,0"
2012-08-06,"67220,0"
2012-08-07,"54206,0"
2012-08-08,"78393,0"
2012-08-09,"62727,0"
2012-08-10,"53553,0"
2012-08-11,"60943,0"
2012-08-12,"64590,0"
2012-08-13,"92991,0"
2012-08-14,"69098,0"
2012-08-15,"114258,0"
2012-08-16,"93662,0"
2012-08-17,"83014,0"
2012-08-18,"71304,0"
2012-08-19,"88601,0"
2012-08-20,"75337,0"
2012-08-21,"80160,0"
2012-08-22,"73580,0"
2012-08-23,"58670,0"
2012-08-24,"60424,0"
2012-08-25,"63401,0"
2012-08-26,"57423,0"
2012-08-27,"64620,0"
2012-08-28,"57810,0"
2012-08-29,"63705,0"
2012-08-30,"66529,0"
2012-08-31,"77954,0"
2012-09-01,"78370,0"
2012-09-02,"65869,0"
2012-09-03,"76745,0"
2012-09-04,"83958,0"
2012-09-05,"85032,0"
2012-09-06,"84665,0"
2012-09-07,"66581,0"
2012-09-08,"62903,0"
2012-09-09,"60065,0"
2012-09-10,"67028,0"
2012-09-11,"75508,0"
2012-09-12,"55914,0"
2012-09-13,"61271,0"
2012-09-14,"75555,0"
2012-09-15,"54754,0"
2012-09-16,"61173,0"
2012-09-17,"50882,0"
2012-09-18,"65826,0"
2012-09-19,"65096,0"
2012-09-20,"59519,0"
2012-09-21,"63862,0"
2012-09-22,"53943,0"
2012-09-23,"58527,0"
2012-09-24,"61288,0"
2012-09-25,"45204,0"
2012-09-26,"68362,0"
2012-09-27,"58076,0"
2012-09-28,"68840,0"
2012-09-29,"53262,0"
2012-09-30,"47690,0"
2012-10-01,"56549,0"
2012-10-02,"73246,0"
2012-10-03,"66490,0"
2012-10-04,"75438,0"
2012-10-05,"74269,0"
2012-10-06,"73427,0"
2012-10-07,"77173,0"
2012-10-08,"80888,0"
2012-10-09,"77051,0"
2012-10-10,"65706,0"
2012-10-11,"58139,0"
2012-10-12,"61481,0"
2012-10-13,"71895,0"
2012-10-14,"60029,0"
2012-10-15,"68409,0"
2012-10-16,"75707,0"
2012-10-17,"73727,0"
2012-10-18,"68876,0"
2012-10-19,"60606,0"
2012-10-20,"69822,0"
2012-10-21,"86466,0"
2012-10-22,"87998,0"
2012-10-23,"74801,0"
2012-10-24,"70804,0"
2012-10-25,"62970,0"
2012-10-26,"50882,0"
2012-10-27,"37932,0"
2012-10-28,"40662,0"
2012-10-29,"55296,0"
2012-10-30,"64749,0"
2012-10-31,"62295,0"
2012-11-01,"51706,0"
2012-11-02,"61136,0"
2012-11-03,"50156,0"
2012-11-04,"54657,0"
2012-11-05,"72337,0"
2012-11-06,"68633,0"
2012-11-07,"78129,0"
2012-11-08,"70680,0"
2012-11-09,"54704,0"
2012-11-10,"60919,0"
2012-11-11,"48075,0"
2012-11-12,"51335,0"
2012-11-13,"57739,0"
2012-11-14,"62400,0"
2012-11-15,"76884,0"
2012-11-16,"84997,0"
2012-11-17,"72567,0"
2012-11-18,"73004,0"
2012-11-19,"78749,0"
2012-11-20,"77758,0"
2012-11-21,"88776,0"
2012-11-22,"66639,0"
2012-11-23,"75856,0"
2012-11-24,"63063,0"
2012-11-25,"80930,0"
2012-11-26,"79210,0"
2012-11-27,"62603,0"
2012-11-28,"80439,0"
2012-11-29,"82047,0"
2012-11-30,"61818,0"
2012-12-01,"71448,0"
2012-12-02,"45354,0"
2012-12-03,"48779,0"
2012-12-04,"72486,0"
2012-12-05,"77875,0"
2012-12-06,"83304,0"
2012-12-07,"67523,0"
2012-12-08,"67152,0"
2012-12-09,"69810,0"
2012-12-10,"78801,0"
2012-12-11,"77896,0"
2012-12-12,"79951,0"
2012-12-13,"95867,0"
2012-12-14,"83717,0"
2012-12-15,"67419,0"
2012-12-16,"74622,0"
2012-12-17,"82074,0"
2012-12-18,"105935,0"
2012-12-19,"91275,0"
2012-12-20,"77228,0"
2012-12-21,"91557,0"
2012-12-22,"99057,0"
2012-12-23,"76466,0"
2012-12-24,"84551,0"
2012-12-25,"57555,0"
2012-12-26,"86853,0"
2012-12-27,"96037,0"
2012-12-28,"99364,0"
2012-12-29,"84954,0"
2012-12-30,"88227,0"
2012-12-31,"64810,0"
2013-01-01,"66728,0"
2013-01-02,"80457,0"
2013-01-03,"81311,0"
2013-01-04,"101303,0"
2013-01-05,"76998,0"
2013-01-06,"67188,0"
2013-01-07,"82526,0"
2013-01-08,"95418,0"
2013-01-09,"90660,0"
2013-01-10,"113384,0"
2013-01-11,"102875,0"
2013-01-12,"92975,0"
2013-01-13,"103132,0"
2013-01-14,"94982,0"
2013-01-15,"89256,0"
2013-01-16,"111761,0"
2013-01-17,"106055,0"
2013-01-18,"105767,0"
2013-01-19,"114926,0"
2013-01-20,"85452,0"
2013-01-21,"87225,0"
2013-01-22,"99589,0"
2013-01-23,"102880,0"
2013-01-24,"113783,0"
2013-01-25,"105704,0"
2013-01-26,"111723,0"
2013-01-27,"113817,0"
2013-01-28,"116304,0"
2013-01-29,"116980,0"
2013-01-30,"91651,0"
2013-01-31,"112019,0"
2013-02-01,"122899,0"
2013-02-02,"114561,0"
2013-02-03,"130832,0"
2013-02-04,"119065,0"
2013-02-05,"110903,0"
2013-02-06,"87975,0"
2013-02-07,"127403,0"
2013-02-08,"127396,0"
2013-02-09,"119801,0"
2013-02-10,"116636,0"
2013-02-11,"123996,0"
2013-02-12,"126598,0"
2013-02-13,"127883,0"
2013-02-14,"112648,0"
2013-02-15,"122434,0"
2013-02-16,"109335,0"
2013-02-17,"110771,0"
2013-02-18,"108255,0"
2013-02-19,"119900,0"
2013-02-20,"135717,0"
2013-02-21,"117115,0"
2013-02-22,"132546,0"
2013-02-23,"124931,0"
2013-02-24,"116386,0"
2013-02-25,"142164,0"
2013-02-26,"135636,0"
2013-02-27,"130786,0"
2013-02-28,"135371,0"
2013-03-01,"139409,0"
2013-03-02,"121855,0"
2013-03-03,"117865,0"
2013-03-04,"137625,0"
2013-03-05,"127430,0"
2013-03-06,"143093,0"
2013-03-07,"153109,0"
2013-03-08,"121024,0"
2013-03-09,"124507,0"
2013-03-10,"156948,0"
2013-03-11,"130457,0"
2013-03-12,"115170,0"
2013-03-13,"122956,0"
2013-03-14,"129985,0"
2013-03-15,"136108,0"
2013-03-16,"80330,0"
2013-03-17,"78640,0"
2013-03-18,"95747,0"
2013-03-19,"106605,0"
2013-03-20,"102969,0"
2013-03-21,"131231,0"
2013-03-22,"140650,0"
2013-03-23,"127774,0"
2013-03-24,"114400,0"
2013-03-25,"114139,0"
2013-03-26,"114110,0"
2013-03-27,"116684,0"
2013-03-28,"153762,0"
2013-03-29,"145373,0"
2013-03-30,"155691,0"
2013-03-31,"119023,0"
2013-04-01,"128858,0"
2013-04-02,"146903,0"
2013-04-03,"148694,0"
2013-04-04,"158999,0"
2013-04-05,"139727,0"
2013-04-06,"115725,0"
2013-04-07,"148642,0"
2013-04-08,"136394,0"
2013-04-09,"149086,0"
2013-04-10,"152670,0"
2013-04-11,"163470,0"
2013-04-12,"132350,0"
2013-04-13,"111641,0"
2013-04-14,"123298,0"
2013-04-15,"119538,0"
2013-04-16,"149365,0"
2013-04-17,"128208,0"
2013-04-18,"99824,0"
2013-04-19,"134687,0"
2013-04-20,"113042,0"
2013-04-21,"100235,0"
2013-04-22,"100621,0"
2013-04-23,"136831,0"
2013-04-24,"159289,0"
2013-04-25,"140352,0"
2013-04-26,"123488,0"
2013-04-27,"98762,0"
2013-04-28,"91670,0"
2013-04-29,"116812,0"
2013-04-30,"126661,0"
2013-05-01,"118493,0"
2013-05-02,"121360,0"
2013-05-03,"115837,0"
2013-05-04,"111490,0"
2013-05-05,"115789,0"
2013-05-06,"124813,0"
2013-05-07,"128303,0"
2013-05-08,"114503,0"
2013-05-09,"143481,0"
2013-05-10,"149264,0"
2013-05-11,"163158,0"
2013-05-12,"141443,0"
2013-05-13,"134450,0"
2013-05-14,"143951,0"
2013-05-15,"142679,0"
2013-05-16,"133259,0"
2013-05-17,"131675,0"
2013-05-18,"119014,0"
2013-05-19,"103094,0"
2013-05-20,"105742,0"
2013-05-21,"121923,0"
2013-05-22,"114739,0"
2013-05-23,"133354,0"
2013-05-24,"126958,0"
2013-05-25,"116450,0"
2013-05-26,"103281,0"
2013-05-27,"122107,0"
2013-05-28,"125923,0"
2013-05-29,"126535,0"
2013-05-30,"130973,0"
2013-05-31,"121107,0"
2013-06-01,"125636,0"
2013-06-02,"114068,0"
2013-06-03,"128906,0"
2013-06-04,"131082,0"
2013-06-05,"125949,0"
2013-06-06,"123090,0"
2013-06-07,"118958,0"
2013-06-08,"106066,0"
2013-06-09,"101846,0"
2013-06-10,"98286,0"
2013-06-11,"103816,0"
2013-06-12,"101681,0"
2013-06-13,"95218,0"
2013-06-14,"112873,0"
2013-06-15,"80845,0"
2013-06-16,"94172,0"
2013-06-17,"98030,0"
2013-06-18,"100554,0"
2013-06-19,"103585,0"
2013-06-20,"117843,0"
2013-06-21,"106578,0"
2013-06-22,"98195,0"
2013-06-23,"84839,0"
2013-06-24,"96955,0"
2013-06-25,"96265,0"
2013-06-26,"99691,0"
2013-06-27,"101290,0"
2013-06-28,"109203,0"
2013-06-29,"83539,0"
2013-06-30,"67832,0"
2013-07-01,"85187,0"
2013-07-02,"86327,0"
2013-07-03,"75107,0"
2013-07-04,"77213,0"
2013-07-05,"79640,0"
2013-07-06,"76756,0"
2013-07-07,"67098,0"
2013-07-08,"86830,0"
2013-07-09,"91557,0"
2013-07-10,"84503,0"
2013-07-11,"94351,0"
2013-07-12,"109893,0"
2013-07-13,"86273,0"
2013-07-14,"78994,0"
2013-07-15,"82291,0"
2013-07-16,"85883,0"
2013-07-17,"87947,0"
2013-07-18,"89962,0"
2013-07-19,"78270,0"
2013-07-20,"73345,0"
2013-07-21,"78702,0"
2013-07-22,"86103,0"
2013-07-23,"83144,0"
2013-07-24,"93915,0"
2013-07-25,"99035,0"
2013-07-26,"83205,0"
2013-07-27,"82330,0"
2013-07-28,"83552,0"
2013-07-29,"95369,0"
2013-07-30,"94992,0"
2013-07-31,"115803,0"
2013-08-01,"110328,0"
2013-08-02,"110359,0"
2013-08-03,"103745,0"
2013-08-04,"99951,0"
2013-08-05,"110927,0"
2013-08-06,"116578,0"
2013-08-07,"120892,0"
2013-08-08,"126187,0"
2013-08-09,"106311,0"
2013-08-10,"113129,0"
2013-08-11,"85353,0"
2013-08-12,"146971,0"
2013-08-13,"127236,0"
2013-08-14,"120551,0"
2013-08-15,"132395,0"
2013-08-16,"150890,0"
2013-08-17,"119668,0"
2013-08-18,"121907,0"
2013-08-19,"152248,0"
2013-08-20,"140001,0"
2013-08-21,"132074,0"
2013-08-22,"139154,0"
2013-08-23,"128886,0"
2013-08-24,"116997,0"
2013-08-25,"108548,0"
2013-08-26,"121998,0"
2013-08-27,"147953,0"
2013-08-28,"138103,0"
2013-08-29,"122010,0"
2013-08-30,"138883,0"
2013-08-31,"103956,0"
2013-09-01,"101411,0"
2013-09-02,"109955,0"
2013-09-03,"124543,0"
2013-09-04,"117688,0"
2013-09-05,"124413,0"
2013-09-06,"132027,0"
2013-09-07,"110596,0"
2013-09-08,"101507,0"
2013-09-09,"121993,0"
2013-09-10,"117498,0"
2013-09-11,"103567,0"
2013-09-12,"119083,0"
2013-09-13,"99120,0"
2013-09-14,"95506,0"
2013-09-15,"127187,0"
2013-09-16,"124883,0"
2013-09-17,"146150,0"
2013-09-18,"133404,0"
2013-09-19,"125934,0"
2013-09-20,"126641,0"
2013-09-21,"114837,0"
2013-09-22,"111592,0"
2013-09-23,"141492,0"
2013-09-24,"135544,0"
2013-09-25,"116721,0"
2013-09-26,"128882,0"
2013-09-27,"106492,0"
2013-09-28,"96985,0"
2013-09-29,"94440,0"
2013-09-30,"104443,0"
2013-10-01,"124801,0"
2013-10-02,"153587,0"
2013-10-03,"140860,0"
2013-10-04,"111048,0"
2013-10-05,"100829,0"
2013-10-06,"101051,0"
2013-10-07,"111947,0"
2013-10-08,"97300,0"
2013-10-09,"115065,0"
2013-10-10,"126652,0"
2013-10-11,"113603,0"
2013-10-12,"110856,0"
2013-10-13,"128296,0"
2013-10-14,"138549,0"
2013-10-15,"127179,0"
2013-10-16,"119145,0"
2013-10-17,"108192,0"
2013-10-18,"133783,0"
2013-10-19,"143558,0"
2013-10-20,"116409,0"
2013-10-21,"143203,0"
2013-10-22,"160343,0"
2013-10-23,"147437,0"
2013-10-24,"169960,0"
2013-10-25,"146657,0"
2013-10-26,"113085,0"
2013-10-27,"101373,0"
2013-10-28,"116222,0"
2013-10-29,"113488,0"
2013-10-30,"119004,0"
2013-10-31,"140592,0"
2013-11-01,"107910,0"
2013-11-02,"104685,0"
2013-11-03,"99809,0"
2013-11-04,"114837,0"
2013-11-05,"134889,0"
2013-11-06,"151946,0"
2013-11-07,"156793,0"
2013-11-08,"151901,0"
2013-11-09,"146145,0"
2013-11-10,"144580,0"
2013-11-11,"138997,0"
2013-11-12,"137509,0"
2013-11-13,"151945,0"
2013-11-14,"163346,0"
2013-11-15,"140646,0"
2013-11-16,"108126,0"
2013-11-17,"127744,0"
2013-11-18,"195283,0"
2013-11-19,"253158,0"
2013-11-20,"186603,0"
2013-11-21,"212047,0"
2013-11-22,"190560,0"
2013-11-23,"172696,0"
2013-11-24,"152743,0"
2013-11-25,"159497,0"
2013-11-26,"194789,0"
2013-11-27,"225671,0"
2013-11-28,"219265,0"
2013-11-29,"213155,0"
2013-11-30,"169928,0"
2013-12-01,"183323,0"
2013-12-02,"179731,0"
2013-12-03,"178838,0"
2013-12-04,"194188,0"
2013-12-05,"196705,0"
2013-12-06,"168020,0"
2013-12-07,"154787,0"
2013-12-08,"112403,0"
2013-12-09,"144025,0"
2013-12-10,"181740,0"
2013-12-11,"155792,0"
2013-12-12,"133370,0"
2013-12-13,"148416,0"
2013-12-14,"168134,0"
2013-12-15,"153102,0"
2013-12-16,"175310,0"
2013-12-17,"166660,0"
2013-12-18,"200553,0"
2013-12-19,"161901,0"
2013-12-20,"161755,0"
2013-12-21,"134681,0"
2013-12-22,"133553,0"
2013-12-23,"134739,0"
2013-12-24,"135583,0"
2013-12-25,"135647,0"
2013-12-26,"146379,0"
2013-12-27,"128583,0"
2013-12-28,"131246,0"
2013-12-29,"148234,0"
2013-12-30,"144248,0"
2013-12-31,"129754,0"
2014-01-01,"101942,0"
2014-01-02,"139673,0"
2014-01-03,"154563,0"
2014-01-04,"126915,0"
2014-01-05,"158361,0"
2014-01-06,"185877,0"
2014-01-07,"150998,0"
2014-01-08,"144667,0"
2014-01-09,"140668,0"
2014-01-10,"131574,0"
2014-01-11,"142772,0"
2014-01-12,"126268,0"
2014-01-13,"131320,0"
2014-01-14,"137344,0"
2014-01-15,"142269,0"
2014-01-16,"143769,0"
2014-01-17,"136139,0"
2014-01-18,"120471,0"
2014-01-19,"116456,0"
2014-01-20,"174145,0"
2014-01-21,"178293,0"
2014-01-22,"158345,0"
2014-01-23,"159781,0"
2014-01-24,"155011,0"
2014-01-25,"132616,0"
2014-01-26,"131601,0"
2014-01-27,"153224,0"
2014-01-28,"160591,0"
2014-01-29,"139680,0"
2014-01-30,"147000,0"
2014-01-31,"146384,0"
2014-02-01,"136316,0"
2014-02-02,"144436,0"
2014-02-03,"155195,0"
2014-02-04,"184337,0"
2014-02-05,"180056,0"
2014-02-06,"184750,0"
2014-02-07,"186878,0"
2014-02-08,"163108,0"
2014-02-09,"140213,0"
2014-02-10,"155835,0"
2014-02-11,"158840,0"
2014-02-12,"228119,0"
2014-02-13,"189409,0"
2014-02-14,"211716,0"
2014-02-15,"163798,0"
2014-02-16,"137176,0"
2014-02-17,"161121,0"
2014-02-18,"179441,0"
2014-02-19,"201294,0"
2014-02-20,"194475,0"
2014-02-21,"187100,0"
2014-02-22,"160422,0"
2014-02-23,"171817,0"
2014-02-24,"205057,0"
2014-02-25,"220885,0"
2014-02-26,"210122,0"
2014-02-27,"187669,0"
2014-02-28,"215820,0"
2014-03-01,"183478,0"
2014-03-02,"162773,0"
2014-03-03,"237511,0"
2014-03-04,"262453,0"
2014-03-05,"218087,0"
2014-03-06,"206685,0"
2014-03-07,"201159,0"
2014-03-08,"170552,0"
2014-03-09,"170857,0"
2014-03-10,"199035,0"
2014-03-11,"205219,0"
2014-03-12,"212978,0"
2014-03-13,"201694,0"
2014-03-14,"207441,0"
2014-03-15,"149011,0"
2014-03-16,"136993,0"
2014-03-17,"161591,0"
2014-03-18,"124719,0"
2014-03-19,"171970,0"
2014-03-20,"188422,0"
2014-03-21,"214517,0"
2014-03-22,"203834,0"
2014-03-23,"147950,0"
2014-03-24,"196063,0"
2014-03-25,"188877,0"
2014-03-26,"189389,0"
2014-03-27,"204190,0"
2014-03-28,"187041,0"
2014-03-29,"144573,0"
2014-03-30,"152200,0"
2014-03-31,"184842,0"
2014-04-01,"181513,0"
2014-04-02,"189225,0"
2014-04-03,"175438,0"
2014-04-04,"187938,0"
2014-04-05,"159121,0"
2014-04-06,"148464,0"
2014-04-07,"178430,0"
2014-04-08,"192375,0"
2014-04-09,"191172,0"
2014-04-10,"193491,0"
2014-04-11,"185039,0"
2014-04-12,"133817,0"
2014-04-13,"139632,0"
2014-04-14,"206567,0"
2014-04-15,"220610,0"
2014-04-16,"215874,0"
2014-04-17,"185558,0"
2014-04-18,"159789,0"
2014-04-19,"150650,0"
2014-04-20,"139236,0"
2014-04-21,"158846,0"
2014-04-22,"214630,0"
2014-04-23,"194678,0"
2014-04-24,"208943,0"
2014-04-25,"200779,0"
2014-04-26,"143949,0"
2014-04-27,"149847,0"
2014-04-28,"175237,0"
2014-04-29,"191730,0"
2014-04-30,"182825,0"
2014-05-01,"163563,0"
2014-05-02,"164902,0"
2014-05-03,"140037,0"
2014-05-04,"140278,0"
2014-05-05,"181780,0"
2014-05-06,"207076,0"
2014-05-07,"188767,0"
2014-05-08,"189231,0"
2014-05-09,"179464,0"
2014-05-10,"147579,0"
2014-05-11,"152736,0"
2014-05-12,"207554,0"
2014-05-13,"183067,0"
2014-05-14,"193510,0"
2014-05-15,"208188,0"
2014-05-16,"188198,0"
2014-05-17,"164318,0"
2014-05-18,"150492,0"
2014-05-19,"204728,0"
2014-05-20,"218441,0"
2014-05-21,"207210,0"
2014-05-22,"209340,0"
2014-05-23,"204740,0"
2014-05-24,"145691,0"
2014-05-25,"168022,0"
2014-05-26,"195787,0"
2014-05-27,"200229,0"
2014-05-28,"208842,0"
2014-05-29,"188151,0"
2014-05-30,"180888,0"
2014-05-31,"150167,0"
2014-06-01,"171743,0"
2014-06-02,"190207,0"
2014-06-03,"206405,0"
2014-06-04,"180539,0"
2014-06-05,"196391,0"
2014-06-06,"187479,0"
2014-06-07,"137794,0"
2014-06-08,"145679,0"
2014-06-09,"177877,0"
2014-06-10,"196537,0"
2014-06-11,"179651,0"
2014-06-12,"196139,0"
2014-06-13,"183140,0"
2014-06-14,"151476,0"
2014-06-15,"150769,0"
2014-06-16,"201412,0"
2014-06-17,"190376,0"
2014-06-18,"180424,0"
2014-06-19,"186764,0"
2014-06-20,"161272,0"
2014-06-21,"151891,0"
2014-06-22,"147563,0"
2014-06-23,"175915,0"
2014-06-24,"187128,0"
2014-06-25,"185618,0"
2014-06-26,"171343,0"
2014-06-27,"176465,0"
2014-06-28,"159731,0"
2014-06-29,"141133,0"
2014-06-30,"214385,0"
2014-07-01,"220345,0"
2014-07-02,"197933,0"
2014-07-03,"182187,0"
2014-07-04,"159930,0"
2014-07-05,"134555,0"
2014-07-06,"151434,0"
2014-07-07,"184523,0"
2014-07-08,"206873,0"
2014-07-09,"211929,0"
2014-07-10,"186158,0"
2014-07-11,"179844,0"
2014-07-12,"144632,0"
2014-07-13,"158150,0"
2014-07-14,"173466,0"
2014-07-15,"200280,0"
2014-07-16,"182447,0"
2014-07-17,"189716,0"
2014-07-18,"192747,0"
2014-07-19,"163949,0"
2014-07-20,"150928,0"
2014-07-21,"185530,0"
2014-07-22,"190834,0"
2014-07-23,"186179,0"
2014-07-24,"189594,0"
2014-07-25,"183823,0"
2014-07-26,"147895,0"
2014-07-27,"154852,0"
2014-07-28,"187481,0"
2014-07-29,"175765,0"
2014-07-30,"195860,0"
2014-07-31,"201961,0"
2014-08-01,"185346,0"
2014-08-02,"150581,0"
2014-08-03,"138867,0"
2014-08-04,"192975,0"
2014-08-05,"214806,0"
2014-08-06,"230643,0"
2014-08-07,"196361,0"
2014-08-08,"196979,0"
2014-08-09,"169835,0"
2014-08-10,"170137,0"
2014-08-11,"219912,0"
2014-08-12,"217520,0"
2014-08-13,"228952,0"
2014-08-14,"234382,0"
2014-08-15,"210097,0"
2014-08-16,"245456,0"
2014-08-17,"165128,0"
2014-08-18,"204186,0"
2014-08-19,"201353,0"
2014-08-20,"200933,0"
2014-08-21,"203017,0"
2014-08-22,"192042,0"
2014-08-23,"154379,0"
2014-08-24,"162084,0"
2014-08-25,"195519,0"
2014-08-26,"210165,0"
2014-08-27,"214951,0"
2014-08-28,"186925,0"
2014-08-29,"175115,0"
2014-08-30,"163093,0"
2014-08-31,"156724,0"
2014-09-01,"193522,0"
2014-09-02,"205341,0"
2014-09-03,"199799,0"
2014-09-04,"193406,0"
2014-09-05,"194525,0"
2014-09-06,"170587,0"
2014-09-07,"172221,0"
2014-09-08,"210110,0"
2014-09-09,"259632,0"
2014-09-10,"246338,0"
2014-09-11,"179431,0"
2014-09-12,"182754,0"
2014-09-13,"159001,0"
2014-09-14,"198300,0"
2014-09-15,"229331,0"
2014-09-16,"249545,0"
2014-09-17,"220396,0"
2014-09-18,"208518,0"
2014-09-19,"186790,0"
2014-09-20,"180452,0"
2014-09-21,"159534,0"
2014-09-22,"216665,0"
2014-09-23,"229914,0"
2014-09-24,"216230,0"
2014-09-25,"238840,0"
2014-09-26,"203735,0"
2014-09-27,"192122,0"
2014-09-28,"193807,0"
2014-09-29,"220705,0"
2014-09-30,"222469,0"
2014-10-01,"224054,0"
2014-10-02,"203313,0"
2014-10-03,"201469,0"
2014-10-04,"210554,0"
2014-10-05,"207390,0"
2014-10-06,"222473,0"
2014-10-07,"223631,0"
2014-10-08,"220171,0"
2014-10-09,"219631,0"
2014-10-10,"215549,0"
2014-10-11,"175863,0"
2014-10-12,"195078,0"
2014-10-13,"224976,0"
2014-10-14,"245685,0"
2014-10-15,"221136,0"
2014-10-16,"208817,0"
2014-10-17,"205440,0"
2014-10-18,"179526,0"
2014-10-19,"189390,0"
2014-10-20,"229924,0"
2014-10-21,"235838,0"
2014-10-22,"225947,0"
2014-10-23,"232533,0"
2014-10-24,"211320,0"
2014-10-25,"191555,0"
2014-10-26,"198495,0"
2014-10-27,"245457,0"
2014-10-28,"240599,0"
2014-10-29,"242592,0"
2014-10-30,"249293,0"
2014-10-31,"237053,0"
2014-11-01,"189297,0"
2014-11-02,"222021,0"
2014-11-03,"254593,0"
2014-11-04,"244041,0"
2014-11-05,"239096,0"
2014-11-06,"269718,0"
2014-11-07,"259182,0"
2014-11-08,"202985,0"
2014-11-09,"215728,0"
2014-11-10,"252316,0"
2014-11-11,"248928,0"
2014-11-12,"270693,0"
2014-11-13,"277040,0"
2014-11-14,"242876,0"
2014-11-15,"198600,0"
2014-11-16,"216835,0"
2014-11-17,"266356,0"
2014-11-18,"245660,0"
2014-11-19,"234568,0"
2014-11-20,"246220,0"
2014-11-21,"230325,0"
2014-11-22,"199237,0"
2014-11-23,"213118,0"
2014-11-24,"253644,0"
2014-11-25,"250562,0"
2014-11-26,"231362,0"
2014-11-27,"241408,0"
2014-11-28,"239780,0"
2014-11-29,"212380,0"
2014-11-30,"272142,0"
2014-12-01,"265337,0"
2014-12-02,"292400,0"
2014-12-03,"271957,0"
2014-12-04,"275280,0"
2014-12-05,"242578,0"
2014-12-06,"219623,0"
2014-12-07,"198502,0"
2014-12-08,"288370,0"
2014-12-09,"253322,0"
2014-12-10,"246603,0"
2014-12-11,"239409,0"
2014-12-12,"228255,0"
2014-12-13,"205748,0"
2014-12-14,"237501,0"
2014-12-15,"288961,0"
2014-12-16,"308281,0"
2014-12-17,"295469,0"
2014-12-18,"272240,0"
2014-12-19,"269158,0"
2014-12-20,"246129,0"
2014-12-21,"223680,0"
2014-12-22,"292770,0"
2014-12-23,"301478,0"
2014-12-24,"224198,0"
2014-12-25,"184886,0"
2014-12-26,"207124,0"
2014-12-27,"218840,0"
2014-12-28,"221156,0"
2014-12-29,"236925,0"
2014-12-30,"233178,0"
2014-12-31,"205239,0"
2015-01-01,"154227,0"
2015-01-02,"212774,0"
2015-01-03,"230786,0"
2015-01-04,"236895,0"
2015-01-05,"283713,0"
2015-01-06,"250760,0"
2015-01-07,"241791,0"
2015-01-08,"286644,0"
2015-01-09,"279507,0"
2015-01-10,"275039,0"
2015-01-11,"248997,0"
2015-01-12,"274837,0"
2015-01-13,"304667,0"
2015-01-14,"305565,0"
2015-01-15,"317304,0"
2015-01-16,"269778,0"
2015-01-17,"255272,0"
2015-01-18,"239406,0"
2015-01-19,"292437,0"
2015-01-20,"266461,0"
2015-01-21,"264451,0"
2015-01-22,"273935,0"
2015-01-23,"241337,0"
2015-01-24,"235531,0"
2015-01-25,"267907,0"
2015-01-26,"316306,0"
2015-01-27,"289310,0"
2015-01-28,"226098,0"
2015-01-29,"228974,0"
2015-01-30,"213468,0"
2015-01-31,"250378,0"
2015-02-01,"227819,0"
2015-02-02,"248105,0"
2015-02-03,"258346,0"
2015-02-04,"245950,0"
2015-02-05,"241394,0"
2015-02-06,"225620,0"
2015-02-07,"228024,0"
2015-02-08,"247219,0"
2015-02-09,"298138,0"
2015-02-10,"288089,0"
2015-02-11,"277825,0"
2015-02-12,"241280,0"
2015-02-13,"340245,0"
2015-02-14,"336114,0"
2015-02-15,"312323,0"
2015-02-16,"321751,0"
2015-02-17,"317151,0"
2015-02-18,"302723,0"
2015-02-19,"264092,0"
2015-02-20,"312359,0"
2015-02-21,"281374,0"
2015-02-22,"264692,0"
2015-02-23,"286147,0"
2015-02-24,"284188,0"
2015-02-25,"285605,0"
2015-02-26,"275919,0"
2015-02-27,"289381,0"
2015-02-28,"313929,0"
2015-03-01,"270654,0"
2015-03-02,"331125,0"
2015-03-03,"329070,0"
2015-03-04,"284765,0"
2015-03-05,"324658,0"
2015-03-06,"302051,0"
2015-03-07,"263279,0"
2015-03-08,"269154,0"
2015-03-09,"325624,0"
2015-03-10,"311100,0"
2015-03-11,"319644,0"
2015-03-12,"318425,0"
2015-03-13,"275144,0"
2015-03-14,"248910,0"
2015-03-15,"239867,0"
2015-03-16,"299556,0"
2015-03-17,"262691,0"
2015-03-18,"295118,0"
2015-03-19,"322271,0"
2015-03-20,"275379,0"
2015-03-21,"252628,0"
2015-03-22,"270801,0"
2015-03-23,"299309,0"
2015-03-24,"255124,0"
2015-03-25,"253169,0"
2015-03-26,"274084,0"
2015-03-27,"258076,0"
2015-03-28,"247839,0"
2015-03-29,"264515,0"
2015-03-30,"301551,0"
2015-03-31,"302627,0"
2015-04-01,"316960,0"
2015-04-02,"300229,0"
2015-04-03,"309466,0"
2015-04-04,"252262,0"
2015-04-05,"273656,0"
2015-04-06,"300287,0"
2015-04-07,"305647,0"
2015-04-08,"293938,0"
2015-04-09,"297712,0"
2015-04-10,"287613,0"
2015-04-11,"267469,0"
2015-04-12,"229613,0"
2015-04-13,"330141,0"
2015-04-14,"301693,0"
2015-04-15,"278270,0"
2015-04-16,"255362,0"
2015-04-17,"267617,0"
2015-04-18,"258992,0"
2015-04-19,"264122,0"
2015-04-20,"304801,0"
2015-04-21,"301227,0"
2015-04-22,"304895,0"
2015-04-23,"303513,0"
2015-04-24,"319100,0"
2015-04-25,"259248,0"
2015-04-26,"270341,0"
2015-04-27,"304918,0"
2015-04-28,"303466,0"
2015-04-29,"323982,0"
2015-04-30,"301531,0"
2015-05-01,"254173,0"
2015-05-02,"263048,0"
2015-05-03,"239441,0"
2015-05-04,"286299,0"
2015-05-05,"301645,0"
2015-05-06,"297712,0"
2015-05-07,"302217,0"
2015-05-08,"294989,0"
2015-05-09,"246913,0"
2015-05-10,"271862,0"
2015-05-11,"317946,0"
2015-05-12,"309553,0"
2015-05-13,"292015,0"
2015-05-14,"266145,0"
2015-05-15,"274043,0"
2015-05-16,"250236,0"
2015-05-17,"268256,0"
2015-05-18,"272536,0"
2015-05-19,"300210,0"
2015-05-20,"286013,0"
2015-05-21,"261773,0"
2015-05-22,"287983,0"
2015-05-23,"244284,0"
2015-05-24,"279686,0"
2015-05-25,"302072,0"
2015-05-26,"306956,0"
2015-05-27,"315119,0"
2015-05-28,"308792,0"
2015-05-29,"327147,0"
2015-05-30,"314842,0"
2015-05-31,"277540,0"
2015-06-01,"358187,0"
2015-06-02,"360081,0"
2015-06-03,"342828,0"
2015-06-04,"310062,0"
2015-06-05,"294865,0"
2015-06-06,"246453,0"
2015-06-07,"267315,0"
2015-06-08,"297155,0"
2015-06-09,"323776,0"
2015-06-10,"394048,0"
2015-06-11,"316274,0"
2015-06-12,"345812,0"
2015-06-13,"298394,0"
2015-06-14,"300924,0"
2015-06-15,"374118,0"
2015-06-16,"341218,0"
2015-06-17,"405755,0"
2015-06-18,"364633,0"
2015-06-19,"380561,0"
2015-06-20,"296842,0"
2015-06-21,"279794,0"
2015-06-22,"458207,0"
2015-06-23,"377460,0"
2015-06-24,"305522,0"
2015-06-25,"276955,0"
2015-06-26,"326560,0"
2015-06-27,"310041,0"
2015-06-28,"289999,0"
2015-06-29,"348719,0"
2015-06-30,"379656,0"
2015-07-01,"446899,0"
2015-07-02,"372754,0"
2015-07-03,"353530,0"
2015-07-04,"292968,0"
2015-07-05,"310529,0"
2015-07-06,"414934,0"
2015-07-07,"445040,0"
2015-07-08,"423541,0"
2015-07-09,"436124,0"
2015-07-10,"434191,0"
2015-07-11,"399482,0"
2015-07-12,"435570,0"
2015-07-13,"508084,0"
2015-07-14,"602403,0"
2015-07-15,"580181,0"
2015-07-16,"526213,0"
2015-07-17,"537332,0"
2015-07-18,"516476,0"
2015-07-19,"517294,0"
2015-07-20,"349527,0"
2015-07-21,"336865,0"
2015-07-22,"362963,0"
2015-07-23,"287048,0"
2015-07-24,"327332,0"
2015-07-25,"268546,0"
2015-07-26,"297128,0"
2015-07-27,"377948,0"
2015-07-28,"390996,0"
2015-07-29,"479167,0"
2015-07-30,"401123,0"
2015-07-31,"368850,0"
2015-08-01,"511521,0"
2015-08-02,"286139,0"
2015-08-03,"348244,0"
2015-08-04,"407103,0"
2015-08-05,"372856,0"
2015-08-06,"373764,0"
2015-08-07,"302868,0"
2015-08-08,"282837,0"
2015-08-09,"257311,0"
2015-08-10,"399767,0"
2015-08-11,"341456,0"
2015-08-12,"321198,0"
2015-08-13,"335533,0"
2015-08-14,"313949,0"
2015-08-15,"269607,0"
2015-08-16,"256789,0"
2015-08-17,"318142,0"
2015-08-18,"347481,0"
2015-08-19,"328588,0"
2015-08-20,"308492,0"
2015-08-21,"305032,0"
2015-08-22,"295503,0"
2015-08-23,"267355,0"
2015-08-24,"369552,0"
2015-08-25,"328414,0"
2015-08-26,"309050,0"
2015-08-27,"300017,0"
2015-08-28,"321591,0"
2015-08-29,"274685,0"
2015-08-30,"272863,0"
2015-08-31,"363898,0"
2015-09-01,"353233,0"
2015-09-02,"318096,0"
2015-09-03,"344912,0"
2015-09-04,"277568,0"
2015-09-05,"322798,0"
2015-09-06,"289216,0"
2015-09-07,"368267,0"
2015-09-08,"518495,0"
2015-09-09,"616936,0"
2015-09-10,"689233,0"
2015-09-11,"623091,0"
2015-09-12,"508839,0"
2015-09-13,"516975,0"
2015-09-14,"655661,0"
2015-09-15,"645776,0"
2015-09-16,"537905,0"
2015-09-17,"559969,0"
2015-09-18,"419104,0"
2015-09-19,"294128,0"
2015-09-20,"286605,0"
2015-09-21,"415425,0"
2015-09-22,"380742,0"
2015-09-23,"382484,0"
2015-09-24,"338504,0"
2015-09-25,"352296,0"
2015-09-26,"318371,0"
2015-09-27,"323670,0"
2015-09-28,"375937,0"
2015-09-29,"414396,0"
2015-09-30,"385869,0"
2015-10-01,"342877,0"
2015-10-02,"373707,0"
2015-10-03,"285137,0"
2015-10-04,"271619,0"
2015-10-05,"327646,0"
2015-10-06,"399877,0"
2015-10-07,"502175,0"
2015-10-08,"502009,0"
2015-10-09,"404221,0"
2015-10-10,"563070,0"
2015-10-11,"430031,0"
2015-10-12,"437408,0"
2015-10-13,"400018,0"
2015-10-14,"419459,0"
2015-10-15,"463252,0"
2015-10-16,"429427,0"
2015-10-17,"414610,0"
2015-10-18,"394812,0"
2015-10-19,"433688,0"
2015-10-20,"442064,0"
2015-10-21,"416881,0"
2015-10-22,"415002,0"
2015-10-23,"426718,0"
2015-10-24,"379022,0"
2015-10-25,"424188,0"
2015-10-26,"414883,0"
2015-10-27,"409647,0"
2015-10-28,"422753,0"
2015-10-29,"458264,0"
2015-10-30,"446082,0"
2015-10-31,"392122,0"
2015-11-01,"415260,0"
2015-11-02,"491438,0"
2015-11-03,"535712,0"
2015-11-04,"629455,0"
2015-11-05,"542392,0"
2015-11-06,"468954,0"
2015-11-07,"408447,0"
2015-11-08,"376468,0"
2015-11-09,"473664,0"
2015-11-10,"452244,0"
2015-11-11,"443732,0"
2015-11-12,"424766,0"
2015-11-13,"396744,0"
2015-11-14,"378691,0"
2015-11-15,"395510,0"
2015-11-16,"466189,0"
2015-11-17,"414443,0"
2015-11-18,"464068,0"
2015-11-19,"419810,0"
2015-11-20,"428845,0"
2015-11-21,"410910,0"
2015-11-22,"384894,0"
2015-11-23,"432458,0"
2015-11-24,"402379,0"
2015-11-25,"419580,0"
2015-11-26,"480657,0"
2015-11-27,"430573,0"
2015-11-28,"413140,0"
2015-11-29,"370233,0"
2015-11-30,"547906,0"
2015-12-01,"482855,0"
2015-12-02,"532820,0"
2015-12-03,"477502,0"
2015-12-04,"453569,0"
2015-12-05,"482872,0"
2015-12-06,"459501,0"
2015-12-07,"516096,0"
2015-12-08,"542236,0"
2015-12-09,"588202,0"
2015-12-10,"581271,0"
2015-12-11,"502735,0"
2015-12-12,"557995,0"
2015-12-13,"479814,0"
2015-12-14,"633107,0"
2015-12-15,"565065,0"
2015-12-16,"556800,0"
2015-12-17,"527534,0"
2015-12-18,"520790,0"
2015-12-19,"501513,0"
2015-12-20,"478909,0"
2015-12-21,"573174,0"
2015-12-22,"550712,0"
2015-12-23,"542725,0"
2015-12-24,"506582,0"
2015-12-25,"428575,0"
2015-12-26,"456014,0"
2015-12-27,"448380,0"
2015-12-28,"478391,0"
2015-12-29,"502819,0"
2015-12-30,"457552,0"
2015-12-31,"398189,0"
2016-01-01,"329094,0"
2016-01-02,"423876,0"
2016-01-03,"387214,0"
2016-01-04,"497320,0"
2016-01-05,"499843,0"
2016-01-06,"455650,0"
2016-01-07,"495914,0"
2016-01-08,"504512,0"
2016-01-09,"471467,0"
2016-01-10,"445483,0"
2016-01-11,"546140,0"
2016-01-12,"509375,0"
2016-01-13,"497260,0"
2016-01-14,"474524,0"
2016-01-15,"468569,0"
2016-01-16,"522452,0"
2016-01-17,"525241,0"
2016-01-18,"549451,0"
2016-01-19,"523675,0"
2016-01-20,"664292,0"
2016-01-21,"561160,0"
2016-01-22,"586156,0"
2016-01-23,"490179,0"
2016-01-24,"495890,0"
2016-01-25,"571620,0"
2016-01-26,"588616,0"
2016-01-27,"573181,0"
2016-01-28,"583526,0"
2016-01-29,"581080,0"
2016-01-30,"516179,0"
2016-01-31,"489188,0"
2016-02-01,"647337,0"
2016-02-02,"751638,0"
2016-02-03,"604842,0"
2016-02-04,"547801,0"
2016-02-05,"592090,0"
2016-02-06,"562434,0"
2016-02-07,"561116,0"
2016-02-08,"572565,0"
2016-02-09,"576903,0"
2016-02-10,"577983,0"
2016-02-11,"614340,0"
2016-02-12,"515643,0"
2016-02-13,"481022,0"
2016-02-14,"504174,0"
2016-02-15,"574725,0"
2016-02-16,"517712,0"
2016-02-17,"592024,0"
2016-02-18,"539236,0"
2016-02-19,"556203,0"
2016-02-20,"541453,0"
2016-02-21,"525213,0"
2016-02-22,"555906,0"
2016-02-23,"592230,0"
2016-02-24,"525934,0"
2016-02-25,"623261,0"
2016-02-26,"524041,0"
2016-02-27,"491418,0"
2016-02-28,"502510,0"
2016-02-29,"587748,0"
2016-03-01,"623397,0"
2016-03-02,"697896,0"
2016-03-03,"604673,0"
2016-03-04,"620156,0"
2016-03-05,"583466,0"
2016-03-06,"463073,0"
2016-03-07,"464966,0"
2016-03-08,"510735,0"
2016-03-09,"644423,0"
2016-03-10,"522298,0"
2016-03-11,"480350,0"
2016-03-12,"404701,0"
2016-03-13,"413701,0"
2016-03-14,"552550,0"
2016-03-15,"528101,0"
2016-03-16,"503702,0"
2016-03-17,"509757,0"
2016-03-18,"479074,0"
2016-03-19,"419472,0"
2016-03-20,"475575,0"
2016-03-21,"517677,0"
2016-03-22,"505090,0"
2016-03-23,"494363,0"
2016-03-24,"489712,0"
2016-03-25,"449518,0"
2016-03-26,"487780,0"
2016-03-27,"437136,0"
2016-03-28,"580653,0"
2016-03-29,"685771,0"
2016-03-30,"546275,0"
2016-03-31,"501825,0"
2016-04-01,"576794,0"
2016-04-02,"564074,0"
2016-04-03,"510038,0"
2016-04-04,"540424,0"
2016-04-05,"558466,0"
2016-04-06,"529754,0"
2016-04-07,"502596,0"
2016-04-08,"489475,0"
2016-04-09,"502176,0"
2016-04-10,"455535,0"
2016-04-11,"553435,0"
2016-04-12,"579620,0"
2016-04-13,"529487,0"
2016-04-14,"532442,0"
2016-04-15,"505442,0"
2016-04-16,"444067,0"
2016-04-17,"492119,0"
2016-04-18,"520708,0"
2016-04-19,"520577,0"
2016-04-20,"538864,0"
2016-04-21,"515545,0"
2016-04-22,"521772,0"
2016-04-23,"438435,0"
2016-04-24,"444915,0"
2016-04-25,"522537,0"
2016-04-26,"570008,0"
2016-04-27,"532268,0"
2016-04-28,"558322,0"
2016-04-29,"592747,0"
2016-04-30,"513442,0"
2016-05-01,"446578,0"
2016-05-02,"560886,0"
2016-05-03,"552353,0"
2016-05-04,"555649,0"
2016-05-05,"510229,0"
2016-05-06,"510349,0"
2016-05-07,"446868,0"
2016-05-08,"449331,0"
2016-05-09,"507464,0"
2016-05-10,"539764,0"
2016-05-11,"500904,0"
2016-05-12,"497076,0"
2016-05-13,"530457,0"
2016-05-14,"525982,0"
2016-05-15,"499098,0"
2016-05-16,"572219,0"
2016-05-17,"562090,0"
2016-05-18,"612608,0"
2016-05-19,"528364,0"
2016-05-20,"525835,0"
2016-05-21,"568656,0"
2016-05-22,"501458,0"
2016-05-23,"545336,0"
2016-05-24,"574674,0"
2016-05-25,"553130,0"
2016-05-26,"526974,0"
2016-05-27,"637289,0"
2016-05-28,"535715,0"
2016-05-29,"462759,0"
2016-05-30,"599917,0"
2016-05-31,"509750,0"
2016-06-01,"547477,0"
2016-06-02,"515997,0"
2016-06-03,"539247,0"
2016-06-04,"454712,0"
2016-06-05,"486863,0"
2016-06-06,"550952,0"
2016-06-07,"511845,0"
2016-06-08,"536012,0"
2016-06-09,"539065,0"
2016-06-10,"541940,0"
2016-06-11,"505679,0"
2016-06-12,"550303,0"
2016-06-13,"681986,0"
2016-06-14,"550590,0"
2016-06-15,"646627,0"
2016-06-16,"653142,0"
2016-06-17,"632743,0"
2016-06-18,"605915,0"
2016-06-19,"587920,0"
2016-06-20,"587369,0"
2016-06-21,"624750,0"
2016-06-22,"568414,0"
2016-06-23,"585565,0"
2016-06-24,"539515,0"
2016-06-25,"572004,0"
2016-06-26,"509463,0"
2016-06-27,"526281,0"
2016-06-28,"515012,0"
2016-06-29,"507680,0"
2016-06-30,"539600,0"
2016-07-01,"541179,0"
2016-07-02,"463878,0"
2016-07-03,"438764,0"
2016-07-04,"509417,0"
2016-07-05,"518749,0"
2016-07-06,"513051,0"
2016-07-07,"515390,0"
2016-07-08,"510188,0"
2016-07-09,"440511,0"
2016-07-10,"423383,0"
2016-07-11,"508445,0"
2016-07-12,"504939,0"
2016-07-13,"474781,0"
2016-07-14,"508487,0"
2016-07-15,"475071,0"
2016-07-16,"515282,0"
2016-07-17,"508093,0"
2016-07-18,"542350,0"
2016-07-19,"489650,0"
2016-07-20,"558836,0"
2016-07-21,"478059,0"
2016-07-22,"501386,0"
2016-07-23,"481917,0"
2016-07-24,"442330,0"
2016-07-25,"529260,0"
2016-07-26,"533268,0"
2016-07-27,"534989,0"
2016-07-28,"524507,0"
2016-07-29,"552145,0"
2016-07-30,"444772,0"
2016-07-31,"577580,0"
2016-08-01,"579275,0"
2016-08-02,"605113,0"
2016-08-03,"605366,0"
2016-08-04,"543073,0"
2016-08-05,"544788,0"
2016-08-06,"469800,0"
2016-08-07,"500905,0"
2016-08-08,"550523,0"
2016-08-09,"489229,0"
2016-08-10,"576818,0"
2016-08-11,"570927,0"
2016-08-12,"552649,0"
2016-08-13,"516099,0"
2016-08-14,"479949,0"
2016-08-15,"543450,0"
2016-08-16,"560507,0"
2016-08-17,"524159,0"
2016-08-18,"556532,0"
2016-08-19,"557304,0"
2016-08-20,"521651,0"
2016-08-21,"472639,0"
2016-08-22,"570226,0"
2016-08-23,"558721,0"
2016-08-24,"523350,0"
2016-08-25,"505835,0"
2016-08-26,"498501,0"
2016-08-27,"461445,0"
2016-08-28,"432996,0"
2016-08-29,"570474,0"
2016-08-30,"565651,0"
2016-08-31,"513723,0"
2016-09-01,"539468,0"
2016-09-02,"503554,0"
2016-09-03,"450268,0"
2016-09-04,"499462,0"
2016-09-05,"558669,0"
2016-09-06,"536253,0"
2016-09-07,"571583,0"
2016-09-08,"535440,0"
2016-09-09,"545426,0"
2016-09-10,"472976,0"
2016-09-11,"468317,0"
2016-09-12,"518847,0"
2016-09-13,"607310,0"
2016-09-14,"563073,0"
2016-09-15,"536733,0"
2016-09-16,"515737,0"
2016-09-17,"562558,0"
2016-09-18,"457439,0"
2016-09-19,"514742,0"
2016-09-20,"544479,0"
2016-09-21,"554935,0"
2016-09-22,"497225,0"
2016-09-23,"517879,0"
2016-09-24,"496196,0"
2016-09-25,"510807,0"
2016-09-26,"549188,0"
2016-09-27,"620379,0"
2016-09-28,"547131,0"
2016-09-29,"567928,0"
2016-09-30,"575225,0"
2016-10-01,"530448,0"
2016-10-02,"495939,0"
2016-10-03,"626458,0"
2016-10-04,"620952,0"
2016-10-05,"617006,0"
2016-10-06,"625489,0"
2016-10-07,"586456,0"
2016-10-08,"616290,0"
2016-10-09,"532837,0"
2016-10-10,"505409,0"
2016-10-11,"608331,0"
2016-10-12,"602081,0"
2016-10-13,"559213,0"
2016-10-14,"543457,0"
2016-10-15,"524247,0"
2016-10-16,"469612,0"
2016-10-17,"554098,0"
2016-10-18,"622705,0"
2016-10-19,"497119,0"
2016-10-20,"619612,0"
2016-10-21,"616775,0"
2016-10-22,"578064,0"
2016-10-23,"591978,0"
2016-10-24,"637593,0"
2016-10-25,"655179,0"
2016-10-26,"706308,0"
2016-10-27,"763413,0"
2016-10-28,"600571,0"
2016-10-29,"557312,0"
2016-10-30,"527712,0"
2016-10-31,"564774,0"
2016-11-01,"598341,0"
2016-11-02,"568343,0"
2016-11-03,"619900,0"
2016-11-04,"515981,0"
2016-11-05,"551301,0"
2016-11-06,"535764,0"
2016-11-07,"603688,0"
2016-11-08,"686538,0"
2016-11-09,"618477,0"
2016-11-10,"642935,0"
2016-11-11,"594676,0"
2016-11-12,"556322,0"
2016-11-13,"526774,0"
2016-11-14,"651843,0"
2016-11-15,"623960,0"
2016-11-16,"642161,0"
2016-11-17,"688707,0"
2016-11-18,"644218,0"
2016-11-19,"559674,0"
2016-11-20,"527144,0"
2016-11-21,"576398,0"
2016-11-22,"565511,0"
2016-11-23,"656459,0"
2016-11-24,"715790,0"
2016-11-25,"664185,0"
2016-11-26,"687384,0"
2016-11-27,"564211,0"
2016-11-28,"699716,0"
2016-11-29,"639161,0"
2016-11-30,"602084,0"
2016-12-01,"642795,0"
2016-12-02,"657359,0"
2016-12-03,"704666,0"
2016-12-04,"638128,0"
2016-12-05,"642365,0"
2016-12-06,"677391,0"
2016-12-07,"738072,0"
2016-12-08,"641332,0"
2016-12-09,"596711,0"
2016-12-10,"561629,0"
2016-12-11,"626088,0"
2016-12-12,"597568,0"
2016-12-13,"686254,0"
2016-12-14,"576854,0"
2016-12-15,"565255,0"
2016-12-16,"595750,0"
2016-12-17,"533025,0"
2016-12-18,"559107,0"
2016-12-19,"644544,0"
2016-12-20,"623228,0"
2016-12-21,"712371,0"
2016-12-22,"688851,0"
2016-12-23,"633787,0"
2016-12-24,"542420,0"
2016-12-25,"528021,0"
2016-12-26,"585947,0"
2016-12-27,"645828,0"
2016-12-28,"682254,0"
2016-12-29,"663267,0"
2016-12-30,"649532,0"
2016-12-31,"550550,0"
2017-01-01,"516509,0"
2017-01-02,"715725,0"
2017-01-03,"679136,0"
2017-01-04,"701486,0"
2017-01-05,"656003,0"
2017-01-06,"722206,0"
2017-01-07,"618423,0"
2017-01-08,"625495,0"
2017-01-09,"581370,0"
2017-01-10,"700495,0"
2017-01-11,"645177,0"
2017-01-12,"632190,0"
2017-01-13,"582244,0"
2017-01-14,"605196,0"
2017-01-15,"537220,0"
2017-01-16,"604295,0"
2017-01-17,"658559,0"
2017-01-18,"617019,0"
2017-01-19,"681595,0"
2017-01-20,"635006,0"
2017-01-21,"584635,0"
2017-01-22,"545102,0"
2017-01-23,"616821,0"
2017-01-24,"711189,0"
2017-01-25,"694325,0"
2017-01-26,"738305,0"
2017-01-27,"688700,0"
2017-01-28,"652920,0"
2017-01-29,"689618,0"
2017-01-30,"662290,0"
2017-01-31,"639213,0"
2017-02-01,"835549,0"
2017-02-02,"671019,0"
2017-02-03,"656474,0"
2017-02-04,"645068,0"
2017-02-05,"739646,0"
2017-02-06,"557387,0"
2017-02-07,"661527,0"
2017-02-08,"642706,0"
2017-02-09,"742619,0"
2017-02-10,"646160,0"
2017-02-11,"610073,0"
2017-02-12,"567015,0"
2017-02-13,"684026,0"
2017-02-14,"669375,0"
2017-02-15,"590583,0"
2017-02-16,"684818,0"
2017-02-17,"657417,0"
2017-02-18,"680091,0"
2017-02-19,"573872,0"
2017-02-20,"648553,0"
2017-02-21,"595190,0"
2017-02-22,"600034,0"
2017-02-23,"648429,0"
2017-02-24,"723909,0"
2017-02-25,"738041,0"
2017-02-26,"776334,0"
2017-02-27,"614477,0"
2017-02-28,"658942,0"
2017-03-01,"618869,0"
2017-03-02,"677328,0"
2017-03-03,"672333,0"
2017-03-04,"581502,0"
2017-03-05,"671824,0"
2017-03-06,"604375,0"
2017-03-07,"683677,0"
2017-03-08,"642887,0"
2017-03-09,"677281,0"
2017-03-10,"708526,0"
2017-03-11,"697906,0"
2017-03-12,"684342,0"
2017-03-13,"660028,0"
2017-03-14,"701481,0"
2017-03-15,"638597,0"
2017-03-16,"686490,0"
2017-03-17,"706656,0"
2017-03-18,"703100,0"
2017-03-19,"695699,0"
2017-03-20,"603081,0"
2017-03-21,"642139,0"
2017-03-22,"728716,0"
2017-03-23,"646876,0"
2017-03-24,"709334,0"
2017-03-25,"560975,0"
2017-03-26,"515929,0"
2017-03-27,"545743,0"
2017-03-28,"706976,0"
2017-03-29,"611983,0"
2017-03-30,"746989,0"
2017-03-31,"592518,0"
2017-04-01,"593034,0"
2017-04-02,"607383,0"
2017-04-03,"705456,0"
2017-04-04,"562313,0"
2017-04-05,"711939,0"
2017-04-06,"666262,0"
2017-04-07,"727842,0"
2017-04-08,"582478,0"
2017-04-09,"678734,0"
2017-04-10,"611534,0"
2017-04-11,"732719,0"
2017-04-12,"631045,0"
2017-04-13,"580077,0"
2017-04-14,"623787,0"
2017-04-15,"685413,0"
2017-04-16,"618244,0"
2017-04-17,"572065,0"
2017-04-18,"648293,0"
2017-04-19,"648438,0"
2017-04-20,"654593,0"
2017-04-21,"755396,0"
2017-04-22,"643554,0"
2017-04-23,"631630,0"
2017-04-24,"561592,0"
2017-04-25,"656431,0"
2017-04-26,"691916,0"
2017-04-27,"658730,0"
2017-04-28,"613183,0"
2017-04-29,"789223,0"
2017-04-30,"694495,0"
2017-05-01,"666369,0"
2017-05-02,"714620,0"
2017-05-03,"605757,0"
2017-05-04,"740341,0"
2017-05-05,"560055,0"
2017-05-06,"759028,0"
2017-05-07,"770732,0"
2017-05-08,"810728,0"
2017-05-09,"710165,0"
2017-05-10,"635598,0"
2017-05-11,"588741,0"
2017-05-12,"665317,0"
2017-05-13,"708398,0"
2017-05-14,"760130,0"
2017-05-15,"761319,0"
2017-05-16,"619331,0"
2017-05-17,"708273,0"
2017-05-18,"649646,0"
2017-05-19,"739927,0"
2017-05-20,"774785,0"
2017-05-21,"707042,0"
2017-05-22,"656417,0"
2017-05-23,"768293,0"
2017-05-24,"683847,0"
2017-05-25,"734396,0"
2017-05-26,"676206,0"
2017-05-27,"787155,0"
2017-05-28,"775199,0"
2017-05-29,"679812,0"
2017-05-30,"782493,0"
2017-05-31,"728876,0"
2017-06-01,"782043,0"
2017-06-02,"660034,0"
2017-06-03,"916485,0"
2017-06-04,"738624,0"
2017-06-05,"753477,0"
2017-06-06,"707123,0"
2017-06-07,"781011,0"
2017-06-08,"772888,0"
2017-06-09,"696807,0"
2017-06-10,"662080,0"
2017-06-11,"656169,0"
2017-06-12,"666660,0"
2017-06-13,"631999,0"
2017-06-14,"634447,0"
2017-06-15,"726603,0"
2017-06-16,"695361,0"
2017-06-17,"662164,0"
2017-06-18,"669062,0"
2017-06-19,"728167,0"
2017-06-20,"627359,0"
2017-06-21,"639335,0"
2017-06-22,"662294,0"
2017-06-23,"715412,0"
2017-06-24,"651537,0"
2017-06-25,"542862,0"
2017-06-26,"665211,0"
2017-06-27,"595737,0"
2017-06-28,"714250,0"
2017-06-29,"543033,0"
2017-06-30,"692442,0"
2017-07-01,"685359,0"
2017-07-02,"661496,0"
2017-07-03,"655563,0"
2017-07-04,"643206,0"
2017-07-05,"615473,0"
2017-07-06,"617583,0"
2017-07-07,"640402,0"
2017-07-08,"632895,0"
2017-07-09,"492845,0"
2017-07-10,"687522,0"
2017-07-11,"698714,0"
2017-07-12,"723888,0"
2017-07-13,"617407,0"
2017-07-14,"567363,0"
2017-07-15,"595497,0"
2017-07-16,"625753,0"
2017-07-17,"650239,0"
2017-07-18,"735348,0"
2017-07-19,"669746,0"
2017-07-20,"664889,0"
2017-07-21,"705380,0"
2017-07-22,"683005,0"
2017-07-23,"533852,0"
2017-07-24,"714237,0"
2017-07-25,"635348,0"
2017-07-26,"666422,0"
2017-07-27,"679989,0"
2017-07-28,"653022,0"
2017-07-29,"689502,0"
2017-07-30,"599816,0"
2017-07-31,"665505,0"
2017-08-01,"513143,0"
2017-08-02,"677569,0"
2017-08-03,"590318,0"
2017-08-04,"752410,0"
2017-08-05,"720983,0"
2017-08-06,"528449,0"
2017-08-07,"673933,0"
2017-08-08,"753096,0"
2017-08-09,"611928,0"
2017-08-10,"624118,0"
2017-08-11,"657177,0"
2017-08-12,"628745,0"
2017-08-13,"696350,0"
2017-08-14,"583999,0"
2017-08-15,"676874,0"
2017-08-16,"570089,0"
2017-08-17,"852161,0"
2017-08-18,"668041,0"
2017-08-19,"684122,0"
2017-08-20,"587912,0"
2017-08-21,"516188,0"
2017-08-22,"396363,0"
2017-08-23,"749966,0"
2017-08-24,"447172,0"
2017-08-25,"420417,0"
2017-08-26,"483388,0"
2017-08-27,"756231,0"
2017-08-28,"583590,0"
2017-08-29,"724642,0"
2017-08-30,"802244,0"
2017-08-31,"763954,0"
2017-09-01,"778960,0"
2017-09-02,"632418,0"
2017-09-03,"552902,0"
2017-09-04,"757475,0"
2017-09-05,"714257,0"
2017-09-06,"697673,0"
2017-09-07,"696007,0"
2017-09-08,"731108,0"
2017-09-09,"566696,0"
2017-09-10,"516364,0"
2017-09-11,"673961,0"
2017-09-12,"625736,0"
2017-09-13,"644643,0"
2017-09-14,"678308,0"
2017-09-15,"712914,0"
2017-09-16,"566558,0"
2017-09-17,"489507,0"
2017-09-18,"564394,0"
2017-09-19,"732442,0"
2017-09-20,"523469,0"
2017-09-21,"625604,0"
2017-09-22,"520764,0"
2017-09-23,"479033,0"
2017-09-24,"450778,0"
2017-09-25,"543296,0"
2017-09-26,"641263,0"
2017-09-27,"587427,0"
2017-09-28,"690445,0"
2017-09-29,"646693,0"
2017-09-30,"516010,0"
2017-10-01,"586638,0"
2017-10-02,"697849,0"
2017-10-03,"741202,0"
2017-10-04,"523438,0"
2017-10-05,"602304,0"
2017-10-06,"704696,0"
2017-10-07,"584409,0"
2017-10-08,"638213,0"
2017-10-09,"715204,0"
2017-10-10,"740325,0"
2017-10-11,"661433,0"
2017-10-12,"699258,0"
2017-10-13,"624520,0"
2017-10-14,"672195,0"
2017-10-15,"806999,0"
2017-10-16,"731730,0"
2017-10-17,"744079,0"
2017-10-18,"695624,0"
2017-10-19,"827698,0"
2017-10-20,"776771,0"
2017-10-21,"723245,0"
2017-10-22,"889293,0"
2017-10-23,"789284,0"
2017-10-24,"819140,0"
2017-10-25,"844639,0"
2017-10-26,"607512,0"
2017-10-27,"476857,0"
2017-10-28,"383124,0"
2017-10-29,"748125,0"
2017-10-30,"719081,0"
2017-10-31,"675422,0"
2017-11-01,"767583,0"
2017-11-02,"729381,0"
2017-11-03,"551261,0"
2017-11-04,"638801,0"
2017-11-05,"675967,0"
2017-11-06,"644672,0"
2017-11-07,"739546,0"
2017-11-08,"695556,0"
2017-11-09,"746314,0"
2017-11-10,"582546,0"
2017-11-11,"380705,0"
2017-11-12,"389853,0"
2017-11-13,"668821,0"
2017-11-14,"609764,0"
2017-11-15,"752398,0"
2017-11-16,"740903,0"
2017-11-17,"835867,0"
2017-11-18,"690506,0"
2017-11-19,"823484,0"
2017-11-20,"836496,0"
2017-11-21,"839115,0"
2017-11-22,"731537,0"
2017-11-23,"773495,0"
2017-11-24,"725838,0"
2017-11-25,"776794,0"
2017-11-26,"757956,0"
2017-11-27,"830170,0"
2017-11-28,"764171,0"
2017-11-29,"847575,0"
2017-11-30,"821909,0"
2017-12-01,"905994,0"
2017-12-02,"789747,0"
2017-12-03,"847573,0"
2017-12-04,"901937,0"
2017-12-05,"874926,0"
2017-12-06,"915515,0"
2017-12-07,"710337,0"
2017-12-08,"742167,0"
2017-12-09,"863204,0"
2017-12-10,"858122,0"
2017-12-11,"853912,0"
2017-12-12,"762972,0"
2017-12-13,"937914,0"
2017-12-14,"888006,0"
2017-12-15,"835036,0"
2017-12-16,"890026,0"
2017-12-17,"927302,0"
2017-12-18,"907184,0"
2017-12-19,"667028,0"
2017-12-20,"659151,0"
2017-12-21,"609278,0"
2017-12-22,"761980,0"
2017-12-23,"685789,0"
2017-12-24,"809749,0"
2017-12-25,"710756,0"
2017-12-26,"745470,0"
2017-12-27,"803047,0"
2017-12-28,"767445,0"
2017-12-29,"840315,0"
2017-12-30,"718060,0"
2017-12-31,"855744,0"
2018-01-01,"846239,0"
2018-01-02,"877875,0"
2018-01-03,"771447,0"
2018-01-04,"805066,0"
2018-01-05,"685154,0"
2018-01-06,"845782,0"
2018-01-07,"790810,0"
2018-01-08,"826015,0"
2018-01-09,"810218,0"
2018-01-10,"835414,0"
2018-01-11,"1030433,0"
2018-01-12,"964624,0"
2018-01-13,"751342,0"
2018-01-14,"799334,0"
2018-01-15,"748467,0"
2018-01-16,"781091,0"
2018-01-17,"880459,0"
2018-01-18,"892430,0"
2018-01-19,"912118,0"
2018-01-20,"969672,0"
2018-01-21,"1006646,0"
2018-01-22,"902490,0"
2018-01-23,"923280,0"
2018-01-24,"903128,0"
2018-01-25,"829767,0"
2018-01-26,"771068,0"
2018-01-27,"784576,0"
2018-01-28,"747697,0"
2018-01-29,"693715,0"
2018-01-30,"788058,0"
2018-01-31,"565434,0"
2018-02-01,"788767,0"
2018-02-02,"829256,0"
2018-02-03,"745859,0"
2018-02-04,"790909,0"
2018-02-05,"983981,0"
2018-02-06,"933122,0"
2018-02-07,"756083,0"
2018-02-08,"733439,0"
2018-02-09,"751986,0"
2018-02-10,"792718,0"
2018-02-11,"846188,0"
2018-02-12,"934121,0"
2018-02-13,"910668,0"
2018-02-14,"1003615,0"
2018-02-15,"703699,0"
2018-02-16,"788276,0"
2018-02-17,"764135,0"
2018-02-18,"837373,0"
2018-02-19,"841925,0"
2018-02-20,"708905,0"
2018-02-21,"703630,0"
2018-02-22,"630927,0"
2018-02-23,"745090,0"
2018-02-24,"743327,0"
2018-02-25,"512811,0"
2018-02-26,"658444,0"
2018-02-27,"715398,0"
2018-02-28,"764558,0"
2018-03-01,"789747,0"
2018-03-02,"634378,0"
2018-03-03,"941701,0"
2018-03-04,"792198,0"
2018-03-05,"782374,0"
2018-03-06,"857301,0"
2018-03-07,"854344,0"
2018-03-08,"883392,0"
2018-03-09,"762172,0"
2018-03-10,"775194,0"
2018-03-11,"862729,0"
2018-03-12,"797550,0"
2018-03-13,"679873,0"
2018-03-14,"505577,0"
2018-03-15,"525712,0"
2018-03-16,"482256,0"
2018-03-17,"354373,0"
2018-03-18,"457886,0"
2018-03-19,"495865,0"
2018-03-20,"469661,0"
2018-03-21,"479075,0"
2018-03-22,"553143,0"
2018-03-23,"530354,0"
2018-03-24,"452970,0"
2018-03-25,"367357,0"
2018-03-26,"517926,0"
2018-03-27,"543663,0"
2018-03-28,"458284,0"
2018-03-29,"485698,0"
2018-03-30,"454343,0"
2018-03-31,"404973,0"
2018-04-01,"342641,0"
2018-04-02,"411811,0"
2018-04-03,"524694,0"
2018-04-04,"479649,0"
2018-04-05,"457409,0"
2018-04-06,"502703,0"
2018-04-07,"463282,0"
2018-04-08,"320148,0"
2018-04-09,"495267,0"
2018-04-10,"492446,0"
2018-04-11,"496684,0"
2018-04-12,"568191,0"
2018-04-13,"545304,0"
2018-04-14,"466210,0"
2018-04-15,"584341,0"
2018-04-16,"704300,0"
2018-04-17,"575253,0"
2018-04-18,"504135,0"
2018-04-19,"515510,0"
2018-04-20,"513783,0"
2018-04-21,"578922,0"
2018-04-22,"402611,0"
2018-04-23,"542705,0"
2018-04-24,"737920,0"
2018-04-25,"623845,0"
2018-04-26,"576514,0"
2018-04-27,"600579,0"
2018-04-28,"482039,0"
2018-04-29,"458947,0"
2018-04-30,"554011,0"
2018-05-01,"492702,0"
2018-05-02,"600849,0"
2018-05-03,"610430,0"
2018-05-04,"626755,0"
2018-05-05,"561399,0"
2018-05-06,"488927,0"
2018-05-07,"637417,0"
2018-05-08,"614806,0"
2018-05-09,"544842,0"
2018-05-10,"541614,0"
2018-05-11,"659780,0"
2018-05-12,"501831,0"
2018-05-13,"404624,0"
2018-05-14,"549176,0"
2018-05-15,"531644,0"
2018-05-16,"506334,0"
2018-05-17,"566543,0"
2018-05-18,"598157,0"
2018-05-19,"422259,0"
2018-05-20,"372312,0"
2018-05-21,"583923,0"
2018-05-22,"497718,0"
2018-05-23,"568366,0"
2018-05-24,"475955,0"
2018-05-25,"517097,0"
2018-05-26,"365403,0"
2018-05-27,"339248,0"
2018-05-28,"547049,0"
2018-05-29,"547317,0"
2018-05-30,"517638,0"
2018-05-31,"565708,0"
2018-06-01,"532899,0"
2018-06-02,"438760,0"
2018-06-03,"534531,0"
2018-06-04,"806417,0"
2018-06-05,"652861,0"
2018-06-06,"643489,0"
2018-06-07,"660107,0"
2018-06-08,"582238,0"
2018-06-09,"431643,0"
2018-06-10,"454027,0"
2018-06-11,"516491,0"
2018-06-12,"660197,0"
2018-06-13,"606533,0"
2018-06-14,"522385,0"
2018-06-15,"588244,0"
2018-06-16,"360115,0"
2018-06-17,"360226,0"
2018-06-18,"500777,0"
2018-06-19,"730292,0"
2018-06-20,"920644,0"
2018-06-21,"486430,0"
2018-06-22,"545472,0"
2018-06-23,"397025,0"
2018-06-24,"384419,0"
2018-06-25,"631941,0"
2018-06-26,"656646,0"
2018-06-27,"573698,0"
2018-06-28,"506435,0"
2018-06-29,"499025,0"
2018-06-30,"602974,0"
2018-07-01,"458729,0"
2018-07-02,"624459,0"
2018-07-03,"626967,0"
2018-07-04,"558144,0"
2018-07-05,"508065,0"
2018-07-06,"492480,0"
2018-07-07,"393675,0"
2018-07-08,"431317,0"
2018-07-09,"641457,0"
2018-07-10,"675811,0"
2018-07-11,"611042,0"
2018-07-12,"907009,0"
2018-07-13,"842270,0"
2018-07-14,"786962,0"
2018-07-15,"491770,0"
2018-07-16,"520640,0"
2018-07-17,"676978,0"
2018-07-18,"809987,0"
2018-07-19,"585077,0"
2018-07-20,"590012,0"
2018-07-21,"467104,0"
2018-07-22,"378699,0"
2018-07-23,"673458,0"
2018-07-24,"654138,0"
2018-07-25,"746071,0"
2018-07-26,"574283,0"
2018-07-27,"639104,0"
2018-07-28,"525054,0"
2018-07-29,"430638,0"
2018-07-30,"577519,0"
2018-07-31,"638808,0"
2018-08-01,"655335,0"
2018-08-02,"580842,0"
2018-08-03,"629334,0"
2018-08-04,"460484,0"
2018-08-05,"423080,0"
2018-08-06,"611511,0"
2018-08-07,"684192,0"
2018-08-08,"592790,0"
2018-08-09,"552984,0"
2018-08-10,"633165,0"
2018-08-11,"482847,0"
2018-08-12,"419695,0"
2018-08-13,"610941,0"
2018-08-14,"620458,0"
2018-08-15,"579828,0"
2018-08-16,"554521,0"
2018-08-17,"583989,0"
2018-08-18,"435505,0"
2018-08-19,"419282,0"
2018-08-20,"573862,0"
2018-08-21,"531434,0"
2018-08-22,"570190,0"
2018-08-23,"512564,0"
2018-08-24,"555172,0"
2018-08-25,"485388,0"
2018-08-26,"482596,0"
2018-08-27,"629123,0"
2018-08-28,"652005,0"
2018-08-29,"593288,0"
2018-08-30,"580847,0"
2018-08-31,"582188,0"
2018-09-01,"553016,0"
2018-09-02,"431685,0"
2018-09-03,"580187,0"
2018-09-04,"564661,0"
2018-09-05,"611436,0"
2018-09-06,"626296,0"
2018-09-07,"641097,0"
2018-09-08,"508375,0"
2018-09-09,"477924,0"
2018-09-10,"573002,0"
2018-09-11,"648902,0"
2018-09-12,"557472,0"
2018-09-13,"570252,0"
2018-09-14,"603963,0"
2018-09-15,"506430,0"
2018-09-16,"402816,0"
2018-09-17,"563857,0"
2018-09-18,"602511,0"
2018-09-19,"578413,0"
2018-09-20,"569081,0"
2018-09-21,"664062,0"
2018-09-22,"514820,0"
2018-09-23,"442073,0"
2018-09-24,"550197,0"
2018-09-25,"591380,0"
2018-09-26,"578517,0"
2018-09-27,"578786,0"
2018-09-28,"596093,0"
2018-09-29,"476215,0"
2018-09-30,"465743,0"
2018-10-01,"637002,0"
2018-10-02,"650014,0"
2018-10-03,"545441,0"
2018-10-04,"539362,0"
2018-10-05,"568899,0"
2018-10-06,"524284,0"
2018-10-07,"538919,0"
2018-10-08,"599153,0"
2018-10-09,"565483,0"
2018-10-10,"569674,0"
2018-10-11,"649445,0"
2018-10-12,"658402,0"
2018-10-13,"525541,0"
2018-10-14,"481215,0"
2018-10-15,"687896,0"
2018-10-16,"648064,0"
2018-10-17,"660202,0"
2018-10-18,"615381,0"
2018-10-19,"657407,0"
2018-10-20,"549869,0"
2018-10-21,"501296,0"
2018-10-22,"649654,0"
2018-10-23,"645905,0"
2018-10-24,"595572,0"
2018-10-25,"653374,0"
2018-10-26,"687500,0"
2018-10-27,"549704,0"
2018-10-28,"512379,0"
2018-10-29,"659200,0"
2018-10-30,"662624,0"
2018-10-31,"669008,0"
2018-11-01,"674952,0"
2018-11-02,"718085,0"
2018-11-03,"614526,0"
2018-11-04,"600626,0"
2018-11-05,"674553,0"
2018-11-06,"615709,0"
2018-11-07,"664522,0"
2018-11-08,"649275,0"
2018-11-09,"649296,0"
2018-11-10,"552048,0"
2018-11-11,"554814,0"
2018-11-12,"667874,0"
2018-11-13,"598485,0"
2018-11-14,"660632,0"
2018-11-15,"677633,0"
2018-11-16,"648146,0"
2018-11-17,"571823,0"
2018-11-18,"509578,0"
2018-11-19,"625826,0"
2018-11-20,"738255,0"
2018-11-21,"577159,0"
2018-11-22,"680751,0"
2018-11-23,"627906,0"
2018-11-24,"605466,0"
2018-11-25,"568811,0"
2018-11-26,"598034,0"
2018-11-27,"631042,0"
2018-11-28,"583726,0"
2018-11-29,"565218,0"
2018-11-30,"548386,0"
2018-12-01,"590565,0"
2018-12-02,"503261,0"
2018-12-03,"560853,0"
2018-12-04,"670452,0"
2018-12-05,"601781,0"
2018-12-06,"666521,0"
2018-12-07,"619357,0"
2018-12-08,"533135,0"
2018-12-09,"525642,0"
2018-12-10,"624367,0"
2018-12-11,"617840,0"
2018-12-12,"611097,0"
2018-12-13,"636064,0"
2018-12-14,"697085,0"
2018-12-15,"611439,0"
2018-12-16,"522662,0"
2018-12-17,"710582,0"
2018-12-18,"620137,0"
2018-12-19,"724862,0"
2018-12-20,"667095,0"
2018-12-21,"644285,0"
2018-12-22,"610963,0"
2018-12-23,"561886,0"
2018-12-24,"632401,0"
2018-12-25,"552998,0"
2018-12-26,"602668,0"
2018-12-27,"683678,0"
2018-12-28,"673571,0"
2018-12-29,"583243,0"
2018-12-30,"566779,0"
2018-12-31,"593130,0"
2019-01-01,"494585,0"
2019-01-02,"620703,0"
2019-01-03,"649991,0"
2019-01-04,"619859,0"
2019-01-05,"559899,0"
2019-01-06,"512740,0"
2019-01-07,"623038,0"
2019-01-08,"645146,0"
2019-01-09,"632846,0"
2019-01-10,"655704,0"
2019-01-11,"633573,0"
2019-01-12,"529815,0"
2019-01-13,"504079,0"
2019-01-14,"619501,0"
2019-01-15,"621677,0"
2019-01-16,"640447,0"
2019-01-17,"616945,0"
2019-01-18,"619540,0"
2019-01-19,"548298,0"
2019-01-20,"552376,0"
2019-01-21,"616326,0"
2019-01-22,"602609,0"
2019-01-23,"660005,0"
2019-01-24,"654271,0"
2019-01-25,"612217,0"
2019-01-26,"613728,0"
2019-01-27,"522250,0"
2019-01-28,"655252,0"
2019-01-29,"650333,0"
2019-01-30,"635381,0"
2019-01-31,"681599,0"
2019-02-01,"715300,0"
2019-02-02,"604181,0"
2019-02-03,"556906,0"
2019-02-04,"645957,0"
2019-02-05,"652238,0"
2019-02-06,"769444,0"
2019-02-07,"714162,0"
2019-02-08,"697924,0"
2019-02-09,"601021,0"
2019-02-10,"537803,0"
2019-02-11,"706355,0"
2019-02-12,"756369,0"
2019-02-13,"783473,0"
2019-02-14,"670399,0"
2019-02-15,"605184,0"
2019-02-16,"650603,0"
2019-02-17,"595984,0"
2019-02-18,"730610,0"
2019-02-19,"723007,0"
2019-02-20,"684633,0"
2019-02-21,"617774,0"
2019-02-22,"787877,0"
2019-02-23,"598013,0"
2019-02-24,"608925,0"
2019-02-25,"696802,0"
2019-02-26,"752197,0"
2019-02-27,"699313,0"
2019-02-28,"740465,0"
2019-03-01,"739244,0"
2019-03-02,"643792,0"
2019-03-03,"623965,0"
2019-03-04,"666493,0"
2019-03-05,"680839,0"
2019-03-06,"676312,0"
2019-03-07,"646500,0"
2019-03-08,"660107,0"
2019-03-09,"532214,0"
2019-03-10,"466931,0"
2019-03-11,"701437,0"
2019-03-12,"640503,0"
2019-03-13,"697144,0"
2019-03-14,"730182,0"
2019-03-15,"669309,0"
2019-03-16,"567785,0"
2019-03-17,"483321,0"
2019-03-18,"671632,0"
2019-03-19,"731155,0"
2019-03-20,"714406,0"
2019-03-21,"667054,0"
2019-03-22,"685319,0"
2019-03-23,"544973,0"
2019-03-24,"511923,0"
2019-03-25,"707708,0"
2019-03-26,"697573,0"
2019-03-27,"800022,0"
2019-03-28,"779578,0"
2019-03-29,"770923,0"
2019-03-30,"736930,0"
2019-03-31,"711669,0"
2019-04-01,"708440,0"
2019-04-02,"842688,0"
2019-04-03,"786938,0"
2019-04-04,"756383,0"
2019-04-05,"879447,0"
2019-04-06,"744456,0"
2019-04-07,"690888,0"
2019-04-08,"815545,0"
2019-04-09,"744194,0"
2019-04-10,"789291,0"
2019-04-11,"828274,0"
2019-04-12,"781297,0"
2019-04-13,"639691,0"
2019-04-14,"631368,0"
2019-04-15,"791244,0"
2019-04-16,"802890,0"
2019-04-17,"752242,0"
2019-04-18,"791460,0"
2019-04-19,"803951,0"
2019-04-20,"728135,0"
2019-04-21,"816543,0"
2019-04-22,"656164,0"
2019-04-23,"634558,0"
2019-04-24,"904411,0"
2019-04-25,"746803,0"
2019-04-26,"795878,0"
2019-04-27,"692599,0"
2019-04-28,"670302,0"
2019-04-29,"840069,0"
2019-04-30,"801242,0"
2019-05-01,"832467,0"
2019-05-02,"888627,0"
2019-05-03,"818337,0"
2019-05-04,"679622,0"
2019-05-05,"674639,0"
2019-05-06,"814988,0"
2019-05-07,"699114,0"
2019-05-08,"825288,0"
2019-05-09,"837979,0"
2019-05-10,"673965,0"
2019-05-11,"727145,0"
2019-05-12,"892779,0"
2019-05-13,"889776,0"
2019-05-14,"830074,0"
2019-05-15,"800055,0"
2019-05-16,"785405,0"
2019-05-17,"837632,0"
2019-05-18,"888427,0"
2019-05-19,"867253,0"
2019-05-20,"858213,0"
2019-05-21,"866643,0"
2019-05-22,"906196,0"
2019-05-23,"871942,0"
2019-05-24,"853703,0"
2019-05-25,"733211,0"
2019-05-26,"730853,0"
2019-05-27,"884135,0"
2019-05-28,"934733,0"
2019-05-29,"921575,0"
2019-05-30,"853082,0"
2019-05-31,"641621,0"
2019-06-01,"874635,0"
2019-06-02,"701002,0"
2019-06-03,"663036,0"
2019-06-04,"854341,0"
2019-06-05,"887595,0"
2019-06-06,"817444,0"
2019-06-07,"841184,0"
2019-06-08,"618672,0"
2019-06-09,"594115,0"
2019-06-10,"799656,0"
2019-06-11,"812722,0"
2019-06-12,"739732,0"
2019-06-13,"864558,0"
2019-06-14,"990438,0"
2019-06-15,"831467,0"
2019-06-16,"689219,0"
2019-06-17,"716957,0"
2019-06-18,"924231,0"
2019-06-19,"922066,0"
2019-06-20,"789531,0"
2019-06-21,"756527,0"
2019-06-22,"776993,0"
2019-06-23,"960809,0"
2019-06-24,"977926,0"
2019-06-25,"816121,0"
2019-06-26,"934983,0"
2019-06-27,"773153,0"
2019-06-28,"956155,0"
2019-06-29,"919819,0"
2019-06-30,"688498,0"
2019-07-01,"787480,0"
2019-07-02,"887530,0"
2019-07-03,"907108,0"
2019-07-04,"850829,0"
2019-07-05,"856922,0"
2019-07-06,"683545,0"
2019-07-07,"639645,0"
2019-07-08,"858655,0"
2019-07-09,"791587,0"
2019-07-10,"724755,0"
2019-07-11,"721306,0"
2019-07-12,"912606,0"
2019-07-13,"654992,0"
2019-07-14,"601489,0"
2019-07-15,"732898,0"
2019-07-16,"794370,0"
2019-07-17,"679693,0"
2019-07-18,"671861,0"
2019-07-19,"674129,0"
2019-07-20,"887816,0"
2019-07-21,"570588,0"
2019-07-22,"698050,0"
2019-07-23,"704366,0"
2019-07-24,"708778,0"
2019-07-25,"751888,0"
2019-07-26,"708381,0"
2019-07-27,"569638,0"
2019-07-28,"539536,0"
2019-07-29,"714632,0"
2019-07-30,"728192,0"
2019-07-31,"762799,0"
2019-08-01,"742115,0"
2019-08-02,"794758,0"
2019-08-03,"642925,0"
2019-08-04,"613489,0"
2019-08-05,"762909,0"
2019-08-06,"828767,0"
2019-08-07,"791157,0"
2019-08-08,"806801,0"
2019-08-09,"745277,0"
2019-08-10,"606843,0"
2019-08-11,"527089,0"
2019-08-12,"618782,0"
2019-08-13,"875862,0"
2019-08-14,"773197,0"
2019-08-15,"742666,0"
2019-08-16,"668121,0"
2019-08-17,"564359,0"
2019-08-18,"528626,0"
2019-08-19,"690001,0"
2019-08-20,"739200,0"
2019-08-21,"720006,0"
2019-08-22,"779051,0"
2019-08-23,"743975,0"
2019-08-24,"708223,0"
2019-08-25,"545170,0"
2019-08-26,"717962,0"
2019-08-27,"707152,0"
2019-08-28,"701033,0"
2019-08-29,"735051,0"
2019-08-30,"720673,0"
2019-08-31,"633621,0"
2019-09-01,"560546,0"
2019-09-02,"711203,0"
2019-09-03,"792069,0"
2019-09-04,"742605,0"
2019-09-05,"777135,0"
2019-09-06,"785459,0"
2019-09-07,"616485,0"
2019-09-08,"551495,0"
2019-09-09,"729544,0"
2019-09-10,"801497,0"
2019-09-11,"790786,0"
2019-09-12,"696483,0"
2019-09-13,"729989,0"
2019-09-14,"627293,0"
2019-09-15,"585990,0"
2019-09-16,"794875,0"
2019-09-17,"772733,0"
2019-09-18,"860259,0"
2019-09-19,"715458,0"
2019-09-20,"706890,0"
2019-09-21,"654664,0"
2019-09-22,"595898,0"
2019-09-23,"637092,0"
2019-09-24,"834937,0"
2019-09-25,"783889,0"
2019-09-26,"756711,0"
2019-09-27,"654199,0"
2019-09-28,"624145,0"
2019-09-29,"539524,0"
2019-09-30,"681605,0"
2019-10-01,"723652,0"
2019-10-02,"664954,0"
2019-10-03,"676649,0"
2019-10-04,"718986,0"
2019-10-05,"615083,0"
2019-10-06,"537565,0"
2019-10-07,"710425,0"
2019-10-08,"702105,0"
2019-10-09,"644708,0"
2019-10-10,"710067,0"
2019-10-11,"716456,0"
2019-10-12,"565903,0"
2019-10-13,"504596,0"
2019-10-14,"651629,0"
2019-10-15,"683415,0"
2019-10-16,"709252,0"
2019-10-17,"757905,0"
2019-10-18,"674008,0"
2019-10-19,"596065,0"
2019-10-20,"546353,0"
2019-10-21,"726592,0"
2019-10-22,"746151,0"
2019-10-23,"755683,0"
2019-10-24,"664472,0"
2019-10-25,"766517,0"
2019-10-26,"797383,0"
2019-10-27,"595239,0"
2019-10-28,"742506,0"
2019-10-29,"701840,0"
2019-10-30,"679931,0"
2019-10-31,"663022,0"
2019-11-01,"760556,0"
2019-11-02,"606923,0"
2019-11-03,"618782,0"
2019-11-04,"706725,0"
2019-11-05,"768737,0"
2019-11-06,"801381,0"
2019-11-07,"749144,0"
2019-11-08,"691474,0"
2019-11-09,"729759,0"
2019-11-10,"639963,0"
2019-11-11,"693068,0"
2019-11-12,"639664,0"
2019-11-13,"728799,0"
2019-11-14,"752536,0"
2019-11-15,"828746,0"
2019-11-16,"877609,0"
2019-11-17,"874888,0"
2019-11-18,"657058,0"
2019-11-19,"799422,0"
2019-11-20,"649695,0"
2019-11-21,"756233,0"
2019-11-22,"748502,0"
2019-11-23,"664378,0"
2019-11-24,"506949,0"
2019-11-25,"598517,0"
2019-11-26,"703016,0"
2019-11-27,"769100,0"
2019-11-28,"650375,0"
2019-11-29,"660151,0"
2019-11-30,"616490,0"
2019-12-01,"541497,0"
2019-12-02,"678225,0"
2019-12-03,"692985,0"
2019-12-04,"711403,0"
2019-12-05,"675799,0"
2019-12-06,"711762,0"
2019-12-07,"609779,0"
2019-12-08,"558296,0"
2019-12-09,"743244,0"
2019-12-10,"755899,0"
2019-12-11,"748320,0"
2019-12-12,"664585,0"
2019-12-13,"685415,0"
2019-12-14,"622497,0"
2019-12-15,"626592,0"
2019-12-16,"761465,0"
2019-12-17,"876464,0"
2019-12-18,"719925,0"
2019-12-19,"726387,0"
2019-12-20,"671937,0"
2019-12-21,"587131,0"
2019-12-22,"558699,0"
2019-12-23,"676377,0"
2019-12-24,"627146,0"
2019-12-25,"515794,0"
2019-12-26,"638291,0"
2019-12-27,"666021,0"
2019-12-28,"596760,0"
2019-12-29,"549544,0"
2019-12-30,"719285,0"
2019-12-31,"655597,0"
2020-01-01,"490475,0"
2020-01-02,"649814,0"
2020-01-03,"697717,0"
2020-01-04,"587137,0"
2020-01-05,"573841,0"
2020-01-06,"709943,0"
2020-01-07,"763045,0"
2020-01-08,"693030,0"
2020-01-09,"759991,0"
2020-01-10,"739694,0"
2020-01-11,"613472,0"
2020-01-12,"560006,0"
2020-01-13,"650373,0"
2020-01-14,"839428,0"
2020-01-15,"736349,0"
2020-01-16,"707700,0"
2020-01-17,"702452,0"
2020-01-18,"566213,0"
2020-01-19,"592101,0"
2020-01-20,"686803,0"
2020-01-21,"698014,0"
2020-01-22,"763365,0"
2020-01-23,"752678,0"
2020-01-24,"730756,0"
2020-01-25,"651278,0"
2020-01-26,"533412,0"
2020-01-27,"626898,0"
2020-01-28,"794794,0"
2020-01-29,"725918,0"
2020-01-30,"719495,0"
2020-01-31,"726488,0"
2020-02-01,"660708,0"
2020-02-02,"675106,0"
2020-02-03,"820537,0"
2020-02-04,"712593,0"
2020-02-05,"792997,0"
2020-02-06,"710476,0"
2020-02-07,"850533,0"
2020-02-08,"723999,0"
2020-02-09,"665516,0"
2020-02-10,"661948,0"
2020-02-11,"872425,0"
2020-02-12,"744856,0"
2020-02-13,"810531,0"
2020-02-14,"661653,0"
2020-02-15,"713539,0"
2020-02-16,"597935,0"
2020-02-17,"731383,0"
2020-02-18,"759055,0"
2020-02-19,"755565,0"
2020-02-20,"719730,0"
2020-02-21,"745225,0"
2020-02-22,"604330,0"
2020-02-23,"586403,0"
2020-02-24,"741647,0"
2020-02-25,"688887,0"
2020-02-26,"717078,0"
2020-02-27,"734765,0"
2020-02-28,"771086,0"
2020-02-29,"615486,0"
2020-03-01,"670551,0"
2020-03-02,"763988,0"
2020-03-03,"811364,0"
2020-03-04,"1014031,0"
2020-03-05,"744929,0"
2020-03-06,"769527,0"
2020-03-07,"644319,0"
2020-03-08,"614727,0"
2020-03-09,"778840,0"
2020-03-10,"796131,0"
2020-03-11,"644981,0"
2020-03-12,"862933,0"
2020-03-13,"709175,0"
2020-03-14,"737750,0"
2020-03-15,"601261,0"
2020-03-16,"645681,0"
2020-03-17,"687958,0"
2020-03-18,"516787,0"
2020-03-19,"619505,0"
2020-03-20,"612884,0"
2020-03-21,"622399,0"
2020-03-22,"477810,0"
2020-03-23,"585464,0"
2020-03-24,"716122,0"
2020-03-25,"456287,0"
2020-03-26,"855212,0"
2020-03-27,"818619,0"
2020-03-28,"546712,0"
2020-03-29,"515642,0"
2020-03-30,"718238,0"
2020-03-31,"758347,0"
2020-04-01,"780586,0"
2020-04-02,"774783,0"
2020-04-03,"685221,0"
2020-04-04,"712766,0"
2020-04-05,"582228,0"
2020-04-06,"686695,0"
2020-04-07,"907896,0"
2020-04-08,"722741,0"
2020-04-09,"718981,0"
2020-04-10,"662443,0"
2020-04-11,"555886,0"
2020-04-12,"541146,0"
2020-04-13,"708777,0"
2020-04-14,"753862,0"
2020-04-15,"850671,0"
2020-04-16,"776271,0"
2020-04-17,"768225,0"
2020-04-18,"855834,0"
2020-04-19,"632159,0"
2020-04-20,"775660,0"
2020-04-21,"723987,0"
2020-04-22,"603644,0"
2020-04-23,"830372,0"
2020-04-24,"827286,0"
2020-04-25,"811750,0"
2020-04-26,"704995,0"
2020-04-27,"769333,0"
2020-04-28,"888021,0"
2020-04-29,"800308,0"
2020-04-30,"777495,0"
2020-05-01,"809914,0"
2020-05-02,"942363,0"
2020-05-03,"1003226,0"
2020-05-04,"798529,0"
2020-05-05,"914940,0"
2020-05-06,"877852,0"
2020-05-07,"884504,0"
2020-05-08,"801152,0"
2020-05-09,"810972,0"
2020-05-10,"1071825,0"
2020-05-11,"958931,0"
2020-05-12,"868892,0"
2020-05-13,"701309,0"
2020-05-14,"693928,0"
2020-05-15,"717495,0"
2020-05-16,"757288,0"
2020-05-17,"633867,0"
2020-05-18,"794193,0"
2020-05-19,"700712,0"
2020-05-20,"681393,0"
2020-05-21,"782645,0"
2020-05-22,"659820,0"
2020-05-23,"732062,0"
2020-05-24,"785489,0"
2020-05-25,"778815,0"
2020-05-26,"744851,0"
2020-05-27,"847464,0"
2020-05-28,"784145,0"
2020-05-29,"753844,0"
2020-05-30,"952939,0"
2020-05-31,"727388,0"
2020-06-01,"794443,0"
2020-06-02,"765082,0"
2020-06-03,"817992,0"
2020-06-04,"888964,0"
2020-06-05,"852222,0"
2020-06-06,"712236,0"
2020-06-07,"610662,0"
2020-06-08,"878566,0"
2020-06-09,"876584,0"
2020-06-10,"806783,0"
2020-06-11,"1124932,0"
2020-06-12,"910140,0"
2020-06-13,"749771,0"
2020-06-14,"633314,0"
2020-06-15,"717551,0"
2020-06-16,"850547,0"
2020-06-17,"812553,0"
2020-06-18,"711451,0"
2020-06-19,"852957,0"
2020-06-20,"691427,0"
2020-06-21,"671560,0"
2020-06-22,"717435,0"
2020-06-23,"981756,0"
2020-06-24,"845383,0"
2020-06-25,"836813,0"
2020-06-26,"910374,0"
2020-06-27,"691565,0"
2020-06-28,"611199,0"
2020-06-29,"837655,0"
2020-06-30,"819532,0"
2020-07-01,"983815,0"
2020-07-02,"862926,0"
2020-07-03,"890920,0"
2020-07-04,"747490,0"
2020-07-05,"712542,0"
2020-07-06,"880846,0"
2020-07-07,"824321,0"
2020-07-08,"884579,0"
2020-07-09,"975977,0"
2020-07-10,"902353,0"
2020-07-11,"800768,0"
2020-07-12,"674554,0"
2020-07-13,"771108,0"
2020-07-14,"827064,0"
2020-07-15,"833653,0"
2020-07-16,"796489,0"
2020-07-17,"688785,0"
2020-07-18,"763956,0"
2020-07-19,"827051,0"
2020-07-20,"846679,0"
2020-07-21,"728851,0"
2020-07-22,"832672,0"
2020-07-23,"810680,0"
2020-07-24,"963793,0"
2020-07-25,"877679,0"
2020-07-26,"1013315,0"
2020-07-27,"887264,0"
2020-07-28,"860399,0"
2020-07-29,"871990,0"
2020-07-30,"795899,0"
2020-07-31,"936264,0"
2020-08-01,"838489,0"
2020-08-02,"883453,0"
2020-08-03,"1011633,0"
2020-08-04,"862741,0"
2020-08-05,"754312,0"
2020-08-06,"943754,0"
2020-08-07,"948793,0"
2020-08-08,"895233,0"
2020-08-09,"968042,0"
2020-08-10,"784584,0"
2020-08-11,"916194,0"
2020-08-12,"954118,0"
2020-08-13,"811325,0"
2020-08-14,"973399,0"
2020-08-15,"912757,0"
2020-08-16,"813174,0"
2020-08-17,"712298,0"
2020-08-18,"805578,0"
2020-08-19,"808793,0"
2020-08-20,"834368,0"
2020-08-21,"964374,0"
2020-08-22,"809360,0"
2020-08-23,"916193,0"
2020-08-24,"778696,0"
2020-08-25,"761422,0"
2020-08-26,"852656,0"
2020-08-27,"740616,0"
2020-08-28,"994232,0"
2020-08-29,"929683,0"
2020-08-30,"792204,0"
2020-08-31,"827316,0"
2020-09-01,"896928,0"
2020-09-02,"843651,0"
2020-09-03,"765856,0"
2020-09-04,"809521,0"
2020-09-05,"839626,0"
2020-09-06,"997263,0"
2020-09-07,"1069859,0"
2020-09-08,"872714,0"
2020-09-09,"809305,0"
2020-09-10,"980295,0"
2020-09-11,"833201,0"
2020-09-12,"848552,0"
2020-09-13,"695297,0"
2020-09-14,"948521,0"
2020-09-15,"855979,0"
2020-09-16,"926890,0"
2020-09-17,"1046439,0"
2020-09-18,"876624,0"
2020-09-19,"852330,0"
2020-09-20,"720162,0"
2020-09-21,"795697,0"
2020-09-22,"758003,0"
2020-09-23,"837321,0"
2020-09-24,"769154,0"
2020-09-25,"1049356,0"
2020-09-26,"959386,0"
2020-09-27,"701114,0"
2020-09-28,"717132,0"
2020-09-29,"811779,0"
2020-09-30,"967600,0"
2020-10-01,"733198,0"
2020-10-02,"800723,0"
2020-10-03,"953275,0"
2020-10-04,"918109,0"
2020-10-05,"765183,0"
2020-10-06,"778917,0"
2020-10-07,"904577,0"
2020-10-08,"907194,0"
2020-10-09,"870324,0"
2020-10-10,"893214,0"
2020-10-11,"709430,0"
2020-10-12,"819817,0"
2020-10-13,"963657,0"
2020-10-14,"788107,0"
2020-10-15,"882320,0"
2020-10-16,"875711,0"
2020-10-17,"760172,0"
2020-10-18,"610942,0"
2020-10-19,"731034,0"
2020-10-20,"811737,0"
2020-10-21,"788934,0"
2020-10-22,"805736,0"
2020-10-23,"780841,0"
2020-10-24,"996969,0"
2020-10-25,"747848,0"
2020-10-26,"685429,0"
2020-10-27,"566987,0"
2020-10-28,"571477,0"
2020-10-29,"630863,0"
2020-10-30,"659159,0"
2020-10-31,"673407,0"
2020-11-01,"752456,0"
2020-11-02,"577699,0"
2020-11-03,"838794,0"
2020-11-04,"1044659,0"
2020-11-05,"900753,0"
2020-11-06,"926738,0"
2020-11-07,"969500,0"
2020-11-08,"902010,0"
2020-11-09,"1233941,0"
2020-11-10,"854828,0"
2020-11-11,"888517,0"
2020-11-12,"947509,0"
2020-11-13,"822449,0"
2020-11-14,"833376,0"
2020-11-15,"856807,0"
2020-11-16,"919942,0"
2020-11-17,"952316,0"
2020-11-18,"1015256,0"
2020-11-19,"854196,0"
2020-11-20,"1031001,0"
2020-11-21,"916842,0"
2020-11-22,"746266,0"
2020-11-23,"836066,0"
2020-11-24,"802772,0"
2020-11-25,"875103,0"
2020-11-26,"930218,0"
2020-11-27,"956335,0"
2020-11-28,"955855,0"
2020-11-29,"769819,0"
2020-11-30,"696986,0"
2020-12-01,"905405,0"
2020-12-02,"758688,0"
2020-12-03,"988638,0"
2020-12-04,"896509,0"
2020-12-05,"934992,0"
2020-12-06,"879239,0"
2020-12-07,"843547,0"
2020-12-08,"856549,0"
2020-12-09,"829649,0"
2020-12-10,"778738,0"
2020-12-11,"862698,0"
2020-12-12,"804507,0"
2020-12-13,"890221,0"
2020-12-14,"788573,0"
2020-12-15,"840308,0"
2020-12-16,"873610,0"
2020-12-17,"772889,0"
2020-12-18,"924253,0"
2020-12-19,"971808,0"
2020-12-20,"978675,0"
2020-12-21,"872946,0"
2020-12-22,"881579,0"
2020-12-23,"910566,0"
2020-12-24,"767276,0"
