Date,addresses/count
2015-07-30,9203.0
2015-07-31,9359.0
2015-08-01,9474.0
2015-08-02,9561.0
2015-08-03,9637.0
2015-08-04,9694.0
2015-08-05,9747.0
2015-08-06,9788.0
2015-08-07,10288.0
2015-08-08,10641.0
2015-08-09,10894.0
2015-08-10,11543.0
2015-08-11,13432.0
2015-08-12,13744.0
2015-08-13,14274.0
2015-08-14,14810.0
2015-08-15,15175.0
2015-08-16,15450.0
2015-08-17,15729.0
2015-08-18,16005.0
2015-08-19,16269.0
2015-08-20,16459.0
2015-08-21,16732.0
2015-08-22,16960.0
2015-08-23,17267.0
2015-08-24,17437.0
2015-08-25,17649.0
2015-08-26,17817.0
2015-08-27,18010.0
2015-08-28,18154.0
2015-08-29,18254.0
2015-08-30,18431.0
2015-08-31,18555.0
2015-09-01,18706.0
2015-09-02,18844.0
2015-09-03,18965.0
2015-09-04,19079.0
2015-09-05,19202.0
2015-09-06,19312.0
2015-09-07,19485.0
2015-09-08,19596.0
2015-09-09,19759.0
2015-09-10,19857.0
2015-09-11,20032.0
2015-09-12,20150.0
2015-09-13,20335.0
2015-09-14,20483.0
2015-09-15,20642.0
2015-09-16,20760.0
2015-09-17,20857.0
2015-09-18,20980.0
2015-09-19,21055.0
2015-09-20,21151.0
2015-09-21,21229.0
2015-09-22,21319.0
2015-09-23,21440.0
2015-09-24,21531.0
2015-09-25,21604.0
2015-09-26,21664.0
2015-09-27,21723.0
2015-09-28,21823.0
2015-09-29,21929.0
2015-09-30,22002.0
2015-10-01,22085.0
2015-10-02,22157.0
2015-10-03,22274.0
2015-10-04,22357.0
2015-10-05,22437.0
2015-10-06,22520.0
2015-10-07,22605.0
2015-10-08,22665.0
2015-10-09,22729.0
2015-10-10,22779.0
2015-10-11,22823.0
2015-10-12,22877.0
2015-10-13,23030.0
2015-10-14,23215.0
2015-10-15,23395.0
2015-10-16,23470.0
2015-10-17,23520.0
2015-10-18,23623.0
2015-10-19,23817.0
2015-10-20,23876.0
2015-10-21,24123.0
2015-10-22,24210.0
2015-10-23,24301.0
2015-10-24,24658.0
2015-10-25,24843.0
2015-10-26,25119.0
2015-10-27,25241.0
2015-10-28,25369.0
2015-10-29,25612.0
2015-10-30,26100.0
2015-10-31,26448.0
2015-11-01,26945.0
2015-11-02,27212.0
2015-11-03,27526.0
2015-11-04,27779.0
2015-11-05,27937.0
2015-11-06,28065.0
2015-11-07,28475.0
2015-11-08,29048.0
2015-11-09,29321.0
2015-11-10,29423.0
2015-11-11,29558.0
2015-11-12,29647.0
2015-11-13,29754.0
2015-11-14,29837.0
2015-11-15,29919.0
2015-11-16,30005.0
2015-11-17,30120.0
2015-11-18,30201.0
2015-11-19,30295.0
2015-11-20,30394.0
2015-11-21,30471.0
2015-11-22,30893.0
2015-11-23,30994.0
2015-11-24,31172.0
2015-11-25,31254.0
2015-11-26,31406.0
2015-11-27,31463.0
2015-11-28,31521.0
2015-11-29,31584.0
2015-11-30,31681.0
2015-12-01,31754.0
2015-12-02,31827.0
2015-12-03,31902.0
2015-12-04,32014.0
2015-12-05,32109.0
2015-12-06,32230.0
2015-12-07,32338.0
2015-12-08,32424.0
2015-12-09,32511.0
2015-12-10,32614.0
2015-12-11,32698.0
2015-12-12,33092.0
2015-12-13,33205.0
2015-12-14,33308.0
2015-12-15,33402.0
2015-12-16,33517.0
2015-12-17,33790.0
2015-12-18,33963.0
2015-12-19,34078.0
2015-12-20,34211.0
2015-12-21,34335.0
2015-12-22,34442.0
2015-12-23,34532.0
2015-12-24,34629.0
2015-12-25,34738.0
2015-12-26,34858.0
2015-12-27,34999.0
2015-12-28,35151.0
2015-12-29,35262.0
2015-12-30,35367.0
2015-12-31,35561.0
2016-01-01,35676.0
2016-01-02,35808.0
2016-01-03,35952.0
2016-01-04,36113.0
2016-01-05,36260.0
2016-01-06,36487.0
2016-01-07,36668.0
2016-01-08,36856.0
2016-01-09,37100.0
2016-01-10,37319.0
2016-01-11,37605.0
2016-01-12,37922.0
2016-01-13,38124.0
2016-01-14,38326.0
2016-01-15,38703.0
2016-01-16,38966.0
2016-01-17,39233.0
2016-01-18,39613.0
2016-01-19,39910.0
2016-01-20,40319.0
2016-01-21,40660.0
2016-01-22,40999.0
2016-01-23,41530.0
2016-01-24,42226.0
2016-01-25,43009.0
2016-01-26,43901.0
2016-01-27,44628.0
2016-01-28,45591.0
2016-01-29,46515.0
2016-01-30,47472.0
2016-01-31,48334.0
2016-02-01,48976.0
2016-02-02,49528.0
2016-02-03,50168.0
2016-02-04,50700.0
2016-02-05,51440.0
2016-02-06,51930.0
2016-02-07,52427.0
2016-02-08,53003.0
2016-02-09,53723.0
2016-02-10,54989.0
2016-02-11,56978.0
2016-02-12,58455.0
2016-02-13,59842.0
2016-02-14,60925.0
2016-02-15,61884.0
2016-02-16,62804.0
2016-02-17,63720.0
2016-02-18,64463.0
2016-02-19,65242.0
2016-02-20,65880.0
2016-02-21,67500.0
2016-02-22,68357.0
2016-02-23,69202.0
2016-02-24,69984.0
2016-02-25,70929.0
2016-02-26,71645.0
2016-02-27,72400.0
2016-02-28,73687.0
2016-02-29,75355.0
2016-03-01,77136.0
2016-03-02,79271.0
2016-03-03,81535.0
2016-03-04,83858.0
2016-03-05,86882.0
2016-03-06,89683.0
2016-03-07,91500.0
2016-03-08,93759.0
2016-03-09,96008.0
2016-03-10,98382.0
2016-03-11,99818.0
2016-03-12,101692.0
2016-03-13,103566.0
2016-03-14,105615.0
2016-03-15,107376.0
2016-03-16,108906.0
2016-03-17,110530.0
2016-03-18,112348.0
2016-03-19,113574.0
2016-03-20,115010.0
2016-03-21,116394.0
2016-03-22,117521.0
2016-03-23,118706.0
2016-03-24,119805.0
2016-03-25,120849.0
2016-03-26,121826.0
2016-03-27,122810.0
2016-03-28,124120.0
2016-03-29,125776.0
2016-03-30,127635.0
2016-03-31,128887.0
2016-04-01,129920.0
2016-04-02,130962.0
2016-04-03,131854.0
2016-04-04,133003.0
2016-04-05,134155.0
2016-04-06,135224.0
2016-04-07,136281.0
2016-04-08,137035.0
2016-04-09,137944.0
2016-04-10,139136.0
2016-04-11,140132.0
2016-04-12,141324.0
2016-04-13,142500.0
2016-04-14,143452.0
2016-04-15,144251.0
2016-04-16,145014.0
2016-04-17,145876.0
2016-04-18,146764.0
2016-04-19,147595.0
2016-04-20,148556.0
2016-04-21,149558.0
2016-04-22,150556.0
2016-04-23,151509.0
2016-04-24,152534.0
2016-04-25,153582.0
2016-04-26,154719.0
2016-04-27,155928.0
2016-04-28,156957.0
2016-04-29,157989.0
2016-04-30,159957.0
2016-05-01,161401.0
2016-05-02,165322.0
2016-05-03,166827.0
2016-05-04,168410.0
2016-05-05,169887.0
2016-05-06,171155.0
2016-05-07,172434.0
2016-05-08,174037.0
2016-05-09,175719.0
2016-05-10,177229.0
2016-05-11,179617.0
2016-05-12,182573.0
2016-05-13,185007.0
2016-05-14,187225.0
2016-05-15,189608.0
2016-05-16,191122.0
2016-05-17,193367.0
2016-05-18,198249.0
2016-05-19,202020.0
2016-05-20,207137.0
2016-05-21,209909.0
2016-05-22,211897.0
2016-05-23,214550.0
2016-05-24,216996.0
2016-05-25,220286.0
2016-05-26,222894.0
2016-05-27,226752.0
2016-05-28,237775.0
2016-05-29,240404.0
2016-05-30,242691.0
2016-05-31,245290.0
2016-06-01,247506.0
2016-06-02,249346.0
2016-06-03,251284.0
2016-06-04,253041.0
2016-06-05,254679.0
2016-06-06,256410.0
2016-06-07,262525.0
2016-06-08,264510.0
2016-06-09,266341.0
2016-06-10,268079.0
2016-06-11,269683.0
2016-06-12,271720.0
2016-06-13,274461.0
2016-06-14,277689.0
2016-06-15,280296.0
2016-06-16,283376.0
2016-06-17,290655.0
2016-06-18,295092.0
2016-06-19,298663.0
2016-06-20,301398.0
2016-06-21,304221.0
2016-06-22,307427.0
2016-06-23,309536.0
2016-06-24,311560.0
2016-06-25,313175.0
2016-06-26,314735.0
2016-06-27,316494.0
2016-06-28,318767.0
2016-06-29,320657.0
2016-06-30,322318.0
2016-07-01,324001.0
2016-07-02,326112.0
2016-07-03,328247.0
2016-07-04,330435.0
2016-07-05,333144.0
2016-07-06,335390.0
2016-07-07,337762.0
2016-07-08,339960.0
2016-07-09,342077.0
2016-07-10,344201.0
2016-07-11,346342.0
2016-07-12,348626.0
2016-07-13,350720.0
2016-07-14,352931.0
2016-07-15,355113.0
2016-07-16,356744.0
2016-07-17,357970.0
2016-07-18,360062.0
2016-07-19,362185.0
2016-07-20,364195.0
2016-07-21,366759.0
2016-07-22,369763.0
2016-07-23,372538.0
2016-07-24,376159.0
2016-07-25,379920.0
2016-07-26,384486.0
2016-07-27,388641.0
2016-07-28,391578.0
2016-07-29,396128.0
2016-07-30,398336.0
2016-07-31,400839.0
2016-08-01,403311.0
2016-08-02,406917.0
2016-08-03,409869.0
2016-08-04,412568.0
2016-08-05,414706.0
2016-08-06,416531.0
2016-08-07,418288.0
2016-08-08,420124.0
2016-08-09,422975.0
2016-08-10,425259.0
2016-08-11,427575.0
2016-08-12,429488.0
2016-08-13,431036.0
2016-08-14,432692.0
2016-08-15,434344.0
2016-08-16,436083.0
2016-08-17,437725.0
2016-08-18,439436.0
2016-08-19,441062.0
2016-08-20,442757.0
2016-08-21,444598.0
2016-08-22,446111.0
2016-08-23,448218.0
2016-08-24,450014.0
2016-08-25,452143.0
2016-08-26,454067.0
2016-08-27,455511.0
2016-08-28,457132.0
2016-08-29,458945.0
2016-08-30,460765.0
2016-08-31,462721.0
2016-09-01,464800.0
2016-09-02,466702.0
2016-09-03,468480.0
2016-09-04,470176.0
2016-09-05,471692.0
2016-09-06,473458.0
2016-09-07,475160.0
2016-09-08,477329.0
2016-09-09,479141.0
2016-09-10,480880.0
2016-09-11,482635.0
2016-09-12,484364.0
2016-09-13,486331.0
2016-09-14,488113.0
2016-09-15,489913.0
2016-09-16,491605.0
2016-09-17,493438.0
2016-09-18,494970.0
2016-09-19,495973.0
2016-09-20,498357.0
2016-09-21,501153.0
2016-09-22,502894.0
2016-09-23,504512.0
2016-09-24,506036.0
2016-09-25,508102.0
2016-09-26,509881.0
2016-09-27,511672.0
2016-09-28,513416.0
2016-09-29,516967.0
2016-09-30,519057.0
2016-10-01,520913.0
2016-10-02,522885.0
2016-10-03,524611.0
2016-10-04,542155.0
2016-10-05,543755.0
2016-10-06,545513.0
2016-10-07,547663.0
2016-10-08,550195.0
2016-10-09,552267.0
2016-10-10,570028.0
2016-10-11,571778.0
2016-10-12,573095.0
2016-10-13,573946.0
2016-10-14,575241.0
2016-10-15,576467.0
2016-10-16,577916.0
2016-10-17,579279.0
2016-10-18,580765.0
2016-10-19,582038.0
2016-10-20,583515.0
2016-10-21,584975.0
2016-10-22,586446.0
2016-10-23,587737.0
2016-10-24,589235.0
2016-10-25,591262.0
2016-10-26,592880.0
2016-10-27,594543.0
2016-10-28,596441.0
2016-10-29,598192.0
2016-10-30,599817.0
2016-10-31,601514.0
2016-11-01,603289.0
2016-11-02,608207.0
2016-11-03,610126.0
2016-11-04,611688.0
2016-11-05,613140.0
2016-11-06,614747.0
2016-11-07,616498.0
2016-11-08,618390.0
2016-11-09,620694.0
2016-11-10,622222.0
2016-11-11,624313.0
2016-11-12,626049.0
2016-11-13,628310.0
2016-11-14,629898.0
2016-11-15,631860.0
2016-11-16,633457.0
2016-11-17,635174.0
2016-11-18,637024.0
2016-11-19,638529.0
2016-11-20,639974.0
2016-11-21,641577.0
2016-11-22,643077.0
2016-11-23,644654.0
2016-11-24,645775.0
2016-11-25,653291.0
2016-11-26,654825.0
2016-11-27,656470.0
2016-11-28,658082.0
2016-11-29,659711.0
2016-11-30,661459.0
2016-12-01,662970.0
2016-12-02,665484.0
2016-12-03,668213.0
2016-12-04,671069.0
2016-12-05,674522.0
2016-12-06,676671.0
2016-12-07,678344.0
2016-12-08,679886.0
2016-12-09,681429.0
2016-12-10,683448.0
2016-12-11,684965.0
2016-12-12,686440.0
2016-12-13,687866.0
2016-12-14,689395.0
2016-12-15,691139.0
2016-12-16,692598.0
2016-12-17,694309.0
2016-12-18,695726.0
2016-12-19,697227.0
2016-12-20,699342.0
2016-12-21,701084.0
2016-12-22,709591.0
2016-12-23,713655.0
2016-12-24,715198.0
2016-12-25,716453.0
2016-12-26,717765.0
2016-12-27,719202.0
2016-12-28,721059.0
2016-12-29,723337.0
2016-12-30,725500.0
2016-12-31,727714.0
2017-01-01,729071.0
2017-01-02,730972.0
2017-01-03,733490.0
2017-01-04,736735.0
2017-01-05,739858.0
2017-01-06,742654.0
2017-01-07,744863.0
2017-01-08,746847.0
2017-01-09,749013.0
2017-01-10,751151.0
2017-01-11,753229.0
2017-01-12,755513.0
2017-01-13,757334.0
2017-01-14,759560.0
2017-01-15,761750.0
2017-01-16,764080.0
2017-01-17,766594.0
2017-01-18,768876.0
2017-01-19,771189.0
2017-01-20,773537.0
2017-01-21,775826.0
2017-01-22,778368.0
2017-01-23,780559.0
2017-01-24,782802.0
2017-01-25,785035.0
2017-01-26,787333.0
2017-01-27,789434.0
2017-01-28,791365.0
2017-01-29,793271.0
2017-01-30,795192.0
2017-01-31,796860.0
2017-02-01,798545.0
2017-02-02,800277.0
2017-02-03,801912.0
2017-02-04,803714.0
2017-02-05,805367.0
2017-02-06,806959.0
2017-02-07,808803.0
2017-02-08,810676.0
2017-02-09,812459.0
2017-02-10,814370.0
2017-02-11,815935.0
2017-02-12,817686.0
2017-02-13,819649.0
2017-02-14,822239.0
2017-02-15,824744.0
2017-02-16,826745.0
2017-02-17,828662.0
2017-02-18,830697.0
2017-02-19,832529.0
2017-02-20,834752.0
2017-02-21,836821.0
2017-02-22,838712.0
2017-02-23,840755.0
2017-02-24,843253.0
2017-02-25,845511.0
2017-02-26,847937.0
2017-02-27,850944.0
2017-02-28,855305.0
2017-03-01,859818.0
2017-03-02,865503.0
2017-03-03,871290.0
2017-03-04,875562.0
2017-03-05,879137.0
2017-03-06,883734.0
2017-03-07,887504.0
2017-03-08,891697.0
2017-03-09,896725.0
2017-03-10,901389.0
2017-03-11,907215.0
2017-03-12,914497.0
2017-03-13,926161.0
2017-03-14,935109.0
2017-03-15,944619.0
2017-03-16,960947.0
2017-03-17,976397.0
2017-03-18,988230.0
2017-03-19,996736.0
2017-03-20,1005638.0
2017-03-21,1015369.0
2017-03-22,1023033.0
2017-03-23,1030589.0
2017-03-24,1041104.0
2017-03-25,1050509.0
2017-03-26,1057687.0
2017-03-27,1066538.0
2017-03-28,1075126.0
2017-03-29,1083780.0
2017-03-30,1097406.0
2017-03-31,1111118.0
2017-04-01,1118303.0
2017-04-02,1128027.0
2017-04-03,1140195.0
2017-04-04,1149522.0
2017-04-05,1158364.0
2017-04-06,1171158.0
2017-04-07,1178513.0
2017-04-08,1184323.0
2017-04-09,1189718.0
2017-04-10,1196177.0
2017-04-11,1202095.0
2017-04-12,1209124.0
2017-04-13,1217254.0
2017-04-14,1223708.0
2017-04-15,1230017.0
2017-04-16,1234430.0
2017-04-17,1240236.0
2017-04-18,1247544.0
2017-04-19,1255372.0
2017-04-20,1263869.0
2017-04-21,1270144.0
2017-04-22,1276037.0
2017-04-23,1282188.0
2017-04-24,1290245.0
2017-04-25,1297327.0
2017-04-26,1311245.0
2017-04-27,1323489.0
2017-04-28,1334763.0
2017-04-29,1344846.0
2017-04-30,1355837.0
2017-05-01,1369231.0
2017-05-02,1381230.0
2017-05-03,1392271.0
2017-05-04,1408461.0
2017-05-05,1423292.0
2017-05-06,1436093.0
2017-05-07,1451282.0
2017-05-08,1468925.0
2017-05-09,1486734.0
2017-05-10,1503233.0
2017-05-11,1521262.0
2017-05-12,1536737.0
2017-05-13,1550048.0
2017-05-14,1563621.0
2017-05-15,1580403.0
2017-05-16,1598935.0
2017-05-17,1620443.0
2017-05-18,1640678.0
2017-05-19,1668218.0
2017-05-20,1689927.0
2017-05-21,1713630.0
2017-05-22,1744016.0
2017-05-23,1781347.0
2017-05-24,1815925.0
2017-05-25,1850280.0
2017-05-26,1881155.0
2017-05-27,1904613.0
2017-05-28,1927118.0
2017-05-29,1952618.0
2017-05-30,1984586.0
2017-05-31,2025497.0
2017-06-01,2060224.0
2017-06-02,2091312.0
2017-06-03,2121459.0
2017-06-04,2150093.0
2017-06-05,2184641.0
2017-06-06,2221091.0
2017-06-07,2255948.0
2017-06-08,2288432.0
2017-06-09,2324073.0
2017-06-10,2363752.0
2017-06-11,2408624.0
2017-06-12,2461779.0
2017-06-13,2515632.0
2017-06-14,2564118.0
2017-06-15,2611524.0
2017-06-16,2655036.0
2017-06-17,2697608.0
2017-06-18,2744200.0
2017-06-19,2796490.0
2017-06-20,2856093.0
2017-06-21,2886341.0
2017-06-22,2934422.0
2017-06-23,2983381.0
2017-06-24,3028951.0
2017-06-25,3063398.0
2017-06-26,3113854.0
2017-06-27,3154430.0
2017-06-28,3196855.0
2017-06-29,3237334.0
2017-06-30,3273583.0
2017-07-01,3304054.0
2017-07-02,3332916.0
2017-07-03,3374812.0
2017-07-04,3418129.0
2017-07-05,3451096.0
2017-07-06,3483360.0
2017-07-07,3519433.0
2017-07-08,3548129.0
2017-07-09,3571493.0
2017-07-10,3607685.0
2017-07-11,3649553.0
2017-07-12,3686727.0
2017-07-13,3719010.0
2017-07-14,3748525.0
2017-07-15,3773727.0
2017-07-16,3802675.0
2017-07-17,3830807.0
2017-07-18,3862564.0
2017-07-19,3893586.0
2017-07-20,3923188.0
2017-07-21,3950881.0
2017-07-22,3971475.0
2017-07-23,3999795.0
2017-07-24,4029353.0
2017-07-25,4058163.0
2017-07-26,4083667.0
2017-07-27,4109840.0
2017-07-28,4138923.0
2017-07-29,4164088.0
2017-07-30,4205329.0
2017-07-31,4238003.0
2017-08-01,4267551.0
2017-08-02,4297497.0
2017-08-03,4328380.0
2017-08-04,4363648.0
2017-08-05,4394716.0
2017-08-06,4426316.0
2017-08-07,4462771.0
2017-08-08,4505367.0
2017-08-09,4546274.0
2017-08-10,4594860.0
2017-08-11,4643407.0
2017-08-12,4682876.0
2017-08-13,4727609.0
2017-08-14,4783309.0
2017-08-15,4842024.0
2017-08-16,4894041.0
2017-08-17,4949896.0
2017-08-18,5008062.0
2017-08-19,5050932.0
2017-08-20,5087160.0
2017-08-21,5135531.0
2017-08-22,5189626.0
2017-08-23,5249256.0
2017-08-24,5298361.0
2017-08-25,5346405.0
2017-08-26,5385434.0
2017-08-27,5425172.0
2017-08-28,5470987.0
2017-08-29,5523627.0
2017-08-30,5581120.0
2017-08-31,5637895.0
2017-09-01,5694117.0
2017-09-02,5737298.0
2017-09-03,5774300.0
2017-09-04,5830011.0
2017-09-05,5884518.0
2017-09-06,5947646.0
2017-09-07,6000092.0
2017-09-08,6054905.0
2017-09-09,6100548.0
2017-09-10,6138179.0
2017-09-11,6189104.0
2017-09-12,6248541.0
2017-09-13,6295118.0
2017-09-14,6344792.0
2017-09-15,6403982.0
2017-09-16,6441965.0
2017-09-17,6473609.0
2017-09-18,6517410.0
2017-09-19,6566074.0
2017-09-20,6603347.0
2017-09-21,6639518.0
2017-09-22,6669677.0
2017-09-23,6699960.0
2017-09-24,6729224.0
2017-09-25,6763143.0
2017-09-26,6797743.0
2017-09-27,6833822.0
2017-09-28,6873506.0
2017-09-29,6908255.0
2017-09-30,6939363.0
2017-10-01,6967860.0
2017-10-02,7006763.0
2017-10-03,7044372.0
2017-10-04,7078985.0
2017-10-05,7117432.0
2017-10-06,7154688.0
2017-10-07,7185898.0
2017-10-08,7218463.0
2017-10-09,7258186.0
2017-10-10,7301778.0
2017-10-11,7340197.0
2017-10-12,7384301.0
2017-10-13,7435665.0
2017-10-14,7474437.0
2017-10-15,7512068.0
2017-10-16,7555453.0
2017-10-17,7603035.0
2017-10-18,7649601.0
2017-10-19,7696657.0
2017-10-20,7744689.0
2017-10-21,7795165.0
2017-10-22,7836612.0
2017-10-23,7886763.0
2017-10-24,7935486.0
2017-10-25,7977376.0
2017-10-26,8020851.0
2017-10-27,8063911.0
2017-10-28,8102606.0
2017-10-29,8142654.0
2017-10-30,8190897.0
2017-10-31,8241890.0
2017-11-01,8297246.0
2017-11-02,8368431.0
2017-11-03,8425555.0
2017-11-04,8465719.0
2017-11-05,8503929.0
2017-11-06,8551654.0
2017-11-07,8599919.0
2017-11-08,8653569.0
2017-11-09,8711202.0
2017-11-10,8776129.0
2017-11-11,8825368.0
2017-11-12,8888171.0
2017-11-13,8943955.0
2017-11-14,9006463.0
2017-11-15,9081749.0
2017-11-16,9144952.0
2017-11-17,9208086.0
2017-11-18,9265450.0
2017-11-19,9322584.0
2017-11-20,9390086.0
2017-11-21,9466421.0
2017-11-22,9537543.0
2017-11-23,9606814.0
2017-11-24,9676545.0
2017-11-25,9747516.0
2017-11-26,9820075.0
2017-11-27,9913090.0
2017-11-28,10016201.0
2017-11-29,10128639.0
2017-11-30,10232541.0
2017-12-01,10321365.0
2017-12-02,10410513.0
2017-12-03,10509860.0
2017-12-04,10625274.0
2017-12-05,10734881.0
2017-12-06,10921592.0
2017-12-07,11050033.0
2017-12-08,11183896.0
2017-12-09,11298115.0
2017-12-10,11399989.0
2017-12-11,11516349.0
2017-12-12,11662646.0
2017-12-13,11845104.0
2017-12-14,12043495.0
2017-12-15,12220696.0
2017-12-16,12380881.0
2017-12-17,12545553.0
2017-12-18,12722618.0
2017-12-19,12937968.0
2017-12-20,13157987.0
2017-12-21,13404617.0
2017-12-22,13637276.0
2017-12-23,13821381.0
2017-12-24,13958275.0
2017-12-25,14080873.0
2017-12-26,14231994.0
2017-12-27,14420792.0
2017-12-28,14610767.0
2017-12-29,14853011.0
2017-12-30,15125683.0
2017-12-31,15310176.0
2018-01-01,15465665.0
2018-01-02,15710313.0
2018-01-03,16017821.0
2018-01-04,16366255.0
2018-01-05,16705863.0
2018-01-06,17010026.0
2018-01-07,17251680.0
2018-01-08,17515712.0
2018-01-09,17792304.0
2018-01-10,18077828.0
2018-01-11,18363539.0
2018-01-12,18613736.0
2018-01-13,18845154.0
2018-01-14,19042498.0
2018-01-15,19270201.0
2018-01-16,19539709.0
2018-01-17,19802497.0
2018-01-18,20048146.0
2018-01-19,20236784.0
2018-01-20,20402355.0
2018-01-21,20550222.0
2018-01-22,20720285.0
2018-01-23,20882129.0
2018-01-24,21041728.0
2018-01-25,21134565.0
2018-01-26,21297415.0
2018-01-27,21424110.0
2018-01-28,21568365.0
2018-01-29,21704636.0
2018-01-30,21851435.0
2018-01-31,21996400.0
2018-02-01,22148105.0
2018-02-02,22312403.0
2018-02-03,22426130.0
2018-02-04,22549212.0
2018-02-05,22669252.0
2018-02-06,22798074.0
2018-02-07,22908854.0
2018-02-08,22984749.0
2018-02-09,23087664.0
2018-02-10,23209174.0
2018-02-11,23309987.0
2018-02-12,23437776.0
2018-02-13,23535498.0
2018-02-14,23629620.0
2018-02-15,23732352.0
2018-02-16,23820449.0
2018-02-17,23908881.0
2018-02-18,23987913.0
2018-02-19,24081140.0
2018-02-20,24199660.0
2018-02-21,24296587.0
2018-02-22,24381506.0
2018-02-23,24464715.0
2018-02-24,24539405.0
2018-02-25,24607681.0
2018-02-26,24694726.0
2018-02-27,24785068.0
2018-02-28,24874459.0
2018-03-01,24960244.0
2018-03-02,25044025.0
2018-03-03,25116641.0
2018-03-04,25179272.0
2018-03-05,25257641.0
2018-03-06,25337172.0
2018-03-07,25422168.0
2018-03-08,25498945.0
2018-03-09,25579574.0
2018-03-10,25651143.0
2018-03-11,25710148.0
2018-03-12,25778464.0
2018-03-13,25857683.0
2018-03-14,25939017.0
2018-03-15,26016665.0
2018-03-16,26094582.0
2018-03-17,26160112.0
2018-03-18,26245287.0
2018-03-19,26322078.0
2018-03-20,26390756.0
2018-03-21,26461741.0
2018-03-22,26523930.0
2018-03-23,26601634.0
2018-03-24,26660812.0
2018-03-25,26708923.0
2018-03-26,26774049.0
2018-03-27,26834311.0
2018-03-28,26888690.0
2018-03-29,26947787.0
2018-03-30,27012431.0
2018-03-31,27062419.0
2018-04-01,27108965.0
2018-04-02,27160573.0
2018-04-03,27227653.0
2018-04-04,27295796.0
2018-04-05,27379719.0
2018-04-06,27448812.0
2018-04-07,27507018.0
2018-04-08,27582162.0
2018-04-09,27651302.0
2018-04-10,27713490.0
2018-04-11,27773441.0
2018-04-12,27848901.0
2018-04-13,27926225.0
2018-04-14,27984808.0
2018-04-15,28048601.0
2018-04-16,28109507.0
2018-04-17,28186159.0
2018-04-18,28262796.0
2018-04-19,28356094.0
2018-04-20,28450577.0
2018-04-21,28557933.0
2018-04-22,28649624.0
2018-04-23,28736035.0
2018-04-24,28833667.0
2018-04-25,28914945.0
2018-04-26,28987662.0
2018-04-27,29060199.0
2018-04-28,29125249.0
2018-04-29,29190350.0
2018-04-30,29265051.0
2018-05-01,29335499.0
2018-05-02,29412452.0
2018-05-03,29502514.0
2018-05-04,29581414.0
2018-05-05,29660018.0
2018-05-06,29751784.0
2018-05-07,29839381.0
2018-05-08,29933406.0
2018-05-09,30032769.0
2018-05-10,30121943.0
2018-05-11,30212836.0
2018-05-12,30300927.0
2018-05-13,30387111.0
2018-05-14,30468955.0
2018-05-15,30554276.0
2018-05-16,30648999.0
2018-05-17,30753284.0
2018-05-18,30858283.0
2018-05-19,30969685.0
2018-05-20,31052351.0
2018-05-21,31143215.0
2018-05-22,31222901.0
2018-05-23,31317781.0
2018-05-24,31401522.0
2018-05-25,31488926.0
2018-05-26,31559474.0
2018-05-27,31653233.0
2018-05-28,31741393.0
2018-05-29,31832636.0
2018-05-30,31933875.0
2018-05-31,32020570.0
2018-06-01,32102619.0
2018-06-02,32174673.0
2018-06-03,32263177.0
2018-06-04,32346391.0
2018-06-05,32431808.0
2018-06-06,32518985.0
2018-06-07,32611649.0
2018-06-08,32685175.0
2018-06-09,32752664.0
2018-06-10,32822224.0
2018-06-11,32889757.0
2018-06-12,32964611.0
2018-06-13,33056725.0
2018-06-14,33146708.0
2018-06-15,33222672.0
2018-06-16,33285475.0
2018-06-17,33348858.0
2018-06-18,33424554.0
2018-06-19,33488143.0
2018-06-20,33562233.0
2018-06-21,33634841.0
2018-06-22,33714990.0
2018-06-23,33793476.0
2018-06-24,33880968.0
2018-06-25,33967338.0
2018-06-26,34021413.0
2018-06-27,34112298.0
2018-06-28,34190097.0
2018-06-29,34266772.0
2018-06-30,34322047.0
2018-07-01,34351375.0
2018-07-02,34387234.0
2018-07-03,34423611.0
2018-07-04,34459866.0
2018-07-05,34499887.0
2018-07-06,34534156.0
2018-07-07,34565752.0
2018-07-08,34605332.0
2018-07-09,34652388.0
2018-07-10,34706506.0
2018-07-11,34752583.0
2018-07-12,34796806.0
2018-07-13,34839048.0
2018-07-14,34869514.0
2018-07-15,34899469.0
2018-07-16,34965198.0
2018-07-17,35040183.0
2018-07-18,35114730.0
2018-07-19,35187554.0
2018-07-20,35262554.0
2018-07-21,35329606.0
2018-07-22,35395165.0
2018-07-23,35452638.0
2018-07-24,35524030.0
2018-07-25,35599560.0
2018-07-26,35675869.0
2018-07-27,35766231.0
2018-07-28,35852182.0
2018-07-29,35953205.0
2018-07-30,36038738.0
2018-07-31,36131442.0
2018-08-01,36223170.0
2018-08-02,36290740.0
2018-08-03,36359556.0
2018-08-04,36428116.0
2018-08-05,36505475.0
2018-08-06,36577332.0
2018-08-07,36639721.0
2018-08-08,36694309.0
2018-08-09,36744271.0
2018-08-10,36807116.0
2018-08-11,36872851.0
2018-08-12,36933313.0
2018-08-13,36993702.0
2018-08-14,37057090.0
2018-08-15,37111788.0
2018-08-16,37168243.0
2018-08-17,37210808.0
2018-08-18,37251891.0
2018-08-19,37292968.0
2018-08-20,37351063.0
2018-08-21,37404125.0
2018-08-22,37453208.0
2018-08-23,37499854.0
2018-08-24,37543991.0
2018-08-25,37585229.0
2018-08-26,37639595.0
2018-08-27,37682887.0
2018-08-28,37733395.0
2018-08-29,37781061.0
2018-08-30,37829969.0
2018-08-31,37876946.0
2018-09-01,37932815.0
2018-09-02,37999085.0
2018-09-03,38052908.0
2018-09-04,38101985.0
2018-09-05,38152063.0
2018-09-06,38200596.0
2018-09-07,38246655.0
2018-09-08,38284143.0
2018-09-09,38321701.0
2018-09-10,38363471.0
2018-09-11,38405885.0
2018-09-12,38453671.0
2018-09-13,38499022.0
2018-09-14,38539495.0
2018-09-15,38572209.0
2018-09-16,38606768.0
2018-09-17,38646487.0
2018-09-18,38682897.0
2018-09-19,38719337.0
2018-09-20,38759925.0
2018-09-21,38805816.0
2018-09-22,38842737.0
2018-09-23,38875483.0
2018-09-24,38908263.0
2018-09-25,38947721.0
2018-09-26,38985814.0
2018-09-27,39027070.0
2018-09-28,39064983.0
2018-09-29,39097046.0
2018-09-30,39134665.0
2018-10-01,39172916.0
2018-10-02,39207567.0
2018-10-03,39247966.0
2018-10-04,39287858.0
2018-10-05,39330807.0
2018-10-06,39385153.0
2018-10-07,39421658.0
2018-10-08,39459971.0
2018-10-09,39498383.0
2018-10-10,39535187.0
2018-10-11,39577872.0
2018-10-12,39625291.0
2018-10-13,39659695.0
2018-10-14,39694116.0
2018-10-15,39737161.0
2018-10-16,39782889.0
2018-10-17,39826921.0
2018-10-18,39866551.0
2018-10-19,39914351.0
2018-10-20,39962175.0
2018-10-21,40000975.0
2018-10-22,40041657.0
2018-10-23,40085060.0
2018-10-24,40135799.0
2018-10-25,40185280.0
2018-10-26,40230671.0
2018-10-27,40268271.0
2018-10-28,40312463.0
2018-10-29,40368204.0
2018-10-30,40432492.0
2018-10-31,40497914.0
2018-11-01,40553000.0
2018-11-02,40596944.0
2018-11-03,40634285.0
2018-11-04,40677665.0
2018-11-05,40725681.0
2018-11-06,40774242.0
2018-11-07,40821502.0
2018-11-08,40869270.0
2018-11-09,40909505.0
2018-11-10,40955491.0
2018-11-11,41014113.0
2018-11-12,41058138.0
2018-11-13,41103088.0
2018-11-14,41152832.0
2018-11-15,41201773.0
2018-11-16,41251288.0
2018-11-17,41296827.0
2018-11-18,41338990.0
2018-11-19,41386423.0
2018-11-20,41441395.0
2018-11-21,41486707.0
2018-11-22,41533927.0
2018-11-23,41580498.0
2018-11-24,41616340.0
2018-11-25,41663951.0
2018-11-26,41704188.0
2018-11-27,41742633.0
2018-11-28,41794098.0
2018-11-29,41834821.0
2018-11-30,41878544.0
2018-12-01,41915382.0
2018-12-02,41950133.0
2018-12-03,41988034.0
2018-12-04,42023938.0
2018-12-05,42063826.0
2018-12-06,42105841.0
2018-12-07,42148820.0
2018-12-08,42197967.0
2018-12-09,42249962.0
2018-12-10,42308274.0
2018-12-11,42350054.0
2018-12-12,42390007.0
2018-12-13,42432664.0
2018-12-14,42474852.0
2018-12-15,42523772.0
2018-12-16,42591802.0
2018-12-17,42633177.0
2018-12-18,42674531.0
2018-12-19,42723184.0
2018-12-20,42770828.0
2018-12-21,42819626.0
2018-12-22,42859463.0
2018-12-23,42904269.0
2018-12-24,42956337.0
2018-12-25,42996527.0
2018-12-26,43034954.0
2018-12-27,43076710.0
2018-12-28,43121637.0
2018-12-29,43165499.0
2018-12-30,43201939.0
2018-12-31,43246137.0
2019-01-01,43277488.0
2019-01-02,43321412.0
2019-01-03,43364127.0
2019-01-04,43405144.0
2019-01-05,43445177.0
2019-01-06,43489367.0
2019-01-07,43536552.0
2019-01-08,43590937.0
2019-01-09,43640687.0
2019-01-10,43687538.0
2019-01-11,43729001.0
2019-01-12,43762713.0
2019-01-13,43805605.0
2019-01-14,43850517.0
2019-01-15,43889224.0
2019-01-16,43930962.0
2019-01-17,43969674.0
2019-01-18,44016446.0
2019-01-19,44057528.0
2019-01-20,44094825.0
2019-01-21,44132328.0
2019-01-22,44172107.0
2019-01-23,44214143.0
2019-01-24,44253449.0
2019-01-25,44292380.0
2019-01-26,44328507.0
2019-01-27,44363891.0
2019-01-28,44403160.0
2019-01-29,44443582.0
2019-01-30,44484581.0
2019-01-31,44523726.0
2019-02-01,44560958.0
2019-02-02,44590084.0
2019-02-03,44614534.0
2019-02-04,44639707.0
2019-02-05,44665873.0
2019-02-06,44692377.0
2019-02-07,44718143.0
2019-02-08,44747872.0
2019-02-09,44774669.0
2019-02-10,44798399.0
2019-02-11,44825364.0
2019-02-12,44862373.0
2019-02-13,44900214.0
2019-02-14,44936250.0
2019-02-15,44971778.0
2019-02-16,45005491.0
2019-02-17,45036601.0
2019-02-18,45078596.0
2019-02-19,45121602.0
2019-02-20,45159940.0
2019-02-21,45197006.0
2019-02-22,45235547.0
2019-02-23,45269965.0
2019-02-24,45308795.0
2019-02-25,45350933.0
2019-02-26,45396077.0
2019-02-27,45439411.0
2019-02-28,45487238.0
2019-03-01,45529028.0
2019-03-02,45564659.0
2019-03-03,45597323.0
2019-03-04,45640840.0
2019-03-05,45683276.0
2019-03-06,45728286.0
2019-03-07,45771144.0
2019-03-08,45818391.0
2019-03-09,45861319.0
2019-03-10,45900017.0
2019-03-11,45940709.0
2019-03-12,45985449.0
2019-03-13,46032406.0
2019-03-14,46084608.0
2019-03-15,46129182.0
2019-03-16,46166367.0
2019-03-17,46211355.0
2019-03-18,46256534.0
2019-03-19,46310777.0
2019-03-20,46364824.0
2019-03-21,46413794.0
2019-03-22,46462195.0
2019-03-23,46506315.0
2019-03-24,46553102.0
2019-03-25,46607267.0
2019-03-26,46664349.0
2019-03-27,46718941.0
2019-03-28,46779217.0
2019-03-29,46840237.0
2019-03-30,46897061.0
2019-03-31,46944969.0
2019-04-01,47007444.0
2019-04-02,47080210.0
2019-04-03,47148288.0
2019-04-04,47207471.0
2019-04-05,47257016.0
2019-04-06,47303080.0
2019-04-07,47351809.0
2019-04-08,47411313.0
2019-04-09,47470140.0
2019-04-10,47541130.0
2019-04-11,47606604.0
2019-04-12,47659177.0
2019-04-13,47705906.0
2019-04-14,47752753.0
2019-04-15,47810524.0
2019-04-16,47873693.0
2019-04-17,47938198.0
2019-04-18,47993581.0
2019-04-19,48058649.0
2019-04-20,48133785.0
2019-04-21,48206628.0
2019-04-22,48289600.0
2019-04-23,48356537.0
2019-04-24,48413889.0
2019-04-25,48472434.0
2019-04-26,48530374.0
2019-04-27,48574311.0
2019-04-28,48622474.0
2019-04-29,48676354.0
2019-04-30,48731969.0
2019-05-01,48799841.0
2019-05-02,48861695.0
2019-05-03,48922513.0
2019-05-04,48972738.0
2019-05-05,49028365.0
2019-05-06,49094972.0
2019-05-07,49157715.0
2019-05-08,49225633.0
2019-05-09,49291114.0
2019-05-10,49364050.0
2019-05-11,49431634.0
2019-05-12,49498516.0
2019-05-13,49586171.0
2019-05-14,49685352.0
2019-05-15,49794993.0
2019-05-16,49907264.0
2019-05-17,50003000.0
2019-05-18,50088765.0
2019-05-19,50161340.0
2019-05-20,50242787.0
2019-05-21,50336845.0
2019-05-22,50422564.0
2019-05-23,50514355.0
2019-05-24,50606509.0
2019-05-25,50690002.0
2019-05-26,50765327.0
2019-05-27,50865869.0
2019-05-28,50971531.0
2019-05-29,51087601.0
2019-05-30,51180180.0
2019-05-31,51288059.0
2019-06-01,51461316.0
2019-06-02,51630678.0
2019-06-03,51764310.0
2019-06-04,51846850.0
2019-06-05,51916163.0
2019-06-06,51995669.0
2019-06-07,52061161.0
2019-06-08,52114801.0
2019-06-09,52170121.0
2019-06-10,52230768.0
2019-06-11,52295294.0
2019-06-12,52359837.0
2019-06-13,52432338.0
2019-06-14,52506795.0
2019-06-15,52580893.0
2019-06-16,52654059.0
2019-06-17,52731019.0
2019-06-18,52815242.0
2019-06-19,52893316.0
2019-06-20,52964281.0
2019-06-21,53042306.0
2019-06-22,53126623.0
2019-06-23,53197646.0
2019-06-24,53286438.0
2019-06-25,53369303.0
2019-06-26,53464188.0
2019-06-27,53554225.0
2019-06-28,53631157.0
2019-06-29,53706611.0
2019-06-30,53767450.0
2019-07-01,53836814.0
2019-07-02,53904456.0
2019-07-03,53980100.0
2019-07-04,54044932.0
2019-07-05,54102895.0
2019-07-06,54154151.0
2019-07-07,54204014.0
2019-07-08,54266368.0
2019-07-09,54336526.0
2019-07-10,54403891.0
2019-07-11,54462944.0
2019-07-12,54535617.0
2019-07-13,54584369.0
2019-07-14,54638703.0
2019-07-15,54700599.0
2019-07-16,54752077.0
2019-07-17,54813764.0
2019-07-18,54875872.0
2019-07-19,54930702.0
2019-07-20,54981895.0
2019-07-21,55023857.0
2019-07-22,55078110.0
2019-07-23,55135397.0
2019-07-24,55184283.0
2019-07-25,55233320.0
2019-07-26,55289596.0
2019-07-27,55351687.0
2019-07-28,55415750.0
2019-07-29,55479395.0
2019-07-30,55544283.0
2019-07-31,55609359.0
2019-08-01,55668207.0
2019-08-02,55729783.0
2019-08-03,55787303.0
2019-08-04,55844388.0
2019-08-05,55911168.0
2019-08-06,55998838.0
2019-08-07,56071493.0
2019-08-08,56133917.0
2019-08-09,56195901.0
2019-08-10,56253455.0
2019-08-11,56303970.0
2019-08-12,56367520.0
2019-08-13,56447106.0
2019-08-14,56512329.0
2019-08-15,56570013.0
2019-08-16,56633857.0
2019-08-17,56691780.0
2019-08-18,56743143.0
2019-08-19,56805382.0
2019-08-20,56878711.0
2019-08-21,56956547.0
2019-08-22,57019876.0
2019-08-23,57085930.0
2019-08-24,57146253.0
2019-08-25,57198787.0
2019-08-26,57258399.0
2019-08-27,57315135.0
2019-08-28,57377980.0
2019-08-29,57435261.0
2019-08-30,57489939.0
2019-08-31,57539686.0
2019-09-01,57586378.0
2019-09-02,57643503.0
2019-09-03,57703264.0
2019-09-04,57756806.0
2019-09-05,57818693.0
2019-09-06,57877142.0
2019-09-07,57926434.0
2019-09-08,57975548.0
2019-09-09,58032317.0
2019-09-10,58083357.0
2019-09-11,58138498.0
2019-09-12,58197856.0
2019-09-13,58248511.0
2019-09-14,58296129.0
2019-09-15,58346272.0
2019-09-16,58405161.0
2019-09-17,58460277.0
2019-09-18,58515330.0
2019-09-19,58565339.0
2019-09-20,58625303.0
2019-09-21,58675986.0
2019-09-22,58720997.0
2019-09-23,58767503.0
2019-09-24,58832181.0
2019-09-25,58893356.0
2019-09-26,58943972.0
2019-09-27,58992355.0
2019-09-28,59034145.0
2019-09-29,59077446.0
2019-09-30,59128750.0
2019-10-01,59177982.0
2019-10-02,59225371.0
2019-10-03,59271415.0
2019-10-04,59315413.0
2019-10-05,59364673.0
2019-10-06,59406105.0
2019-10-07,59461076.0
2019-10-08,59518256.0
2019-10-09,59589512.0
2019-10-10,59653781.0
2019-10-11,59714002.0
2019-10-12,59767893.0
2019-10-13,59816303.0
2019-10-14,59870352.0
2019-10-15,59934304.0
2019-10-16,59989561.0
2019-10-17,60047572.0
2019-10-18,60124398.0
2019-10-19,60183639.0
2019-10-20,60230969.0
2019-10-21,60290453.0
2019-10-22,60344772.0
2019-10-23,60401138.0
2019-10-24,60459223.0
2019-10-25,60513166.0
2019-10-26,60567578.0
2019-10-27,60616991.0
2019-10-28,60671231.0
2019-10-29,60725332.0
2019-10-30,60778778.0
2019-10-31,60830255.0
2019-11-01,60878731.0
2019-11-02,60920693.0
2019-11-03,60960324.0
2019-11-04,61007562.0
2019-11-05,61067804.0
2019-11-06,61126984.0
2019-11-07,61196611.0
2019-11-08,61252794.0
2019-11-09,61297034.0
2019-11-10,61344858.0
2019-11-11,61412589.0
2019-11-12,61470478.0
2019-11-13,61533289.0
2019-11-14,61595799.0
2019-11-15,61645677.0
2019-11-16,61694020.0
2019-11-17,61741428.0
2019-11-18,61792789.0
2019-11-19,61848100.0
2019-11-20,61896510.0
2019-11-21,61957559.0
2019-11-22,62012899.0
2019-11-23,62058605.0
2019-11-24,62095897.0
2019-11-25,62150388.0
2019-11-26,62196314.0
2019-11-27,62243942.0
2019-11-28,62288189.0
2019-11-29,62333433.0
2019-11-30,62374696.0
2019-12-01,62431383.0
2019-12-02,62494759.0
2019-12-03,62549599.0
2019-12-04,62597812.0
2019-12-05,62644789.0
2019-12-06,62690814.0
2019-12-07,62727191.0
2019-12-08,62756748.0
2019-12-09,62810771.0
2019-12-10,62859057.0
2019-12-11,62909096.0
2019-12-12,63025444.0
2019-12-13,63170137.0
2019-12-14,63316522.0
2019-12-15,63457044.0
2019-12-16,63552634.0
2019-12-17,63623692.0
2019-12-18,63705348.0
2019-12-19,63779568.0
2019-12-20,63863624.0
2019-12-21,63994212.0
2019-12-22,64121540.0
2019-12-23,64206815.0
2019-12-24,64320638.0
2019-12-25,64449403.0
2019-12-26,64562012.0
2019-12-27,64604768.0
2019-12-28,64638053.0
2019-12-29,64670024.0
2019-12-30,64711691.0
2019-12-31,64750327.0
2020-01-01,64779825.0
2020-01-02,64812909.0
2020-01-03,64858333.0
2020-01-04,64901436.0
2020-01-05,64939478.0
2020-01-06,64980758.0
2020-01-07,65022131.0
2020-01-08,65065644.0
2020-01-09,65109849.0
2020-01-10,65150499.0
2020-01-11,65190879.0
2020-01-12,65224679.0
2020-01-13,65275219.0
2020-01-14,65323225.0
2020-01-15,65379952.0
2020-01-16,65443746.0
2020-01-17,65494755.0
2020-01-18,65542850.0
2020-01-19,65584415.0
2020-01-20,65625722.0
2020-01-21,65666625.0
2020-01-22,65704778.0
2020-01-23,65739660.0
2020-01-24,65774119.0
2020-01-25,65815934.0
2020-01-26,65847004.0
2020-01-27,65888323.0
2020-01-28,65924087.0
2020-01-29,65965391.0
2020-01-30,66004397.0
2020-01-31,66043024.0
2020-02-01,66081251.0
2020-02-02,66118204.0
2020-02-03,66160233.0
2020-02-04,66200950.0
2020-02-05,66246321.0
2020-02-06,66294620.0
2020-02-07,66350460.0
2020-02-08,66408822.0
2020-02-09,66468563.0
2020-02-10,66524484.0
2020-02-11,66587119.0
2020-02-12,66667773.0
2020-02-13,66742429.0
2020-02-14,66800732.0
2020-02-15,66855172.0
2020-02-16,66902298.0
2020-02-17,66952863.0
2020-02-18,67011562.0
2020-02-19,67065164.0
2020-02-20,67116689.0
2020-02-21,67171308.0
2020-02-22,67217045.0
2020-02-23,67264062.0
2020-02-24,67317037.0
2020-02-25,67373143.0
2020-02-26,67430327.0
2020-02-27,67485633.0
2020-02-28,67543733.0
2020-02-29,67593049.0
2020-03-01,67647736.0
2020-03-02,67701469.0
2020-03-03,67754326.0
2020-03-04,67809758.0
2020-03-05,67869276.0
2020-03-06,67926974.0
2020-03-07,67979758.0
2020-03-08,68028872.0
2020-03-09,68087671.0
2020-03-10,68144918.0
2020-03-11,68199669.0
2020-03-12,68255962.0
2020-03-13,68325503.0
2020-03-14,68379494.0
2020-03-15,68433267.0
2020-03-16,68501934.0
2020-03-17,68570158.0
2020-03-18,68634737.0
2020-03-19,68704130.0
2020-03-20,68778054.0
2020-03-21,68870795.0
2020-03-22,68952245.0
2020-03-23,69037012.0
2020-03-24,69102561.0
2020-03-25,69162716.0
2020-03-26,69223329.0
2020-03-27,69283378.0
2020-03-28,69336376.0
2020-03-29,69386093.0
2020-03-30,69457650.0
2020-03-31,69523403.0
2020-04-01,69579382.0
2020-04-02,69639892.0
2020-04-03,69706469.0
2020-04-04,69765809.0
2020-04-05,69819962.0
2020-04-06,69901172.0
2020-04-07,69968818.0
2020-04-08,70035575.0
2020-04-09,70102875.0
2020-04-10,70168282.0
2020-04-11,70228547.0
2020-04-12,70289348.0
2020-04-13,70352267.0
2020-04-14,70423765.0
2020-04-15,70496075.0
2020-04-16,70571993.0
2020-04-17,70650121.0
2020-04-18,70730269.0
2020-04-19,70801902.0
2020-04-20,70885638.0
2020-04-21,70971679.0
2020-04-22,71061645.0
2020-04-23,71160791.0
2020-04-24,71262611.0
2020-04-25,71353437.0
2020-04-26,71446088.0
2020-04-27,71543457.0
2020-04-28,71637081.0
2020-04-29,71740986.0
2020-04-30,71841544.0
2020-05-01,71936546.0
2020-05-02,72015270.0
2020-05-03,72093694.0
2020-05-04,72177663.0
2020-05-05,72254802.0
2020-05-06,72339636.0
2020-05-07,72436001.0
2020-05-08,72537021.0
2020-05-09,72637603.0
2020-05-10,72734515.0
2020-05-11,72827217.0
2020-05-12,72918362.0
2020-05-13,73002962.0
2020-05-14,73089539.0
2020-05-15,73181973.0
2020-05-16,73266872.0
2020-05-17,73349528.0
2020-05-18,73442090.0
2020-05-19,73534131.0
2020-05-20,73628511.0
2020-05-21,73726976.0
2020-05-22,73831495.0
2020-05-23,73928368.0
2020-05-24,74019619.0
2020-05-25,74114795.0
2020-05-26,74222569.0
2020-05-27,74327544.0
2020-05-28,74428179.0
2020-05-29,74529399.0
2020-05-30,74627151.0
2020-05-31,74720584.0
2020-06-01,74829608.0
2020-06-02,74944225.0
2020-06-03,75047229.0
2020-06-04,75156961.0
2020-06-05,75261078.0
2020-06-06,75360614.0
2020-06-07,75450784.0
2020-06-08,75547516.0
2020-06-09,75637613.0
2020-06-10,75729256.0
2020-06-11,75824034.0
2020-06-12,75913946.0
2020-06-13,75994076.0
2020-06-14,76071103.0
2020-06-15,76159732.0
2020-06-16,76252279.0
2020-06-17,76344849.0
2020-06-18,76437420.0
2020-06-19,76532583.0
2020-06-20,76626860.0
2020-06-21,76717823.0
2020-06-22,76816605.0
2020-06-23,76924630.0
2020-06-24,77030629.0
2020-06-25,77140208.0
2020-06-26,77247833.0
2020-06-27,77350381.0
2020-06-28,77440058.0
2020-06-29,77533540.0
2020-06-30,77635364.0
2020-07-01,77737299.0
2020-07-02,77834784.0
2020-07-03,77929979.0
2020-07-04,78018224.0
2020-07-05,78101189.0
2020-07-06,78198030.0
2020-07-07,78301951.0
2020-07-08,78410316.0
2020-07-09,78518228.0
2020-07-10,78618828.0
2020-07-11,78719528.0
2020-07-12,78816552.0
2020-07-13,78924418.0
2020-07-14,79041793.0
2020-07-15,79147256.0
2020-07-16,79250058.0
2020-07-17,79347958.0
2020-07-18,79440561.0
2020-07-19,79524987.0
2020-07-20,79619623.0
2020-07-21,79712564.0
2020-07-22,79808949.0
2020-07-23,79912899.0
2020-07-24,80014244.0
2020-07-25,80110949.0
2020-07-26,80216138.0
2020-07-27,80335156.0
2020-07-28,80460556.0
2020-07-29,80569638.0
2020-07-30,80679203.0
2020-07-31,80790718.0
2020-08-01,80900276.0
2020-08-02,81012010.0
2020-08-03,81128559.0
2020-08-04,81246828.0
2020-08-05,81371629.0
2020-08-06,81495049.0
2020-08-07,81618360.0
2020-08-08,81725806.0
2020-08-09,81828614.0
2020-08-10,81942066.0
2020-08-11,82050815.0
2020-08-12,82142639.0
2020-08-13,82238393.0
2020-08-14,82334964.0
2020-08-15,82433312.0
2020-08-16,82533912.0
2020-08-17,82636357.0
2020-08-18,82735366.0
2020-08-19,82830463.0
2020-08-20,82926006.0
2020-08-21,83024572.0
2020-08-22,83111352.0
2020-08-23,83204436.0
2020-08-24,83298855.0
2020-08-25,83394574.0
2020-08-26,83491202.0
2020-08-27,83583244.0
2020-08-28,83674810.0
2020-08-29,83759692.0
2020-08-30,83837619.0
2020-08-31,83931038.0
2020-09-01,84021500.0
2020-09-02,84101028.0
2020-09-03,84178604.0
2020-09-04,84263183.0
2020-09-05,84333783.0
2020-09-06,84409042.0
2020-09-07,84488313.0
2020-09-08,84561237.0
2020-09-09,84638666.0
2020-09-10,84710279.0
2020-09-11,84781306.0
2020-09-12,84851795.0
2020-09-13,84914329.0
2020-09-14,84984324.0
2020-09-15,85058028.0
2020-09-16,85129343.0
2020-09-17,85211697.0
2020-09-18,85303042.0
2020-09-19,85383737.0
2020-09-20,85469658.0
2020-09-21,85555184.0
2020-09-22,85634699.0
2020-09-23,85709867.0
2020-09-24,85797944.0
2020-09-25,85879164.0
2020-09-26,85951676.0
2020-09-27,86020434.0
2020-09-28,86108776.0
2020-09-29,86190826.0
2020-09-30,86275663.0
2020-10-01,86348460.0
2020-10-02,86418635.0
2020-10-03,86487255.0
2020-10-04,86552681.0
2020-10-05,86622350.0
2020-10-06,86699375.0
2020-10-07,86770469.0
2020-10-08,86843623.0
2020-10-09,86925617.0
2020-10-10,87009206.0
2020-10-11,87092369.0
2020-10-12,87172412.0
2020-10-13,87254891.0
2020-10-14,87341406.0
2020-10-15,87472359.0
2020-10-16,87587536.0
2020-10-17,87693874.0
2020-10-18,87779307.0
2020-10-19,87868529.0
2020-10-20,87963759.0
2020-10-21,88077499.0
2020-10-22,88201716.0
2020-10-23,88323945.0
2020-10-24,88417027.0
2020-10-25,88504834.0
2020-10-26,88595349.0
2020-10-27,88688413.0
2020-10-28,88782020.0
2020-10-29,88880932.0
2020-10-30,88983386.0
2020-10-31,89092792.0
2020-11-01,89190601.0
2020-11-02,89294121.0
2020-11-03,89398724.0
2020-11-04,89501535.0
2020-11-05,89599721.0
2020-11-06,89710195.0
2020-11-07,89811329.0
2020-11-08,89916996.0
2020-11-09,90025591.0
2020-11-10,90128496.0
2020-11-11,90232497.0
2020-11-12,90331124.0
2020-11-13,90435269.0
2020-11-14,90531779.0
2020-11-15,90619364.0
2020-11-16,90711530.0
2020-11-17,90825576.0
2020-11-18,90936944.0
2020-11-19,91049265.0
2020-11-20,91171613.0
2020-11-21,91300742.0
2020-11-22,91422123.0
2020-11-23,91541723.0
2020-11-24,91667322.0
2020-11-25,91801810.0
2020-11-26,91900964.0
2020-11-27,91990464.0
2020-11-28,92080385.0
2020-11-29,92164555.0
2020-11-30,92266593.0
2020-12-01,92373707.0
2020-12-02,92462884.0
2020-12-03,92553663.0
2020-12-04,92652621.0
2020-12-05,92748758.0
2020-12-06,92827972.0
2020-12-07,92912769.0
2020-12-08,93008582.0
2020-12-09,93103344.0
2020-12-10,93189383.0
2020-12-11,93290664.0
2020-12-12,93433951.0
2020-12-13,93610540.0
2020-12-14,93782243.0
2020-12-15,93927244.0
2020-12-16,94073489.0
2020-12-17,94214577.0
2020-12-18,94348171.0
2020-12-19,94451966.0
2020-12-20,94544488.0
2020-12-21,94635284.0
2020-12-22,94727119.0
2020-12-23,94819862.0
2020-12-24,94916648.0
2020-12-25,95001696.0
2020-12-26,95101476.0
2020-12-27,95205323.0
2020-12-28,95315014.0
2020-12-29,95423082.0
2020-12-30,95534306.0
2020-12-31,95637324.0
2021-01-01,95739372.0
2021-01-02,95852096.0
2021-01-03,95984982.0
2021-01-04,96125475.0
2021-01-05,96260286.0
2021-01-06,96406634.0
2021-01-07,96558686.0
2021-01-08,96708434.0
2021-01-09,96846558.0
2021-01-10,96986435.0
2021-01-11,97117531.0
2021-01-12,97241971.0
2021-01-13,97367423.0
2021-01-14,97502256.0
2021-01-15,97636925.0
2021-01-16,97771319.0
2021-01-17,97888810.0
2021-01-18,98017179.0
2021-01-19,98154351.0
2021-01-20,98279924.0
2021-01-21,98393776.0
2021-01-22,98513806.0
2021-01-23,98625692.0
2021-01-24,98739010.0
2021-01-25,98862330.0
2021-01-26,98982204.0
2021-01-27,99095749.0
2021-01-28,99232523.0
2021-01-29,99406363.0
2021-01-30,99558971.0
2021-01-31,99706423.0
2021-02-01,99857040.0
2021-02-02,100008420.0
2021-02-03,100164328.0
2021-02-04,100322054.0
2021-02-05,100480462.0
2021-02-06,100630797.0
2021-02-07,100777138.0
2021-02-08,100926819.0
2021-02-09,101087958.0
2021-02-10,101255164.0
2021-02-11,101416075.0
2021-02-12,101578866.0
2021-02-13,101737143.0
2021-02-14,101879381.0
2021-02-15,101995120.0
2021-02-16,102150125.0
2021-02-17,102293546.0
2021-02-18,102451698.0
2021-02-19,102618807.0
