Date,indicators/sol_2y_3y
2009-01-03,0.0
2009-01-04,0.0
2009-01-05,0.0
2009-01-06,0.0
2009-01-07,0.0
2009-01-08,0.0
2009-01-09,0.0
2009-01-10,0.0
2009-01-11,0.0
2009-01-12,0.0
2009-01-13,0.0
2009-01-14,0.0
2009-01-15,0.0
2009-01-16,0.0
2009-01-17,0.0
2009-01-18,0.0
2009-01-19,0.0
2009-01-20,0.0
2009-01-21,0.0
2009-01-22,0.0
2009-01-23,0.0
2009-01-24,0.0
2009-01-25,0.0
2009-01-26,0.0
2009-01-27,0.0
2009-01-28,0.0
2009-01-29,0.0
2009-01-30,0.0
2009-01-31,0.0
2009-02-01,0.0
2009-02-02,0.0
2009-02-03,0.0
2009-02-04,0.0
2009-02-05,0.0
2009-02-06,0.0
2009-02-07,0.0
2009-02-08,0.0
2009-02-09,0.0
2009-02-10,0.0
2009-02-11,0.0
2009-02-12,0.0
2009-02-13,0.0
2009-02-14,0.0
2009-02-15,0.0
2009-02-16,0.0
2009-02-17,0.0
2009-02-18,0.0
2009-02-19,0.0
2009-02-20,0.0
2009-02-21,0.0
2009-02-22,0.0
2009-02-23,0.0
2009-02-24,0.0
2009-02-25,0.0
2009-02-26,0.0
2009-02-27,0.0
2009-02-28,0.0
2009-03-01,0.0
2009-03-02,0.0
2009-03-03,0.0
2009-03-04,0.0
2009-03-05,0.0
2009-03-06,0.0
2009-03-07,0.0
2009-03-08,0.0
2009-03-09,0.0
2009-03-10,0.0
2009-03-11,0.0
2009-03-12,0.0
2009-03-13,0.0
2009-03-14,0.0
2009-03-15,0.0
2009-03-16,0.0
2009-03-17,0.0
2009-03-18,0.0
2009-03-19,0.0
2009-03-20,0.0
2009-03-21,0.0
2009-03-22,0.0
2009-03-23,0.0
2009-03-24,0.0
2009-03-25,0.0
2009-03-26,0.0
2009-03-27,0.0
2009-03-28,0.0
2009-03-29,0.0
2009-03-30,0.0
2009-03-31,0.0
2009-04-01,0.0
2009-04-02,0.0
2009-04-03,0.0
2009-04-04,0.0
2009-04-05,0.0
2009-04-06,0.0
2009-04-07,0.0
2009-04-08,0.0
2009-04-09,0.0
2009-04-10,0.0
2009-04-11,0.0
2009-04-12,0.0
2009-04-13,0.0
2009-04-14,0.0
2009-04-15,0.0
2009-04-16,0.0
2009-04-17,0.0
2009-04-18,0.0
2009-04-19,0.0
2009-04-20,0.0
2009-04-21,0.0
2009-04-22,0.0
2009-04-23,0.0
2009-04-24,0.0
2009-04-25,0.0
2009-04-26,0.0
2009-04-27,0.0
2009-04-28,0.0
2009-04-29,0.0
2009-04-30,0.0
2009-05-01,0.0
2009-05-02,0.0
2009-05-03,0.0
2009-05-04,0.0
2009-05-05,0.0
2009-05-06,0.0
2009-05-07,0.0
2009-05-08,0.0
2009-05-09,0.0
2009-05-10,0.0
2009-05-11,0.0
2009-05-12,0.0
2009-05-13,0.0
2009-05-14,0.0
2009-05-15,0.0
2009-05-16,0.0
2009-05-17,0.0
2009-05-18,0.0
2009-05-19,0.0
2009-05-20,0.0
2009-05-21,0.0
2009-05-22,0.0
2009-05-23,0.0
2009-05-24,0.0
2009-05-25,0.0
2009-05-26,0.0
2009-05-27,0.0
2009-05-28,0.0
2009-05-29,0.0
2009-05-30,0.0
2009-05-31,0.0
2009-06-01,0.0
2009-06-02,0.0
2009-06-03,0.0
2009-06-04,0.0
2009-06-05,0.0
2009-06-06,0.0
2009-06-07,0.0
2009-06-08,0.0
2009-06-09,0.0
2009-06-10,0.0
2009-06-11,0.0
2009-06-12,0.0
2009-06-13,0.0
2009-06-14,0.0
2009-06-15,0.0
2009-06-16,0.0
2009-06-17,0.0
2009-06-18,0.0
2009-06-19,0.0
2009-06-20,0.0
2009-06-21,0.0
2009-06-22,0.0
2009-06-23,0.0
2009-06-24,0.0
2009-06-25,0.0
2009-06-26,0.0
2009-06-27,0.0
2009-06-28,0.0
2009-06-29,0.0
2009-06-30,0.0
2009-07-01,0.0
2009-07-02,0.0
2009-07-03,0.0
2009-07-04,0.0
2009-07-05,0.0
2009-07-06,0.0
2009-07-07,0.0
2009-07-08,0.0
2009-07-09,0.0
2009-07-10,0.0
2009-07-11,0.0
2009-07-12,0.0
2009-07-13,0.0
2009-07-14,0.0
2009-07-15,0.0
2009-07-16,0.0
2009-07-17,0.0
2009-07-18,0.0
2009-07-19,0.0
2009-07-20,0.0
2009-07-21,0.0
2009-07-22,0.0
2009-07-23,0.0
2009-07-24,0.0
2009-07-25,0.0
2009-07-26,0.0
2009-07-27,0.0
2009-07-28,0.0
2009-07-29,0.0
2009-07-30,0.0
2009-07-31,0.0
2009-08-01,0.0
2009-08-02,0.0
2009-08-03,0.0
2009-08-04,0.0
2009-08-05,0.0
2009-08-06,0.0
2009-08-07,0.0
2009-08-08,0.0
2009-08-09,0.0
2009-08-10,0.0
2009-08-11,0.0
2009-08-12,0.0
2009-08-13,0.0
2009-08-14,0.0
2009-08-15,0.0
2009-08-16,0.0
2009-08-17,0.0
2009-08-18,0.0
2009-08-19,0.0
2009-08-20,0.0
2009-08-21,0.0
2009-08-22,0.0
2009-08-23,0.0
2009-08-24,0.0
2009-08-25,0.0
2009-08-26,0.0
2009-08-27,0.0
2009-08-28,0.0
2009-08-29,0.0
2009-08-30,0.0
2009-08-31,0.0
2009-09-01,0.0
2009-09-02,0.0
2009-09-03,0.0
2009-09-04,0.0
2009-09-05,0.0
2009-09-06,0.0
2009-09-07,0.0
2009-09-08,0.0
2009-09-09,0.0
2009-09-10,0.0
2009-09-11,0.0
2009-09-12,0.0
2009-09-13,0.0
2009-09-14,0.0
2009-09-15,0.0
2009-09-16,0.0
2009-09-17,0.0
2009-09-18,0.0
2009-09-19,0.0
2009-09-20,0.0
2009-09-21,0.0
2009-09-22,0.0
2009-09-23,0.0
2009-09-24,0.0
2009-09-25,0.0
2009-09-26,0.0
2009-09-27,0.0
2009-09-28,0.0
2009-09-29,0.0
2009-09-30,0.0
2009-10-01,0.0
2009-10-02,0.0
2009-10-03,0.0
2009-10-04,0.0
2009-10-05,0.0
2009-10-06,0.0
2009-10-07,0.0
2009-10-08,0.0
2009-10-09,0.0
2009-10-10,0.0
2009-10-11,0.0
2009-10-12,0.0
2009-10-13,0.0
2009-10-14,0.0
2009-10-15,0.0
2009-10-16,0.0
2009-10-17,0.0
2009-10-18,0.0
2009-10-19,0.0
2009-10-20,0.0
2009-10-21,0.0
2009-10-22,0.0
2009-10-23,0.0
2009-10-24,0.0
2009-10-25,0.0
2009-10-26,0.0
2009-10-27,0.0
2009-10-28,0.0
2009-10-29,0.0
2009-10-30,0.0
2009-10-31,0.0
2009-11-01,0.0
2009-11-02,0.0
2009-11-03,0.0
2009-11-04,0.0
2009-11-05,0.0
2009-11-06,0.0
2009-11-07,0.0
2009-11-08,0.0
2009-11-09,0.0
2009-11-10,0.0
2009-11-11,0.0
2009-11-12,0.0
2009-11-13,0.0
2009-11-14,0.0
2009-11-15,0.0
2009-11-16,0.0
2009-11-17,0.0
2009-11-18,0.0
2009-11-19,0.0
2009-11-20,0.0
2009-11-21,0.0
2009-11-22,0.0
2009-11-23,0.0
2009-11-24,0.0
2009-11-25,0.0
2009-11-26,0.0
2009-11-27,0.0
2009-11-28,0.0
2009-11-29,0.0
2009-11-30,0.0
2009-12-01,0.0
2009-12-02,0.0
2009-12-03,0.0
2009-12-04,0.0
2009-12-05,0.0
2009-12-06,0.0
2009-12-07,0.0
2009-12-08,0.0
2009-12-09,0.0
2009-12-10,0.0
2009-12-11,0.0
2009-12-12,0.0
2009-12-13,0.0
2009-12-14,0.0
2009-12-15,0.0
2009-12-16,0.0
2009-12-17,0.0
2009-12-18,0.0
2009-12-19,0.0
2009-12-20,0.0
2009-12-21,0.0
2009-12-22,0.0
2009-12-23,0.0
2009-12-24,0.0
2009-12-25,0.0
2009-12-26,0.0
2009-12-27,0.0
2009-12-28,0.0
2009-12-29,0.0
2009-12-30,0.0
2009-12-31,0.0
2010-01-01,0.0
2010-01-02,0.0
2010-01-03,0.0
2010-01-04,0.0
2010-01-05,0.0
2010-01-06,0.0
2010-01-07,0.0
2010-01-08,0.0
2010-01-09,0.0
2010-01-10,0.0
2010-01-11,0.0
2010-01-12,0.0
2010-01-13,0.0
2010-01-14,0.0
2010-01-15,0.0
2010-01-16,0.0
2010-01-17,0.0
2010-01-18,0.0
2010-01-19,0.0
2010-01-20,0.0
2010-01-21,0.0
2010-01-22,0.0
2010-01-23,0.0
2010-01-24,0.0
2010-01-25,0.0
2010-01-26,0.0
2010-01-27,0.0
2010-01-28,0.0
2010-01-29,0.0
2010-01-30,0.0
2010-01-31,0.0
2010-02-01,0.0
2010-02-02,0.0
2010-02-03,0.0
2010-02-04,0.0
2010-02-05,0.0
2010-02-06,0.0
2010-02-07,0.0
2010-02-08,0.0
2010-02-09,0.0
2010-02-10,0.0
2010-02-11,0.0
2010-02-12,0.0
2010-02-13,0.0
2010-02-14,0.0
2010-02-15,0.0
2010-02-16,0.0
2010-02-17,0.0
2010-02-18,0.0
2010-02-19,0.0
2010-02-20,0.0
2010-02-21,0.0
2010-02-22,0.0
2010-02-23,0.0
2010-02-24,0.0
2010-02-25,0.0
2010-02-26,0.0
2010-02-27,0.0
2010-02-28,0.0
2010-03-01,0.0
2010-03-02,0.0
2010-03-03,0.0
2010-03-04,0.0
2010-03-05,0.0
2010-03-06,0.0
2010-03-07,0.0
2010-03-08,0.0
2010-03-09,0.0
2010-03-10,0.0
2010-03-11,0.0
2010-03-12,0.0
2010-03-13,0.0
2010-03-14,0.0
2010-03-15,0.0
2010-03-16,0.0
2010-03-17,0.0
2010-03-18,0.0
2010-03-19,0.0
2010-03-20,0.0
2010-03-21,0.0
2010-03-22,0.0
2010-03-23,0.0
2010-03-24,0.0
2010-03-25,0.0
2010-03-26,0.0
2010-03-27,0.0
2010-03-28,0.0
2010-03-29,0.0
2010-03-30,0.0
2010-03-31,0.0
2010-04-01,0.0
2010-04-02,0.0
2010-04-03,0.0
2010-04-04,0.0
2010-04-05,0.0
2010-04-06,0.0
2010-04-07,0.0
2010-04-08,0.0
2010-04-09,0.0
2010-04-10,0.0
2010-04-11,0.0
2010-04-12,0.0
2010-04-13,0.0
2010-04-14,0.0
2010-04-15,0.0
2010-04-16,0.0
2010-04-17,0.0
2010-04-18,0.0
2010-04-19,0.0
2010-04-20,0.0
2010-04-21,0.0
2010-04-22,0.0
2010-04-23,0.0
2010-04-24,0.0
2010-04-25,0.0
2010-04-26,0.0
2010-04-27,0.0
2010-04-28,0.0
2010-04-29,0.0
2010-04-30,0.0
2010-05-01,0.0
2010-05-02,0.0
2010-05-03,0.0
2010-05-04,0.0
2010-05-05,0.0
2010-05-06,0.0
2010-05-07,0.0
2010-05-08,0.0
2010-05-09,0.0
2010-05-10,0.0
2010-05-11,0.0
2010-05-12,0.0
2010-05-13,0.0
2010-05-14,0.0
2010-05-15,0.0
2010-05-16,0.0
2010-05-17,0.0
2010-05-18,0.0
2010-05-19,0.0
2010-05-20,0.0
2010-05-21,0.0
2010-05-22,0.0
2010-05-23,0.0
2010-05-24,0.0
2010-05-25,0.0
2010-05-26,0.0
2010-05-27,0.0
2010-05-28,0.0
2010-05-29,0.0
2010-05-30,0.0
2010-05-31,0.0
2010-06-01,0.0
2010-06-02,0.0
2010-06-03,0.0
2010-06-04,0.0
2010-06-05,0.0
2010-06-06,0.0
2010-06-07,0.0
2010-06-08,0.0
2010-06-09,0.0
2010-06-10,0.0
2010-06-11,0.0
2010-06-12,0.0
2010-06-13,0.0
2010-06-14,0.0
2010-06-15,0.0
2010-06-16,0.0
2010-06-17,0.0
2010-06-18,0.0
2010-06-19,0.0
2010-06-20,0.0
2010-06-21,0.0
2010-06-22,0.0
2010-06-23,0.0
2010-06-24,0.0
2010-06-25,0.0
2010-06-26,0.0
2010-06-27,0.0
2010-06-28,0.0
2010-06-29,0.0
2010-06-30,0.0
2010-07-01,0.0
2010-07-02,0.0
2010-07-03,0.0
2010-07-04,0.0
2010-07-05,0.0
2010-07-06,0.0
2010-07-07,0.0
2010-07-08,0.0
2010-07-09,0.0
2010-07-10,0.0
2010-07-11,0.0
2010-07-12,0.0
2010-07-13,0.0
2010-07-14,0.0
2010-07-15,0.0
2010-07-16,0.0
2010-07-17,0.0
2010-07-18,0.0
2010-07-19,0.0
2010-07-20,0.0
2010-07-21,0.0
2010-07-22,0.0
2010-07-23,0.0
2010-07-24,0.0
2010-07-25,0.0
2010-07-26,0.0
2010-07-27,0.0
2010-07-28,0.0
2010-07-29,0.0
2010-07-30,0.0
2010-07-31,0.0
2010-08-01,0.0
2010-08-02,0.0
2010-08-03,0.0
2010-08-04,0.0
2010-08-05,0.0
2010-08-06,0.0
2010-08-07,0.0
2010-08-08,0.0
2010-08-09,0.0
2010-08-10,0.0
2010-08-11,0.0
2010-08-12,0.0
2010-08-13,0.0
2010-08-14,0.0
2010-08-15,0.0
2010-08-16,0.0
2010-08-17,0.0
2010-08-18,0.0
2010-08-19,0.0
2010-08-20,0.0
2010-08-21,0.0
2010-08-22,0.0
2010-08-23,0.0
2010-08-24,0.0
2010-08-25,0.0
2010-08-26,0.0
2010-08-27,0.0
2010-08-28,0.0
2010-08-29,0.0
2010-08-30,0.0
2010-08-31,0.0
2010-09-01,0.0
2010-09-02,0.0
2010-09-03,0.0
2010-09-04,0.0
2010-09-05,0.0
2010-09-06,0.0
2010-09-07,0.0
2010-09-08,0.0
2010-09-09,0.0
2010-09-10,0.0
2010-09-11,0.0
2010-09-12,0.0
2010-09-13,0.0
2010-09-14,0.0
2010-09-15,0.0
2010-09-16,0.0
2010-09-17,0.0
2010-09-18,0.0
2010-09-19,0.0
2010-09-20,0.0
2010-09-21,0.0
2010-09-22,0.0
2010-09-23,0.0
2010-09-24,0.0
2010-09-25,0.0
2010-09-26,0.0
2010-09-27,0.0
2010-09-28,0.0
2010-09-29,0.0
2010-09-30,0.0
2010-10-01,0.0
2010-10-02,0.0
2010-10-03,0.0
2010-10-04,0.0
2010-10-05,0.0
2010-10-06,0.0
2010-10-07,0.0
2010-10-08,0.0
2010-10-09,0.0
2010-10-10,0.0
2010-10-11,0.0
2010-10-12,0.0
2010-10-13,0.0
2010-10-14,0.0
2010-10-15,0.0
2010-10-16,0.0
2010-10-17,0.0
2010-10-18,0.0
2010-10-19,0.0
2010-10-20,0.0
2010-10-21,0.0
2010-10-22,0.0
2010-10-23,0.0
2010-10-24,0.0
2010-10-25,0.0
2010-10-26,0.0
2010-10-27,0.0
2010-10-28,0.0
2010-10-29,0.0
2010-10-30,0.0
2010-10-31,0.0
2010-11-01,0.0
2010-11-02,0.0
2010-11-03,0.0
2010-11-04,0.0
2010-11-05,0.0
2010-11-06,0.0
2010-11-07,0.0
2010-11-08,0.0
2010-11-09,0.0
2010-11-10,0.0
2010-11-11,0.0
2010-11-12,0.0
2010-11-13,0.0
2010-11-14,0.0
2010-11-15,0.0
2010-11-16,0.0
2010-11-17,0.0
2010-11-18,0.0
2010-11-19,0.0
2010-11-20,0.0
2010-11-21,0.0
2010-11-22,0.0
2010-11-23,0.0
2010-11-24,0.0
2010-11-25,0.0
2010-11-26,0.0
2010-11-27,0.0
2010-11-28,0.0
2010-11-29,0.0
2010-11-30,0.0
2010-12-01,0.0
2010-12-02,0.0
2010-12-03,0.0
2010-12-04,0.0
2010-12-05,0.0
2010-12-06,0.0
2010-12-07,0.0
2010-12-08,0.0
2010-12-09,0.0
2010-12-10,0.0
2010-12-11,0.0
2010-12-12,0.0
2010-12-13,0.0
2010-12-14,0.0
2010-12-15,0.0
2010-12-16,0.0
2010-12-17,0.0
2010-12-18,0.0
2010-12-19,0.0
2010-12-20,0.0
2010-12-21,0.0
2010-12-22,0.0
2010-12-23,0.0
2010-12-24,0.0
2010-12-25,0.0
2010-12-26,0.0
2010-12-27,0.0
2010-12-28,0.0
2010-12-29,0.0
2010-12-30,0.0
2010-12-31,0.0
2011-01-01,0.0
2011-01-02,0.0
2011-01-03,0.0
2011-01-04,0.0
2011-01-05,0.0
2011-01-06,0.0
2011-01-07,0.0
2011-01-08,0.0
2011-01-09,0.0
2011-01-10,0.0
2011-01-11,0.0
2011-01-12,0.0
2011-01-13,0.0
2011-01-14,0.0
2011-01-15,0.0
2011-01-16,0.0
2011-01-17,0.0
2011-01-18,0.0
2011-01-19,0.0
2011-01-20,0.0
2011-01-21,0.0
2011-01-22,0.0
2011-01-23,0.0
2011-01-24,0.0
2011-01-25,0.0
2011-01-26,0.0
2011-01-27,0.0
2011-01-28,0.0
2011-01-29,0.0
2011-01-30,0.0
2011-01-31,0.0
2011-02-01,0.0
2011-02-02,0.0
2011-02-03,0.0
2011-02-04,0.0
2011-02-05,0.0
2011-02-06,0.0
2011-02-07,0.0
2011-02-08,0.0
2011-02-09,0.0
2011-02-10,0.0
2011-02-11,0.0
2011-02-12,0.0
2011-02-13,0.0
2011-02-14,0.0
2011-02-15,0.0
2011-02-16,0.0
2011-02-17,0.0
2011-02-18,0.0
2011-02-19,0.0
2011-02-20,0.0
2011-02-21,0.0
2011-02-22,0.0
2011-02-23,0.0
2011-02-24,0.0
2011-02-25,0.0
2011-02-26,0.0
2011-02-27,0.0
2011-02-28,0.0
2011-03-01,0.0
2011-03-02,0.0
2011-03-03,0.0
2011-03-04,0.0
2011-03-05,0.0
2011-03-06,0.0
2011-03-07,0.0
2011-03-08,0.0
2011-03-09,0.0
2011-03-10,0.0
2011-03-11,0.0
2011-03-12,0.0
2011-03-13,0.0
2011-03-14,0.0
2011-03-15,0.0
2011-03-16,0.0
2011-03-17,0.0
2011-03-18,0.0
2011-03-19,0.0
2011-03-20,0.0
2011-03-21,0.0
2011-03-22,0.0
2011-03-23,0.0
2011-03-24,0.0
2011-03-25,0.0
2011-03-26,0.0
2011-03-27,0.0
2011-03-28,0.0
2011-03-29,0.0
2011-03-30,0.0
2011-03-31,0.0
2011-04-01,0.0
2011-04-02,0.0
2011-04-03,0.0
2011-04-04,0.0
2011-04-05,0.0
2011-04-06,0.0
2011-04-07,0.0
2011-04-08,0.0
2011-04-09,0.0
2011-04-10,0.0
2011-04-11,0.0
2011-04-12,0.0
2011-04-13,0.0
2011-04-14,0.0
2011-04-15,0.0
2011-04-16,0.0
2011-04-17,0.0
2011-04-18,0.0
2011-04-19,0.0
2011-04-20,0.0
2011-04-21,0.0
2011-04-22,0.0
2011-04-23,0.0
2011-04-24,0.0
2011-04-25,0.0
2011-04-26,0.0
2011-04-27,0.0
2011-04-28,0.0
2011-04-29,0.0
2011-04-30,0.0
2011-05-01,0.0
2011-05-02,0.0
2011-05-03,0.0
2011-05-04,0.0
2011-05-05,0.0
2011-05-06,0.0
2011-05-07,0.0
2011-05-08,0.0
2011-05-09,0.0
2011-05-10,0.0
2011-05-11,0.0
2011-05-12,0.0
2011-05-13,0.0
2011-05-14,0.0
2011-05-15,0.0
2011-05-16,0.0
2011-05-17,0.0
2011-05-18,0.0
2011-05-19,30.0
2011-05-20,0.0
2011-05-21,1.0
2011-05-22,0.0
2011-05-23,0.0
2011-05-24,0.0
2011-05-25,0.0
2011-05-26,0.0
2011-05-27,0.0
2011-05-28,0.0
2011-05-29,0.0
2011-05-30,0.0
2011-05-31,0.0
2011-06-01,0.0
2011-06-02,212.0
2011-06-03,1.0
2011-06-04,1.0
2011-06-05,7.0
2011-06-06,9.0
2011-06-07,5.0
2011-06-08,9.0
2011-06-09,6.0
2011-06-10,17.0
2011-06-11,6.0
2011-06-12,1.0
2011-06-13,3.0
2011-06-14,268.0
2011-06-15,22.0
2011-06-16,0.0
2011-06-17,2.0
2011-06-18,2.0
2011-06-19,40.0
2011-06-20,0.0
2011-06-21,2.0
2011-06-22,1.0
2011-06-23,0.0
2011-06-24,27.0
2011-06-25,1.0
2011-06-26,0.0
2011-06-27,125.0
2011-06-28,112.0
2011-06-29,0.0
2011-06-30,1.0
2011-07-01,0.0
2011-07-02,0.0
2011-07-03,1.0
2011-07-04,0.0
2011-07-05,0.0
2011-07-06,2.0
2011-07-07,0.0
2011-07-08,0.0
2011-07-09,3.0
2011-07-10,0.0
2011-07-11,0.0
2011-07-12,0.0
2011-07-13,0.0
2011-07-14,2.0
2011-07-15,0.0
2011-07-16,0.0
2011-07-17,1.0
2011-07-18,0.0
2011-07-19,1.0
2011-07-20,0.0
2011-07-21,0.0
2011-07-22,0.0
2011-07-23,2.0
2011-07-24,0.0
2011-07-25,3.0
2011-07-26,0.0
2011-07-27,0.0
2011-07-28,0.0
2011-07-29,2.0
2011-07-30,0.0
2011-07-31,0.0
2011-08-01,0.0
2011-08-02,0.0
2011-08-03,0.0
2011-08-04,0.0
2011-08-05,0.0
2011-08-06,0.0
2011-08-07,0.0
2011-08-08,0.0
2011-08-09,0.0
2011-08-10,0.0
2011-08-11,0.0
2011-08-12,0.0
2011-08-13,6.0
2011-08-14,0.0
2011-08-15,0.0
2011-08-16,2.0
2011-08-17,0.0
2011-08-18,0.0
2011-08-19,0.0
2011-08-20,3.0
2011-08-21,0.0
2011-08-22,1.0
2011-08-23,0.0
2011-08-24,0.0
2011-08-25,0.0
2011-08-26,5.0
2011-08-27,0.0
2011-08-28,4.0
2011-08-29,0.0
2011-08-30,0.0
2011-08-31,0.0
2011-09-01,0.0
2011-09-02,11.0
2011-09-03,0.0
2011-09-04,0.0
2011-09-05,10.0
2011-09-06,0.0
2011-09-07,14.0
2011-09-08,7.0
2011-09-09,0.0
2011-09-10,0.0
2011-09-11,0.0
2011-09-12,11.0
2011-09-13,0.0
2011-09-14,14.0
2011-09-15,0.0
2011-09-16,0.0
2011-09-17,19.0
2011-09-18,0.0
2011-09-19,0.0
2011-09-20,16.0
2011-09-21,0.0
2011-09-22,0.0
2011-09-23,16.0
2011-09-24,0.0
2011-09-25,0.0
2011-09-26,0.0
2011-09-27,19.0
2011-09-28,0.0
2011-09-29,0.0
2011-09-30,17.0
2011-10-01,0.0
2011-10-02,0.0
2011-10-03,0.0
2011-10-04,0.0
2011-10-05,0.0
2011-10-06,21.0
2011-10-07,0.0
2011-10-08,0.0
2011-10-09,23.0
2011-10-10,0.0
2011-10-11,0.0
2011-10-12,0.0
2011-10-13,0.0
2011-10-14,0.0
2011-10-15,0.0
2011-10-16,28.0
2011-10-17,0.0
2011-10-18,28.0
2011-10-19,0.0
2011-10-20,0.0
2011-10-21,0.0
2011-10-22,25.0
2011-10-23,0.0
2011-10-24,0.0
2011-10-25,0.0
2011-10-26,0.0
2011-10-27,21.0
2011-10-28,0.0
2011-10-29,0.0
2011-10-30,24.0
2011-10-31,0.0
2011-11-01,29.0
2011-11-02,0.0
2011-11-03,35.0
2011-11-04,32.0
2011-11-05,0.0
2011-11-06,0.0
2011-11-07,0.0
2011-11-08,0.0
2011-11-09,54.0
2011-11-10,26.0
2011-11-11,0.0
2011-11-12,63.0
2011-11-13,0.0
2011-11-14,56.0
2011-11-15,56.0
2011-11-16,33.0
2011-11-17,62.0
2011-11-18,0.0
2011-11-19,0.0
2011-11-20,27.0
2011-11-21,0.0
2011-11-22,59.0
2011-11-23,0.0
2011-11-24,92.0
2011-11-25,0.0
2011-11-26,0.0
2011-11-27,0.0
2011-11-28,23.0
2011-11-29,63.0
2011-11-30,66.0
2011-12-01,30.0
2011-12-02,0.0
2011-12-03,0.0
2011-12-04,61.0
2011-12-05,24.0
2011-12-06,0.0
2011-12-07,0.0
2011-12-08,72.0
2011-12-09,0.0
2011-12-10,0.0
2011-12-11,93.0
2011-12-12,0.0
2011-12-13,0.0
2011-12-14,0.0
2011-12-15,0.0
2011-12-16,32.0
2011-12-17,0.0
2011-12-18,0.0
2011-12-19,83.0
2011-12-20,62.0
2011-12-21,0.0
2011-12-22,0.0
2011-12-23,0.0
2011-12-24,0.0
2011-12-25,0.0
2011-12-26,20.0
2011-12-27,0.0
2011-12-28,32.0
2011-12-29,0.0
2011-12-30,0.0
2011-12-31,0.0
2012-01-01,0.0
2012-01-02,0.0
2012-01-03,0.0
2012-01-04,0.0
2012-01-05,7.0
2012-01-06,0.0
2012-01-07,0.0
2012-01-08,0.0
2012-01-09,0.0
2012-01-10,0.0
2012-01-11,0.0
2012-01-12,0.0
2012-01-13,0.0
2012-01-14,0.0
2012-01-15,0.0
2012-01-16,0.0
2012-01-17,0.0
2012-01-18,10.0
2012-01-19,0.0
2012-01-20,0.0
2012-01-21,0.0
2012-01-22,0.0
2012-01-23,0.0
2012-01-24,0.0
2012-01-25,0.0
2012-01-26,0.0
2012-01-27,0.0
2012-01-28,0.0
2012-01-29,0.0
2012-01-30,0.0
2012-01-31,0.0
2012-02-01,0.0
2012-02-02,0.0
2012-02-03,0.0
2012-02-04,0.0
2012-02-05,0.0
2012-02-06,0.0
2012-02-07,0.0
2012-02-08,0.0
2012-02-09,0.0
2012-02-10,0.0
2012-02-11,5.0
2012-02-12,0.0
2012-02-13,0.0
2012-02-14,4.0
2012-02-15,0.0
2012-02-16,0.0
2012-02-17,0.0
2012-02-18,5.0
2012-02-19,0.0
2012-02-20,0.0
2012-02-21,0.0
2012-02-22,0.0
2012-02-23,0.0
2012-02-24,0.0
2012-02-25,0.0
2012-02-26,0.0
2012-02-27,0.0
2012-02-28,0.0
2012-02-29,0.0
2012-03-01,0.0
2012-03-02,0.0
2012-03-03,0.0
2012-03-04,0.0
2012-03-05,0.0
2012-03-06,0.0
2012-03-07,0.0
2012-03-08,0.0
2012-03-09,0.0
2012-03-10,1.0
2012-03-11,0.0
2012-03-12,0.0
2012-03-13,0.0
2012-03-14,0.0
2012-03-15,0.0
2012-03-16,0.0
2012-03-17,0.0
2012-03-18,0.0
2012-03-19,0.0
2012-03-20,0.0
2012-03-21,0.0
2012-03-22,0.0
2012-03-23,0.0
2012-03-24,0.0
2012-03-25,0.0
2012-03-26,0.0
2012-03-27,0.0
2012-03-28,0.0
2012-03-29,0.0
2012-03-30,0.0
2012-03-31,0.0
2012-04-01,0.0
2012-04-02,1.0
2012-04-03,0.0
2012-04-04,7.0
2012-04-05,0.0
2012-04-06,0.0
2012-04-07,0.0
2012-04-08,0.0
2012-04-09,0.0
2012-04-10,0.0
2012-04-11,0.0
2012-04-12,0.0
2012-04-13,0.0
2012-04-14,0.0
2012-04-15,2.0
2012-04-16,0.0
2012-04-17,5.0
2012-04-18,0.0
2012-04-19,0.0
2012-04-20,1.0
2012-04-21,0.0
2012-04-22,0.0
2012-04-23,0.0
2012-04-24,0.0
2012-04-25,0.0
2012-04-26,0.0
2012-04-27,0.0
2012-04-28,0.0
2012-04-29,0.0
2012-04-30,4.0
2012-05-01,0.0
2012-05-02,0.0
2012-05-03,0.0
2012-05-04,0.0
2012-05-05,0.0
2012-05-06,0.0
2012-05-07,0.0
2012-05-08,0.0
2012-05-09,0.0
2012-05-10,0.0
2012-05-11,0.0
2012-05-12,0.0
2012-05-13,0.0
2012-05-14,0.0
2012-05-15,0.0
2012-05-16,0.0
2012-05-17,1.0
2012-05-18,0.0
2012-05-19,0.0
2012-05-20,0.0
2012-05-21,0.0
2012-05-22,0.0
2012-05-23,0.0
2012-05-24,0.0
2012-05-25,0.0
2012-05-26,6.0
2012-05-27,0.0
2012-05-28,0.0
2012-05-29,0.0
2012-05-30,0.0
2012-05-31,0.0
2012-06-01,0.0
2012-06-02,5.0
2012-06-03,0.0
2012-06-04,0.0
2012-06-05,0.0
2012-06-06,0.0
2012-06-07,0.0
2012-06-08,0.0
2012-06-09,3.0
2012-06-10,0.0
2012-06-11,1.0
2012-06-12,1.0
2012-06-13,0.0
2012-06-14,0.0
2012-06-15,0.0
2012-06-16,0.0
2012-06-17,0.0
2012-06-18,0.0
2012-06-19,0.0
2012-06-20,0.0
2012-06-21,0.0
2012-06-22,0.0
2012-06-23,0.0
2012-06-24,0.0
2012-06-25,0.0
2012-06-26,0.0
2012-06-27,0.0
2012-06-28,0.0
2012-06-29,0.0
2012-06-30,0.0
2012-07-01,0.0
2012-07-02,0.0
2012-07-03,0.0
2012-07-04,0.0
2012-07-05,0.0
2012-07-06,0.0
2012-07-07,0.0
2012-07-08,1.0
2012-07-09,0.0
2012-07-10,0.0
2012-07-11,2.0
2012-07-12,1.0
2012-07-13,0.0
2012-07-14,1.0
2012-07-15,6.0
2012-07-16,3.0
2012-07-17,0.0
2012-07-18,5.0
2012-07-19,0.0
2012-07-20,0.0
2012-07-21,0.0
2012-07-22,0.0
2012-07-23,1.0
2012-07-24,4.0
2012-07-25,0.0
2012-07-26,0.0
2012-07-27,5.0
2012-07-28,1.0
2012-07-29,0.0
2012-07-30,1.0
2012-07-31,0.0
2012-08-01,6.0
2012-08-02,3.0
2012-08-03,2.0
2012-08-04,10.0
2012-08-05,0.0
2012-08-06,3.0
2012-08-07,3.0
2012-08-08,2.0
2012-08-09,1.0
2012-08-10,2.0
2012-08-11,0.0
2012-08-12,7.0
2012-08-13,2.0
2012-08-14,3.0
2012-08-15,8.0
2012-08-16,4.0
2012-08-17,27.0
2012-08-18,0.0
2012-08-19,1.0
2012-08-20,2.0
2012-08-21,0.0
2012-08-22,0.0
2012-08-23,5.0
2012-08-24,1.0
2012-08-25,0.0
2012-08-26,0.0
2012-08-27,7.0
2012-08-28,14.0
2012-08-29,1.0
2012-08-30,0.0
2012-08-31,6.0
2012-09-01,0.0
2012-09-02,0.0
2012-09-03,1.0
2012-09-04,6.0
2012-09-05,0.0
2012-09-06,3.0
2012-09-07,2.0
2012-09-08,0.0
2012-09-09,0.0
2012-09-10,1.0
2012-09-11,1.0
2012-09-12,6.0
2012-09-13,1.0
2012-09-14,2.0
2012-09-15,7.0
2012-09-16,2.0
2012-09-17,0.0
2012-09-18,6.0
2012-09-19,1.0
2012-09-20,4.0
2012-09-21,3.0
2012-09-22,2.0
2012-09-23,1.0
2012-09-24,0.0
2012-09-25,4.0
2012-09-26,10.0
2012-09-27,1.0
2012-09-28,7.0
2012-09-29,1.0
2012-09-30,1.0
2012-10-01,0.0
2012-10-02,0.0
2012-10-03,6.0
2012-10-04,16.0
2012-10-05,0.0
2012-10-06,0.0
2012-10-07,0.0
2012-10-08,0.0
2012-10-09,1.0
2012-10-10,0.0
2012-10-11,21.0
2012-10-12,1.0
2012-10-13,0.0
2012-10-14,0.0
2012-10-15,0.0
2012-10-16,2.0
2012-10-17,0.0
2012-10-18,11.0
2012-10-19,1.0
2012-10-20,1.0
2012-10-21,10.0
2012-10-22,3.0
2012-10-23,1.0
2012-10-24,4.0
2012-10-25,1.0
2012-10-26,2.0
2012-10-27,0.0
2012-10-28,0.0
2012-10-29,1.0
2012-10-30,0.0
2012-10-31,0.0
2012-11-01,1.0
2012-11-02,2.0
2012-11-03,0.0
2012-11-04,0.0
2012-11-05,4.0
2012-11-06,4.0
2012-11-07,1.0
2012-11-08,0.0
2012-11-09,0.0
2012-11-10,8.0
2012-11-11,0.0
2012-11-12,0.0
2012-11-13,3.0
2012-11-14,1.0
2012-11-15,0.0
2012-11-16,0.0
2012-11-17,1.0
2012-11-18,4.0
2012-11-19,20.0
2012-11-20,3.0
2012-11-21,2.0
2012-11-22,1.0
2012-11-23,0.0
2012-11-24,2.0
2012-11-25,7.0
2012-11-26,9.0
2012-11-27,3.0
2012-11-28,1.0
2012-11-29,4.0
2012-11-30,2.0
2012-12-01,1.0
2012-12-02,0.0
2012-12-03,2.0
2012-12-04,9.0
2012-12-05,7.0
2012-12-06,1.0
2012-12-07,0.0
2012-12-08,1.0
2012-12-09,0.0
2012-12-10,1.0
2012-12-11,3.0
2012-12-12,9.0
2012-12-13,4.0
2012-12-14,1.0
2012-12-15,0.0
2012-12-16,0.0
2012-12-17,0.0
2012-12-18,1.0
2012-12-19,2.0
2012-12-20,11.0
2012-12-21,1.0
2012-12-22,6.0
2012-12-23,2.0
2012-12-24,0.0
2012-12-25,0.0
2012-12-26,1.0
2012-12-27,2.0
2012-12-28,0.0
2012-12-29,1.0
2012-12-30,1.0
2012-12-31,17.0
2013-01-01,1.0
2013-01-02,1.0
2013-01-03,0.0
2013-01-04,2.0
2013-01-05,0.0
2013-01-06,2.0
2013-01-07,1.0
2013-01-08,1.0
2013-01-09,0.0
2013-01-10,4.0
2013-01-11,3.0
2013-01-12,0.0
2013-01-13,3.0
2013-01-14,0.0
2013-01-15,1.0
2013-01-16,0.0
2013-01-17,6.0
2013-01-18,4.0
2013-01-19,1.0
2013-01-20,6.0
2013-01-21,35.0
2013-01-22,25.0
2013-01-23,9.0
2013-01-24,19.0
2013-01-25,3.0
2013-01-26,0.0
2013-01-27,0.0
2013-01-28,5.0
2013-01-29,4.0
2013-01-30,7.0
2013-01-31,2.0
2013-02-01,3.0
2013-02-02,4.0
2013-02-03,4.0
2013-02-04,1.0
2013-02-05,3.0
2013-02-06,16.0
2013-02-07,6.0
2013-02-08,19.0
2013-02-09,5.0
2013-02-10,2.0
2013-02-11,3.0
2013-02-12,1.0
2013-02-13,4.0
2013-02-14,25.0
2013-02-15,5.0
2013-02-16,9.0
2013-02-17,2.0
2013-02-18,10.0
2013-02-19,20.0
2013-02-20,7.0
2013-02-21,9.0
2013-02-22,6.0
2013-02-23,22.0
2013-02-24,10.0
2013-02-25,2.0
2013-02-26,6.0
2013-02-27,5.0
2013-02-28,50.0
2013-03-01,10.0
2013-03-02,14.0
2013-03-03,4.0
2013-03-04,13.0
2013-03-05,16.0
2013-03-06,122.0
2013-03-07,14.0
2013-03-08,9.0
2013-03-09,26.0
2013-03-10,5.0
2013-03-11,11.0
2013-03-12,28.0
2013-03-13,41.0
2013-03-14,61.0
2013-03-15,14.0
2013-03-16,19.0
2013-03-17,20.0
2013-03-18,18.0
2013-03-19,81.0
2013-03-20,29.0
2013-03-21,78.0
2013-03-22,57.0
2013-03-23,70.0
2013-03-24,24.0
2013-03-25,38.0
2013-03-26,39.0
2013-03-27,356.0
2013-03-28,60.0
2013-03-29,32.0
2013-03-30,74.0
2013-03-31,57.0
2013-04-01,79.0
2013-04-02,86.0
2013-04-03,191.0
2013-04-04,106.0
2013-04-05,67.0
2013-04-06,54.0
2013-04-07,105.0
2013-04-08,143.0
2013-04-09,195.0
2013-04-10,213.0
2013-04-11,162.0
2013-04-12,68.0
2013-04-13,39.0
2013-04-14,33.0
2013-04-15,36.0
2013-04-16,67.0
2013-04-17,44.0
2013-04-18,19.0
2013-04-19,49.0
2013-04-20,23.0
2013-04-21,13.0
2013-04-22,23.0
2013-04-23,27.0
2013-04-24,55.0
2013-04-25,18.0
2013-04-26,19.0
2013-04-27,46.0
2013-04-28,17.0
2013-04-29,8.0
2013-04-30,8.0
2013-05-01,50.0
2013-05-02,22.0
2013-05-03,44.0
2013-05-04,19.0
2013-05-05,29.0
2013-05-06,26.0
2013-05-07,22.0
2013-05-08,24.0
2013-05-09,12.0
2013-05-10,20.0
2013-05-11,188.0
2013-05-12,28.0
2013-05-13,2.0
2013-05-14,116.0
2013-05-15,21.0
2013-05-16,21.0
2013-05-17,21.0
2013-05-18,6.0
2013-05-19,5.0
2013-05-20,12.0
2013-05-21,53.0
2013-05-22,67.0
2013-05-23,12.0
2013-05-24,13.0
2013-05-25,5.0
2013-05-26,30.0
2013-05-27,20.0
2013-05-28,92.0
2013-05-29,21.0
2013-05-30,100.0
2013-05-31,34.0
2013-06-01,18.0
2013-06-02,3.0
2013-06-03,203.0
2013-06-04,24.0
2013-06-05,39.0
2013-06-06,27.0
2013-06-07,54.0
2013-06-08,108.0
2013-06-09,56.0
2013-06-10,22.0
2013-06-11,15.0
2013-06-12,18.0
2013-06-13,30.0
2013-06-14,27.0
2013-06-15,44.0
2013-06-16,90.0
2013-06-17,15.0
2013-06-18,10.0
2013-06-19,32.0
2013-06-20,96.0
2013-06-21,28.0
2013-06-22,17.0
2013-06-23,22.0
2013-06-24,26.0
2013-06-25,82.0
2013-06-26,48.0
2013-06-27,24.0
2013-06-28,84.0
2013-06-29,155.0
2013-06-30,69.0
2013-07-01,212.0
2013-07-02,124.0
2013-07-03,155.0
2013-07-04,63.0
2013-07-05,26.0
2013-07-06,9.0
2013-07-07,23.0
2013-07-08,30.0
2013-07-09,27.0
2013-07-10,24.0
2013-07-11,44.0
2013-07-12,22.0
2013-07-13,22.0
2013-07-14,18.0
2013-07-15,38.0
2013-07-16,76.0
2013-07-17,66.0
2013-07-18,58.0
2013-07-19,128.0
2013-07-20,37.0
2013-07-21,116.0
2013-07-22,89.0
2013-07-23,36.0
2013-07-24,28.0
2013-07-25,18.0
2013-07-26,46.0
2013-07-27,9.0
2013-07-28,24.0
2013-07-29,31.0
2013-07-30,99.0
2013-07-31,82.0
2013-08-01,50.0
2013-08-02,33.0
2013-08-03,39.0
2013-08-04,26.0
2013-08-05,56.0
2013-08-06,81.0
2013-08-07,59.0
2013-08-08,44.0
2013-08-09,121.0
2013-08-10,24.0
2013-08-11,57.0
2013-08-12,81.0
2013-08-13,76.0
2013-08-14,139.0
2013-08-15,164.0
2013-08-16,52.0
2013-08-17,67.0
2013-08-18,94.0
2013-08-19,62.0
2013-08-20,94.0
2013-08-21,44.0
2013-08-22,80.0
2013-08-23,133.0
2013-08-24,29.0
2013-08-25,98.0
2013-08-26,98.0
2013-08-27,43.0
2013-08-28,89.0
2013-08-29,95.0
2013-08-30,43.0
2013-08-31,86.0
2013-09-01,175.0
2013-09-02,69.0
2013-09-03,109.0
2013-09-04,68.0
2013-09-05,25.0
2013-09-06,83.0
2013-09-07,77.0
2013-09-08,41.0
2013-09-09,93.0
2013-09-10,31.0
2013-09-11,129.0
2013-09-12,207.0
2013-09-13,160.0
2013-09-14,115.0
2013-09-15,136.0
2013-09-16,327.0
2013-09-17,91.0
2013-09-18,67.0
2013-09-19,51.0
2013-09-20,67.0
2013-09-21,273.0
2013-09-22,70.0
2013-09-23,68.0
2013-09-24,73.0
2013-09-25,121.0
2013-09-26,86.0
2013-09-27,100.0
2013-09-28,172.0
2013-09-29,79.0
2013-09-30,64.0
2013-10-01,121.0
2013-10-02,123.0
2013-10-03,160.0
2013-10-04,47.0
2013-10-05,56.0
2013-10-06,89.0
2013-10-07,76.0
2013-10-08,126.0
2013-10-09,100.0
2013-10-10,75.0
2013-10-11,48.0
2013-10-12,9.0
2013-10-13,52.0
2013-10-14,79.0
2013-10-15,64.0
2013-10-16,138.0
2013-10-17,40.0
2013-10-18,177.0
2013-10-19,465.0
2013-10-20,333.0
2013-10-21,556.0
2013-10-22,390.0
2013-10-23,329.0
2013-10-24,553.0
2013-10-25,177.0
2013-10-26,156.0
2013-10-27,108.0
2013-10-28,107.0
2013-10-29,145.0
2013-10-30,204.0
2013-10-31,168.0
2013-11-01,97.0
2013-11-02,121.0
2013-11-03,356.0
2013-11-04,249.0
2013-11-05,455.0
2013-11-06,602.0
2013-11-07,592.0
2013-11-08,693.0
2013-11-09,745.0
2013-11-10,436.0
2013-11-11,446.0
2013-11-12,280.0
2013-11-13,915.0
2013-11-14,444.0
2013-11-15,240.0
2013-11-16,296.0
2013-11-17,590.0
2013-11-18,1056.0
2013-11-19,2004.0
2013-11-20,1013.0
2013-11-21,871.0
2013-11-22,913.0
2013-11-23,951.0
2013-11-24,1007.0
2013-11-25,624.0
2013-11-26,769.0
2013-11-27,1039.0
2013-11-28,1498.0
2013-11-29,1158.0
2013-11-30,1087.0
2013-12-01,1142.0
2013-12-02,732.0
2013-12-03,821.0
2013-12-04,1820.0
2013-12-05,602.0
2013-12-06,530.0
2013-12-07,565.0
2013-12-08,268.0
2013-12-09,371.0
2013-12-10,309.0
2013-12-11,361.0
2013-12-12,230.0
2013-12-13,139.0
2013-12-14,687.0
2013-12-15,280.0
2013-12-16,324.0
2013-12-17,319.0
2013-12-18,422.0
2013-12-19,195.0
2013-12-20,196.0
2013-12-21,472.0
2013-12-22,149.0
2013-12-23,171.0
2013-12-24,91.0
2013-12-25,170.0
2013-12-26,517.0
2013-12-27,139.0
2013-12-28,219.0
2013-12-29,191.0
2013-12-30,62.0
2013-12-31,136.0
2014-01-01,87.0
2014-01-02,164.0
2014-01-03,168.0
2014-01-04,125.0
2014-01-05,394.0
2014-01-06,453.0
2014-01-07,226.0
2014-01-08,90.0
2014-01-09,319.0
2014-01-10,136.0
2014-01-11,266.0
2014-01-12,319.0
2014-01-13,83.0
2014-01-14,230.0
2014-01-15,104.0
2014-01-16,383.0
2014-01-17,107.0
2014-01-18,60.0
2014-01-19,654.0
2014-01-20,384.0
2014-01-21,187.0
2014-01-22,139.0
2014-01-23,131.0
2014-01-24,154.0
2014-01-25,164.0
2014-01-26,152.0
2014-01-27,173.0
2014-01-28,181.0
2014-01-29,259.0
2014-01-30,152.0
2014-01-31,156.0
2014-02-01,112.0
2014-02-02,120.0
2014-02-03,77.0
2014-02-04,209.0
2014-02-05,148.0
2014-02-06,198.0
2014-02-07,186.0
2014-02-08,214.0
2014-02-09,160.0
2014-02-10,205.0
2014-02-11,123.0
2014-02-12,148.0
2014-02-13,60.0
2014-02-14,82.0
2014-02-15,63.0
2014-02-16,204.0
2014-02-17,84.0
2014-02-18,93.0
2014-02-19,165.0
2014-02-20,109.0
2014-02-21,202.0
2014-02-22,49.0
2014-02-23,81.0
2014-02-24,107.0
2014-02-25,323.0
2014-02-26,116.0
2014-02-27,104.0
2014-02-28,198.0
2014-03-01,96.0
2014-03-02,325.0
2014-03-03,47.0
2014-03-04,115.0
2014-03-05,155.0
2014-03-06,256.0
2014-03-07,240.0
2014-03-08,20.0
2014-03-09,179.0
2014-03-10,90.0
2014-03-11,63.0
2014-03-12,72.0
2014-03-13,56.0
2014-03-14,207.0
2014-03-15,83.0
2014-03-16,160.0
2014-03-17,179.0
2014-03-18,645.0
2014-03-19,232.0
2014-03-20,117.0
2014-03-21,180.0
2014-03-22,45.0
2014-03-23,76.0
2014-03-24,50.0
2014-03-25,80.0
2014-03-26,91.0
2014-03-27,49.0
2014-03-28,176.0
2014-03-29,61.0
2014-03-30,60.0
2014-03-31,62.0
2014-04-01,42.0
2014-04-02,100.0
2014-04-03,83.0
2014-04-04,145.0
2014-04-05,74.0
2014-04-06,28.0
2014-04-07,30.0
2014-04-08,19.0
2014-04-09,78.0
2014-04-10,204.0
2014-04-11,297.0
2014-04-12,27.0
2014-04-13,86.0
2014-04-14,74.0
2014-04-15,60.0
2014-04-16,127.0
2014-04-17,40.0
2014-04-18,46.0
2014-04-19,50.0
2014-04-20,84.0
2014-04-21,25.0
2014-04-22,43.0
2014-04-23,44.0
2014-04-24,190.0
2014-04-25,27.0
2014-04-26,54.0
2014-04-27,145.0
2014-04-28,58.0
2014-04-29,200.0
2014-04-30,36.0
2014-05-01,31.0
2014-05-02,30.0
2014-05-03,14.0
2014-05-04,417.0
2014-05-05,85.0
2014-05-06,159.0
2014-05-07,54.0
2014-05-08,84.0
2014-05-09,183.0
2014-05-10,27.0
2014-05-11,22.0
2014-05-12,57.0
2014-05-13,59.0
2014-05-14,60.0
2014-05-15,16.0
2014-05-16,46.0
2014-05-17,148.0
2014-05-18,44.0
2014-05-19,58.0
2014-05-20,121.0
2014-05-21,231.0
2014-05-22,89.0
2014-05-23,92.0
2014-05-24,70.0
2014-05-25,41.0
2014-05-26,133.0
2014-05-27,36.0
2014-05-28,26.0
2014-05-29,55.0
2014-05-30,93.0
2014-05-31,106.0
2014-06-01,73.0
2014-06-02,36.0
2014-06-03,65.0
2014-06-04,325.0
2014-06-05,64.0
2014-06-06,140.0
2014-06-07,46.0
2014-06-08,38.0
2014-06-09,85.0
2014-06-10,22.0
2014-06-11,68.0
2014-06-12,143.0
2014-06-13,112.0
2014-06-14,60.0
2014-06-15,38.0
2014-06-16,68.0
2014-06-17,149.0
2014-06-18,82.0
2014-06-19,82.0
2014-06-20,26.0
2014-06-21,34.0
2014-06-22,47.0
2014-06-23,85.0
2014-06-24,57.0
2014-06-25,225.0
2014-06-26,31.0
2014-06-27,64.0
2014-06-28,6.0
2014-06-29,38.0
2014-06-30,46.0
2014-07-01,340.0
2014-07-02,32.0
2014-07-03,101.0
2014-07-04,165.0
2014-07-05,70.0
2014-07-06,57.0
2014-07-07,73.0
2014-07-08,83.0
2014-07-09,74.0
2014-07-10,563.0
2014-07-11,40.0
2014-07-12,30.0
2014-07-13,46.0
2014-07-14,105.0
2014-07-15,205.0
2014-07-16,97.0
2014-07-17,179.0
2014-07-18,110.0
2014-07-19,66.0
2014-07-20,9.0
2014-07-21,78.0
2014-07-22,156.0
2014-07-23,47.0
2014-07-24,96.0
2014-07-25,42.0
2014-07-26,158.0
2014-07-27,199.0
2014-07-28,155.0
2014-07-29,47.0
2014-07-30,64.0
2014-07-31,25.0
2014-08-01,24.0
2014-08-02,45.0
2014-08-03,47.0
2014-08-04,96.0
2014-08-05,27.0
2014-08-06,32.0
2014-08-07,169.0
2014-08-08,39.0
2014-08-09,28.0
2014-08-10,25.0
2014-08-11,112.0
2014-08-12,100.0
2014-08-13,79.0
2014-08-14,57.0
2014-08-15,765.0
2014-08-16,14.0
2014-08-17,45.0
2014-08-18,126.0
2014-08-19,129.0
2014-08-20,41.0
2014-08-21,238.0
2014-08-22,297.0
2014-08-23,41.0
2014-08-24,9.0
2014-08-25,46.0
2014-08-26,30.0
2014-08-27,104.0
2014-08-28,139.0
2014-08-29,50.0
2014-08-30,468.0
2014-08-31,22.0
2014-09-01,73.0
2014-09-02,67.0
2014-09-03,147.0
2014-09-04,140.0
2014-09-05,33.0
2014-09-06,431.0
2014-09-07,103.0
2014-09-08,284.0
2014-09-09,127.0
2014-09-10,41.0
2014-09-11,66.0
2014-09-12,58.0
2014-09-13,64.0
2014-09-14,33.0
2014-09-15,159.0
2014-09-16,255.0
2014-09-17,60.0
2014-09-18,131.0
2014-09-19,238.0
2014-09-20,490.0
2014-09-21,33.0
2014-09-22,84.0
2014-09-23,82.0
2014-09-24,672.0
2014-09-25,26.0
2014-09-26,10.0
2014-09-27,29.0
2014-09-28,83.0
2014-09-29,189.0
2014-09-30,19.0
2014-10-01,121.0
2014-10-02,103.0
2014-10-03,107.0
2014-10-04,69.0
2014-10-05,245.0
2014-10-06,81.0
2014-10-07,162.0
2014-10-08,33.0
2014-10-09,26.0
2014-10-10,24.0
2014-10-11,20.0
2014-10-12,15.0
2014-10-13,115.0
2014-10-14,49.0
2014-10-15,49.0
2014-10-16,43.0
2014-10-17,98.0
2014-10-18,207.0
2014-10-19,83.0
2014-10-20,50.0
2014-10-21,117.0
2014-10-22,70.0
2014-10-23,285.0
2014-10-24,613.0
2014-10-25,20.0
2014-10-26,283.0
2014-10-27,44.0
2014-10-28,34.0
2014-10-29,30.0
2014-10-30,164.0
2014-10-31,40.0
2014-11-01,35.0
2014-11-02,17.0
2014-11-03,228.0
2014-11-04,76.0
2014-11-05,80.0
2014-11-06,31.0
2014-11-07,84.0
2014-11-08,75.0
2014-11-09,57.0
2014-11-10,50.0
2014-11-11,96.0
2014-11-12,27.0
2014-11-13,76.0
2014-11-14,41.0
2014-11-15,163.0
2014-11-16,86.0
2014-11-17,35.0
2014-11-18,187.0
2014-11-19,34.0
2014-11-20,25.0
2014-11-21,65.0
2014-11-22,105.0
2014-11-23,73.0
2014-11-24,285.0
2014-11-25,44.0
2014-11-26,58.0
2014-11-27,33.0
2014-11-28,45.0
2014-11-29,32.0
2014-11-30,96.0
2014-12-01,44.0
2014-12-02,156.0
2014-12-03,191.0
2014-12-04,155.0
2014-12-05,74.0
2014-12-06,26.0
2014-12-07,19.0
2014-12-08,367.0
2014-12-09,380.0
2014-12-10,60.0
2014-12-11,66.0
2014-12-12,200.0
2014-12-13,99.0
2014-12-14,465.0
2014-12-15,96.0
2014-12-16,24.0
2014-12-17,367.0
2014-12-18,66.0
2014-12-19,45.0
2014-12-20,184.0
2014-12-21,52.0
2014-12-22,92.0
2014-12-23,269.0
2014-12-24,99.0
2014-12-25,15.0
2014-12-26,174.0
2014-12-27,66.0
2014-12-28,61.0
2014-12-29,98.0
2014-12-30,52.0
2014-12-31,78.0
2015-01-01,151.0
2015-01-02,146.0
2015-01-03,75.0
2015-01-04,442.0
2015-01-05,248.0
2015-01-06,63.0
2015-01-07,83.0
2015-01-08,105.0
2015-01-09,63.0
2015-01-10,129.0
2015-01-11,64.0
2015-01-12,83.0
2015-01-13,251.0
2015-01-14,486.0
2015-01-15,306.0
2015-01-16,371.0
2015-01-17,76.0
2015-01-18,59.0
2015-01-19,435.0
2015-01-20,300.0
2015-01-21,95.0
2015-01-22,142.0
2015-01-23,42.0
2015-01-24,171.0
2015-01-25,50.0
2015-01-26,101.0
2015-01-27,40.0
2015-01-28,145.0
2015-01-29,656.0
2015-01-30,42.0
2015-01-31,92.0
2015-02-01,76.0
2015-02-02,192.0
2015-02-03,351.0
2015-02-04,124.0
2015-02-05,88.0
2015-02-06,295.0
2015-02-07,201.0
2015-02-08,70.0
2015-02-09,70.0
2015-02-10,144.0
2015-02-11,507.0
2015-02-12,173.0
2015-02-13,191.0
2015-02-14,138.0
2015-02-15,407.0
2015-02-16,415.0
2015-02-17,74.0
2015-02-18,16.0
2015-02-19,80.0
2015-02-20,57.0
2015-02-21,468.0
2015-02-22,522.0
2015-02-23,146.0
2015-02-24,875.0
2015-02-25,997.0
2015-02-26,1599.0
2015-02-27,8487.0
2015-02-28,3322.0
2015-03-01,1103.0
2015-03-02,1879.0
2015-03-03,762.0
2015-03-04,252.0
2015-03-05,940.0
2015-03-06,2372.0
2015-03-07,5915.0
2015-03-08,2897.0
2015-03-09,4099.0
2015-03-10,2189.0
2015-03-11,1722.0
2015-03-12,1134.0
2015-03-13,852.0
2015-03-14,2980.0
2015-03-15,709.0
2015-03-16,2992.0
2015-03-17,378.0
2015-03-18,943.0
2015-03-19,58.0
2015-03-20,1677.0
2015-03-21,2078.0
2015-03-22,737.0
2015-03-23,2775.0
2015-03-24,923.0
2015-03-25,980.0
2015-03-26,2871.0
2015-03-27,905.0
2015-03-28,573.0
2015-03-29,900.0
2015-03-30,433.0
2015-03-31,854.0
2015-04-01,1227.0
2015-04-02,304.0
2015-04-03,1864.0
2015-04-04,1387.0
2015-04-05,1607.0
2015-04-06,1204.0
2015-04-07,547.0
2015-04-08,1626.0
2015-04-09,188.0
2015-04-10,803.0
2015-04-11,1057.0
2015-04-12,513.0
2015-04-13,157.0
2015-04-14,78.0
2015-04-15,105.0
2015-04-16,85.0
2015-04-17,162.0
2015-04-18,378.0
2015-04-19,132.0
2015-04-20,154.0
2015-04-21,133.0
2015-04-22,750.0
2015-04-23,1236.0
2015-04-24,1323.0
2015-04-25,325.0
2015-04-26,63.0
2015-04-27,492.0
2015-04-28,238.0
2015-04-29,88.0
2015-04-30,186.0
2015-05-01,553.0
2015-05-02,1483.0
2015-05-03,129.0
2015-05-04,162.0
2015-05-05,164.0
2015-05-06,362.0
2015-05-07,164.0
2015-05-08,101.0
2015-05-09,334.0
2015-05-10,312.0
2015-05-11,64.0
2015-05-12,129.0
2015-05-13,93.0
2015-05-14,2397.0
2015-05-15,66.0
2015-05-16,66.0
2015-05-17,128.0
2015-05-18,371.0
2015-05-19,249.0
2015-05-20,286.0
2015-05-21,499.0
2015-05-22,104.0
2015-05-23,117.0
2015-05-24,448.0
2015-05-25,288.0
2015-05-26,498.0
2015-05-27,143.0
2015-05-28,527.0
2015-05-29,218.0
2015-05-30,55.0
2015-05-31,270.0
2015-06-01,158.0
2015-06-02,346.0
2015-06-03,108.0
2015-06-04,182.0
2015-06-05,156.0
2015-06-06,294.0
2015-06-07,90.0
2015-06-08,255.0
2015-06-09,173.0
2015-06-10,111.0
2015-06-11,154.0
2015-06-12,153.0
2015-06-13,281.0
2015-06-14,408.0
2015-06-15,347.0
2015-06-16,287.0
2015-06-17,422.0
2015-06-18,558.0
2015-06-19,705.0
2015-06-20,93.0
2015-06-21,124.0
2015-06-22,122.0
2015-06-23,127.0
2015-06-24,1036.0
2015-06-25,370.0
2015-06-26,524.0
2015-06-27,1908.0
2015-06-28,1052.0
2015-06-29,919.0
2015-06-30,131.0
2015-07-01,373.0
2015-07-02,259.0
2015-07-03,154.0
2015-07-04,196.0
2015-07-05,336.0
2015-07-06,452.0
2015-07-07,146.0
2015-07-08,165.0
2015-07-09,580.0
2015-07-10,244.0
2015-07-11,427.0
2015-07-12,491.0
2015-07-13,179.0
2015-07-14,572.0
2015-07-15,278.0
2015-07-16,837.0
2015-07-17,170.0
2015-07-18,256.0
2015-07-19,643.0
2015-07-20,445.0
2015-07-21,428.0
2015-07-22,468.0
2015-07-23,96.0
2015-07-24,266.0
2015-07-25,255.0
2015-07-26,156.0
2015-07-27,142.0
2015-07-28,158.0
2015-07-29,254.0
2015-07-30,534.0
2015-07-31,218.0
2015-08-01,276.0
2015-08-02,944.0
2015-08-03,333.0
2015-08-04,345.0
2015-08-05,427.0
2015-08-06,470.0
2015-08-07,559.0
2015-08-08,472.0
2015-08-09,235.0
2015-08-10,1856.0
2015-08-11,638.0
2015-08-12,267.0
2015-08-13,895.0
2015-08-14,449.0
2015-08-15,237.0
2015-08-16,263.0
2015-08-17,289.0
2015-08-18,202.0
2015-08-19,433.0
2015-08-20,235.0
2015-08-21,143.0
2015-08-22,321.0
2015-08-23,3112.0
2015-08-24,2573.0
2015-08-25,933.0
2015-08-26,1881.0
2015-08-27,1061.0
2015-08-28,752.0
2015-08-29,4061.0
2015-08-30,1266.0
2015-08-31,981.0
2015-09-01,1275.0
2015-09-02,1593.0
2015-09-03,3433.0
2015-09-04,2337.0
2015-09-05,1154.0
2015-09-06,419.0
2015-09-07,3307.0
2015-09-08,1541.0
2015-09-09,666.0
2015-09-10,4621.0
2015-09-11,83.0
2015-09-12,1561.0
2015-09-13,4174.0
2015-09-14,831.0
2015-09-15,3007.0
2015-09-16,2972.0
2015-09-17,1215.0
2015-09-18,2578.0
2015-09-19,3220.0
2015-09-20,1570.0
2015-09-21,1970.0
2015-09-22,2887.0
2015-09-23,2376.0
2015-09-24,1270.0
2015-09-25,177.0
2015-09-26,105.0
2015-09-27,148.0
2015-09-28,264.0
2015-09-29,138.0
2015-09-30,402.0
2015-10-01,116.0
2015-10-02,552.0
2015-10-03,160.0
2015-10-04,292.0
2015-10-05,440.0
2015-10-06,293.0
2015-10-07,470.0
2015-10-08,84.0
2015-10-09,164.0
2015-10-10,557.0
2015-10-11,137.0
2015-10-12,89.0
2015-10-13,589.0
2015-10-14,198.0
2015-10-15,282.0
2015-10-16,252.0
2015-10-17,129.0
2015-10-18,202.0
2015-10-19,143.0
2015-10-20,303.0
2015-10-21,294.0
2015-10-22,266.0
2015-10-23,410.0
2015-10-24,255.0
2015-10-25,222.0
2015-10-26,134.0
2015-10-27,150.0
2015-10-28,272.0
2015-10-29,350.0
2015-10-30,271.0
2015-10-31,475.0
2015-11-01,1424.0
2015-11-02,562.0
2015-11-03,1174.0
2015-11-04,1685.0
2015-11-05,1305.0
2015-11-06,3722.0
2015-11-07,4523.0
2015-11-08,504.0
2015-11-09,469.0
2015-11-10,331.0
2015-11-11,515.0
2015-11-12,274.0
2015-11-13,214.0
2015-11-14,212.0
2015-11-15,254.0
2015-11-16,133.0
2015-11-17,441.0
2015-11-18,184.0
2015-11-19,654.0
2015-11-20,353.0
2015-11-21,498.0
2015-11-22,436.0
2015-11-23,250.0
2015-11-24,128.0
2015-11-25,146.0
2015-11-26,843.0
2015-11-27,400.0
2015-11-28,136.0
2015-11-29,143.0
2015-11-30,287.0
2015-12-01,392.0
2015-12-02,245.0
2015-12-03,219.0
2015-12-04,339.0
2015-12-05,198.0
2015-12-06,398.0
2015-12-07,787.0
2015-12-08,271.0
2015-12-09,293.0
2015-12-10,569.0
2015-12-11,332.0
2015-12-12,662.0
2015-12-13,1027.0
2015-12-14,2859.0
2015-12-15,1529.0
2015-12-16,1975.0
2015-12-17,977.0
2015-12-18,811.0
2015-12-19,1616.0
2015-12-20,558.0
2015-12-21,671.0
2015-12-22,473.0
2015-12-23,539.0
2015-12-24,327.0
2015-12-25,405.0
2015-12-26,208.0
2015-12-27,225.0
2015-12-28,275.0
2015-12-29,616.0
2015-12-30,857.0
2015-12-31,432.0
2016-01-01,780.0
2016-01-02,483.0
2016-01-03,256.0
2016-01-04,166.0
2016-01-05,245.0
2016-01-06,209.0
2016-01-07,1214.0
2016-01-08,801.0
2016-01-09,371.0
2016-01-10,230.0
2016-01-11,656.0
2016-01-12,512.0
2016-01-13,418.0
2016-01-14,443.0
2016-01-15,763.0
2016-01-16,721.0
2016-01-17,797.0
2016-01-18,891.0
2016-01-19,729.0
2016-01-20,693.0
2016-01-21,718.0
2016-01-22,632.0
2016-01-23,516.0
2016-01-24,771.0
2016-01-25,1037.0
2016-01-26,601.0
2016-01-27,420.0
2016-01-28,319.0
2016-01-29,571.0
2016-01-30,362.0
2016-01-31,427.0
2016-02-01,395.0
2016-02-02,1027.0
2016-02-03,744.0
2016-02-04,474.0
2016-02-05,562.0
2016-02-06,774.0
2016-02-07,420.0
2016-02-08,423.0
2016-02-09,1285.0
2016-02-10,889.0
2016-02-11,472.0
2016-02-12,1487.0
2016-02-13,749.0
2016-02-14,937.0
2016-02-15,1402.0
2016-02-16,515.0
2016-02-17,803.0
2016-02-18,861.0
2016-02-19,666.0
2016-02-20,708.0
2016-02-21,1122.0
2016-02-22,642.0
2016-02-23,696.0
2016-02-24,387.0
2016-02-25,816.0
2016-02-26,509.0
2016-02-27,567.0
2016-02-28,685.0
2016-02-29,893.0
2016-03-01,620.0
2016-03-02,764.0
2016-03-03,911.0
2016-03-04,918.0
2016-03-05,830.0
2016-03-06,685.0
2016-03-07,792.0
2016-03-08,832.0
2016-03-09,3066.0
2016-03-10,1572.0
2016-03-11,1405.0
2016-03-12,777.0
2016-03-13,1030.0
2016-03-14,689.0
2016-03-15,722.0
2016-03-16,1038.0
2016-03-17,703.0
2016-03-18,1223.0
2016-03-19,737.0
2016-03-20,1178.0
2016-03-21,1096.0
2016-03-22,1107.0
2016-03-23,676.0
2016-03-24,777.0
2016-03-25,904.0
2016-03-26,1452.0
2016-03-27,493.0
2016-03-28,1332.0
2016-03-29,1007.0
2016-03-30,1148.0
2016-03-31,469.0
2016-04-01,1232.0
2016-04-02,3529.0
2016-04-03,2459.0
2016-04-04,512.0
2016-04-05,869.0
2016-04-06,951.0
2016-04-07,716.0
2016-04-08,591.0
2016-04-09,654.0
2016-04-10,1264.0
2016-04-11,1092.0
2016-04-12,1188.0
2016-04-13,790.0
2016-04-14,1749.0
2016-04-15,568.0
2016-04-16,721.0
2016-04-17,553.0
2016-04-18,556.0
2016-04-19,634.0
2016-04-20,717.0
2016-04-21,798.0
2016-04-22,974.0
2016-04-23,1208.0
2016-04-24,899.0
2016-04-25,1256.0
2016-04-26,1182.0
2016-04-27,1658.0
2016-04-28,1663.0
2016-04-29,2042.0
2016-04-30,776.0
2016-05-01,607.0
2016-05-02,1524.0
2016-05-03,1153.0
2016-05-04,1563.0
2016-05-05,768.0
2016-05-06,493.0
2016-05-07,1210.0
2016-05-08,1332.0
2016-05-09,1060.0
2016-05-10,1694.0
2016-05-11,1329.0
2016-05-12,629.0
2016-05-13,1052.0
2016-05-14,1007.0
2016-05-15,429.0
2016-05-16,559.0
2016-05-17,1049.0
2016-05-18,1300.0
2016-05-19,616.0
2016-05-20,777.0
2016-05-21,602.0
2016-05-22,1344.0
2016-05-23,863.0
2016-05-24,1163.0
2016-05-25,1193.0
2016-05-26,1471.0
2016-05-27,1609.0
2016-05-28,1429.0
2016-05-29,2250.0
2016-05-30,3176.0
2016-05-31,1789.0
2016-06-01,2571.0
2016-06-02,1780.0
2016-06-03,2049.0
2016-06-04,1438.0
2016-06-05,1036.0
2016-06-06,2161.0
2016-06-07,1126.0
2016-06-08,1347.0
2016-06-09,1431.0
2016-06-10,1214.0
2016-06-11,1104.0
2016-06-12,2383.0
2016-06-13,5765.0
2016-06-14,2016.0
2016-06-15,2208.0
2016-06-16,7834.0
2016-06-17,3551.0
2016-06-18,2865.0
2016-06-19,3724.0
2016-06-20,2865.0
2016-06-21,3267.0
2016-06-22,2316.0
2016-06-23,1396.0
2016-06-24,1557.0
2016-06-25,2630.0
2016-06-26,1438.0
2016-06-27,1417.0
2016-06-28,1917.0
2016-06-29,1165.0
2016-06-30,1089.0
2016-07-01,1882.0
2016-07-02,1247.0
2016-07-03,1979.0
2016-07-04,1029.0
2016-07-05,1039.0
2016-07-06,1717.0
2016-07-07,1217.0
2016-07-08,1147.0
2016-07-09,761.0
2016-07-10,537.0
2016-07-11,1120.0
2016-07-12,638.0
2016-07-13,1102.0
2016-07-14,1125.0
2016-07-15,792.0
2016-07-16,1042.0
2016-07-17,1351.0
2016-07-18,597.0
2016-07-19,721.0
2016-07-20,1426.0
2016-07-21,942.0
2016-07-22,1233.0
2016-07-23,1354.0
2016-07-24,719.0
2016-07-25,649.0
2016-07-26,945.0
2016-07-27,703.0
2016-07-28,615.0
2016-07-29,1081.0
2016-07-30,829.0
2016-07-31,685.0
2016-08-01,982.0
2016-08-02,1980.0
2016-08-03,1014.0
2016-08-04,582.0
2016-08-05,1059.0
2016-08-06,1455.0
2016-08-07,907.0
2016-08-08,1329.0
2016-08-09,850.0
2016-08-10,1062.0
2016-08-11,983.0
2016-08-12,458.0
2016-08-13,823.0
2016-08-14,707.0
2016-08-15,671.0
2016-08-16,662.0
2016-08-17,1418.0
2016-08-18,898.0
2016-08-19,488.0
2016-08-20,918.0
2016-08-21,869.0
2016-08-22,564.0
2016-08-23,755.0
2016-08-24,731.0
2016-08-25,631.0
2016-08-26,1064.0
2016-08-27,732.0
2016-08-28,744.0
2016-08-29,914.0
2016-08-30,1479.0
2016-08-31,1288.0
2016-09-01,1379.0
2016-09-02,525.0
2016-09-03,530.0
2016-09-04,755.0
2016-09-05,1080.0
2016-09-06,1348.0
2016-09-07,1200.0
2016-09-08,987.0
2016-09-09,1102.0
2016-09-10,672.0
2016-09-11,1063.0
2016-09-12,564.0
2016-09-13,831.0
2016-09-14,1314.0
2016-09-15,547.0
2016-09-16,354.0
2016-09-17,795.0
2016-09-18,524.0
2016-09-19,502.0
2016-09-20,793.0
2016-09-21,1630.0
2016-09-22,1270.0
2016-09-23,468.0
2016-09-24,1071.0
2016-09-25,764.0
2016-09-26,1039.0
2016-09-27,2665.0
2016-09-28,760.0
2016-09-29,494.0
2016-09-30,1310.0
2016-10-01,637.0
2016-10-02,290.0
2016-10-03,1100.0
2016-10-04,458.0
2016-10-05,916.0
2016-10-06,1576.0
2016-10-07,596.0
2016-10-08,1601.0
2016-10-09,882.0
2016-10-10,529.0
2016-10-11,911.0
2016-10-12,1343.0
2016-10-13,1422.0
2016-10-14,1024.0
2016-10-15,1201.0
2016-10-16,622.0
2016-10-17,530.0
2016-10-18,1293.0
2016-10-19,855.0
2016-10-20,865.0
2016-10-21,1839.0
2016-10-22,1013.0
2016-10-23,975.0
2016-10-24,1462.0
2016-10-25,2488.0
2016-10-26,3869.0
2016-10-27,3068.0
2016-10-28,1167.0
2016-10-29,1086.0
2016-10-30,1248.0
2016-10-31,1364.0
2016-11-01,1411.0
2016-11-02,1641.0
2016-11-03,1764.0
2016-11-04,720.0
2016-11-05,1214.0
2016-11-06,948.0
2016-11-07,1237.0
2016-11-08,1247.0
2016-11-09,1988.0
2016-11-10,1446.0
2016-11-11,1455.0
2016-11-12,1398.0
2016-11-13,1676.0
2016-11-14,1280.0
2016-11-15,1271.0
2016-11-16,1904.0
2016-11-17,1606.0
2016-11-18,1532.0
2016-11-19,1325.0
2016-11-20,1134.0
2016-11-21,2270.0
2016-11-22,1947.0
2016-11-23,1697.0
2016-11-24,1365.0
2016-11-25,1477.0
2016-11-26,2903.0
2016-11-27,1452.0
2016-11-28,2202.0
2016-11-29,2346.0
2016-11-30,1821.0
2016-12-01,1473.0
2016-12-02,1966.0
2016-12-03,2087.0
2016-12-04,2656.0
2016-12-05,2118.0
2016-12-06,987.0
2016-12-07,2612.0
2016-12-08,2664.0
2016-12-09,2049.0
2016-12-10,2093.0
2016-12-11,2083.0
2016-12-12,1729.0
2016-12-13,2416.0
2016-12-14,2082.0
2016-12-15,1367.0
2016-12-16,1951.0
2016-12-17,2705.0
2016-12-18,1301.0
2016-12-19,2550.0
2016-12-20,1936.0
2016-12-21,1995.0
2016-12-22,3512.0
2016-12-23,3259.0
2016-12-24,3429.0
2016-12-25,2376.0
2016-12-26,2488.0
2016-12-27,3826.0
2016-12-28,3663.0
2016-12-29,3914.0
2016-12-30,4756.0
2016-12-31,3748.0
2017-01-01,3152.0
2017-01-02,4734.0
2017-01-03,6222.0
2017-01-04,5733.0
2017-01-05,7047.0
2017-01-06,5742.0
2017-01-07,3006.0
2017-01-08,4739.0
2017-01-09,3292.0
2017-01-10,4245.0
2017-01-11,2562.0
2017-01-12,3894.0
2017-01-13,1594.0
2017-01-14,2173.0
2017-01-15,2779.0
2017-01-16,1672.0
2017-01-17,1561.0
2017-01-18,1683.0
2017-01-19,1717.0
2017-01-20,1636.0
2017-01-21,1565.0
2017-01-22,1410.0
2017-01-23,1009.0
2017-01-24,1373.0
2017-01-25,2233.0
2017-01-26,3407.0
2017-01-27,2320.0
2017-01-28,3989.0
2017-01-29,3222.0
2017-01-30,2624.0
2017-01-31,868.0
2017-02-01,1444.0
2017-02-02,2343.0
2017-02-03,1927.0
2017-02-04,1764.0
2017-02-05,2627.0
2017-02-06,815.0
2017-02-07,1786.0
2017-02-08,2110.0
2017-02-09,2958.0
2017-02-10,1782.0
2017-02-11,1979.0
2017-02-12,2261.0
2017-02-13,1952.0
2017-02-14,2265.0
2017-02-15,1926.0
2017-02-16,1409.0
2017-02-17,1051.0
2017-02-18,2893.0
2017-02-19,1848.0
2017-02-20,1148.0
2017-02-21,1088.0
2017-02-22,957.0
2017-02-23,2091.0
2017-02-24,3547.0
2017-02-25,2581.0
2017-02-26,3478.0
2017-02-27,1211.0
2017-02-28,1577.0
2017-03-01,1416.0
2017-03-02,1490.0
2017-03-03,3137.0
2017-03-04,1396.0
2017-03-05,2269.0
2017-03-06,1315.0
2017-03-07,1296.0
2017-03-08,1466.0
2017-03-09,2506.0
2017-03-10,2404.0
2017-03-11,3073.0
2017-03-12,4722.0
2017-03-13,3302.0
2017-03-14,2466.0
2017-03-15,1914.0
2017-03-16,2150.0
2017-03-17,1911.0
2017-03-18,4885.0
2017-03-19,3186.0
2017-03-20,1047.0
2017-03-21,1956.0
2017-03-22,1608.0
2017-03-23,2489.0
2017-03-24,1972.0
2017-03-25,1617.0
2017-03-26,2367.0
2017-03-27,912.0
2017-03-28,1181.0
2017-03-29,962.0
2017-03-30,1280.0
2017-03-31,1746.0
2017-04-01,2283.0
2017-04-02,2089.0
2017-04-03,1180.0
2017-04-04,831.0
2017-04-05,1627.0
2017-04-06,1516.0
2017-04-07,1435.0
2017-04-08,1560.0
2017-04-09,1855.0
2017-04-10,729.0
2017-04-11,1837.0
2017-04-12,1035.0
2017-04-13,765.0
2017-04-14,879.0
2017-04-15,1754.0
2017-04-16,1816.0
2017-04-17,787.0
2017-04-18,835.0
2017-04-19,1351.0
2017-04-20,769.0
2017-04-21,1521.0
2017-04-22,1690.0
2017-04-23,1565.0
2017-04-24,1372.0
2017-04-25,582.0
2017-04-26,1482.0
2017-04-27,1171.0
2017-04-28,705.0
2017-04-29,1293.0
2017-04-30,2211.0
2017-05-01,1320.0
2017-05-02,1146.0
2017-05-03,1287.0
2017-05-04,2151.0
2017-05-05,2040.0
2017-05-06,2628.0
2017-05-07,5734.0
2017-05-08,2986.0
2017-05-09,2303.0
2017-05-10,1848.0
2017-05-11,2173.0
2017-05-12,1773.0
2017-05-13,1541.0
2017-05-14,714.0
2017-05-15,4703.0
2017-05-16,1246.0
2017-05-17,1558.0
2017-05-18,1599.0
2017-05-19,2036.0
2017-05-20,1864.0
2017-05-21,1966.0
2017-05-22,2321.0
2017-05-23,3181.0
2017-05-24,2057.0
2017-05-25,5373.0
2017-05-26,3113.0
2017-05-27,3392.0
2017-05-28,3154.0
2017-05-29,2115.0
2017-05-30,1956.0
2017-05-31,2360.0
2017-06-01,3148.0
2017-06-02,1732.0
2017-06-03,3258.0
2017-06-04,4581.0
2017-06-05,1951.0
2017-06-06,2607.0
2017-06-07,2912.0
2017-06-08,3361.0
2017-06-09,2256.0
2017-06-10,5127.0
2017-06-11,6356.0
2017-06-12,3604.0
2017-06-13,1548.0
2017-06-14,1890.0
2017-06-15,1965.0
2017-06-16,4808.0
2017-06-17,3587.0
2017-06-18,8487.0
2017-06-19,8432.0
2017-06-20,3413.0
2017-06-21,1562.0
2017-06-22,1546.0
2017-06-23,3874.0
2017-06-24,3691.0
2017-06-25,3390.0
2017-06-26,2289.0
2017-06-27,2034.0
2017-06-28,3003.0
2017-06-29,871.0
2017-06-30,3520.0
2017-07-01,4212.0
2017-07-02,2186.0
2017-07-03,4424.0
2017-07-04,2168.0
2017-07-05,1599.0
2017-07-06,2300.0
2017-07-07,2947.0
2017-07-08,4024.0
2017-07-09,2085.0
2017-07-10,3190.0
2017-07-11,2398.0
2017-07-12,2034.0
2017-07-13,1586.0
2017-07-14,1455.0
2017-07-15,2259.0
2017-07-16,2290.0
2017-07-17,1778.0
2017-07-18,2840.0
2017-07-19,2743.0
2017-07-20,913.0
2017-07-21,2233.0
2017-07-22,2275.0
2017-07-23,3182.0
2017-07-24,2873.0
2017-07-25,2390.0
2017-07-26,3517.0
2017-07-27,2322.0
2017-07-28,1999.0
2017-07-29,4147.0
2017-07-30,8747.0
2017-07-31,5729.0
2017-08-01,4940.0
2017-08-02,5849.0
2017-08-03,4735.0
2017-08-04,6638.0
2017-08-05,6666.0
2017-08-06,3417.0
2017-08-07,3593.0
2017-08-08,4335.0
2017-08-09,3024.0
2017-08-10,2466.0
2017-08-11,1622.0
2017-08-12,4045.0
2017-08-13,6140.0
2017-08-14,3086.0
2017-08-15,1854.0
2017-08-16,1342.0
2017-08-17,6485.0
2017-08-18,3782.0
2017-08-19,7484.0
2017-08-20,7652.0
2017-08-21,2876.0
2017-08-22,785.0
2017-08-23,1947.0
2017-08-24,1028.0
2017-08-25,473.0
2017-08-26,1550.0
2017-08-27,5738.0
2017-08-28,1965.0
2017-08-29,4209.0
2017-08-30,8757.0
2017-08-31,11483.0
2017-09-01,4909.0
2017-09-02,5197.0
2017-09-03,2842.0
2017-09-04,2376.0
2017-09-05,4034.0
2017-09-06,3114.0
2017-09-07,3420.0
2017-09-08,3703.0
2017-09-09,2150.0
2017-09-10,2500.0
2017-09-11,3387.0
2017-09-12,2973.0
2017-09-13,3774.0
2017-09-14,3556.0
2017-09-15,3688.0
2017-09-16,3355.0
2017-09-17,3600.0
2017-09-18,4108.0
2017-09-19,2963.0
2017-09-20,1184.0
2017-09-21,2229.0
2017-09-22,1776.0
2017-09-23,2237.0
2017-09-24,2961.0
2017-09-25,1844.0
2017-09-26,4044.0
2017-09-27,2631.0
2017-09-28,2738.0
2017-09-29,2886.0
2017-09-30,2004.0
2017-10-01,6183.0
2017-10-02,2249.0
2017-10-03,3414.0
2017-10-04,1483.0
2017-10-05,2341.0
2017-10-06,2945.0
2017-10-07,1560.0
2017-10-08,2860.0
2017-10-09,2603.0
2017-10-10,2959.0
2017-10-11,2789.0
2017-10-12,1568.0
2017-10-13,1654.0
2017-10-14,3073.0
2017-10-15,8591.0
2017-10-16,2952.0
2017-10-17,2981.0
2017-10-18,2808.0
2017-10-19,5898.0
2017-10-20,3875.0
2017-10-21,4832.0
2017-10-22,83329.0
2017-10-23,3390.0
2017-10-24,3848.0
2017-10-25,7186.0
2017-10-26,3117.0
2017-10-27,851.0
2017-10-28,1907.0
2017-10-29,2666.0
2017-10-30,3024.0
2017-10-31,3355.0
2017-11-01,1881.0
2017-11-02,2400.0
2017-11-03,1182.0
2017-11-04,3026.0
2017-11-05,4338.0
2017-11-06,2502.0
2017-11-07,3491.0
2017-11-08,3901.0
2017-11-09,1154.0
2017-11-10,2526.0
2017-11-11,690.0
2017-11-12,1671.0
2017-11-13,2127.0
2017-11-14,1888.0
2017-11-15,2988.0
2017-11-16,2833.0
2017-11-17,3369.0
2017-11-18,5174.0
2017-11-19,6877.0
2017-11-20,3021.0
2017-11-21,1877.0
2017-11-22,2298.0
2017-11-23,3436.0
2017-11-24,2992.0
2017-11-25,4374.0
2017-11-26,3836.0
2017-11-27,3466.0
2017-11-28,1765.0
2017-11-29,2366.0
2017-11-30,3951.0
2017-12-01,5478.0
2017-12-02,6504.0
2017-12-03,6204.0
2017-12-04,4366.0
2017-12-05,7476.0
2017-12-06,11758.0
2017-12-07,1962.0
2017-12-08,3043.0
2017-12-09,3678.0
2017-12-10,3435.0
2017-12-11,2783.0
2017-12-12,1380.0
2017-12-13,2369.0
2017-12-14,2054.0
2017-12-15,2377.0
2017-12-16,2666.0
2017-12-17,3909.0
2017-12-18,1434.0
2017-12-19,701.0
2017-12-20,1027.0
2017-12-21,1216.0
2017-12-22,1355.0
2017-12-23,1491.0
2017-12-24,2077.0
2017-12-25,1487.0
2017-12-26,1734.0
2017-12-27,1676.0
2017-12-28,1505.0
2017-12-29,1736.0
2017-12-30,1283.0
2017-12-31,5267.0
2018-01-01,4065.0
2018-01-02,1108.0
2018-01-03,1383.0
2018-01-04,704.0
2018-01-05,631.0
2018-01-06,2005.0
2018-01-07,1552.0
2018-01-08,763.0
2018-01-09,771.0
2018-01-10,1074.0
2018-01-11,1278.0
2018-01-12,1126.0
2018-01-13,908.0
2018-01-14,1361.0
2018-01-15,1051.0
2018-01-16,946.0
2018-01-17,996.0
2018-01-18,1237.0
2018-01-19,1628.0
2018-01-20,5100.0
2018-01-21,7170.0
2018-01-22,5114.0
2018-01-23,11147.0
2018-01-24,5744.0
2018-01-25,11224.0
2018-01-26,14917.0
2018-01-27,17947.0
2018-01-28,13063.0
2018-01-29,8262.0
2018-01-30,7859.0
2018-01-31,1498.0
2018-02-01,2389.0
2018-02-02,2560.0
2018-02-03,4382.0
2018-02-04,4196.0
2018-02-05,6372.0
2018-02-06,8461.0
2018-02-07,11983.0
2018-02-08,15491.0
2018-02-09,16241.0
2018-02-10,15514.0
2018-02-11,28707.0
2018-02-12,29852.0
2018-02-13,31875.0
2018-02-14,38576.0
2018-02-15,14133.0
2018-02-16,24331.0
2018-02-17,30699.0
2018-02-18,43348.0
2018-02-19,22897.0
2018-02-20,13585.0
2018-02-21,26818.0
2018-02-22,12323.0
2018-02-23,17830.0
2018-02-24,14091.0
2018-02-25,16761.0
2018-02-26,17866.0
2018-02-27,24508.0
2018-02-28,21886.0
2018-03-01,11217.0
2018-03-02,8628.0
2018-03-03,57921.0
2018-03-04,52930.0
2018-03-05,19417.0
2018-03-06,7300.0
2018-03-07,9417.0
2018-03-08,20499.0
2018-03-09,7301.0
2018-03-10,8668.0
2018-03-11,11963.0
2018-03-12,7393.0
2018-03-13,3147.0
2018-03-14,2330.0
2018-03-15,1870.0
2018-03-16,3128.0
2018-03-17,2810.0
2018-03-18,1405.0
2018-03-19,1263.0
2018-03-20,855.0
2018-03-21,1184.0
2018-03-22,2365.0
2018-03-23,1918.0
2018-03-24,1384.0
2018-03-25,21906.0
2018-03-26,1246.0
2018-03-27,1573.0
2018-03-28,9558.0
2018-03-29,17785.0
2018-03-30,1124.0
2018-03-31,879.0
2018-04-01,854.0
2018-04-02,1179.0
2018-04-03,1300.0
2018-04-04,1665.0
2018-04-05,918.0
2018-04-06,726.0
2018-04-07,982.0
2018-04-08,1755.0
2018-04-09,881.0
2018-04-10,1229.0
2018-04-11,2508.0
2018-04-12,3628.0
2018-04-13,737.0
2018-04-14,973.0
2018-04-15,888.0
2018-04-16,1832.0
2018-04-17,942.0
2018-04-18,836.0
2018-04-19,1273.0
2018-04-20,1173.0
2018-04-21,1170.0
2018-04-22,1018.0
2018-04-23,1017.0
2018-04-24,1261.0
2018-04-25,729.0
2018-04-26,1876.0
2018-04-27,13551.0
2018-04-28,6959.0
2018-04-29,1245.0
2018-04-30,595.0
2018-05-01,1035.0
2018-05-02,1978.0
2018-05-03,25516.0
2018-05-04,6573.0
2018-05-05,5431.0
2018-05-06,18883.0
2018-05-07,1188.0
2018-05-08,21212.0
2018-05-09,2775.0
2018-05-10,744.0
2018-05-11,678.0
2018-05-12,775.0
2018-05-13,1490.0
2018-05-14,915.0
2018-05-15,863.0
2018-05-16,2090.0
2018-05-17,1103.0
2018-05-18,1180.0
2018-05-19,598.0
2018-05-20,848.0
2018-05-21,1520.0
2018-05-22,1422.0
2018-05-23,1659.0
2018-05-24,924.0
2018-05-25,627.0
2018-05-26,901.0
2018-05-27,834.0
2018-05-28,987.0
2018-05-29,1413.0
2018-05-30,984.0
2018-05-31,665.0
2018-06-01,1074.0
2018-06-02,750.0
2018-06-03,38876.0
2018-06-04,74976.0
2018-06-05,62975.0
2018-06-06,44971.0
2018-06-07,63651.0
2018-06-08,21901.0
2018-06-09,996.0
2018-06-10,673.0
2018-06-11,938.0
2018-06-12,37345.0
2018-06-13,12027.0
2018-06-14,450.0
2018-06-15,4443.0
2018-06-16,1204.0
2018-06-17,1885.0
2018-06-18,1305.0
2018-06-19,573.0
2018-06-20,433.0
2018-06-21,2416.0
2018-06-22,647.0
2018-06-23,912.0
2018-06-24,651.0
2018-06-25,56195.0
2018-06-26,84683.0
2018-06-27,50587.0
2018-06-28,11842.0
2018-06-29,7098.0
2018-06-30,60194.0
2018-07-01,39783.0
2018-07-02,53913.0
2018-07-03,9988.0
2018-07-04,27052.0
2018-07-05,2431.0
2018-07-06,562.0
2018-07-07,1128.0
2018-07-08,10791.0
2018-07-09,52666.0
2018-07-10,34953.0
2018-07-11,41964.0
2018-07-12,3585.0
2018-07-13,1711.0
2018-07-14,35200.0
2018-07-15,15764.0
2018-07-16,2987.0
2018-07-17,24292.0
2018-07-18,99709.0
2018-07-19,15004.0
2018-07-20,909.0
2018-07-21,999.0
2018-07-22,696.0
2018-07-23,28452.0
2018-07-24,31676.0
2018-07-25,84451.0
2018-07-26,21344.0
2018-07-27,65035.0
2018-07-28,11977.0
2018-07-29,916.0
2018-07-30,999.0
2018-07-31,28506.0
2018-08-01,64882.0
2018-08-02,5288.0
2018-08-03,1175.0
2018-08-04,1191.0
2018-08-05,4896.0
2018-08-06,34437.0
2018-08-07,69822.0
2018-08-08,1100.0
2018-08-09,695.0
2018-08-10,1156.0
2018-08-11,1496.0
2018-08-12,6926.0
2018-08-13,2727.0
2018-08-14,828.0
2018-08-15,888.0
2018-08-16,5121.0
2018-08-17,2568.0
2018-08-18,1083.0
2018-08-19,909.0
2018-08-20,423.0
2018-08-21,669.0
2018-08-22,698.0
2018-08-23,828.0
2018-08-24,532.0
2018-08-25,1028.0
2018-08-26,957.0
2018-08-27,948.0
2018-08-28,568.0
2018-08-29,887.0
2018-08-30,1351.0
2018-08-31,915.0
2018-09-01,875.0
2018-09-02,1146.0
2018-09-03,721.0
2018-09-04,811.0
2018-09-05,1127.0
2018-09-06,914.0
2018-09-07,2119.0
2018-09-08,1187.0
2018-09-09,785.0
2018-09-10,608.0
2018-09-11,3268.0
2018-09-12,1069.0
2018-09-13,775.0
2018-09-14,549.0
2018-09-15,912.0
2018-09-16,818.0
2018-09-17,1032.0
2018-09-18,1091.0
2018-09-19,818.0
2018-09-20,988.0
2018-09-21,1074.0
2018-09-22,694.0
2018-09-23,847.0
2018-09-24,635.0
2018-09-25,724.0
2018-09-26,763.0
2018-09-27,869.0
2018-09-28,854.0
2018-09-29,951.0
2018-09-30,1014.0
2018-10-01,659.0
2018-10-02,1586.0
2018-10-03,1258.0
2018-10-04,682.0
2018-10-05,823.0
2018-10-06,938.0
2018-10-07,620.0
2018-10-08,7702.0
2018-10-09,19712.0
2018-10-10,25503.0
2018-10-11,27272.0
2018-10-12,17145.0
2018-10-13,35042.0
2018-10-14,26466.0
2018-10-15,23828.0
2018-10-16,12539.0
2018-10-17,19773.0
2018-10-18,24828.0
2018-10-19,24544.0
2018-10-20,37992.0
2018-10-21,42269.0
2018-10-22,26189.0
2018-10-23,28391.0
2018-10-24,1989.0
2018-10-25,11692.0
2018-10-26,13942.0
2018-10-27,27415.0
2018-10-28,38066.0
2018-10-29,19246.0
2018-10-30,17013.0
2018-10-31,30662.0
2018-11-01,21378.0
2018-11-02,17661.0
2018-11-03,39220.0
2018-11-04,16904.0
2018-11-05,11628.0
2018-11-06,11556.0
2018-11-07,9728.0
2018-11-08,10448.0
2018-11-09,8463.0
2018-11-10,14935.0
2018-11-11,45793.0
2018-11-12,18113.0
2018-11-13,5177.0
2018-11-14,15305.0
2018-11-15,5826.0
2018-11-16,7126.0
2018-11-17,26714.0
2018-11-18,18965.0
2018-11-19,11066.0
2018-11-20,2169.0
2018-11-21,1041.0
2018-11-22,5234.0
2018-11-23,11442.0
2018-11-24,25267.0
2018-11-25,19666.0
2018-11-26,4337.0
2018-11-27,17309.0
2018-11-28,9361.0
2018-11-29,1159.0
2018-11-30,2125.0
2018-12-01,13751.0
2018-12-02,24586.0
2018-12-03,12355.0
2018-12-04,12133.0
2018-12-05,18063.0
2018-12-06,16872.0
2018-12-07,4875.0
2018-12-08,21882.0
2018-12-09,27093.0
2018-12-10,13257.0
2018-12-11,9088.0
2018-12-12,12658.0
2018-12-13,18891.0
2018-12-14,20492.0
2018-12-15,23786.0
2018-12-16,16615.0
2018-12-17,32442.0
2018-12-18,12820.0
2018-12-19,25580.0
2018-12-20,15977.0
2018-12-21,14465.0
2018-12-22,32945.0
2018-12-23,26348.0
2018-12-24,16421.0
2018-12-25,23070.0
2018-12-26,20667.0
2018-12-27,19283.0
2018-12-28,18018.0
2018-12-29,18473.0
2018-12-30,41477.0
2018-12-31,34262.0
2019-01-01,49827.0
2019-01-02,38397.0
2019-01-03,33936.0
2019-01-04,36412.0
2019-01-05,34720.0
2019-01-06,4015.0
2019-01-07,1005.0
2019-01-08,952.0
2019-01-09,893.0
2019-01-10,919.0
2019-01-11,839.0
2019-01-12,1246.0
2019-01-13,817.0
2019-01-14,814.0
2019-01-15,895.0
2019-01-16,868.0
2019-01-17,766.0
2019-01-18,1102.0
2019-01-19,695.0
2019-01-20,742.0
2019-01-21,892.0
2019-01-22,736.0
2019-01-23,856.0
2019-01-24,1252.0
2019-01-25,949.0
2019-01-26,885.0
2019-01-27,859.0
2019-01-28,803.0
2019-01-29,1331.0
2019-01-30,1245.0
2019-01-31,2436.0
2019-02-01,456.0
2019-02-02,938.0
2019-02-03,790.0
2019-02-04,922.0
2019-02-05,787.0
2019-02-06,1925.0
2019-02-07,1662.0
2019-02-08,1196.0
2019-02-09,817.0
2019-02-10,719.0
2019-02-11,765.0
2019-02-12,388.0
2019-02-13,1502.0
2019-02-14,944.0
2019-02-15,729.0
2019-02-16,1167.0
2019-02-17,495.0
2019-02-18,692.0
2019-02-19,1013.0
2019-02-20,1470.0
2019-02-21,809.0
2019-02-22,1177.0
2019-02-23,1210.0
2019-02-24,958.0
2019-02-25,1379.0
2019-02-26,2784.0
2019-02-27,1510.0
2019-02-28,1709.0
2019-03-01,888.0
2019-03-02,926.0
2019-03-03,880.0
2019-03-04,3216.0
2019-03-05,1550.0
2019-03-06,821.0
2019-03-07,1077.0
2019-03-08,1040.0
2019-03-09,1443.0
2019-03-10,1082.0
2019-03-11,2474.0
2019-03-12,3192.0
2019-03-13,1886.0
2019-03-14,1290.0
2019-03-15,1003.0
2019-03-16,1694.0
2019-03-17,1300.0
2019-03-18,816.0
2019-03-19,962.0
2019-03-20,782.0
2019-03-21,653.0
2019-03-22,1138.0
2019-03-23,868.0
2019-03-24,1636.0
2019-03-25,1550.0
2019-03-26,884.0
2019-03-27,2124.0
2019-03-28,985.0
2019-03-29,501.0
2019-03-30,548.0
2019-03-31,986.0
2019-04-01,809.0
2019-04-02,872.0
2019-04-03,816.0
2019-04-04,619.0
2019-04-05,1288.0
2019-04-06,766.0
2019-04-07,1176.0
2019-04-08,697.0
2019-04-09,955.0
2019-04-10,1289.0
2019-04-11,1406.0
2019-04-12,931.0
2019-04-13,732.0
2019-04-14,683.0
2019-04-15,1034.0
2019-04-16,535.0
2019-04-17,902.0
2019-04-18,1797.0
2019-04-19,856.0
2019-04-20,469.0
2019-04-21,1278.0
2019-04-22,461.0
2019-04-23,1028.0
2019-04-24,2047.0
2019-04-25,957.0
2019-04-26,911.0
2019-04-27,2640.0
2019-04-28,1478.0
2019-04-29,1123.0
2019-04-30,906.0
2019-05-01,1607.0
2019-05-02,1697.0
2019-05-03,2539.0
2019-05-04,904.0
2019-05-05,1044.0
2019-05-06,1068.0
2019-05-07,1531.0
2019-05-08,955.0
2019-05-09,1139.0
2019-05-10,566.0
2019-05-11,1051.0
2019-05-12,2331.0
2019-05-13,2605.0
2019-05-14,1461.0
2019-05-15,972.0
2019-05-16,892.0
2019-05-17,1490.0
2019-05-18,2407.0
2019-05-19,1913.0
2019-05-20,674.0
2019-05-21,1398.0
2019-05-22,2001.0
2019-05-23,1297.0
2019-05-24,926.0
2019-05-25,1177.0
2019-05-26,1564.0
2019-05-27,1392.0
2019-05-28,1671.0
2019-05-29,1727.0
2019-05-30,1302.0
2019-05-31,629.0
2019-06-01,7684.0
2019-06-02,2373.0
2019-06-03,651.0
2019-06-04,1543.0
2019-06-05,1089.0
2019-06-06,693.0
2019-06-07,708.0
2019-06-08,1627.0
2019-06-09,1460.0
2019-06-10,1416.0
2019-06-11,803.0
2019-06-12,618.0
2019-06-13,1259.0
2019-06-14,1436.0
2019-06-15,1916.0
2019-06-16,1384.0
2019-06-17,2124.0
2019-06-18,2093.0
2019-06-19,1460.0
2019-06-20,848.0
2019-06-21,824.0
2019-06-22,1839.0
2019-06-23,2431.0
2019-06-24,2338.0
2019-06-25,1357.0
2019-06-26,3228.0
2019-06-27,2470.0
2019-06-28,4369.0
2019-06-29,3812.0
2019-06-30,1905.0
2019-07-01,1040.0
2019-07-02,1927.0
2019-07-03,2852.0
2019-07-04,2183.0
2019-07-05,3346.0
2019-07-06,1251.0
2019-07-07,1155.0
2019-07-08,1970.0
2019-07-09,2053.0
2019-07-10,1630.0
2019-07-11,948.0
2019-07-12,2229.0
2019-07-13,2928.0
2019-07-14,944.0
2019-07-15,1271.0
2019-07-16,2280.0
2019-07-17,1078.0
2019-07-18,954.0
2019-07-19,1321.0
2019-07-20,1618.0
2019-07-21,6483.0
2019-07-22,1518.0
2019-07-23,5161.0
2019-07-24,968.0
2019-07-25,1170.0
2019-07-26,943.0
2019-07-27,2382.0
2019-07-28,3363.0
2019-07-29,1112.0
2019-07-30,2556.0
2019-07-31,1589.0
2019-08-01,1430.0
2019-08-02,1580.0
2019-08-03,2155.0
2019-08-04,1018.0
2019-08-05,2039.0
2019-08-06,3462.0
2019-08-07,1073.0
2019-08-08,1295.0
2019-08-09,1588.0
2019-08-10,1431.0
2019-08-11,1165.0
2019-08-12,1230.0
2019-08-13,1441.0
2019-08-14,1129.0
2019-08-15,1193.0
2019-08-16,1501.0
2019-08-17,1080.0
2019-08-18,1161.0
2019-08-19,887.0
2019-08-20,1213.0
2019-08-21,4163.0
2019-08-22,1712.0
2019-08-23,1486.0
2019-08-24,1061.0
2019-08-25,1267.0
2019-08-26,1390.0
2019-08-27,1166.0
2019-08-28,2086.0
2019-08-29,1157.0
2019-08-30,912.0
2019-08-31,747.0
2019-09-01,1064.0
2019-09-02,1064.0
2019-09-03,1913.0
2019-09-04,1673.0
2019-09-05,24717.0
2019-09-06,1504.0
2019-09-07,1161.0
2019-09-08,2030.0
2019-09-09,940.0
2019-09-10,6390.0
2019-09-11,1199.0
2019-09-12,1019.0
2019-09-13,960.0
2019-09-14,894.0
2019-09-15,883.0
2019-09-16,1525.0
2019-09-17,1097.0
2019-09-18,1456.0
2019-09-19,1411.0
2019-09-20,1206.0
2019-09-21,1087.0
2019-09-22,818.0
2019-09-23,1075.0
2019-09-24,1528.0
2019-09-25,884.0
2019-09-26,1401.0
2019-09-27,710.0
2019-09-28,1032.0
2019-09-29,728.0
2019-09-30,973.0
2019-10-01,1555.0
2019-10-02,903.0
2019-10-03,861.0
2019-10-04,1440.0
2019-10-05,1062.0
2019-10-06,879.0
2019-10-07,956.0
2019-10-08,1313.0
2019-10-09,1463.0
2019-10-10,1163.0
2019-10-11,1139.0
2019-10-12,883.0
2019-10-13,718.0
2019-10-14,957.0
2019-10-15,1048.0
2019-10-16,1265.0
2019-10-17,1037.0
2019-10-18,737.0
2019-10-19,929.0
2019-10-20,659.0
2019-10-21,1166.0
2019-10-22,1089.0
2019-10-23,972.0
2019-10-24,914.0
2019-10-25,1418.0
2019-10-26,1188.0
2019-10-27,1349.0
2019-10-28,1246.0
2019-10-29,1182.0
2019-10-30,2477.0
2019-10-31,761.0
2019-11-01,1314.0
2019-11-02,2616.0
2019-11-03,1236.0
2019-11-04,1459.0
2019-11-05,1176.0
2019-11-06,1245.0
2019-11-07,932.0
2019-11-08,827.0
2019-11-09,1065.0
2019-11-10,1208.0
2019-11-11,1582.0
2019-11-12,1070.0
2019-11-13,6042.0
2019-11-14,1069.0
2019-11-15,1123.0
2019-11-16,1022.0
2019-11-17,1174.0
2019-11-18,1407.0
2019-11-19,1178.0
2019-11-20,1294.0
2019-11-21,1361.0
2019-11-22,1270.0
2019-11-23,934.0
2019-11-24,854.0
2019-11-25,840.0
2019-11-26,1249.0
2019-11-27,1093.0
2019-11-28,1013.0
2019-11-29,1070.0
2019-11-30,1019.0
2019-12-01,1484.0
2019-12-02,1186.0
2019-12-03,2238.0
2019-12-04,9672.0
2019-12-05,1181.0
2019-12-06,1207.0
2019-12-07,1588.0
2019-12-08,1160.0
2019-12-09,1216.0
2019-12-10,1347.0
2019-12-11,1092.0
2019-12-12,1096.0
2019-12-13,937.0
2019-12-14,1054.0
2019-12-15,948.0
2019-12-16,4144.0
2019-12-17,1150.0
2019-12-18,4207.0
2019-12-19,1756.0
2019-12-20,1130.0
2019-12-21,1135.0
2019-12-22,1141.0
2019-12-23,2514.0
2019-12-24,1231.0
2019-12-25,917.0
2019-12-26,22749.0
2019-12-27,1402.0
2019-12-28,7674.0
2019-12-29,1334.0
2019-12-30,1370.0
2019-12-31,1387.0
2020-01-01,954.0
2020-01-02,1099.0
2020-01-03,1385.0
2020-01-04,1320.0
2020-01-05,1525.0
2020-01-06,1462.0
2020-01-07,2012.0
2020-01-08,1905.0
2020-01-09,1881.0
2020-01-10,2046.0
2020-01-11,1763.0
2020-01-12,1558.0
2020-01-13,1753.0
2020-01-14,2553.0
2020-01-15,2752.0
2020-01-16,2234.0
2020-01-17,2200.0
2020-01-18,1437.0
2020-01-19,1840.0
2020-01-20,2378.0
2020-01-21,1818.0
2020-01-22,1895.0
2020-01-23,1814.0
2020-01-24,2097.0
2020-01-25,1464.0
2020-01-26,1219.0
2020-01-27,2240.0
2020-01-28,2115.0
2020-01-29,5149.0
2020-01-30,1759.0
2020-01-31,2488.0
2020-02-01,1654.0
2020-02-02,1832.0
2020-02-03,2745.0
2020-02-04,5332.0
2020-02-05,3048.0
2020-02-06,2756.0
2020-02-07,7416.0
2020-02-08,2384.0
2020-02-09,2943.0
2020-02-10,2815.0
2020-02-11,2867.0
2020-02-12,3302.0
2020-02-13,3305.0
2020-02-14,2224.0
2020-02-15,2860.0
2020-02-16,1653.0
2020-02-17,1872.0
2020-02-18,2149.0
2020-02-19,2193.0
2020-02-20,2119.0
2020-02-21,1881.0
2020-02-22,1943.0
2020-02-23,1849.0
2020-02-24,1980.0
2020-02-25,1899.0
2020-02-26,2098.0
2020-02-27,1776.0
2020-02-28,1968.0
2020-02-29,2016.0
2020-03-01,16915.0
2020-03-02,2154.0
2020-03-03,2465.0
2020-03-04,2763.0
2020-03-05,2408.0
2020-03-06,1621.0
2020-03-07,1874.0
2020-03-08,1434.0
2020-03-09,2058.0
2020-03-10,1781.0
2020-03-11,1103.0
2020-03-12,4545.0
2020-03-13,3271.0
2020-03-14,2150.0
2020-03-15,2103.0
2020-03-16,2216.0
2020-03-17,2830.0
2020-03-18,1174.0
2020-03-19,1692.0
2020-03-20,1562.0
2020-03-21,1592.0
2020-03-22,1611.0
2020-03-23,1466.0
2020-03-24,3704.0
2020-03-25,1619.0
2020-03-26,3614.0
2020-03-27,2715.0
2020-03-28,2199.0
2020-03-29,2665.0
2020-03-30,2199.0
2020-03-31,3421.0
2020-04-01,3086.0
2020-04-02,3153.0
2020-04-03,2069.0
2020-04-04,2225.0
2020-04-05,1959.0
2020-04-06,3201.0
2020-04-07,2248.0
2020-04-08,2613.0
2020-04-09,2198.0
2020-04-10,2576.0
2020-04-11,2343.0
2020-04-12,9845.0
2020-04-13,2117.0
2020-04-14,2365.0
2020-04-15,3377.0
2020-04-16,2171.0
2020-04-17,2235.0
2020-04-18,3205.0
2020-04-19,2927.0
2020-04-20,3589.0
2020-04-21,2914.0
2020-04-22,1567.0
2020-04-23,2169.0
2020-04-24,2365.0
2020-04-25,5089.0
2020-04-26,4009.0
2020-04-27,3207.0
2020-04-28,3356.0
2020-04-29,3127.0
2020-04-30,3978.0
2020-05-01,3303.0
2020-05-02,3565.0
2020-05-03,6054.0
2020-05-04,2373.0
2020-05-05,3982.0
2020-05-06,4420.0
2020-05-07,4934.0
2020-05-08,5964.0
2020-05-09,3841.0
2020-05-10,2927.0
2020-05-11,2993.0
2020-05-12,2694.0
2020-05-13,2614.0
2020-05-14,2586.0
2020-05-15,2738.0
2020-05-16,3529.0
2020-05-17,2362.0
2020-05-18,2912.0
2020-05-19,2900.0
2020-05-20,2219.0
2020-05-21,2466.0
2020-05-22,2236.0
2020-05-23,2467.0
2020-05-24,2044.0
2020-05-25,2461.0
2020-05-26,3000.0
2020-05-27,1910.0
2020-05-28,3083.0
2020-05-29,5704.0
2020-05-30,6642.0
2020-05-31,2685.0
2020-06-01,2957.0
2020-06-02,4252.0
2020-06-03,2536.0
2020-06-04,4066.0
2020-06-05,3154.0
2020-06-06,2953.0
2020-06-07,2119.0
2020-06-08,2829.0
2020-06-09,3323.0
2020-06-10,3337.0
2020-06-11,11080.0
2020-06-12,2036.0
2020-06-13,2117.0
2020-06-14,2464.0
2020-06-15,2069.0
2020-06-16,2769.0
2020-06-17,3088.0
2020-06-18,1668.0
2020-06-19,3304.0
2020-06-20,2071.0
2020-06-21,1836.0
2020-06-22,2255.0
2020-06-23,3381.0
2020-06-24,3796.0
2020-06-25,2679.0
2020-06-26,2220.0
2020-06-27,2543.0
2020-06-28,2143.0
2020-06-29,2754.0
2020-06-30,2390.0
2020-07-01,3034.0
2020-07-02,2045.0
2020-07-03,2134.0
2020-07-04,2779.0
2020-07-05,13709.0
2020-07-06,3915.0
2020-07-07,3230.0
2020-07-08,7110.0
2020-07-09,7638.0
2020-07-10,5289.0
2020-07-11,5958.0
2020-07-12,5532.0
2020-07-13,3104.0
2020-07-14,2381.0
2020-07-15,2669.0
2020-07-16,2709.0
2020-07-17,2487.0
2020-07-18,2131.0
2020-07-19,1990.0
2020-07-20,2842.0
2020-07-21,2081.0
2020-07-22,3675.0
2020-07-23,2494.0
2020-07-24,3634.0
2020-07-25,3189.0
2020-07-26,4076.0
2020-07-27,6033.0
2020-07-28,5785.0
2020-07-29,5783.0
2020-07-30,4543.0
2020-07-31,5110.0
2020-08-01,5585.0
2020-08-02,5202.0
2020-08-03,4730.0
2020-08-04,4724.0
2020-08-05,3114.0
2020-08-06,4212.0
2020-08-07,4178.0
2020-08-08,3956.0
2020-08-09,4320.0
2020-08-10,4016.0
2020-08-11,4169.0
2020-08-12,4182.0
2020-08-13,3676.0
2020-08-14,3643.0
2020-08-15,3670.0
2020-08-16,3543.0
2020-08-17,4119.0
2020-08-18,4845.0
2020-08-19,3841.0
2020-08-20,3371.0
2020-08-21,4336.0
2020-08-22,3258.0
2020-08-23,16533.0
2020-08-24,2721.0
2020-08-25,2913.0
2020-08-26,2998.0
2020-08-27,2476.0
2020-08-28,3834.0
2020-08-29,2556.0
2020-08-30,3217.0
2020-08-31,3123.0
2020-09-01,4669.0
2020-09-02,3587.0
2020-09-03,2845.0
2020-09-04,3930.0
2020-09-05,2715.0
2020-09-06,3337.0
2020-09-07,2836.0
2020-09-08,2462.0
2020-09-09,1686.0
2020-09-10,1805.0
2020-09-11,1820.0
2020-09-12,3373.0
2020-09-13,2110.0
2020-09-14,3856.0
2020-09-15,2278.0
2020-09-16,2613.0
2020-09-17,3146.0
2020-09-18,2395.0
2020-09-19,2851.0
2020-09-20,2949.0
2020-09-21,1690.0
2020-09-22,2049.0
2020-09-23,2495.0
2020-09-24,2046.0
2020-09-25,2504.0
2020-09-26,2621.0
2020-09-27,2130.0
2020-09-28,2140.0
2020-09-29,2474.0
2020-09-30,2783.0
2020-10-01,2057.0
2020-10-02,7156.0
2020-10-03,2375.0
2020-10-04,2848.0
2020-10-05,2123.0
2020-10-06,1942.0
2020-10-07,2671.0
2020-10-08,5431.0
2020-10-09,2213.0
2020-10-10,3650.0
2020-10-11,3498.0
2020-10-12,2469.0
2020-10-13,12186.0
2020-10-14,3151.0
2020-10-15,4277.0
2020-10-16,2391.0
2020-10-17,2996.0
2020-10-18,2177.0
2020-10-19,3279.0
2020-10-20,3982.0
2020-10-21,6147.0
2020-10-22,7327.0
2020-10-23,5388.0
2020-10-24,4918.0
2020-10-25,5168.0
2020-10-26,5108.0
2020-10-27,3658.0
2020-10-28,4021.0
2020-10-29,3024.0
2020-10-30,2965.0
2020-10-31,4798.0
2020-11-01,5640.0
2020-11-02,2730.0
2020-11-03,4220.0
2020-11-04,7711.0
2020-11-05,10290.0
2020-11-06,14564.0
2020-11-07,10238.0
2020-11-08,10596.0
2020-11-09,7842.0
2020-11-10,5473.0
2020-11-11,6815.0
2020-11-12,7753.0
2020-11-13,5945.0
2020-11-14,5933.0
2020-11-15,5138.0
2020-11-16,6554.0
2020-11-17,12030.0
2020-11-18,18314.0
2020-11-19,9915.0
2020-11-20,15281.0
2020-11-21,12470.0
2020-11-22,9765.0
2020-11-23,7664.0
2020-11-24,11011.0
2020-11-25,11390.0
2020-11-26,11065.0
2020-11-27,7182.0
2020-11-28,9643.0
2020-11-29,5800.0
2020-11-30,6748.0
2020-12-01,13945.0
2020-12-02,8373.0
2020-12-03,6270.0
2020-12-04,5173.0
2020-12-05,5237.0
2020-12-06,9086.0
2020-12-07,5152.0
2020-12-08,6849.0
2020-12-09,4674.0
2020-12-10,3210.0
2020-12-11,4107.0
2020-12-12,3721.0
2020-12-13,7349.0
2020-12-14,4425.0
2020-12-15,16215.0
2020-12-16,8342.0
2020-12-17,15786.0
2020-12-18,12183.0
2020-12-19,11129.0
2020-12-20,12894.0
2020-12-21,6635.0
2020-12-22,8062.0
2020-12-23,6519.0
2020-12-24,6208.0
2020-12-25,8122.0
2020-12-26,10291.0
2020-12-27,20604.0
2020-12-28,12586.0
2020-12-29,9481.0
2020-12-30,15562.0
2020-12-31,11373.0
2021-01-01,13112.0
2021-01-02,13931.0
2021-01-03,21383.0
2021-01-04,16991.0
2021-01-05,11243.0
2021-01-06,13050.0
2021-01-07,18059.0
2021-01-08,16900.0
2021-01-09,11776.0
2021-01-10,14512.0
2021-01-11,14173.0
2021-01-12,8218.0
2021-01-13,34067.0
2021-01-14,8540.0
2021-01-15,7981.0
2021-01-16,8067.0
2021-01-17,7800.0
2021-01-18,6000.0
2021-01-19,6675.0
2021-01-20,4866.0
2021-01-21,4555.0
2021-01-22,4203.0
2021-01-23,5565.0
2021-01-24,6490.0
2021-01-25,3584.0
2021-01-26,3752.0
2021-01-27,4883.0
2021-01-28,4525.0
2021-01-29,5008.0
2021-01-30,3620.0
2021-01-31,4836.0
2021-02-01,2447.0
2021-02-02,3875.0
2021-02-03,4129.0
2021-02-04,4704.0
2021-02-05,4674.0
2021-02-06,6452.0
2021-02-07,5964.0
2021-02-08,6804.0
2021-02-09,9241.0
2021-02-10,7186.0
2021-02-11,8660.0
2021-02-12,5432.0
2021-02-13,5640.0
2021-02-14,6901.0
2021-02-15,5179.0
2021-02-16,4387.0
2021-02-17,6521.0
2021-02-18,5495.0
2021-02-19,6461.0
