Date,indicators/sol_1h_24h
2009-01-03,0.0
2009-01-04,0.0
2009-01-05,0.0
2009-01-06,0.0
2009-01-07,0.0
2009-01-08,0.0
2009-01-09,0.0
2009-01-10,0.0
2009-01-11,0.0
2009-01-12,3.0
2009-01-13,0.0
2009-01-14,0.0
2009-01-15,1.0
2009-01-16,0.0
2009-01-17,0.0
2009-01-18,0.0
2009-01-19,0.0
2009-01-20,0.0
2009-01-21,0.0
2009-01-22,0.0
2009-01-23,0.0
2009-01-24,0.0
2009-01-25,0.0
2009-01-26,0.0
2009-01-27,0.0
2009-01-28,0.0
2009-01-29,0.0
2009-01-30,0.0
2009-01-31,0.0
2009-02-01,0.0
2009-02-02,0.0
2009-02-03,0.0
2009-02-04,0.0
2009-02-05,0.0
2009-02-06,0.0
2009-02-07,0.0
2009-02-08,0.0
2009-02-09,0.0
2009-02-10,0.0
2009-02-11,3.0
2009-02-12,0.0
2009-02-13,0.0
2009-02-14,0.0
2009-02-15,0.0
2009-02-16,0.0
2009-02-17,0.0
2009-02-18,0.0
2009-02-19,0.0
2009-02-20,0.0
2009-02-21,0.0
2009-02-22,0.0
2009-02-23,0.0
2009-02-24,0.0
2009-02-25,0.0
2009-02-26,0.0
2009-02-27,0.0
2009-02-28,0.0
2009-03-01,0.0
2009-03-02,0.0
2009-03-03,0.0
2009-03-04,0.0
2009-03-05,0.0
2009-03-06,0.0
2009-03-07,0.0
2009-03-08,0.0
2009-03-09,0.0
2009-03-10,0.0
2009-03-11,0.0
2009-03-12,0.0
2009-03-13,0.0
2009-03-14,0.0
2009-03-15,0.0
2009-03-16,0.0
2009-03-17,0.0
2009-03-18,0.0
2009-03-19,0.0
2009-03-20,0.0
2009-03-21,0.0
2009-03-22,0.0
2009-03-23,0.0
2009-03-24,0.0
2009-03-25,0.0
2009-03-26,0.0
2009-03-27,0.0
2009-03-28,0.0
2009-03-29,0.0
2009-03-30,0.0
2009-03-31,0.0
2009-04-01,0.0
2009-04-02,0.0
2009-04-03,0.0
2009-04-04,0.0
2009-04-05,0.0
2009-04-06,0.0
2009-04-07,0.0
2009-04-08,0.0
2009-04-09,0.0
2009-04-10,0.0
2009-04-11,0.0
2009-04-12,1.0
2009-04-13,0.0
2009-04-14,0.0
2009-04-15,0.0
2009-04-16,0.0
2009-04-17,0.0
2009-04-18,1.0
2009-04-19,0.0
2009-04-20,0.0
2009-04-21,0.0
2009-04-22,0.0
2009-04-23,0.0
2009-04-24,0.0
2009-04-25,0.0
2009-04-26,0.0
2009-04-27,0.0
2009-04-28,0.0
2009-04-29,0.0
2009-04-30,0.0
2009-05-01,0.0
2009-05-02,1.0
2009-05-03,0.0
2009-05-04,1.0
2009-05-05,0.0
2009-05-06,0.0
2009-05-07,0.0
2009-05-08,0.0
2009-05-09,0.0
2009-05-10,0.0
2009-05-11,0.0
2009-05-12,0.0
2009-05-13,2.0
2009-05-14,0.0
2009-05-15,2.0
2009-05-16,0.0
2009-05-17,0.0
2009-05-18,0.0
2009-05-19,0.0
2009-05-20,0.0
2009-05-21,0.0
2009-05-22,0.0
2009-05-23,0.0
2009-05-24,0.0
2009-05-25,0.0
2009-05-26,0.0
2009-05-27,0.0
2009-05-28,0.0
2009-05-29,0.0
2009-05-30,0.0
2009-05-31,0.0
2009-06-01,0.0
2009-06-02,0.0
2009-06-03,0.0
2009-06-04,0.0
2009-06-05,0.0
2009-06-06,0.0
2009-06-07,0.0
2009-06-08,0.0
2009-06-09,0.0
2009-06-10,0.0
2009-06-11,0.0
2009-06-12,0.0
2009-06-13,0.0
2009-06-14,0.0
2009-06-15,0.0
2009-06-16,0.0
2009-06-17,0.0
2009-06-18,0.0
2009-06-19,0.0
2009-06-20,0.0
2009-06-21,0.0
2009-06-22,0.0
2009-06-23,0.0
2009-06-24,0.0
2009-06-25,0.0
2009-06-26,0.0
2009-06-27,0.0
2009-06-28,0.0
2009-06-29,0.0
2009-06-30,1.0
2009-07-01,0.0
2009-07-02,0.0
2009-07-03,0.0
2009-07-04,0.0
2009-07-05,0.0
2009-07-06,0.0
2009-07-07,0.0
2009-07-08,0.0
2009-07-09,0.0
2009-07-10,0.0
2009-07-11,0.0
2009-07-12,0.0
2009-07-13,0.0
2009-07-14,0.0
2009-07-15,0.0
2009-07-16,0.0
2009-07-17,0.0
2009-07-18,0.0
2009-07-19,0.0
2009-07-20,0.0
2009-07-21,0.0
2009-07-22,0.0
2009-07-23,0.0
2009-07-24,0.0
2009-07-25,0.0
2009-07-26,0.0
2009-07-27,0.0
2009-07-28,0.0
2009-07-29,0.0
2009-07-30,0.0
2009-07-31,0.0
2009-08-01,0.0
2009-08-02,0.0
2009-08-03,0.0
2009-08-04,0.0
2009-08-05,0.0
2009-08-06,0.0
2009-08-07,0.0
2009-08-08,0.0
2009-08-09,0.0
2009-08-10,0.0
2009-08-11,0.0
2009-08-12,0.0
2009-08-13,0.0
2009-08-14,0.0
2009-08-15,0.0
2009-08-16,0.0
2009-08-17,0.0
2009-08-18,0.0
2009-08-19,0.0
2009-08-20,0.0
2009-08-21,0.0
2009-08-22,0.0
2009-08-23,0.0
2009-08-24,0.0
2009-08-25,0.0
2009-08-26,0.0
2009-08-27,0.0
2009-08-28,0.0
2009-08-29,0.0
2009-08-30,0.0
2009-08-31,0.0
2009-09-01,0.0
2009-09-02,0.0
2009-09-03,0.0
2009-09-04,0.0
2009-09-05,0.0
2009-09-06,0.0
2009-09-07,0.0
2009-09-08,0.0
2009-09-09,0.0
2009-09-10,0.0
2009-09-11,0.0
2009-09-12,0.0
2009-09-13,0.0
2009-09-14,0.0
2009-09-15,0.0
2009-09-16,0.0
2009-09-17,0.0
2009-09-18,0.0
2009-09-19,0.0
2009-09-20,0.0
2009-09-21,0.0
2009-09-22,0.0
2009-09-23,0.0
2009-09-24,0.0
2009-09-25,0.0
2009-09-26,0.0
2009-09-27,0.0
2009-09-28,0.0
2009-09-29,0.0
2009-09-30,0.0
2009-10-01,0.0
2009-10-02,0.0
2009-10-03,0.0
2009-10-04,0.0
2009-10-05,0.0
2009-10-06,0.0
2009-10-07,0.0
2009-10-08,0.0
2009-10-09,0.0
2009-10-10,0.0
2009-10-11,0.0
2009-10-12,0.0
2009-10-13,0.0
2009-10-14,0.0
2009-10-15,0.0
2009-10-16,0.0
2009-10-17,0.0
2009-10-18,0.0
2009-10-19,0.0
2009-10-20,0.0
2009-10-21,0.0
2009-10-22,0.0
2009-10-23,0.0
2009-10-24,0.0
2009-10-25,0.0
2009-10-26,0.0
2009-10-27,0.0
2009-10-28,0.0
2009-10-29,0.0
2009-10-30,0.0
2009-10-31,0.0
2009-11-01,0.0
2009-11-02,0.0
2009-11-03,0.0
2009-11-04,0.0
2009-11-05,0.0
2009-11-06,0.0
2009-11-07,0.0
2009-11-08,0.0
2009-11-09,0.0
2009-11-10,0.0
2009-11-11,0.0
2009-11-12,0.0
2009-11-13,0.0
2009-11-14,0.0
2009-11-15,0.0
2009-11-16,0.0
2009-11-17,0.0
2009-11-18,0.0
2009-11-19,0.0
2009-11-20,0.0
2009-11-21,0.0
2009-11-22,0.0
2009-11-23,0.0
2009-11-24,0.0
2009-11-25,0.0
2009-11-26,0.0
2009-11-27,0.0
2009-11-28,0.0
2009-11-29,0.0
2009-11-30,0.0
2009-12-01,0.0
2009-12-02,0.0
2009-12-03,0.0
2009-12-04,0.0
2009-12-05,0.0
2009-12-06,1.0
2009-12-07,0.0
2009-12-08,1.0
2009-12-09,6.0
2009-12-10,0.0
2009-12-11,0.0
2009-12-12,0.0
2009-12-13,0.0
2009-12-14,0.0
2009-12-15,0.0
2009-12-16,0.0
2009-12-17,2.0
2009-12-18,0.0
2009-12-19,0.0
2009-12-20,0.0
2009-12-21,0.0
2009-12-22,0.0
2009-12-23,0.0
2009-12-24,0.0
2009-12-25,0.0
2009-12-26,0.0
2009-12-27,0.0
2009-12-28,0.0
2009-12-29,0.0
2009-12-30,0.0
2009-12-31,0.0
2010-01-01,0.0
2010-01-02,0.0
2010-01-03,0.0
2010-01-04,0.0
2010-01-05,0.0
2010-01-06,0.0
2010-01-07,0.0
2010-01-08,0.0
2010-01-09,0.0
2010-01-10,0.0
2010-01-11,0.0
2010-01-12,2.0
2010-01-13,0.0
2010-01-14,2.0
2010-01-15,0.0
2010-01-16,0.0
2010-01-17,0.0
2010-01-18,0.0
2010-01-19,0.0
2010-01-20,0.0
2010-01-21,6.0
2010-01-22,4.0
2010-01-23,0.0
2010-01-24,0.0
2010-01-25,9.0
2010-01-26,6.0
2010-01-27,11.0
2010-01-28,10.0
2010-01-29,14.0
2010-01-30,0.0
2010-01-31,9.0
2010-02-01,9.0
2010-02-02,3.0
2010-02-03,0.0
2010-02-04,16.0
2010-02-05,6.0
2010-02-06,1.0
2010-02-07,4.0
2010-02-08,18.0
2010-02-09,7.0
2010-02-10,4.0
2010-02-11,6.0
2010-02-12,6.0
2010-02-13,3.0
2010-02-14,15.0
2010-02-15,16.0
2010-02-16,6.0
2010-02-17,5.0
2010-02-18,9.0
2010-02-19,2.0
2010-02-20,3.0
2010-02-21,11.0
2010-02-22,13.0
2010-02-23,1.0
2010-02-24,3.0
2010-02-25,1.0
2010-02-26,2.0
2010-02-27,1.0
2010-02-28,0.0
2010-03-01,7.0
2010-03-02,9.0
2010-03-03,6.0
2010-03-04,0.0
2010-03-05,0.0
2010-03-06,1.0
2010-03-07,9.0
2010-03-08,0.0
2010-03-09,0.0
2010-03-10,2.0
2010-03-11,0.0
2010-03-12,0.0
2010-03-13,0.0
2010-03-14,2.0
2010-03-15,1.0
2010-03-16,0.0
2010-03-17,0.0
2010-03-18,4.0
2010-03-19,1.0
2010-03-20,6.0
2010-03-21,5.0
2010-03-22,2.0
2010-03-23,7.0
2010-03-24,11.0
2010-03-25,12.0
2010-03-26,15.0
2010-03-27,6.0
2010-03-28,5.0
2010-03-29,6.0
2010-03-30,7.0
2010-03-31,3.0
2010-04-01,11.0
2010-04-02,5.0
2010-04-03,1.0
2010-04-04,8.0
2010-04-05,17.0
2010-04-06,9.0
2010-04-07,8.0
2010-04-08,4.0
2010-04-09,15.0
2010-04-10,35.0
2010-04-11,45.0
2010-04-12,51.0
2010-04-13,10.0
2010-04-14,22.0
2010-04-15,30.0
2010-04-16,27.0
2010-04-17,20.0
2010-04-18,98.0
2010-04-19,44.0
2010-04-20,37.0
2010-04-21,39.0
2010-04-22,26.0
2010-04-23,23.0
2010-04-24,36.0
2010-04-25,28.0
2010-04-26,35.0
2010-04-27,29.0
2010-04-28,42.0
2010-04-29,25.0
2010-04-30,14.0
2010-05-01,20.0
2010-05-02,15.0
2010-05-03,14.0
2010-05-04,23.0
2010-05-05,21.0
2010-05-06,13.0
2010-05-07,16.0
2010-05-08,12.0
2010-05-09,26.0
2010-05-10,7.0
2010-05-11,2.0
2010-05-12,4.0
2010-05-13,1.0
2010-05-14,8.0
2010-05-15,1.0
2010-05-16,4.0
2010-05-17,5.0
2010-05-18,43.0
2010-05-19,47.0
2010-05-20,35.0
2010-05-21,67.0
2010-05-22,38.0
2010-05-23,88.0
2010-05-24,67.0
2010-05-25,56.0
2010-05-26,62.0
2010-05-27,77.0
2010-05-28,47.0
2010-05-29,69.0
2010-05-30,20.0
2010-05-31,20.0
2010-06-01,19.0
2010-06-02,13.0
2010-06-03,29.0
2010-06-04,12.0
2010-06-05,16.0
2010-06-06,30.0
2010-06-07,21.0
2010-06-08,42.0
2010-06-09,42.0
2010-06-10,29.0
2010-06-11,31.0
2010-06-12,44.0
2010-06-13,47.0
2010-06-14,56.0
2010-06-15,48.0
2010-06-16,31.0
2010-06-17,17.0
2010-06-18,28.0
2010-06-19,46.0
2010-06-20,33.0
2010-06-21,34.0
2010-06-22,30.0
2010-06-23,49.0
2010-06-24,27.0
2010-06-25,24.0
2010-06-26,19.0
2010-06-27,31.0
2010-06-28,58.0
2010-06-29,69.0
2010-06-30,92.0
2010-07-01,74.0
2010-07-02,61.0
2010-07-03,67.0
2010-07-04,46.0
2010-07-05,58.0
2010-07-06,38.0
2010-07-07,22.0
2010-07-08,22.0
2010-07-09,63.0
2010-07-10,39.0
2010-07-11,57.0
2010-07-12,242.0
2010-07-13,349.0
2010-07-14,267.0
2010-07-15,1061.0
2010-07-16,282.0
2010-07-17,72.0
2010-07-18,73.0
2010-07-19,84.0
2010-07-20,253.0
2010-07-21,94.0
2010-07-22,73.0
2010-07-23,79.0
2010-07-24,370.0
2010-07-25,1471.0
2010-07-26,98.0
2010-07-27,83.0
2010-07-28,70.0
2010-07-29,72.0
2010-07-30,73.0
2010-07-31,61.0
2010-08-01,78.0
2010-08-02,94.0
2010-08-03,98.0
2010-08-04,98.0
2010-08-05,215.0
2010-08-06,78.0
2010-08-07,52.0
2010-08-08,88.0
2010-08-09,93.0
2010-08-10,74.0
2010-08-11,120.0
2010-08-12,76.0
2010-08-13,127.0
2010-08-14,117.0
2010-08-15,109.0
2010-08-16,86.0
2010-08-17,81.0
2010-08-18,89.0
2010-08-19,73.0
2010-08-20,115.0
2010-08-21,99.0
2010-08-22,85.0
2010-08-23,118.0
2010-08-24,107.0
2010-08-25,95.0
2010-08-26,110.0
2010-08-27,69.0
2010-08-28,67.0
2010-08-29,42.0
2010-08-30,61.0
2010-08-31,164.0
2010-09-01,82.0
2010-09-02,74.0
2010-09-03,49.0
2010-09-04,70.0
2010-09-05,70.0
2010-09-06,70.0
2010-09-07,46.0
2010-09-08,70.0
2010-09-09,72.0
2010-09-10,69.0
2010-09-11,53.0
2010-09-12,92.0
2010-09-13,119.0
2010-09-14,86.0
2010-09-15,152.0
2010-09-16,137.0
2010-09-17,130.0
2010-09-18,113.0
2010-09-19,118.0
2010-09-20,156.0
2010-09-21,293.0
2010-09-22,277.0
2010-09-23,213.0
2010-09-24,184.0
2010-09-25,153.0
2010-09-26,169.0
2010-09-27,245.0
2010-09-28,157.0
2010-09-29,505.0
2010-09-30,60.0
2010-10-01,48.0
2010-10-02,143.0
2010-10-03,110.0
2010-10-04,125.0
2010-10-05,115.0
2010-10-06,103.0
2010-10-07,113.0
2010-10-08,119.0
2010-10-09,141.0
2010-10-10,124.0
2010-10-11,82.0
2010-10-12,87.0
2010-10-13,92.0
2010-10-14,127.0
2010-10-15,41.0
2010-10-16,110.0
2010-10-17,149.0
2010-10-18,200.0
2010-10-19,305.0
2010-10-20,286.0
2010-10-21,197.0
2010-10-22,194.0
2010-10-23,146.0
2010-10-24,170.0
2010-10-25,102.0
2010-10-26,89.0
2010-10-27,127.0
2010-10-28,101.0
2010-10-29,152.0
2010-10-30,94.0
2010-10-31,87.0
2010-11-01,107.0
2010-11-02,75.0
2010-11-03,104.0
2010-11-04,98.0
2010-11-05,161.0
2010-11-06,129.0
2010-11-07,167.0
2010-11-08,208.0
2010-11-09,147.0
2010-11-10,112.0
2010-11-11,123.0
2010-11-12,65.0
2010-11-13,79.0
2010-11-14,154.0
2010-11-15,391.0
2010-11-16,568.0
2010-11-17,145.0
2010-11-18,96.0
2010-11-19,94.0
2010-11-20,116.0
2010-11-21,220.0
2010-11-22,94.0
2010-11-23,109.0
2010-11-24,602.0
2010-11-25,4453.0
2010-11-26,370.0
2010-11-27,131.0
2010-11-28,103.0
2010-11-29,145.0
2010-11-30,130.0
2010-12-01,140.0
2010-12-02,117.0
2010-12-03,101.0
2010-12-04,99.0
2010-12-05,97.0
2010-12-06,96.0
2010-12-07,147.0
2010-12-08,125.0
2010-12-09,133.0
2010-12-10,70.0
2010-12-11,114.0
2010-12-12,105.0
2010-12-13,122.0
2010-12-14,123.0
2010-12-15,178.0
2010-12-16,122.0
2010-12-17,107.0
2010-12-18,89.0
2010-12-19,123.0
2010-12-20,144.0
2010-12-21,137.0
2010-12-22,134.0
2010-12-23,127.0
2010-12-24,109.0
2010-12-25,81.0
2010-12-26,117.0
2010-12-27,108.0
2010-12-28,161.0
2010-12-29,145.0
2010-12-30,135.0
2010-12-31,148.0
2011-01-01,245.0
2011-01-02,205.0
2011-01-03,460.0
2011-01-04,446.0
2011-01-05,735.0
2011-01-06,271.0
2011-01-07,294.0
2011-01-08,784.0
2011-01-09,696.0
2011-01-10,780.0
2011-01-11,782.0
2011-01-12,706.0
2011-01-13,727.0
2011-01-14,801.0
2011-01-15,449.0
2011-01-16,458.0
2011-01-17,311.0
2011-01-18,373.0
2011-01-19,390.0
2011-01-20,386.0
2011-01-21,640.0
2011-01-22,898.0
2011-01-23,657.0
2011-01-24,836.0
2011-01-25,422.0
2011-01-26,508.0
2011-01-27,412.0
2011-01-28,605.0
2011-01-29,938.0
2011-01-30,1696.0
2011-01-31,993.0
2011-02-01,667.0
2011-02-02,536.0
2011-02-03,475.0
2011-02-04,478.0
2011-02-05,521.0
2011-02-06,541.0
2011-02-07,558.0
2011-02-08,473.0
2011-02-09,606.0
2011-02-10,952.0
2011-02-11,873.0
2011-02-12,772.0
2011-02-13,888.0
2011-02-14,934.0
2011-02-15,1039.0
2011-02-16,895.0
2011-02-17,974.0
2011-02-18,982.0
2011-02-19,763.0
2011-02-20,870.0
2011-02-21,864.0
2011-02-22,885.0
2011-02-23,603.0
2011-02-24,593.0
2011-02-25,551.0
2011-02-26,638.0
2011-02-27,755.0
2011-02-28,706.0
2011-03-01,957.0
2011-03-02,905.0
2011-03-03,772.0
2011-03-04,953.0
2011-03-05,850.0
2011-03-06,861.0
2011-03-07,774.0
2011-03-08,1259.0
2011-03-09,724.0
2011-03-10,812.0
2011-03-11,902.0
2011-03-12,1264.0
2011-03-13,1428.0
2011-03-14,1419.0
2011-03-15,1712.0
2011-03-16,1806.0
2011-03-17,1609.0
2011-03-18,1283.0
2011-03-19,1730.0
2011-03-20,1783.0
2011-03-21,2952.0
2011-03-22,1123.0
2011-03-23,1392.0
2011-03-24,945.0
2011-03-25,897.0
2011-03-26,1084.0
2011-03-27,1413.0
2011-03-28,1493.0
2011-03-29,970.0
2011-03-30,887.0
2011-03-31,888.0
2011-04-01,785.0
2011-04-02,769.0
2011-04-03,674.0
2011-04-04,957.0
2011-04-05,957.0
2011-04-06,994.0
2011-04-07,788.0
2011-04-08,885.0
2011-04-09,864.0
2011-04-10,935.0
2011-04-11,965.0
2011-04-12,1081.0
2011-04-13,1064.0
2011-04-14,1032.0
2011-04-15,1084.0
2011-04-16,1053.0
2011-04-17,1244.0
2011-04-18,1472.0
2011-04-19,1417.0
2011-04-20,1562.0
2011-04-21,1008.0
2011-04-22,1183.0
2011-04-23,1138.0
2011-04-24,1472.0
2011-04-25,1416.0
2011-04-26,1521.0
2011-04-27,3264.0
2011-04-28,1755.0
2011-04-29,1742.0
2011-04-30,2311.0
2011-05-01,2291.0
2011-05-02,1548.0
2011-05-03,1643.0
2011-05-04,1633.0
2011-05-05,1909.0
2011-05-06,1861.0
2011-05-07,1571.0
2011-05-08,1598.0
2011-05-09,1983.0
2011-05-10,1992.0
2011-05-11,1838.0
2011-05-12,2066.0
2011-05-13,2785.0
2011-05-14,2479.0
2011-05-15,2250.0
2011-05-16,2909.0
2011-05-17,2525.0
2011-05-18,2970.0
2011-05-19,3164.0
2011-05-20,2504.0
2011-05-21,2423.0
2011-05-22,2493.0
2011-05-23,2949.0
2011-05-24,2758.0
2011-05-25,3088.0
2011-05-26,3572.0
2011-05-27,2331.0
2011-05-28,2306.0
2011-05-29,2353.0
2011-05-30,2635.0
2011-05-31,3271.0
2011-06-01,2830.0
2011-06-02,3775.0
2011-06-03,4385.0
2011-06-04,4327.0
2011-06-05,3857.0
2011-06-06,5131.0
2011-06-07,4163.0
2011-06-08,6204.0
2011-06-09,5471.0
2011-06-10,5205.0
2011-06-11,4534.0
2011-06-12,6125.0
2011-06-13,5484.0
2011-06-14,6273.0
2011-06-15,6286.0
2011-06-16,5854.0
2011-06-17,5713.0
2011-06-18,5745.0
2011-06-19,5692.0
2011-06-20,4651.0
2011-06-21,4414.0
2011-06-22,4276.0
2011-06-23,3977.0
2011-06-24,4496.0
2011-06-25,4390.0
2011-06-26,4067.0
2011-06-27,5544.0
2011-06-28,5073.0
2011-06-29,3940.0
2011-06-30,4349.0
2011-07-01,4286.0
2011-07-02,3719.0
2011-07-03,4070.0
2011-07-04,4236.0
2011-07-05,4313.0
2011-07-06,5507.0
2011-07-07,4181.0
2011-07-08,3709.0
2011-07-09,3953.0
2011-07-10,3748.0
2011-07-11,4852.0
2011-07-12,4103.0
2011-07-13,3916.0
2011-07-14,3933.0
2011-07-15,3513.0
2011-07-16,4227.0
2011-07-17,3687.0
2011-07-18,4359.0
2011-07-19,4907.0
2011-07-20,4606.0
2011-07-21,4610.0
2011-07-22,4238.0
2011-07-23,3726.0
2011-07-24,3844.0
2011-07-25,4585.0
2011-07-26,4677.0
2011-07-27,3662.0
2011-07-28,3413.0
2011-07-29,3070.0
2011-07-30,2680.0
2011-07-31,3108.0
2011-08-01,3711.0
2011-08-02,4314.0
2011-08-03,3887.0
2011-08-04,4528.0
2011-08-05,3327.0
2011-08-06,3932.0
2011-08-07,3194.0
2011-08-08,3308.0
2011-08-09,4605.0
2011-08-10,4927.0
2011-08-11,4195.0
2011-08-12,4035.0
2011-08-13,4263.0
2011-08-14,4372.0
2011-08-15,4632.0
2011-08-16,4838.0
2011-08-17,4647.0
2011-08-18,3840.0
2011-08-19,4022.0
2011-08-20,3482.0
2011-08-21,3691.0
2011-08-22,3688.0
2011-08-23,3473.0
2011-08-24,3493.0
2011-08-25,3469.0
2011-08-26,3897.0
2011-08-27,3829.0
2011-08-28,3138.0
2011-08-29,4123.0
2011-08-30,4197.0
2011-08-31,4156.0
2011-09-01,3768.0
2011-09-02,3182.0
2011-09-03,3034.0
2011-09-04,3326.0
2011-09-05,3473.0
2011-09-06,3721.0
2011-09-07,3462.0
2011-09-08,2674.0
2011-09-09,3883.0
2011-09-10,3174.0
2011-09-11,3648.0
2011-09-12,4123.0
2011-09-13,3427.0
2011-09-14,3140.0
2011-09-15,3534.0
2011-09-16,3276.0
2011-09-17,3350.0
2011-09-18,3501.0
2011-09-19,4028.0
2011-09-20,4386.0
2011-09-21,5018.0
2011-09-22,3828.0
2011-09-23,3378.0
2011-09-24,4096.0
2011-09-25,3044.0
2011-09-26,2873.0
2011-09-27,3275.0
2011-09-28,3194.0
2011-09-29,3362.0
2011-09-30,3435.0
2011-10-01,3016.0
2011-10-02,3052.0
2011-10-03,3398.0
2011-10-04,3602.0
2011-10-05,3407.0
2011-10-06,3497.0
2011-10-07,3321.0
2011-10-08,2935.0
2011-10-09,2692.0
2011-10-10,3284.0
2011-10-11,3624.0
2011-10-12,3614.0
2011-10-13,2930.0
2011-10-14,3295.0
2011-10-15,3126.0
2011-10-16,3045.0
2011-10-17,3489.0
2011-10-18,2904.0
2011-10-19,2989.0
2011-10-20,2486.0
2011-10-21,2830.0
2011-10-22,3001.0
2011-10-23,3367.0
2011-10-24,4027.0
2011-10-25,3459.0
2011-10-26,3597.0
2011-10-27,3236.0
2011-10-28,3915.0
2011-10-29,4502.0
2011-10-30,3872.0
2011-10-31,3469.0
2011-11-01,3627.0
2011-11-02,3840.0
2011-11-03,4468.0
2011-11-04,4662.0
2011-11-05,4477.0
2011-11-06,3510.0
2011-11-07,3745.0
2011-11-08,4825.0
2011-11-09,4646.0
2011-11-10,5393.0
2011-11-11,4224.0
2011-11-12,3970.0
2011-11-13,3670.0
2011-11-14,4764.0
2011-11-15,5390.0
2011-11-16,5747.0
2011-11-17,4194.0
2011-11-18,4147.0
2011-11-19,3681.0
2011-11-20,3665.0
2011-11-21,3631.0
2011-11-22,4227.0
2011-11-23,4067.0
2011-11-24,4204.0
2011-11-25,3516.0
2011-11-26,3692.0
2011-11-27,3790.0
2011-11-28,4889.0
2011-11-29,5657.0
2011-11-30,5871.0
2011-12-01,4812.0
2011-12-02,4511.0
2011-12-03,4045.0
2011-12-04,3754.0
2011-12-05,4491.0
2011-12-06,5514.0
2011-12-07,4416.0
2011-12-08,4315.0
2011-12-09,3904.0
2011-12-10,3709.0
2011-12-11,3309.0
2011-12-12,3096.0
2011-12-13,3320.0
2011-12-14,3561.0
2011-12-15,2939.0
2011-12-16,3100.0
2011-12-17,3079.0
2011-12-18,2600.0
2011-12-19,3656.0
2011-12-20,4367.0
2011-12-21,3348.0
2011-12-22,3322.0
2011-12-23,3483.0
2011-12-24,2775.0
2011-12-25,3125.0
2011-12-26,3370.0
2011-12-27,3666.0
2011-12-28,3036.0
2011-12-29,3387.0
2011-12-30,3043.0
2011-12-31,3293.0
2012-01-01,2990.0
2012-01-02,3479.0
2012-01-03,3445.0
2012-01-04,3487.0
2012-01-05,4411.0
2012-01-06,4272.0
2012-01-07,3394.0
2012-01-08,3828.0
2012-01-09,3758.0
2012-01-10,4030.0
2012-01-11,4398.0
2012-01-12,4219.0
2012-01-13,4495.0
2012-01-14,4060.0
2012-01-15,4241.0
2012-01-16,4292.0
2012-01-17,4034.0
2012-01-18,4579.0
2012-01-19,4183.0
2012-01-20,4180.0
2012-01-21,3842.0
2012-01-22,3351.0
2012-01-23,3503.0
2012-01-24,4726.0
2012-01-25,5492.0
2012-01-26,4413.0
2012-01-27,4218.0
2012-01-28,3679.0
2012-01-29,4168.0
2012-01-30,4139.0
2012-01-31,5056.0
2012-02-01,4808.0
2012-02-02,4777.0
2012-02-03,4536.0
2012-02-04,4787.0
2012-02-05,4402.0
2012-02-06,3928.0
2012-02-07,4352.0
2012-02-08,4256.0
2012-02-09,4215.0
2012-02-10,4545.0
2012-02-11,3758.0
2012-02-12,3858.0
2012-02-13,4608.0
2012-02-14,5339.0
2012-02-15,4744.0
2012-02-16,4843.0
2012-02-17,3585.0
2012-02-18,3368.0
2012-02-19,3220.0
2012-02-20,3197.0
2012-02-21,3761.0
2012-02-22,3923.0
2012-02-23,4542.0
2012-02-24,4119.0
2012-02-25,3874.0
2012-02-26,3505.0
2012-02-27,3918.0
2012-02-28,4374.0
2012-02-29,4191.0
2012-03-01,3898.0
2012-03-02,4881.0
2012-03-03,2846.0
2012-03-04,3784.0
2012-03-05,4375.0
2012-03-06,3950.0
2012-03-07,3940.0
2012-03-08,4252.0
2012-03-09,4274.0
2012-03-10,3242.0
2012-03-11,3161.0
2012-03-12,3693.0
2012-03-13,4306.0
2012-03-14,4118.0
2012-03-15,3758.0
2012-03-16,3644.0
2012-03-17,3986.0
2012-03-18,3105.0
2012-03-19,3378.0
2012-03-20,3477.0
2012-03-21,3890.0
2012-03-22,3798.0
2012-03-23,3397.0
2012-03-24,3141.0
2012-03-25,3426.0
2012-03-26,3460.0
2012-03-27,3771.0
2012-03-28,4205.0
2012-03-29,4291.0
2012-03-30,3821.0
2012-03-31,3450.0
2012-04-01,3127.0
2012-04-02,3773.0
2012-04-03,4153.0
2012-04-04,4151.0
2012-04-05,3762.0
2012-04-06,4096.0
2012-04-07,3520.0
2012-04-08,3498.0
2012-04-09,3696.0
2012-04-10,5043.0
2012-04-11,4778.0
2012-04-12,4798.0
2012-04-13,4174.0
2012-04-14,4534.0
2012-04-15,4043.0
2012-04-16,4949.0
2012-04-17,4929.0
2012-04-18,5616.0
2012-04-19,4666.0
2012-04-20,5220.0
2012-04-21,4535.0
2012-04-22,3833.0
2012-04-23,4037.0
2012-04-24,4422.0
2012-04-25,4488.0
2012-04-26,6205.0
2012-04-27,4597.0
2012-04-28,4046.0
2012-04-29,4073.0
2012-04-30,4993.0
2012-05-01,5432.0
2012-05-02,5862.0
2012-05-03,6901.0
2012-05-04,7323.0
2012-05-05,6227.0
2012-05-06,6622.0
2012-05-07,8449.0
2012-05-08,8377.0
2012-05-09,8610.0
2012-05-10,7315.0
2012-05-11,7871.0
2012-05-12,7146.0
2012-05-13,6947.0
2012-05-14,9146.0
2012-05-15,9270.0
2012-05-16,10909.0
2012-05-17,9504.0
2012-05-18,11004.0
2012-05-19,12282.0
2012-05-20,11496.0
2012-05-21,13065.0
2012-05-22,13453.0
2012-05-23,14771.0
2012-05-24,14600.0
2012-05-25,13379.0
2012-05-26,12193.0
2012-05-27,11244.0
2012-05-28,11915.0
2012-05-29,12774.0
2012-05-30,12607.0
2012-05-31,11483.0
2012-06-01,10804.0
2012-06-02,6475.0
2012-06-03,12907.0
2012-06-04,16861.0
2012-06-05,16360.0
2012-06-06,9292.0
2012-06-07,15975.0
2012-06-08,14792.0
2012-06-09,15901.0
2012-06-10,15704.0
2012-06-11,16915.0
2012-06-12,18847.0
2012-06-13,43472.0
2012-06-14,54973.0
2012-06-15,33996.0
2012-06-16,28847.0
2012-06-17,22663.0
2012-06-18,24323.0
2012-06-19,24137.0
2012-06-20,22411.0
2012-06-21,17678.0
2012-06-22,14508.0
2012-06-23,13267.0
2012-06-24,12759.0
2012-06-25,15331.0
2012-06-26,16881.0
2012-06-27,16249.0
2012-06-28,15920.0
2012-06-29,12621.0
2012-06-30,12937.0
2012-07-01,10322.0
2012-07-02,12221.0
2012-07-03,13081.0
2012-07-04,12924.0
2012-07-05,11561.0
2012-07-06,12243.0
2012-07-07,12812.0
2012-07-08,9731.0
2012-07-09,12053.0
2012-07-10,17070.0
2012-07-11,18362.0
2012-07-12,17056.0
2012-07-13,15336.0
2012-07-14,14358.0
2012-07-15,13838.0
2012-07-16,16861.0
2012-07-17,18558.0
2012-07-18,16951.0
2012-07-19,15922.0
2012-07-20,20548.0
2012-07-21,19119.0
2012-07-22,18678.0
2012-07-23,18360.0
2012-07-24,15785.0
2012-07-25,15396.0
2012-07-26,15804.0
2012-07-27,13733.0
2012-07-28,17818.0
2012-07-29,19174.0
2012-07-30,21793.0
2012-07-31,26859.0
2012-08-01,20463.0
2012-08-02,18693.0
2012-08-03,14717.0
2012-08-04,14530.0
2012-08-05,17424.0
2012-08-06,18668.0
2012-08-07,14632.0
2012-08-08,17588.0
2012-08-09,16957.0
2012-08-10,13858.0
2012-08-11,14351.0
2012-08-12,15735.0
2012-08-13,21632.0
2012-08-14,19236.0
2012-08-15,27562.0
2012-08-16,26623.0
2012-08-17,24385.0
2012-08-18,20431.0
2012-08-19,19254.0
2012-08-20,17688.0
2012-08-21,18898.0
2012-08-22,19417.0
2012-08-23,15042.0
2012-08-24,17140.0
2012-08-25,17002.0
2012-08-26,13226.0
2012-08-27,16663.0
2012-08-28,17245.0
2012-08-29,18517.0
2012-08-30,16258.0
2012-08-31,23607.0
2012-09-01,21475.0
2012-09-02,16066.0
2012-09-03,16724.0
2012-09-04,20415.0
2012-09-05,21080.0
2012-09-06,21096.0
2012-09-07,17998.0
2012-09-08,16989.0
2012-09-09,17587.0
2012-09-10,19422.0
2012-09-11,22370.0
2012-09-12,17206.0
2012-09-13,16889.0
2012-09-14,22098.0
2012-09-15,17317.0
2012-09-16,17173.0
2012-09-17,14415.0
2012-09-18,20896.0
2012-09-19,21614.0
2012-09-20,21807.0
2012-09-21,17251.0
2012-09-22,14232.0
2012-09-23,15916.0
2012-09-24,16767.0
2012-09-25,16056.0
2012-09-26,25492.0
2012-09-27,16139.0
2012-09-28,18556.0
2012-09-29,14690.0
2012-09-30,14206.0
2012-10-01,16334.0
2012-10-02,22788.0
2012-10-03,22008.0
2012-10-04,21044.0
2012-10-05,22581.0
2012-10-06,17359.0
2012-10-07,20232.0
2012-10-08,20938.0
2012-10-09,23178.0
2012-10-10,20637.0
2012-10-11,17571.0
2012-10-12,17191.0
2012-10-13,20404.0
2012-10-14,17997.0
2012-10-15,20575.0
2012-10-16,20372.0
2012-10-17,21620.0
2012-10-18,21777.0
2012-10-19,17561.0
2012-10-20,19885.0
2012-10-21,21565.0
2012-10-22,21479.0
2012-10-23,22413.0
2012-10-24,22585.0
2012-10-25,18019.0
2012-10-26,16852.0
2012-10-27,11797.0
2012-10-28,11561.0
2012-10-29,14476.0
2012-10-30,18460.0
2012-10-31,18967.0
2012-11-01,16476.0
2012-11-02,17543.0
2012-11-03,15685.0
2012-11-04,16786.0
2012-11-05,19586.0
2012-11-06,18544.0
2012-11-07,19336.0
2012-11-08,19240.0
2012-11-09,16915.0
2012-11-10,16378.0
2012-11-11,13254.0
2012-11-12,13303.0
2012-11-13,14500.0
2012-11-14,17098.0
2012-11-15,21693.0
2012-11-16,23142.0
2012-11-17,22587.0
2012-11-18,21267.0
2012-11-19,21255.0
2012-11-20,21647.0
2012-11-21,24199.0
2012-11-22,20562.0
2012-11-23,22839.0
2012-11-24,18719.0
2012-11-25,22274.0
2012-11-26,19261.0
2012-11-27,18275.0
2012-11-28,21292.0
2012-11-29,18175.0
2012-11-30,16733.0
2012-12-01,16525.0
2012-12-02,12837.0
2012-12-03,13230.0
2012-12-04,17252.0
2012-12-05,18704.0
2012-12-06,20182.0
2012-12-07,16878.0
2012-12-08,16832.0
2012-12-09,18387.0
2012-12-10,26812.0
2012-12-11,20749.0
2012-12-12,19671.0
2012-12-13,21914.0
2012-12-14,23978.0
2012-12-15,18106.0
2012-12-16,19613.0
2012-12-17,20416.0
2012-12-18,28137.0
2012-12-19,23356.0
2012-12-20,19464.0
2012-12-21,21832.0
2012-12-22,28311.0
2012-12-23,20063.0
2012-12-24,20225.0
2012-12-25,15105.0
2012-12-26,20243.0
2012-12-27,21873.0
2012-12-28,26324.0
2012-12-29,22324.0
2012-12-30,19415.0
2012-12-31,17125.0
2013-01-01,15761.0
2013-01-02,19305.0
2013-01-03,18802.0
2013-01-04,23433.0
2013-01-05,21203.0
2013-01-06,19196.0
2013-01-07,21102.0
2013-01-08,24461.0
2013-01-09,24044.0
2013-01-10,29204.0
2013-01-11,28497.0
2013-01-12,25277.0
2013-01-13,26414.0
2013-01-14,19963.0
2013-01-15,24005.0
2013-01-16,32070.0
2013-01-17,29943.0
2013-01-18,30946.0
2013-01-19,26979.0
2013-01-20,23183.0
2013-01-21,23158.0
2013-01-22,23357.0
2013-01-23,24717.0
2013-01-24,25813.0
2013-01-25,26662.0
2013-01-26,29042.0
2013-01-27,27473.0
2013-01-28,25591.0
2013-01-29,25272.0
2013-01-30,23055.0
2013-01-31,25701.0
2013-02-01,33983.0
2013-02-02,31438.0
2013-02-03,34641.0
2013-02-04,31560.0
2013-02-05,31021.0
2013-02-06,27026.0
2013-02-07,36756.0
2013-02-08,39851.0
2013-02-09,37328.0
2013-02-10,34163.0
2013-02-11,34854.0
2013-02-12,35152.0
2013-02-13,34338.0
2013-02-14,27747.0
2013-02-15,29556.0
2013-02-16,26343.0
2013-02-17,26455.0
2013-02-18,28089.0
2013-02-19,32263.0
2013-02-20,35715.0
2013-02-21,31150.0
2013-02-22,37084.0
2013-02-23,33874.0
2013-02-24,27844.0
2013-02-25,32678.0
2013-02-26,36129.0
2013-02-27,36036.0
2013-02-28,36107.0
2013-03-01,40903.0
2013-03-02,34351.0
2013-03-03,27163.0
2013-03-04,33655.0
2013-03-05,35250.0
2013-03-06,41951.0
2013-03-07,45184.0
2013-03-08,33564.0
2013-03-09,31106.0
2013-03-10,40984.0
2013-03-11,34087.0
2013-03-12,35915.0
2013-03-13,35346.0
2013-03-14,39623.0
2013-03-15,39988.0
2013-03-16,27939.0
2013-03-17,23389.0
2013-03-18,27429.0
2013-03-19,32650.0
2013-03-20,29385.0
2013-03-21,32152.0
2013-03-22,37748.0
2013-03-23,33936.0
2013-03-24,29088.0
2013-03-25,31633.0
2013-03-26,35017.0
2013-03-27,36306.0
2013-03-28,45491.0
2013-03-29,45734.0
2013-03-30,39139.0
2013-03-31,30306.0
2013-04-01,33663.0
2013-04-02,43249.0
2013-04-03,44085.0
2013-04-04,47490.0
2013-04-05,42357.0
2013-04-06,35197.0
2013-04-07,39553.0
2013-04-08,41706.0
2013-04-09,43496.0
2013-04-10,47709.0
2013-04-11,55044.0
2013-04-12,41887.0
2013-04-13,32589.0
2013-04-14,30927.0
2013-04-15,36007.0
2013-04-16,43358.0
2013-04-17,38316.0
2013-04-18,31328.0
2013-04-19,37787.0
2013-04-20,28274.0
2013-04-21,25202.0
2013-04-22,28938.0
2013-04-23,37964.0
2013-04-24,42731.0
2013-04-25,41715.0
2013-04-26,36488.0
2013-04-27,28684.0
2013-04-28,24748.0
2013-04-29,29854.0
2013-04-30,30852.0
2013-05-01,33491.0
2013-05-02,37313.0
2013-05-03,34880.0
2013-05-04,29386.0
2013-05-05,30452.0
2013-05-06,32566.0
2013-05-07,36797.0
2013-05-08,35247.0
2013-05-09,38964.0
2013-05-10,40075.0
2013-05-11,38805.0
2013-05-12,36365.0
2013-05-13,36388.0
2013-05-14,38941.0
2013-05-15,37622.0
2013-05-16,38415.0
2013-05-17,36997.0
2013-05-18,32122.0
2013-05-19,25997.0
2013-05-20,30485.0
2013-05-21,36188.0
2013-05-22,32462.0
2013-05-23,36890.0
2013-05-24,38784.0
2013-05-25,31299.0
2013-05-26,25746.0
2013-05-27,31030.0
2013-05-28,37226.0
2013-05-29,40733.0
2013-05-30,41009.0
2013-05-31,38722.0
2013-06-01,33675.0
2013-06-02,31705.0
2013-06-03,35245.0
2013-06-04,39915.0
2013-06-05,37910.0
2013-06-06,39500.0
2013-06-07,39198.0
2013-06-08,28907.0
2013-06-09,28638.0
2013-06-10,30266.0
2013-06-11,31847.0
2013-06-12,31861.0
2013-06-13,31935.0
2013-06-14,36806.0
2013-06-15,26288.0
2013-06-16,25388.0
2013-06-17,28489.0
2013-06-18,32617.0
2013-06-19,33836.0
2013-06-20,35466.0
2013-06-21,35470.0
2013-06-22,28693.0
2013-06-23,25033.0
2013-06-24,31293.0
2013-06-25,31075.0
2013-06-26,29549.0
2013-06-27,31412.0
2013-06-28,34369.0
2013-06-29,26578.0
2013-06-30,20639.0
2013-07-01,25822.0
2013-07-02,27551.0
2013-07-03,25436.0
2013-07-04,24763.0
2013-07-05,25399.0
2013-07-06,22768.0
2013-07-07,19014.0
2013-07-08,25681.0
2013-07-09,29475.0
2013-07-10,28105.0
2013-07-11,33544.0
2013-07-12,41021.0
2013-07-13,29461.0
2013-07-14,22244.0
2013-07-15,26342.0
2013-07-16,31601.0
2013-07-17,28945.0
2013-07-18,28290.0
2013-07-19,25505.0
2013-07-20,21536.0
2013-07-21,22348.0
2013-07-22,26497.0
2013-07-23,28602.0
2013-07-24,30642.0
2013-07-25,31255.0
2013-07-26,27465.0
2013-07-27,25945.0
2013-07-28,23605.0
2013-07-29,27415.0
2013-07-30,30669.0
2013-07-31,33726.0
2013-08-01,34431.0
2013-08-02,37037.0
2013-08-03,30873.0
2013-08-04,26832.0
2013-08-05,32065.0
2013-08-06,30529.0
2013-08-07,31994.0
2013-08-08,34378.0
2013-08-09,29065.0
2013-08-10,29440.0
2013-08-11,23139.0
2013-08-12,30413.0
2013-08-13,34534.0
2013-08-14,36383.0
2013-08-15,42210.0
2013-08-16,44023.0
2013-08-17,32587.0
2013-08-18,30561.0
2013-08-19,42563.0
2013-08-20,34249.0
2013-08-21,32095.0
2013-08-22,41904.0
2013-08-23,35123.0
2013-08-24,33024.0
2013-08-25,27145.0
2013-08-26,33169.0
2013-08-27,35797.0
2013-08-28,33161.0
2013-08-29,28611.0
2013-08-30,40425.0
2013-08-31,30808.0
2013-09-01,27935.0
2013-09-02,27272.0
2013-09-03,28006.0
2013-09-04,32709.0
2013-09-05,32744.0
2013-09-06,30664.0
2013-09-07,29294.0
2013-09-08,32742.0
2013-09-09,36178.0
2013-09-10,38168.0
2013-09-11,33906.0
2013-09-12,37174.0
2013-09-13,36344.0
2013-09-14,31840.0
2013-09-15,36336.0
2013-09-16,32298.0
2013-09-17,45614.0
2013-09-18,47322.0
2013-09-19,36928.0
2013-09-20,36006.0
2013-09-21,33387.0
2013-09-22,32376.0
2013-09-23,37552.0
2013-09-24,38124.0
2013-09-25,38832.0
2013-09-26,45804.0
2013-09-27,34994.0
2013-09-28,28635.0
2013-09-29,28326.0
2013-09-30,32351.0
2013-10-01,42868.0
2013-10-02,49453.0
2013-10-03,42045.0
2013-10-04,38043.0
2013-10-05,29829.0
2013-10-06,27057.0
2013-10-07,33547.0
2013-10-08,35429.0
2013-10-09,36158.0
2013-10-10,38398.0
2013-10-11,35466.0
2013-10-12,32694.0
2013-10-13,33007.0
2013-10-14,35579.0
2013-10-15,37720.0
2013-10-16,40459.0
2013-10-17,35428.0
2013-10-18,41362.0
2013-10-19,38571.0
2013-10-20,37344.0
2013-10-21,43388.0
2013-10-22,45439.0
2013-10-23,42067.0
2013-10-24,49482.0
2013-10-25,41504.0
2013-10-26,37494.0
2013-10-27,27889.0
2013-10-28,35743.0
2013-10-29,37718.0
2013-10-30,35592.0
2013-10-31,43657.0
2013-11-01,34490.0
2013-11-02,28336.0
2013-11-03,29032.0
2013-11-04,38604.0
2013-11-05,45620.0
2013-11-06,47261.0
2013-11-07,47366.0
2013-11-08,49351.0
2013-11-09,47119.0
2013-11-10,42740.0
2013-11-11,41374.0
2013-11-12,42285.0
2013-11-13,48584.0
2013-11-14,50869.0
2013-11-15,41778.0
2013-11-16,33788.0
2013-11-17,34954.0
2013-11-18,49689.0
2013-11-19,74299.0
2013-11-20,63745.0
2013-11-21,59735.0
2013-11-22,58641.0
2013-11-23,51072.0
2013-11-24,43178.0
2013-11-25,51152.0
2013-11-26,59082.0
2013-11-27,69284.0
2013-11-28,68138.0
2013-11-29,63055.0
2013-11-30,54511.0
2013-12-01,56905.0
2013-12-02,57952.0
2013-12-03,55493.0
2013-12-04,58702.0
2013-12-05,61644.0
2013-12-06,49129.0
2013-12-07,51249.0
2013-12-08,38660.0
2013-12-09,47807.0
2013-12-10,53058.0
2013-12-11,54766.0
2013-12-12,47687.0
2013-12-13,45254.0
2013-12-14,38684.0
2013-12-15,41128.0
2013-12-16,47128.0
2013-12-17,55305.0
2013-12-18,63512.0
2013-12-19,54955.0
2013-12-20,47102.0
2013-12-21,41127.0
2013-12-22,35695.0
2013-12-23,40828.0
2013-12-24,37110.0
2013-12-25,41987.0
2013-12-26,42708.0
2013-12-27,40552.0
2013-12-28,42770.0
2013-12-29,42028.0
2013-12-30,45727.0
2013-12-31,42929.0
2014-01-01,31768.0
2014-01-02,41655.0
2014-01-03,48603.0
2014-01-04,41939.0
2014-01-05,42052.0
2014-01-06,55876.0
2014-01-07,48963.0
2014-01-08,50382.0
2014-01-09,44454.0
2014-01-10,40518.0
2014-01-11,44678.0
2014-01-12,37344.0
2014-01-13,41064.0
2014-01-14,41950.0
2014-01-15,43871.0
2014-01-16,46951.0
2014-01-17,45192.0
2014-01-18,40915.0
2014-01-19,36589.0
2014-01-20,44795.0
2014-01-21,49335.0
2014-01-22,45979.0
2014-01-23,52460.0
2014-01-24,48496.0
2014-01-25,46381.0
2014-01-26,41498.0
2014-01-27,48286.0
2014-01-28,53300.0
2014-01-29,49211.0
2014-01-30,48611.0
2014-01-31,49400.0
2014-02-01,42363.0
2014-02-02,42437.0
2014-02-03,44453.0
2014-02-04,62877.0
2014-02-05,64046.0
2014-02-06,65456.0
2014-02-07,59901.0
2014-02-08,52280.0
2014-02-09,47028.0
2014-02-10,46993.0
2014-02-11,49384.0
2014-02-12,50776.0
2014-02-13,56245.0
2014-02-14,57487.0
2014-02-15,53799.0
2014-02-16,42720.0
2014-02-17,50527.0
2014-02-18,61814.0
2014-02-19,64692.0
2014-02-20,66661.0
2014-02-21,63061.0
2014-02-22,56635.0
2014-02-23,55338.0
2014-02-24,65543.0
2014-02-25,69505.0
2014-02-26,70379.0
2014-02-27,62472.0
2014-02-28,62393.0
2014-03-01,62196.0
2014-03-02,51945.0
2014-03-03,76943.0
2014-03-04,90547.0
2014-03-05,63702.0
2014-03-06,67383.0
2014-03-07,61954.0
2014-03-08,55316.0
2014-03-09,54656.0
2014-03-10,61297.0
2014-03-11,67606.0
2014-03-12,68546.0
2014-03-13,67135.0
2014-03-14,68280.0
2014-03-15,51611.0
2014-03-16,43932.0
2014-03-17,56290.0
2014-03-18,42517.0
2014-03-19,52988.0
2014-03-20,63178.0
2014-03-21,63109.0
2014-03-22,67025.0
2014-03-23,45354.0
2014-03-24,64155.0
2014-03-25,64135.0
2014-03-26,60994.0
2014-03-27,60466.0
2014-03-28,60386.0
2014-03-29,49095.0
2014-03-30,52795.0
2014-03-31,56078.0
2014-04-01,57441.0
2014-04-02,53535.0
2014-04-03,55282.0
2014-04-04,56143.0
2014-04-05,47031.0
2014-04-06,47861.0
2014-04-07,57693.0
2014-04-08,65766.0
2014-04-09,61192.0
2014-04-10,60478.0
2014-04-11,61876.0
2014-04-12,45363.0
2014-04-13,41405.0
2014-04-14,55751.0
2014-04-15,66096.0
2014-04-16,76168.0
2014-04-17,63685.0
2014-04-18,58351.0
2014-04-19,51081.0
2014-04-20,49383.0
2014-04-21,53907.0
2014-04-22,71462.0
2014-04-23,61837.0
2014-04-24,68546.0
2014-04-25,63667.0
2014-04-26,48403.0
2014-04-27,47237.0
2014-04-28,54524.0
2014-04-29,58595.0
2014-04-30,56569.0
2014-05-01,54029.0
2014-05-02,53389.0
2014-05-03,52462.0
2014-05-04,48399.0
2014-05-05,61114.0
2014-05-06,64669.0
2014-05-07,63254.0
2014-05-08,57050.0
2014-05-09,56162.0
2014-05-10,47325.0
2014-05-11,53280.0
2014-05-12,65906.0
2014-05-13,63485.0
2014-05-14,64631.0
2014-05-15,62918.0
2014-05-16,63822.0
2014-05-17,49113.0
2014-05-18,44454.0
2014-05-19,61466.0
2014-05-20,67654.0
2014-05-21,67348.0
2014-05-22,70905.0
2014-05-23,65941.0
2014-05-24,53852.0
2014-05-25,49777.0
2014-05-26,57299.0
2014-05-27,63564.0
2014-05-28,61452.0
2014-05-29,56858.0
2014-05-30,62581.0
2014-05-31,51597.0
2014-06-01,49669.0
2014-06-02,58274.0
2014-06-03,63027.0
2014-06-04,58201.0
2014-06-05,59395.0
2014-06-06,57517.0
2014-06-07,44571.0
2014-06-08,48781.0
2014-06-09,51812.0
2014-06-10,62607.0
2014-06-11,55114.0
2014-06-12,61640.0
2014-06-13,57943.0
2014-06-14,45314.0
2014-06-15,46396.0
2014-06-16,56615.0
2014-06-17,58199.0
2014-06-18,56844.0
2014-06-19,60089.0
2014-06-20,53578.0
2014-06-21,49577.0
2014-06-22,45955.0
2014-06-23,56339.0
2014-06-24,54829.0
2014-06-25,51783.0
2014-06-26,53905.0
2014-06-27,52940.0
2014-06-28,45926.0
2014-06-29,47698.0
2014-06-30,62912.0
2014-07-01,64945.0
2014-07-02,62229.0
2014-07-03,63614.0
2014-07-04,56182.0
2014-07-05,46471.0
2014-07-06,51366.0
2014-07-07,59209.0
2014-07-08,68853.0
2014-07-09,63646.0
2014-07-10,55126.0
2014-07-11,52689.0
2014-07-12,48070.0
2014-07-13,46881.0
2014-07-14,52459.0
2014-07-15,58613.0
2014-07-16,57116.0
2014-07-17,56082.0
2014-07-18,55394.0
2014-07-19,51276.0
2014-07-20,46359.0
2014-07-21,59950.0
2014-07-22,64119.0
2014-07-23,56071.0
2014-07-24,61144.0
2014-07-25,55534.0
2014-07-26,46412.0
2014-07-27,52101.0
2014-07-28,58043.0
2014-07-29,51951.0
2014-07-30,56535.0
2014-07-31,60645.0
2014-08-01,58772.0
2014-08-02,46585.0
2014-08-03,47288.0
2014-08-04,58977.0
2014-08-05,71530.0
2014-08-06,71180.0
2014-08-07,62332.0
2014-08-08,59095.0
2014-08-09,47287.0
2014-08-10,50237.0
2014-08-11,60624.0
2014-08-12,61160.0
2014-08-13,63124.0
2014-08-14,61378.0
2014-08-15,61162.0
2014-08-16,51159.0
2014-08-17,49434.0
2014-08-18,55593.0
2014-08-19,59036.0
2014-08-20,58642.0
2014-08-21,61569.0
2014-08-22,58548.0
2014-08-23,46711.0
2014-08-24,48654.0
2014-08-25,58353.0
2014-08-26,55604.0
2014-08-27,60059.0
2014-08-28,53087.0
2014-08-29,52053.0
2014-08-30,51146.0
2014-08-31,45440.0
2014-09-01,56367.0
2014-09-02,63257.0
2014-09-03,58207.0
2014-09-04,56703.0
2014-09-05,58554.0
2014-09-06,49994.0
2014-09-07,52817.0
2014-09-08,60134.0
2014-09-09,66387.0
2014-09-10,58818.0
2014-09-11,53139.0
2014-09-12,54788.0
2014-09-13,51165.0
2014-09-14,61919.0
2014-09-15,64120.0
2014-09-16,71072.0
2014-09-17,60759.0
2014-09-18,58286.0
2014-09-19,59137.0
2014-09-20,51401.0
2014-09-21,53490.0
2014-09-22,64002.0
2014-09-23,69219.0
2014-09-24,69849.0
2014-09-25,74818.0
2014-09-26,66184.0
2014-09-27,61083.0
2014-09-28,71284.0
2014-09-29,64351.0
2014-09-30,66246.0
2014-10-01,68741.0
2014-10-02,60957.0
2014-10-03,68360.0
2014-10-04,81173.0
2014-10-05,63427.0
2014-10-06,62559.0
2014-10-07,67891.0
2014-10-08,63604.0
2014-10-09,66634.0
2014-10-10,65608.0
2014-10-11,54824.0
2014-10-12,61552.0
2014-10-13,62798.0
2014-10-14,65625.0
2014-10-15,63777.0
2014-10-16,60477.0
2014-10-17,59564.0
2014-10-18,52328.0
2014-10-19,63438.0
2014-10-20,67419.0
2014-10-21,64654.0
2014-10-22,60350.0
2014-10-23,63131.0
2014-10-24,63444.0
2014-10-25,63122.0
2014-10-26,61377.0
2014-10-27,70046.0
2014-10-28,71629.0
2014-10-29,68525.0
2014-10-30,66391.0
2014-10-31,63037.0
2014-11-01,52788.0
2014-11-02,63866.0
2014-11-03,71095.0
2014-11-04,65595.0
2014-11-05,73443.0
2014-11-06,70503.0
2014-11-07,63559.0
2014-11-08,55616.0
2014-11-09,62003.0
2014-11-10,76098.0
2014-11-11,68945.0
2014-11-12,73892.0
2014-11-13,74571.0
2014-11-14,70688.0
2014-11-15,58303.0
2014-11-16,68928.0
2014-11-17,71396.0
2014-11-18,70325.0
2014-11-19,70379.0
2014-11-20,69671.0
2014-11-21,66765.0
2014-11-22,56987.0
2014-11-23,67160.0
2014-11-24,68591.0
2014-11-25,72420.0
2014-11-26,69237.0
2014-11-27,66354.0
2014-11-28,70328.0
2014-11-29,65429.0
2014-11-30,83128.0
2014-12-01,81393.0
2014-12-02,78060.0
2014-12-03,75966.0
2014-12-04,73614.0
2014-12-05,71130.0
2014-12-06,70104.0
2014-12-07,67063.0
2014-12-08,89853.0
2014-12-09,77219.0
2014-12-10,71148.0
2014-12-11,72898.0
2014-12-12,70240.0
2014-12-13,63547.0
2014-12-14,73816.0
2014-12-15,87047.0
2014-12-16,87041.0
2014-12-17,82729.0
2014-12-18,88597.0
2014-12-19,91366.0
2014-12-20,77756.0
2014-12-21,63922.0
2014-12-22,79811.0
2014-12-23,77642.0
2014-12-24,63418.0
2014-12-25,54143.0
2014-12-26,62259.0
2014-12-27,68411.0
2014-12-28,75784.0
2014-12-29,74816.0
2014-12-30,72396.0
2014-12-31,65462.0
2015-01-01,49230.0
2015-01-02,64732.0
2015-01-03,71904.0
2015-01-04,69494.0
2015-01-05,75965.0
2015-01-06,76329.0
2015-01-07,74087.0
2015-01-08,81658.0
2015-01-09,85582.0
2015-01-10,87061.0
2015-01-11,76411.0
2015-01-12,74045.0
2015-01-13,89920.0
2015-01-14,85016.0
2015-01-15,89915.0
2015-01-16,84441.0
2015-01-17,81840.0
2015-01-18,77144.0
2015-01-19,85824.0
2015-01-20,83894.0
2015-01-21,84272.0
2015-01-22,75832.0
2015-01-23,82073.0
2015-01-24,73760.0
2015-01-25,97953.0
2015-01-26,95735.0
2015-01-27,89586.0
2015-01-28,75784.0
2015-01-29,76066.0
2015-01-30,76937.0
2015-01-31,90937.0
2015-02-01,76941.0
2015-02-02,79262.0
2015-02-03,90695.0
2015-02-04,76303.0
2015-02-05,76037.0
2015-02-06,73066.0
2015-02-07,70043.0
2015-02-08,94575.0
2015-02-09,86400.0
2015-02-10,86952.0
2015-02-11,85718.0
2015-02-12,84460.0
2015-02-13,122853.0
2015-02-14,125148.0
2015-02-15,112386.0
2015-02-16,93357.0
2015-02-17,105186.0
2015-02-18,97370.0
2015-02-19,76132.0
2015-02-20,84786.0
2015-02-21,97372.0
2015-02-22,77747.0
2015-02-23,89780.0
2015-02-24,85650.0
2015-02-25,82476.0
2015-02-26,80405.0
2015-02-27,79725.0
2015-02-28,105976.0
2015-03-01,85002.0
2015-03-02,86686.0
2015-03-03,91105.0
2015-03-04,84237.0
2015-03-05,89195.0
2015-03-06,86000.0
2015-03-07,77841.0
2015-03-08,83720.0
2015-03-09,92360.0
2015-03-10,92850.0
2015-03-11,84559.0
2015-03-12,85338.0
2015-03-13,83836.0
2015-03-14,82762.0
2015-03-15,71231.0
2015-03-16,89777.0
2015-03-17,82755.0
2015-03-18,84472.0
2015-03-19,90931.0
2015-03-20,86067.0
2015-03-21,80315.0
2015-03-22,85629.0
2015-03-23,91087.0
2015-03-24,79327.0
2015-03-25,79171.0
2015-03-26,88245.0
2015-03-27,82877.0
2015-03-28,75003.0
2015-03-29,78300.0
2015-03-30,87585.0
2015-03-31,90402.0
2015-04-01,96626.0
2015-04-02,89273.0
2015-04-03,80897.0
2015-04-04,84264.0
2015-04-05,77820.0
2015-04-06,92659.0
2015-04-07,89590.0
2015-04-08,88884.0
2015-04-09,91177.0
2015-04-10,90787.0
2015-04-11,90035.0
2015-04-12,72247.0
2015-04-13,94576.0
2015-04-14,85926.0
2015-04-15,85406.0
2015-04-16,78475.0
2015-04-17,82663.0
2015-04-18,85274.0
2015-04-19,84275.0
2015-04-20,87767.0
2015-04-21,86012.0
2015-04-22,87692.0
2015-04-23,89826.0
2015-04-24,93390.0
2015-04-25,81290.0
2015-04-26,85044.0
2015-04-27,87031.0
2015-04-28,87938.0
2015-04-29,88811.0
2015-04-30,88946.0
2015-05-01,77297.0
2015-05-02,88399.0
2015-05-03,74183.0
2015-05-04,85824.0
2015-05-05,91863.0
2015-05-06,84172.0
2015-05-07,87482.0
2015-05-08,90784.0
2015-05-09,79729.0
2015-05-10,78752.0
2015-05-11,93462.0
2015-05-12,92127.0
2015-05-13,86923.0
2015-05-14,84589.0
2015-05-15,82150.0
2015-05-16,87652.0
2015-05-17,75266.0
2015-05-18,85950.0
2015-05-19,88483.0
2015-05-20,85787.0
2015-05-21,83799.0
2015-05-22,85615.0
2015-05-23,79975.0
2015-05-24,86396.0
2015-05-25,87070.0
2015-05-26,92742.0
2015-05-27,87414.0
2015-05-28,92186.0
2015-05-29,91574.0
2015-05-30,101186.0
2015-05-31,91883.0
2015-06-01,113596.0
2015-06-02,117217.0
2015-06-03,103007.0
2015-06-04,101936.0
2015-06-05,90479.0
2015-06-06,93733.0
2015-06-07,74873.0
2015-06-08,90276.0
2015-06-09,100568.0
2015-06-10,116229.0
2015-06-11,109546.0
2015-06-12,102135.0
2015-06-13,98170.0
2015-06-14,87521.0
2015-06-15,110622.0
2015-06-16,110909.0
2015-06-17,116610.0
2015-06-18,103633.0
2015-06-19,141486.0
2015-06-20,100524.0
2015-06-21,84044.0
2015-06-22,177615.0
2015-06-23,126482.0
2015-06-24,90790.0
2015-06-25,92065.0
2015-06-26,91523.0
2015-06-27,98250.0
2015-06-28,91431.0
2015-06-29,107035.0
2015-06-30,101021.0
2015-07-01,204241.0
2015-07-02,130776.0
2015-07-03,114015.0
2015-07-04,97949.0
2015-07-05,118470.0
2015-07-06,130664.0
2015-07-07,191572.0
2015-07-08,154732.0
2015-07-09,143783.0
2015-07-10,123827.0
2015-07-11,126062.0
2015-07-12,134844.0
2015-07-13,162546.0
2015-07-14,101230.0
2015-07-15,90904.0
2015-07-16,95275.0
2015-07-17,86052.0
2015-07-18,84345.0
2015-07-19,122111.0
2015-07-20,97577.0
2015-07-21,97300.0
2015-07-22,101133.0
2015-07-23,90268.0
2015-07-24,91045.0
2015-07-25,79990.0
2015-07-26,97085.0
2015-07-27,104774.0
2015-07-28,102416.0
2015-07-29,113042.0
2015-07-30,91005.0
2015-07-31,106437.0
2015-08-01,100314.0
2015-08-02,83809.0
2015-08-03,98968.0
2015-08-04,92033.0
2015-08-05,106801.0
2015-08-06,99800.0
2015-08-07,95957.0
2015-08-08,86870.0
2015-08-09,80364.0
2015-08-10,97513.0
2015-08-11,95548.0
2015-08-12,103610.0
2015-08-13,100582.0
2015-08-14,99642.0
2015-08-15,87061.0
2015-08-16,82262.0
2015-08-17,98073.0
2015-08-18,110290.0
2015-08-19,106274.0
2015-08-20,104755.0
2015-08-21,99989.0
2015-08-22,96258.0
2015-08-23,91381.0
2015-08-24,114571.0
2015-08-25,111966.0
2015-08-26,106352.0
2015-08-27,104125.0
2015-08-28,106793.0
2015-08-29,98367.0
2015-08-30,89323.0
2015-08-31,110390.0
2015-09-01,104158.0
2015-09-02,97706.0
2015-09-03,121187.0
2015-09-04,91360.0
2015-09-05,106396.0
2015-09-06,98592.0
2015-09-07,105755.0
2015-09-08,113743.0
2015-09-09,105796.0
2015-09-10,98580.0
2015-09-11,98744.0
2015-09-12,94025.0
2015-09-13,96052.0
2015-09-14,111365.0
2015-09-15,109496.0
2015-09-16,108935.0
2015-09-17,111662.0
2015-09-18,117856.0
2015-09-19,98134.0
2015-09-20,97511.0
2015-09-21,113291.0
2015-09-22,112720.0
2015-09-23,102596.0
2015-09-24,103146.0
2015-09-25,104672.0
2015-09-26,93606.0
2015-09-27,97365.0
2015-09-28,113914.0
2015-09-29,118651.0
2015-09-30,122818.0
2015-10-01,114880.0
2015-10-02,117700.0
2015-10-03,98256.0
2015-10-04,98919.0
2015-10-05,114382.0
2015-10-06,122845.0
2015-10-07,116877.0
2015-10-08,120145.0
2015-10-09,109592.0
2015-10-10,113685.0
2015-10-11,92417.0
2015-10-12,118594.0
2015-10-13,116796.0
2015-10-14,115859.0
2015-10-15,131969.0
2015-10-16,135680.0
2015-10-17,143845.0
2015-10-18,115231.0
2015-10-19,133520.0
2015-10-20,147537.0
2015-10-21,146381.0
2015-10-22,132782.0
2015-10-23,138528.0
2015-10-24,137054.0
2015-10-25,135995.0
2015-10-26,126557.0
2015-10-27,135257.0
2015-10-28,152831.0
2015-10-29,154572.0
2015-10-30,154713.0
2015-10-31,150956.0
2015-11-01,142826.0
2015-11-02,161624.0
2015-11-03,162948.0
2015-11-04,193361.0
2015-11-05,180292.0
2015-11-06,170048.0
2015-11-07,130241.0
2015-11-08,115762.0
2015-11-09,154699.0
2015-11-10,150135.0
2015-11-11,149625.0
2015-11-12,141127.0
2015-11-13,132625.0
2015-11-14,130608.0
2015-11-15,139038.0
2015-11-16,144507.0
2015-11-17,139068.0
2015-11-18,146718.0
2015-11-19,136419.0
2015-11-20,132897.0
2015-11-21,139229.0
2015-11-22,120370.0
2015-11-23,126313.0
2015-11-24,135794.0
2015-11-25,139420.0
2015-11-26,142972.0
2015-11-27,138737.0
2015-11-28,139368.0
2015-11-29,125647.0
2015-11-30,178859.0
2015-12-01,149279.0
2015-12-02,153012.0
2015-12-03,151551.0
2015-12-04,145529.0
2015-12-05,163327.0
2015-12-06,142695.0
2015-12-07,176384.0
2015-12-08,169865.0
2015-12-09,174179.0
2015-12-10,166924.0
2015-12-11,155898.0
2015-12-12,161216.0
2015-12-13,141385.0
2015-12-14,201383.0
2015-12-15,172295.0
2015-12-16,183345.0
2015-12-17,167075.0
2015-12-18,172195.0
2015-12-19,169287.0
2015-12-20,149611.0
2015-12-21,190121.0
2015-12-22,183301.0
2015-12-23,171384.0
2015-12-24,166860.0
2015-12-25,130483.0
2015-12-26,157347.0
2015-12-27,132759.0
2015-12-28,139997.0
2015-12-29,161972.0
2015-12-30,143300.0
2015-12-31,148683.0
2016-01-01,112004.0
2016-01-02,151053.0
2016-01-03,138000.0
2016-01-04,159579.0
2016-01-05,170152.0
2016-01-06,156229.0
2016-01-07,187622.0
2016-01-08,189793.0
2016-01-09,171225.0
2016-01-10,148428.0
2016-01-11,177531.0
2016-01-12,176165.0
2016-01-13,171314.0
2016-01-14,180851.0
2016-01-15,179835.0
2016-01-16,208258.0
2016-01-17,211751.0
2016-01-18,201125.0
2016-01-19,171266.0
2016-01-20,203596.0
2016-01-21,196370.0
2016-01-22,215645.0
2016-01-23,187779.0
2016-01-24,173556.0
2016-01-25,195496.0
2016-01-26,207628.0
2016-01-27,188829.0
2016-01-28,201713.0
2016-01-29,188198.0
2016-01-30,173206.0
2016-01-31,157321.0
2016-02-01,170317.0
2016-02-02,233071.0
2016-02-03,168391.0
2016-02-04,164075.0
2016-02-05,186157.0
2016-02-06,191265.0
2016-02-07,196201.0
2016-02-08,208159.0
2016-02-09,206422.0
2016-02-10,195714.0
2016-02-11,188716.0
2016-02-12,175295.0
2016-02-13,166257.0
2016-02-14,161058.0
2016-02-15,186242.0
2016-02-16,183744.0
2016-02-17,205110.0
2016-02-18,171844.0
2016-02-19,195691.0
2016-02-20,187763.0
2016-02-21,193507.0
2016-02-22,195382.0
2016-02-23,215317.0
2016-02-24,189969.0
2016-02-25,205636.0
2016-02-26,179864.0
2016-02-27,169013.0
2016-02-28,166141.0
2016-02-29,198311.0
2016-03-01,232295.0
2016-03-02,232877.0
2016-03-03,189820.0
2016-03-04,188307.0
2016-03-05,169488.0
2016-03-06,155260.0
2016-03-07,154510.0
2016-03-08,160257.0
2016-03-09,161175.0
2016-03-10,157875.0
2016-03-11,149632.0
2016-03-12,129198.0
2016-03-13,144363.0
2016-03-14,165342.0
2016-03-15,169791.0
2016-03-16,161765.0
2016-03-17,177361.0
2016-03-18,167957.0
2016-03-19,140996.0
2016-03-20,164003.0
2016-03-21,197236.0
2016-03-22,165289.0
2016-03-23,158021.0
2016-03-24,159984.0
2016-03-25,143395.0
2016-03-26,134065.0
2016-03-27,135146.0
2016-03-28,165912.0
2016-03-29,164570.0
2016-03-30,175444.0
2016-03-31,167205.0
2016-04-01,172832.0
2016-04-02,158713.0
2016-04-03,154938.0
2016-04-04,171338.0
2016-04-05,186251.0
2016-04-06,183628.0
2016-04-07,171230.0
2016-04-08,173593.0
2016-04-09,156073.0
2016-04-10,134322.0
2016-04-11,171600.0
2016-04-12,175701.0
2016-04-13,178190.0
2016-04-14,178959.0
2016-04-15,176162.0
2016-04-16,154211.0
2016-04-17,155580.0
2016-04-18,178298.0
2016-04-19,185340.0
2016-04-20,185334.0
2016-04-21,172033.0
2016-04-22,174732.0
2016-04-23,147860.0
2016-04-24,157319.0
2016-04-25,172595.0
2016-04-26,190831.0
2016-04-27,183884.0
2016-04-28,187612.0
2016-04-29,198897.0
2016-04-30,176346.0
2016-05-01,147524.0
2016-05-02,182389.0
2016-05-03,181648.0
2016-05-04,177117.0
2016-05-05,181103.0
2016-05-06,171651.0
2016-05-07,152163.0
2016-05-08,141514.0
2016-05-09,167868.0
2016-05-10,177379.0
2016-05-11,180490.0
2016-05-12,178198.0
2016-05-13,164742.0
2016-05-14,181861.0
2016-05-15,159377.0
2016-05-16,197733.0
2016-05-17,197684.0
2016-05-18,220645.0
2016-05-19,202672.0
2016-05-20,170355.0
2016-05-21,138815.0
2016-05-22,158905.0
2016-05-23,171682.0
2016-05-24,207262.0
2016-05-25,201008.0
2016-05-26,176102.0
2016-05-27,184510.0
2016-05-28,179860.0
2016-05-29,150026.0
2016-05-30,193358.0
2016-05-31,183109.0
2016-06-01,199094.0
2016-06-02,186238.0
2016-06-03,193832.0
2016-06-04,166361.0
2016-06-05,151542.0
2016-06-06,181618.0
2016-06-07,184916.0
2016-06-08,180685.0
2016-06-09,189816.0
2016-06-10,188493.0
2016-06-11,167091.0
2016-06-12,179768.0
2016-06-13,213323.0
2016-06-14,168799.0
2016-06-15,196312.0
2016-06-16,214782.0
2016-06-17,212589.0
2016-06-18,186488.0
2016-06-19,178103.0
2016-06-20,191814.0
2016-06-21,231049.0
2016-06-22,197810.0
2016-06-23,219654.0
2016-06-24,208219.0
2016-06-25,198202.0
2016-06-26,164145.0
2016-06-27,174358.0
2016-06-28,182291.0
2016-06-29,178540.0
2016-06-30,183896.0
2016-07-01,172574.0
2016-07-02,167001.0
2016-07-03,137920.0
2016-07-04,165821.0
2016-07-05,187738.0
2016-07-06,178051.0
2016-07-07,183469.0
2016-07-08,182440.0
2016-07-09,158068.0
2016-07-10,134575.0
2016-07-11,171450.0
2016-07-12,185435.0
2016-07-13,170642.0
2016-07-14,188712.0
2016-07-15,174928.0
2016-07-16,149086.0
2016-07-17,138674.0
2016-07-18,174692.0
2016-07-19,178490.0
2016-07-20,186784.0
2016-07-21,179546.0
2016-07-22,178984.0
2016-07-23,170273.0
2016-07-24,147250.0
2016-07-25,192714.0
2016-07-26,198826.0
2016-07-27,192723.0
2016-07-28,189142.0
2016-07-29,191350.0
2016-07-30,151649.0
2016-07-31,170268.0
2016-08-01,185300.0
2016-08-02,194479.0
2016-08-03,199628.0
2016-08-04,183763.0
2016-08-05,178537.0
2016-08-06,151699.0
2016-08-07,147764.0
2016-08-08,188902.0
2016-08-09,178213.0
2016-08-10,205989.0
2016-08-11,211288.0
2016-08-12,192926.0
2016-08-13,148706.0
2016-08-14,137649.0
2016-08-15,167488.0
2016-08-16,211918.0
2016-08-17,208492.0
2016-08-18,195357.0
2016-08-19,198773.0
2016-08-20,169752.0
2016-08-21,149688.0
2016-08-22,188740.0
2016-08-23,196665.0
2016-08-24,181358.0
2016-08-25,185220.0
2016-08-26,192233.0
2016-08-27,168497.0
2016-08-28,136749.0
2016-08-29,175019.0
2016-08-30,217776.0
2016-08-31,196078.0
2016-09-01,197408.0
2016-09-02,179118.0
2016-09-03,164621.0
2016-09-04,142712.0
2016-09-05,189505.0
2016-09-06,196565.0
2016-09-07,197398.0
2016-09-08,183557.0
2016-09-09,182603.0
2016-09-10,153901.0
2016-09-11,134853.0
2016-09-12,172988.0
2016-09-13,204064.0
2016-09-14,183635.0
2016-09-15,188394.0
2016-09-16,150303.0
2016-09-17,181964.0
2016-09-18,153115.0
2016-09-19,179258.0
2016-09-20,197319.0
2016-09-21,184231.0
2016-09-22,179320.0
2016-09-23,172720.0
2016-09-24,158554.0
2016-09-25,143887.0
2016-09-26,185460.0
2016-09-27,189367.0
2016-09-28,184436.0
2016-09-29,201470.0
2016-09-30,206086.0
2016-10-01,167712.0
2016-10-02,151290.0
2016-10-03,220642.0
2016-10-04,202197.0
2016-10-05,209029.0
2016-10-06,220671.0
2016-10-07,208928.0
2016-10-08,182535.0
2016-10-09,153113.0
2016-10-10,162713.0
2016-10-11,219850.0
2016-10-12,209705.0
2016-10-13,196962.0
2016-10-14,207379.0
2016-10-15,188263.0
2016-10-16,153844.0
2016-10-17,174753.0
2016-10-18,204759.0
2016-10-19,160377.0
2016-10-20,222834.0
2016-10-21,189246.0
2016-10-22,173307.0
2016-10-23,145896.0
2016-10-24,169922.0
2016-10-25,180475.0
2016-10-26,141161.0
2016-10-27,230118.0
2016-10-28,199102.0
2016-10-29,171976.0
2016-10-30,146332.0
2016-10-31,180384.0
2016-11-01,193143.0
2016-11-02,205164.0
2016-11-03,208550.0
2016-11-04,191817.0
2016-11-05,187572.0
2016-11-06,166926.0
2016-11-07,208814.0
2016-11-08,233865.0
2016-11-09,216193.0
2016-11-10,207311.0
2016-11-11,191435.0
2016-11-12,171381.0
2016-11-13,176239.0
2016-11-14,207770.0
2016-11-15,219719.0
2016-11-16,211253.0
2016-11-17,221362.0
2016-11-18,227272.0
2016-11-19,192562.0
2016-11-20,194366.0
2016-11-21,202427.0
2016-11-22,193623.0
2016-11-23,206585.0
2016-11-24,236676.0
2016-11-25,232413.0
2016-11-26,206558.0
2016-11-27,174241.0
2016-11-28,218064.0
2016-11-29,231962.0
2016-11-30,213421.0
2016-12-01,198998.0
2016-12-02,220978.0
2016-12-03,242028.0
2016-12-04,182407.0
2016-12-05,215398.0
2016-12-06,232421.0
2016-12-07,237275.0
2016-12-08,213476.0
2016-12-09,206412.0
2016-12-10,197649.0
2016-12-11,164012.0
2016-12-12,196411.0
2016-12-13,213331.0
2016-12-14,204331.0
2016-12-15,215820.0
2016-12-16,218322.0
2016-12-17,180403.0
2016-12-18,172021.0
2016-12-19,211258.0
2016-12-20,223039.0
2016-12-21,235205.0
2016-12-22,230735.0
2016-12-23,220378.0
2016-12-24,187461.0
2016-12-25,137373.0
2016-12-26,174879.0
2016-12-27,215260.0
2016-12-28,217523.0
2016-12-29,222218.0
2016-12-30,222294.0
2016-12-31,183817.0
2017-01-01,140016.0
2017-01-02,226761.0
2017-01-03,230926.0
2017-01-04,237165.0
2017-01-05,208035.0
2017-01-06,238590.0
2017-01-07,214883.0
2017-01-08,181805.0
2017-01-09,185761.0
2017-01-10,250729.0
2017-01-11,218990.0
2017-01-12,213254.0
2017-01-13,192734.0
2017-01-14,190792.0
2017-01-15,173786.0
2017-01-16,201570.0
2017-01-17,233637.0
2017-01-18,227264.0
2017-01-19,233616.0
2017-01-20,223633.0
2017-01-21,202070.0
2017-01-22,181789.0
2017-01-23,172126.0
2017-01-24,176586.0
2017-01-25,218361.0
2017-01-26,256842.0
2017-01-27,205881.0
2017-01-28,185860.0
2017-01-29,200094.0
2017-01-30,200008.0
2017-01-31,241639.0
2017-02-01,293144.0
2017-02-02,193917.0
2017-02-03,202403.0
2017-02-04,228836.0
2017-02-05,220702.0
2017-02-06,182748.0
2017-02-07,216717.0
2017-02-08,222908.0
2017-02-09,243775.0
2017-02-10,230317.0
2017-02-11,200564.0
2017-02-12,184770.0
2017-02-13,210863.0
2017-02-14,231828.0
2017-02-15,219744.0
2017-02-16,232554.0
2017-02-17,240399.0
2017-02-18,223597.0
2017-02-19,184671.0
2017-02-20,222592.0
2017-02-21,202644.0
2017-02-22,215269.0
2017-02-23,216992.0
2017-02-24,253596.0
2017-02-25,225817.0
2017-02-26,225416.0
2017-02-27,207688.0
2017-02-28,217037.0
2017-03-01,216785.0
2017-03-02,231784.0
2017-03-03,223511.0
2017-03-04,216392.0
2017-03-05,214779.0
2017-03-06,210162.0
2017-03-07,234668.0
2017-03-08,251332.0
2017-03-09,234903.0
2017-03-10,235719.0
2017-03-11,229798.0
2017-03-12,194754.0
2017-03-13,207592.0
2017-03-14,249171.0
2017-03-15,232089.0
2017-03-16,237341.0
2017-03-17,233101.0
2017-03-18,227303.0
2017-03-19,224880.0
2017-03-20,225196.0
2017-03-21,229710.0
2017-03-22,255516.0
2017-03-23,225966.0
2017-03-24,219029.0
2017-03-25,200816.0
2017-03-26,190656.0
2017-03-27,191209.0
2017-03-28,245682.0
2017-03-29,235946.0
2017-03-30,247631.0
2017-03-31,218845.0
2017-04-01,237282.0
2017-04-02,213175.0
2017-04-03,224159.0
2017-04-04,206403.0
2017-04-05,271628.0
2017-04-06,255046.0
2017-04-07,259016.0
2017-04-08,190815.0
2017-04-09,221548.0
2017-04-10,203193.0
2017-04-11,269662.0
2017-04-12,238185.0
2017-04-13,192478.0
2017-04-14,220687.0
2017-04-15,234886.0
2017-04-16,191232.0
2017-04-17,202106.0
2017-04-18,229890.0
2017-04-19,248604.0
2017-04-20,213454.0
2017-04-21,268411.0
2017-04-22,207981.0
2017-04-23,199401.0
2017-04-24,186167.0
2017-04-25,226842.0
2017-04-26,244808.0
2017-04-27,229146.0
2017-04-28,229521.0
2017-04-29,249478.0
2017-04-30,211334.0
2017-05-01,210212.0
2017-05-02,222885.0
2017-05-03,215148.0
2017-05-04,252908.0
2017-05-05,192761.0
2017-05-06,238312.0
2017-05-07,222288.0
2017-05-08,257968.0
2017-05-09,225896.0
2017-05-10,215851.0
2017-05-11,211526.0
2017-05-12,237106.0
2017-05-13,222694.0
2017-05-14,216694.0
2017-05-15,238127.0
2017-05-16,185518.0
2017-05-17,207781.0
2017-05-18,222504.0
2017-05-19,250378.0
2017-05-20,233180.0
2017-05-21,211674.0
2017-05-22,206025.0
2017-05-23,263483.0
2017-05-24,229061.0
2017-05-25,241602.0
2017-05-26,224894.0
2017-05-27,227250.0
2017-05-28,214166.0
2017-05-29,198571.0
2017-05-30,220288.0
2017-05-31,234085.0
2017-06-01,237222.0
2017-06-02,217684.0
2017-06-03,220890.0
2017-06-04,200414.0
2017-06-05,213679.0
2017-06-06,225950.0
2017-06-07,258962.0
2017-06-08,265099.0
2017-06-09,220411.0
2017-06-10,197178.0
2017-06-11,179370.0
2017-06-12,179667.0
2017-06-13,217442.0
2017-06-14,211549.0
2017-06-15,230135.0
2017-06-16,207968.0
2017-06-17,181309.0
2017-06-18,162850.0
2017-06-19,185272.0
2017-06-20,205760.0
2017-06-21,221089.0
2017-06-22,202050.0
2017-06-23,185756.0
2017-06-24,180952.0
2017-06-25,140330.0
2017-06-26,191900.0
2017-06-27,225363.0
2017-06-28,226007.0
2017-06-29,189274.0
2017-06-30,216928.0
2017-07-01,175205.0
2017-07-02,142281.0
2017-07-03,186756.0
2017-07-04,216842.0
2017-07-05,192096.0
2017-07-06,193081.0
2017-07-07,209308.0
2017-07-08,185374.0
2017-07-09,144242.0
2017-07-10,174077.0
2017-07-11,215567.0
2017-07-12,208810.0
2017-07-13,193654.0
2017-07-14,178148.0
2017-07-15,169369.0
2017-07-16,155160.0
2017-07-17,176077.0
2017-07-18,214398.0
2017-07-19,229312.0
2017-07-20,170028.0
2017-07-21,212929.0
2017-07-22,170817.0
2017-07-23,128671.0
2017-07-24,170248.0
2017-07-25,187203.0
2017-07-26,208914.0
2017-07-27,181230.0
2017-07-28,182714.0
2017-07-29,166072.0
2017-07-30,128360.0
2017-07-31,180852.0
2017-08-01,113630.0
2017-08-02,161551.0
2017-08-03,186488.0
2017-08-04,180357.0
2017-08-05,177909.0
2017-08-06,144247.0
2017-08-07,174580.0
2017-08-08,227568.0
2017-08-09,219056.0
2017-08-10,225836.0
2017-08-11,239662.0
2017-08-12,219888.0
2017-08-13,206691.0
2017-08-14,188345.0
2017-08-15,249038.0
2017-08-16,226763.0
2017-08-17,264386.0
2017-08-18,225346.0
2017-08-19,217838.0
2017-08-20,166995.0
2017-08-21,180622.0
2017-08-22,146243.0
2017-08-23,257920.0
2017-08-24,162102.0
2017-08-25,150392.0
2017-08-26,165773.0
2017-08-27,180154.0
2017-08-28,183417.0
2017-08-29,225588.0
2017-08-30,217978.0
2017-08-31,222663.0
2017-09-01,217701.0
2017-09-02,202907.0
2017-09-03,167549.0
2017-09-04,201913.0
2017-09-05,222777.0
2017-09-06,234857.0
2017-09-07,207199.0
2017-09-08,225827.0
2017-09-09,178144.0
2017-09-10,161813.0
2017-09-11,195911.0
2017-09-12,208126.0
2017-09-13,203030.0
2017-09-14,204388.0
2017-09-15,246748.0
2017-09-16,203279.0
2017-09-17,152911.0
2017-09-18,175392.0
2017-09-19,253005.0
2017-09-20,196440.0
2017-09-21,206232.0
2017-09-22,189430.0
2017-09-23,155289.0
2017-09-24,144739.0
2017-09-25,182281.0
2017-09-26,222289.0
2017-09-27,200412.0
2017-09-28,205910.0
2017-09-29,203375.0
2017-09-30,171879.0
2017-10-01,147844.0
2017-10-02,212001.0
2017-10-03,218186.0
2017-10-04,181899.0
2017-10-05,212272.0
2017-10-06,236246.0
2017-10-07,179717.0
2017-10-08,176441.0
2017-10-09,210377.0
2017-10-10,255305.0
2017-10-11,236808.0
2017-10-12,217783.0
2017-10-13,196287.0
2017-10-14,224180.0
2017-10-15,211661.0
2017-10-16,224231.0
2017-10-17,240297.0
2017-10-18,227248.0
2017-10-19,251239.0
2017-10-20,226914.0
2017-10-21,200519.0
2017-10-22,181511.0
2017-10-23,205865.0
2017-10-24,238291.0
2017-10-25,231222.0
2017-10-26,187190.0
2017-10-27,150640.0
2017-10-28,128135.0
2017-10-29,219192.0
2017-10-30,230266.0
2017-10-31,203564.0
2017-11-01,240864.0
2017-11-02,240920.0
2017-11-03,207039.0
2017-11-04,210099.0
2017-11-05,171272.0
2017-11-06,186795.0
2017-11-07,245685.0
2017-11-08,225762.0
2017-11-09,245089.0
2017-11-10,193209.0
2017-11-11,114422.0
2017-11-12,109620.0
2017-11-13,178688.0
2017-11-14,173387.0
2017-11-15,214081.0
2017-11-16,213959.0
2017-11-17,233487.0
2017-11-18,180355.0
2017-11-19,181183.0
2017-11-20,226811.0
2017-11-21,241688.0
2017-11-22,218692.0
2017-11-23,230319.0
2017-11-24,240159.0
2017-11-25,222668.0
2017-11-26,205279.0
2017-11-27,262700.0
2017-11-28,255251.0
2017-11-29,261050.0
2017-11-30,275163.0
2017-12-01,268404.0
2017-12-02,212417.0
2017-12-03,211268.0
2017-12-04,262064.0
2017-12-05,252562.0
2017-12-06,244339.0
2017-12-07,206031.0
2017-12-08,217191.0
2017-12-09,213849.0
2017-12-10,194230.0
2017-12-11,210414.0
2017-12-12,207770.0
2017-12-13,252383.0
2017-12-14,236452.0
2017-12-15,268184.0
2017-12-16,237630.0
2017-12-17,237630.0
2017-12-18,249624.0
2017-12-19,191235.0
2017-12-20,189496.0
2017-12-21,156926.0
2017-12-22,189366.0
2017-12-23,157557.0
2017-12-24,148882.0
2017-12-25,138105.0
2017-12-26,140063.0
2017-12-27,163426.0
2017-12-28,184347.0
2017-12-29,179456.0
2017-12-30,184552.0
2017-12-31,184998.0
2018-01-01,158647.0
2018-01-02,188549.0
2018-01-03,206215.0
2018-01-04,196317.0
2018-01-05,184458.0
2018-01-06,228369.0
2018-01-07,203455.0
2018-01-08,214907.0
2018-01-09,247237.0
2018-01-10,229076.0
2018-01-11,235040.0
2018-01-12,217253.0
2018-01-13,192410.0
2018-01-14,163917.0
2018-01-15,176292.0
2018-01-16,199317.0
2018-01-17,218024.0
2018-01-18,216848.0
2018-01-19,156588.0
2018-01-20,144414.0
2018-01-21,146726.0
2018-01-22,171564.0
2018-01-23,163060.0
2018-01-24,167919.0
2018-01-25,156259.0
2018-01-26,146201.0
2018-01-27,119060.0
2018-01-28,124949.0
2018-01-29,164700.0
2018-01-30,169419.0
2018-01-31,159811.0
2018-02-01,189316.0
2018-02-02,175528.0
2018-02-03,143028.0
2018-02-04,111573.0
2018-02-05,148945.0
2018-02-06,187779.0
2018-02-07,184159.0
2018-02-08,135604.0
2018-02-09,143626.0
2018-02-10,148076.0
2018-02-11,109062.0
2018-02-12,157360.0
2018-02-13,144188.0
2018-02-14,142738.0
2018-02-15,166329.0
2018-02-16,146304.0
2018-02-17,126084.0
2018-02-18,117461.0
2018-02-19,143957.0
2018-02-20,155898.0
2018-02-21,147851.0
2018-02-22,159274.0
2018-02-23,161373.0
2018-02-24,139812.0
2018-02-25,113079.0
2018-02-26,141361.0
2018-02-27,179728.0
2018-02-28,156393.0
2018-03-01,189231.0
2018-03-02,192464.0
2018-03-03,144955.0
2018-03-04,136622.0
2018-03-05,166806.0
2018-03-06,167069.0
2018-03-07,182527.0
2018-03-08,165067.0
2018-03-09,178610.0
2018-03-10,140992.0
2018-03-11,129364.0
2018-03-12,153198.0
2018-03-13,165734.0
2018-03-14,156472.0
2018-03-15,176864.0
2018-03-16,163586.0
2018-03-17,130643.0
2018-03-18,128435.0
2018-03-19,156860.0
2018-03-20,160007.0
2018-03-21,164733.0
2018-03-22,156662.0
2018-03-23,166701.0
2018-03-24,134820.0
2018-03-25,115500.0
2018-03-26,160699.0
2018-03-27,163979.0
2018-03-28,155123.0
2018-03-29,167584.0
2018-03-30,165194.0
2018-03-31,140934.0
2018-04-01,116321.0
2018-04-02,131145.0
2018-04-03,166238.0
2018-04-04,169705.0
2018-04-05,149345.0
2018-04-06,167824.0
2018-04-07,124907.0
2018-04-08,104627.0
2018-04-09,151960.0
2018-04-10,150118.0
2018-04-11,165159.0
2018-04-12,181838.0
2018-04-13,183022.0
2018-04-14,133413.0
2018-04-15,149354.0
2018-04-16,169873.0
2018-04-17,171350.0
2018-04-18,166940.0
2018-04-19,169575.0
2018-04-20,186347.0
2018-04-21,187939.0
2018-04-22,133400.0
2018-04-23,178658.0
2018-04-24,218160.0
2018-04-25,176830.0
2018-04-26,204940.0
2018-04-27,205705.0
2018-04-28,177206.0
2018-04-29,151701.0
2018-04-30,173781.0
2018-05-01,164654.0
2018-05-02,190775.0
2018-05-03,192361.0
2018-05-04,198250.0
2018-05-05,176356.0
2018-05-06,147644.0
2018-05-07,184740.0
2018-05-08,194702.0
2018-05-09,176576.0
2018-05-10,175220.0
2018-05-11,185757.0
2018-05-12,184523.0
2018-05-13,140631.0
2018-05-14,185259.0
2018-05-15,188514.0
2018-05-16,161297.0
2018-05-17,164918.0
2018-05-18,187833.0
2018-05-19,140610.0
2018-05-20,125539.0
2018-05-21,163282.0
2018-05-22,163425.0
2018-05-23,181633.0
2018-05-24,168708.0
2018-05-25,181100.0
2018-05-26,126566.0
2018-05-27,113953.0
2018-05-28,169664.0
2018-05-29,174847.0
2018-05-30,165779.0
2018-05-31,174206.0
2018-06-01,184191.0
2018-06-02,152944.0
2018-06-03,127886.0
2018-06-04,162815.0
2018-06-05,174896.0
2018-06-06,182513.0
2018-06-07,167893.0
2018-06-08,193253.0
2018-06-09,154395.0
2018-06-10,152939.0
2018-06-11,180299.0
2018-06-12,181248.0
2018-06-13,175559.0
2018-06-14,181719.0
2018-06-15,198478.0
2018-06-16,127378.0
2018-06-17,122546.0
2018-06-18,164477.0
2018-06-19,173519.0
2018-06-20,173312.0
2018-06-21,167022.0
2018-06-22,196368.0
2018-06-23,147714.0
2018-06-24,138674.0
2018-06-25,172131.0
2018-06-26,158140.0
2018-06-27,181804.0
2018-06-28,178483.0
2018-06-29,179500.0
2018-06-30,165549.0
2018-07-01,138669.0
2018-07-02,171727.0
2018-07-03,195467.0
2018-07-04,189546.0
2018-07-05,173046.0
2018-07-06,185608.0
2018-07-07,147812.0
2018-07-08,139296.0
2018-07-09,173929.0
2018-07-10,194304.0
2018-07-11,179880.0
2018-07-12,181016.0
2018-07-13,197242.0
2018-07-14,154132.0
2018-07-15,154902.0
2018-07-16,167886.0
2018-07-17,212154.0
2018-07-18,201648.0
2018-07-19,205861.0
2018-07-20,207358.0
2018-07-21,170956.0
2018-07-22,132254.0
2018-07-23,194242.0
2018-07-24,222855.0
2018-07-25,225819.0
2018-07-26,201996.0
2018-07-27,200007.0
2018-07-28,182036.0
2018-07-29,155616.0
2018-07-30,201844.0
2018-07-31,228556.0
2018-08-01,198100.0
2018-08-02,208924.0
2018-08-03,215164.0
2018-08-04,159510.0
2018-08-05,142581.0
2018-08-06,187470.0
2018-08-07,212449.0
2018-08-08,203570.0
2018-08-09,204018.0
2018-08-10,217597.0
2018-08-11,164004.0
2018-08-12,143441.0
2018-08-13,188416.0
2018-08-14,224329.0
2018-08-15,219466.0
2018-08-16,205623.0
2018-08-17,230428.0
2018-08-18,160515.0
2018-08-19,154852.0
2018-08-20,204936.0
2018-08-21,197570.0
2018-08-22,207566.0
2018-08-23,184667.0
2018-08-24,209950.0
2018-08-25,180230.0
2018-08-26,150794.0
2018-08-27,175457.0
2018-08-28,215306.0
2018-08-29,224040.0
2018-08-30,206643.0
2018-08-31,220049.0
2018-09-01,187926.0
2018-09-02,153985.0
2018-09-03,202307.0
2018-09-04,203152.0
2018-09-05,216091.0
2018-09-06,239396.0
2018-09-07,232702.0
2018-09-08,180343.0
2018-09-09,161052.0
2018-09-10,195815.0
2018-09-11,212683.0
2018-09-12,209678.0
2018-09-13,208947.0
2018-09-14,203067.0
2018-09-15,193441.0
2018-09-16,149257.0
2018-09-17,203334.0
2018-09-18,227339.0
2018-09-19,206730.0
2018-09-20,209127.0
2018-09-21,259528.0
2018-09-22,213260.0
2018-09-23,168590.0
2018-09-24,186215.0
2018-09-25,207964.0
2018-09-26,219932.0
2018-09-27,223522.0
2018-09-28,228088.0
2018-09-29,176391.0
2018-09-30,156449.0
2018-10-01,205476.0
2018-10-02,219792.0
2018-10-03,208316.0
2018-10-04,204054.0
2018-10-05,211734.0
2018-10-06,219047.0
2018-10-07,226363.0
2018-10-08,212865.0
2018-10-09,198756.0
2018-10-10,199286.0
2018-10-11,214543.0
2018-10-12,227263.0
2018-10-13,186298.0
2018-10-14,172848.0
2018-10-15,215110.0
2018-10-16,226415.0
2018-10-17,221875.0
2018-10-18,207924.0
2018-10-19,231438.0
2018-10-20,189543.0
2018-10-21,158406.0
2018-10-22,193271.0
2018-10-23,204633.0
2018-10-24,213664.0
2018-10-25,229995.0
2018-10-26,240874.0
2018-10-27,182341.0
2018-10-28,157424.0
2018-10-29,200018.0
2018-10-30,224748.0
2018-10-31,210907.0
2018-11-01,215473.0
2018-11-02,234433.0
2018-11-03,202266.0
2018-11-04,178606.0
2018-11-05,219362.0
2018-11-06,222844.0
2018-11-07,250021.0
2018-11-08,232958.0
2018-11-09,256278.0
2018-11-10,207314.0
2018-11-11,178005.0
2018-11-12,218757.0
2018-11-13,216469.0
2018-11-14,225204.0
2018-11-15,265725.0
2018-11-16,261302.0
2018-11-17,197550.0
2018-11-18,169517.0
2018-11-19,173098.0
2018-11-20,244709.0
2018-11-21,219025.0
2018-11-22,233133.0
2018-11-23,225737.0
2018-11-24,193386.0
2018-11-25,185505.0
2018-11-26,209750.0
2018-11-27,215442.0
2018-11-28,201178.0
2018-11-29,218744.0
2018-11-30,203381.0
2018-12-01,182135.0
2018-12-02,152240.0
2018-12-03,176914.0
2018-12-04,214095.0
2018-12-05,193195.0
2018-12-06,206868.0
2018-12-07,229907.0
2018-12-08,182772.0
2018-12-09,152522.0
2018-12-10,185310.0
2018-12-11,199520.0
2018-12-12,199040.0
2018-12-13,198713.0
2018-12-14,206938.0
2018-12-15,165286.0
2018-12-16,162071.0
2018-12-17,183974.0
2018-12-18,213326.0
2018-12-19,231348.0
2018-12-20,217008.0
2018-12-21,232935.0
2018-12-22,183089.0
2018-12-23,160316.0
2018-12-24,185490.0
2018-12-25,152622.0
2018-12-26,167641.0
2018-12-27,188779.0
2018-12-28,214174.0
2018-12-29,188849.0
2018-12-30,148511.0
2018-12-31,164178.0
2019-01-01,122404.0
2019-01-02,168918.0
2019-01-03,192368.0
2019-01-04,208263.0
2019-01-05,169222.0
2019-01-06,165278.0
2019-01-07,202672.0
2019-01-08,199956.0
2019-01-09,203505.0
2019-01-10,229421.0
2019-01-11,234426.0
2019-01-12,181633.0
2019-01-13,167000.0
2019-01-14,180312.0
2019-01-15,225110.0
2019-01-16,231477.0
2019-01-17,222252.0
2019-01-18,215559.0
2019-01-19,181228.0
2019-01-20,166662.0
2019-01-21,185198.0
2019-01-22,206018.0
2019-01-23,212827.0
2019-01-24,237543.0
2019-01-25,234578.0
2019-01-26,212584.0
2019-01-27,176531.0
2019-01-28,215132.0
2019-01-29,230736.0
2019-01-30,212752.0
2019-01-31,226226.0
2019-02-01,237931.0
2019-02-02,195599.0
2019-02-03,174618.0
2019-02-04,192526.0
2019-02-05,211977.0
2019-02-06,225811.0
2019-02-07,203205.0
2019-02-08,223103.0
2019-02-09,213146.0
2019-02-10,167994.0
2019-02-11,194370.0
2019-02-12,213212.0
2019-02-13,255208.0
2019-02-14,212569.0
2019-02-15,214048.0
2019-02-16,220778.0
2019-02-17,175908.0
2019-02-18,222699.0
2019-02-19,237675.0
2019-02-20,263852.0
2019-02-21,230718.0
2019-02-22,280973.0
2019-02-23,194779.0
2019-02-24,208717.0
2019-02-25,229721.0
2019-02-26,246164.0
2019-02-27,257549.0
2019-02-28,246085.0
2019-03-01,245336.0
2019-03-02,232007.0
2019-03-03,191484.0
2019-03-04,230040.0
2019-03-05,253668.0
2019-03-06,248335.0
2019-03-07,267362.0
2019-03-08,276459.0
2019-03-09,210669.0
2019-03-10,173975.0
2019-03-11,236084.0
2019-03-12,250861.0
2019-03-13,263972.0
2019-03-14,269701.0
2019-03-15,263462.0
2019-03-16,207590.0
2019-03-17,172797.0
2019-03-18,224091.0
2019-03-19,255436.0
2019-03-20,262671.0
2019-03-21,259965.0
2019-03-22,262915.0
2019-03-23,209700.0
2019-03-24,193555.0
2019-03-25,240249.0
2019-03-26,245422.0
2019-03-27,275321.0
2019-03-28,269389.0
2019-03-29,262071.0
2019-03-30,259072.0
2019-03-31,211557.0
2019-04-01,225409.0
2019-04-02,279210.0
2019-04-03,291382.0
2019-04-04,275891.0
2019-04-05,285586.0
2019-04-06,225812.0
2019-04-07,188112.0
2019-04-08,254190.0
2019-04-09,266824.0
2019-04-10,273360.0
2019-04-11,280051.0
2019-04-12,272549.0
2019-04-13,198764.0
2019-04-14,191885.0
2019-04-15,263547.0
2019-04-16,259297.0
2019-04-17,261554.0
2019-04-18,262621.0
2019-04-19,274740.0
2019-04-20,215415.0
2019-04-21,191776.0
2019-04-22,204425.0
2019-04-23,222000.0
2019-04-24,314309.0
2019-04-25,257182.0
2019-04-26,283696.0
2019-04-27,202719.0
2019-04-28,176862.0
2019-04-29,226411.0
2019-04-30,285683.0
2019-05-01,254914.0
2019-05-02,256305.0
2019-05-03,288110.0
2019-05-04,231962.0
2019-05-05,202203.0
2019-05-06,252983.0
2019-05-07,258998.0
2019-05-08,308793.0
2019-05-09,289359.0
2019-05-10,252252.0
2019-05-11,252220.0
2019-05-12,235640.0
2019-05-13,250999.0
2019-05-14,273419.0
2019-05-15,280571.0
2019-05-16,295033.0
2019-05-17,305419.0
2019-05-18,248377.0
2019-05-19,208684.0
2019-05-20,253147.0
2019-05-21,306364.0
2019-05-22,306141.0
2019-05-23,294999.0
2019-05-24,295395.0
2019-05-25,246625.0
2019-05-26,197867.0
2019-05-27,264825.0
2019-05-28,319292.0
2019-05-29,321226.0
2019-05-30,287354.0
2019-05-31,241638.0
2019-06-01,272843.0
2019-06-02,208105.0
2019-06-03,216218.0
2019-06-04,302451.0
2019-06-05,299646.0
2019-06-06,264895.0
2019-06-07,288721.0
2019-06-08,210569.0
2019-06-09,176075.0
2019-06-10,241695.0
2019-06-11,285326.0
2019-06-12,276917.0
2019-06-13,306211.0
2019-06-14,349206.0
2019-06-15,249572.0
2019-06-16,232904.0
2019-06-17,257694.0
2019-06-18,305067.0
2019-06-19,291563.0
2019-06-20,274964.0
2019-06-21,284291.0
2019-06-22,251584.0
2019-06-23,225516.0
2019-06-24,254861.0
2019-06-25,256056.0
2019-06-26,283256.0
2019-06-27,254713.0
2019-06-28,300518.0
2019-06-29,233927.0
2019-06-30,192667.0
2019-07-01,227744.0
2019-07-02,293633.0
2019-07-03,281747.0
2019-07-04,261236.0
2019-07-05,238480.0
2019-07-06,205282.0
2019-07-07,172798.0
2019-07-08,247551.0
2019-07-09,270955.0
2019-07-10,252394.0
2019-07-11,255121.0
2019-07-12,262182.0
2019-07-13,208205.0
2019-07-14,179712.0
2019-07-15,232806.0
2019-07-16,263932.0
2019-07-17,233157.0
2019-07-18,276168.0
2019-07-19,265295.0
2019-07-20,210252.0
2019-07-21,163980.0
2019-07-22,207502.0
2019-07-23,239785.0
2019-07-24,209752.0
2019-07-25,251666.0
2019-07-26,233119.0
2019-07-27,189434.0
2019-07-28,153498.0
2019-07-29,199199.0
2019-07-30,235277.0
2019-07-31,247208.0
2019-08-01,238982.0
2019-08-02,252663.0
2019-08-03,195842.0
2019-08-04,167049.0
2019-08-05,230412.0
2019-08-06,276749.0
2019-08-07,233008.0
2019-08-08,269196.0
2019-08-09,254073.0
2019-08-10,197167.0
2019-08-11,163910.0
2019-08-12,172421.0
2019-08-13,256314.0
2019-08-14,263609.0
2019-08-15,233825.0
2019-08-16,231809.0
2019-08-17,189916.0
2019-08-18,163185.0
2019-08-19,209472.0
2019-08-20,242909.0
2019-08-21,251748.0
2019-08-22,260123.0
2019-08-23,232191.0
2019-08-24,196081.0
2019-08-25,147355.0
2019-08-26,211408.0
2019-08-27,236739.0
2019-08-28,223023.0
2019-08-29,244576.0
2019-08-30,230015.0
2019-08-31,187220.0
2019-09-01,159804.0
2019-09-02,209511.0
2019-09-03,249062.0
2019-09-04,241482.0
2019-09-05,230223.0
2019-09-06,250378.0
2019-09-07,189478.0
2019-09-08,155480.0
2019-09-09,207782.0
2019-09-10,229200.0
2019-09-11,225753.0
2019-09-12,224720.0
2019-09-13,224064.0
2019-09-14,191482.0
2019-09-15,148560.0
2019-09-16,217287.0
2019-09-17,234609.0
2019-09-18,243536.0
2019-09-19,220001.0
2019-09-20,226064.0
2019-09-21,189962.0
2019-09-22,153447.0
2019-09-23,204493.0
2019-09-24,251888.0
2019-09-25,244469.0
2019-09-26,234317.0
2019-09-27,214224.0
2019-09-28,194529.0
2019-09-29,158514.0
2019-09-30,194576.0
2019-10-01,259020.0
2019-10-02,224423.0
2019-10-03,214209.0
2019-10-04,210975.0
2019-10-05,175129.0
2019-10-06,143544.0
2019-10-07,196923.0
2019-10-08,211875.0
2019-10-09,204474.0
2019-10-10,225441.0
2019-10-11,210860.0
2019-10-12,162753.0
2019-10-13,138211.0
2019-10-14,183643.0
2019-10-15,217747.0
2019-10-16,225223.0
2019-10-17,221674.0
2019-10-18,209558.0
2019-10-19,188110.0
2019-10-20,160120.0
2019-10-21,194447.0
2019-10-22,226308.0
2019-10-23,222108.0
2019-10-24,202677.0
2019-10-25,241673.0
2019-10-26,235306.0
2019-10-27,174697.0
2019-10-28,218789.0
2019-10-29,229424.0
2019-10-30,228527.0
2019-10-31,214886.0
2019-11-01,232346.0
2019-11-02,200019.0
2019-11-03,181243.0
2019-11-04,223194.0
2019-11-05,244469.0
2019-11-06,237198.0
2019-11-07,243756.0
2019-11-08,239870.0
2019-11-09,216533.0
2019-11-10,155513.0
2019-11-11,193700.0
2019-11-12,196879.0
2019-11-13,242937.0
2019-11-14,214998.0
2019-11-15,219319.0
2019-11-16,185684.0
2019-11-17,151618.0
2019-11-18,183717.0
2019-11-19,253110.0
2019-11-20,210414.0
2019-11-21,259329.0
2019-11-22,244581.0
2019-11-23,203157.0
2019-11-24,156030.0
2019-11-25,176880.0
2019-11-26,238725.0
2019-11-27,247844.0
2019-11-28,219740.0
2019-11-29,198894.0
2019-11-30,210389.0
2019-12-01,173591.0
2019-12-02,207147.0
2019-12-03,230314.0
2019-12-04,233046.0
2019-12-05,228987.0
2019-12-06,220038.0
2019-12-07,185985.0
2019-12-08,157874.0
2019-12-09,200181.0
2019-12-10,235283.0
2019-12-11,226612.0
2019-12-12,220736.0
2019-12-13,234892.0
2019-12-14,188295.0
2019-12-15,171290.0
2019-12-16,222330.0
2019-12-17,248665.0
2019-12-18,242341.0
2019-12-19,238814.0
2019-12-20,227165.0
2019-12-21,177343.0
2019-12-22,156032.0
2019-12-23,209295.0
2019-12-24,213590.0
2019-12-25,168316.0
2019-12-26,180582.0
2019-12-27,220601.0
2019-12-28,193620.0
2019-12-29,167933.0
2019-12-30,208866.0
2019-12-31,201844.0
2020-01-01,134133.0
2020-01-02,183415.0
2020-01-03,210334.0
2020-01-04,180560.0
2020-01-05,175042.0
2020-01-06,220706.0
2020-01-07,251791.0
2020-01-08,231935.0
2020-01-09,243358.0
2020-01-10,233586.0
2020-01-11,193321.0
2020-01-12,169694.0
2020-01-13,190558.0
2020-01-14,268050.0
2020-01-15,250124.0
2020-01-16,237081.0
2020-01-17,238910.0
2020-01-18,192057.0
2020-01-19,193847.0
2020-01-20,205184.0
2020-01-21,231145.0
2020-01-22,236442.0
2020-01-23,228240.0
2020-01-24,232625.0
2020-01-25,184663.0
2020-01-26,167277.0
2020-01-27,197236.0
2020-01-28,273139.0
2020-01-29,239006.0
2020-01-30,241654.0
2020-01-31,239886.0
2020-02-01,196463.0
2020-02-02,198562.0
2020-02-03,225101.0
2020-02-04,239811.0
2020-02-05,273636.0
2020-02-06,239619.0
2020-02-07,266322.0
2020-02-08,224800.0
2020-02-09,196314.0
2020-02-10,197132.0
2020-02-11,307998.0
2020-02-12,253722.0
2020-02-13,272970.0
2020-02-14,226174.0
2020-02-15,240399.0
2020-02-16,195372.0
2020-02-17,238756.0
2020-02-18,251472.0
2020-02-19,246060.0
2020-02-20,235476.0
2020-02-21,241755.0
2020-02-22,211659.0
2020-02-23,178395.0
2020-02-24,226137.0
2020-02-25,236281.0
2020-02-26,251534.0
2020-02-27,255037.0
2020-02-28,258257.0
2020-02-29,202347.0
2020-03-01,195678.0
2020-03-02,232963.0
2020-03-03,260961.0
2020-03-04,253306.0
2020-03-05,257419.0
2020-03-06,256165.0
2020-03-07,210770.0
2020-03-08,193855.0
2020-03-09,241063.0
2020-03-10,259122.0
2020-03-11,218459.0
2020-03-12,274812.0
2020-03-13,246199.0
2020-03-14,239607.0
2020-03-15,176728.0
2020-03-16,213077.0
2020-03-17,239445.0
2020-03-18,200669.0
2020-03-19,219935.0
2020-03-20,239191.0
2020-03-21,217296.0
2020-03-22,161351.0
2020-03-23,198912.0
2020-03-24,242365.0
2020-03-25,167047.0
2020-03-26,251385.0
2020-03-27,233925.0
2020-03-28,181367.0
2020-03-29,162709.0
2020-03-30,220461.0
2020-03-31,221785.0
2020-04-01,229514.0
2020-04-02,248420.0
2020-04-03,241220.0
2020-04-04,189507.0
2020-04-05,172065.0
2020-04-06,218305.0
2020-04-07,265168.0
2020-04-08,234079.0
2020-04-09,232977.0
2020-04-10,231092.0
2020-04-11,189930.0
2020-04-12,171768.0
2020-04-13,209930.0
2020-04-14,239306.0
2020-04-15,257208.0
2020-04-16,272195.0
2020-04-17,238851.0
2020-04-18,265051.0
2020-04-19,200275.0
2020-04-20,258037.0
2020-04-21,273460.0
2020-04-22,209235.0
2020-04-23,312385.0
2020-04-24,280649.0
2020-04-25,259917.0
2020-04-26,208013.0
2020-04-27,253105.0
2020-04-28,303847.0
2020-04-29,265091.0
2020-04-30,256242.0
2020-05-01,292034.0
2020-05-02,234511.0
2020-05-03,256255.0
2020-05-04,260213.0
2020-05-05,283382.0
2020-05-06,296881.0
2020-05-07,302533.0
2020-05-08,273460.0
2020-05-09,279345.0
2020-05-10,244956.0
2020-05-11,252096.0
2020-05-12,328029.0
2020-05-13,277973.0
2020-05-14,207565.0
2020-05-15,267810.0
2020-05-16,258310.0
2020-05-17,203700.0
2020-05-18,235995.0
2020-05-19,232373.0
2020-05-20,244657.0
2020-05-21,274378.0
2020-05-22,248640.0
2020-05-23,235933.0
2020-05-24,207591.0
2020-05-25,234005.0
2020-05-26,256575.0
2020-05-27,285691.0
2020-05-28,269076.0
2020-05-29,287290.0
2020-05-30,263182.0
2020-05-31,214508.0
2020-06-01,280056.0
2020-06-02,271645.0
2020-06-03,305813.0
2020-06-04,335070.0
2020-06-05,299913.0
2020-06-06,228917.0
2020-06-07,207320.0
2020-06-08,257857.0
2020-06-09,312227.0
2020-06-10,287304.0
2020-06-11,336985.0
2020-06-12,285540.0
2020-06-13,258160.0
2020-06-14,208678.0
2020-06-15,231713.0
2020-06-16,347303.0
2020-06-17,311360.0
2020-06-18,253456.0
2020-06-19,334207.0
2020-06-20,272361.0
2020-06-21,211130.0
2020-06-22,230598.0
2020-06-23,347233.0
2020-06-24,303051.0
2020-06-25,292897.0
2020-06-26,323494.0
2020-06-27,251839.0
2020-06-28,204347.0
2020-06-29,253006.0
2020-06-30,274858.0
2020-07-01,385205.0
2020-07-02,339524.0
2020-07-03,324507.0
2020-07-04,261363.0
2020-07-05,224388.0
2020-07-06,282442.0
2020-07-07,320542.0
2020-07-08,333310.0
2020-07-09,368033.0
2020-07-10,339404.0
2020-07-11,306753.0
2020-07-12,233878.0
2020-07-13,238376.0
2020-07-14,312944.0
2020-07-15,311266.0
2020-07-16,326298.0
2020-07-17,260609.0
2020-07-18,286779.0
2020-07-19,252602.0
2020-07-20,256079.0
2020-07-21,266311.0
2020-07-22,327452.0
2020-07-23,299962.0
2020-07-24,329267.0
2020-07-25,264681.0
2020-07-26,289989.0
2020-07-27,250936.0
2020-07-28,310785.0
2020-07-29,304838.0
2020-07-30,312064.0
2020-07-31,338943.0
2020-08-01,309808.0
2020-08-02,267436.0
2020-08-03,300317.0
2020-08-04,321474.0
2020-08-05,285701.0
2020-08-06,351324.0
2020-08-07,350121.0
2020-08-08,321189.0
2020-08-09,243997.0
2020-08-10,255450.0
2020-08-11,333721.0
2020-08-12,386443.0
2020-08-13,315701.0
2020-08-14,380377.0
2020-08-15,334338.0
2020-08-16,282067.0
2020-08-17,257662.0
2020-08-18,321622.0
2020-08-19,318614.0
2020-08-20,308279.0
2020-08-21,307783.0
2020-08-22,285750.0
2020-08-23,285111.0
2020-08-24,265204.0
2020-08-25,304649.0
2020-08-26,321509.0
2020-08-27,300408.0
2020-08-28,353327.0
2020-08-29,317365.0
2020-08-30,254838.0
2020-08-31,253065.0
2020-09-01,346822.0
2020-09-02,303770.0
2020-09-03,284566.0
2020-09-04,294887.0
2020-09-05,310222.0
2020-09-06,264299.0
2020-09-07,304534.0
2020-09-08,313106.0
2020-09-09,312450.0
2020-09-10,383279.0
2020-09-11,323161.0
2020-09-12,308879.0
2020-09-13,234223.0
2020-09-14,334040.0
2020-09-15,301816.0
2020-09-16,358410.0
2020-09-17,397534.0
2020-09-18,315096.0
2020-09-19,343674.0
2020-09-20,235765.0
2020-09-21,236031.0
2020-09-22,287147.0
2020-09-23,319137.0
2020-09-24,292154.0
2020-09-25,356772.0
2020-09-26,286033.0
2020-09-27,233101.0
2020-09-28,238844.0
2020-09-29,325161.0
2020-09-30,367066.0
2020-10-01,303360.0
2020-10-02,293895.0
2020-10-03,317920.0
2020-10-04,244356.0
2020-10-05,226124.0
2020-10-06,315713.0
2020-10-07,363274.0
2020-10-08,322289.0
2020-10-09,344193.0
2020-10-10,314878.0
2020-10-11,239110.0
2020-10-12,273524.0
2020-10-13,338034.0
2020-10-14,302782.0
2020-10-15,342900.0
2020-10-16,342727.0
2020-10-17,269052.0
2020-10-18,206724.0
2020-10-19,249408.0
2020-10-20,311815.0
2020-10-21,287853.0
2020-10-22,304367.0
2020-10-23,303267.0
2020-10-24,309343.0
2020-10-25,234521.0
2020-10-26,207766.0
2020-10-27,199315.0
2020-10-28,219059.0
2020-10-29,235877.0
2020-10-30,244087.0
2020-10-31,244872.0
2020-11-01,231465.0
2020-11-02,194762.0
2020-11-03,307660.0
2020-11-04,323393.0
2020-11-05,307535.0
2020-11-06,360583.0
2020-11-07,261102.0
2020-11-08,220444.0
2020-11-09,306421.0
2020-11-10,294107.0
2020-11-11,336944.0
2020-11-12,328859.0
2020-11-13,291661.0
2020-11-14,290055.0
2020-11-15,241036.0
2020-11-16,267226.0
2020-11-17,352909.0
2020-11-18,381374.0
2020-11-19,313044.0
2020-11-20,342433.0
2020-11-21,311073.0
2020-11-22,241950.0
2020-11-23,250962.0
2020-11-24,292718.0
2020-11-25,344622.0
2020-11-26,326354.0
2020-11-27,345546.0
2020-11-28,299206.0
2020-11-29,240405.0
2020-11-30,224157.0
2020-12-01,335946.0
2020-12-02,314663.0
2020-12-03,343654.0
2020-12-04,328128.0
2020-12-05,277784.0
2020-12-06,246906.0
2020-12-07,257465.0
2020-12-08,341489.0
2020-12-09,330819.0
2020-12-10,322521.0
2020-12-11,305382.0
2020-12-12,303704.0
2020-12-13,259300.0
2020-12-14,278408.0
2020-12-15,313245.0
2020-12-16,318368.0
2020-12-17,241965.0
2020-12-18,326619.0
2020-12-19,313313.0
2020-12-20,278568.0
2020-12-21,227289.0
2020-12-22,350843.0
2020-12-23,355402.0
2020-12-24,290417.0
2020-12-25,331966.0
2020-12-26,263951.0
2020-12-27,294008.0
2020-12-28,291430.0
2020-12-29,356111.0
2020-12-30,343765.0
2020-12-31,398474.0
2021-01-01,264070.0
2021-01-02,247042.0
2021-01-03,346505.0
2021-01-04,348126.0
2021-01-05,339593.0
2021-01-06,407785.0
2021-01-07,362629.0
2021-01-08,319712.0
2021-01-09,313668.0
2021-01-10,294999.0
2021-01-11,265638.0
2021-01-12,331036.0
2021-01-13,319491.0
2021-01-14,319735.0
2021-01-15,369270.0
2021-01-16,302989.0
2021-01-17,243005.0
2021-01-18,287383.0
2021-01-19,339309.0
2021-01-20,305341.0
2021-01-21,288768.0
2021-01-22,329067.0
2021-01-23,310044.0
2021-01-24,240022.0
2021-01-25,280441.0
2021-01-26,348223.0
2021-01-27,330213.0
2021-01-28,329663.0
2021-01-29,346138.0
2021-01-30,340966.0
2021-01-31,286887.0
2021-02-01,271710.0
2021-02-02,386099.0
2021-02-03,343437.0
2021-02-04,417426.0
2021-02-05,377805.0
2021-02-06,349899.0
2021-02-07,282057.0
2021-02-08,324377.0
2021-02-09,335628.0
2021-02-10,338249.0
2021-02-11,302678.0
2021-02-12,334153.0
2021-02-13,328383.0
2021-02-14,276334.0
2021-02-15,315288.0
2021-02-16,290138.0
2021-02-17,317825.0
2021-02-18,343079.0
2021-02-19,358948.0
