Date,indicators/sol_6m_12m
2009-01-03,0.0
2009-01-04,0.0
2009-01-05,0.0
2009-01-06,0.0
2009-01-07,0.0
2009-01-08,0.0
2009-01-09,0.0
2009-01-10,0.0
2009-01-11,0.0
2009-01-12,0.0
2009-01-13,0.0
2009-01-14,0.0
2009-01-15,0.0
2009-01-16,0.0
2009-01-17,0.0
2009-01-18,0.0
2009-01-19,0.0
2009-01-20,0.0
2009-01-21,0.0
2009-01-22,0.0
2009-01-23,0.0
2009-01-24,0.0
2009-01-25,0.0
2009-01-26,0.0
2009-01-27,0.0
2009-01-28,0.0
2009-01-29,0.0
2009-01-30,0.0
2009-01-31,0.0
2009-02-01,0.0
2009-02-02,0.0
2009-02-03,0.0
2009-02-04,0.0
2009-02-05,0.0
2009-02-06,0.0
2009-02-07,0.0
2009-02-08,0.0
2009-02-09,0.0
2009-02-10,0.0
2009-02-11,0.0
2009-02-12,0.0
2009-02-13,0.0
2009-02-14,0.0
2009-02-15,0.0
2009-02-16,0.0
2009-02-17,0.0
2009-02-18,0.0
2009-02-19,0.0
2009-02-20,0.0
2009-02-21,0.0
2009-02-22,0.0
2009-02-23,0.0
2009-02-24,0.0
2009-02-25,0.0
2009-02-26,0.0
2009-02-27,0.0
2009-02-28,0.0
2009-03-01,0.0
2009-03-02,0.0
2009-03-03,0.0
2009-03-04,0.0
2009-03-05,0.0
2009-03-06,0.0
2009-03-07,0.0
2009-03-08,0.0
2009-03-09,0.0
2009-03-10,0.0
2009-03-11,0.0
2009-03-12,0.0
2009-03-13,0.0
2009-03-14,0.0
2009-03-15,0.0
2009-03-16,0.0
2009-03-17,0.0
2009-03-18,0.0
2009-03-19,0.0
2009-03-20,0.0
2009-03-21,0.0
2009-03-22,0.0
2009-03-23,0.0
2009-03-24,0.0
2009-03-25,0.0
2009-03-26,0.0
2009-03-27,0.0
2009-03-28,0.0
2009-03-29,0.0
2009-03-30,0.0
2009-03-31,0.0
2009-04-01,0.0
2009-04-02,0.0
2009-04-03,0.0
2009-04-04,0.0
2009-04-05,0.0
2009-04-06,0.0
2009-04-07,0.0
2009-04-08,0.0
2009-04-09,0.0
2009-04-10,0.0
2009-04-11,0.0
2009-04-12,0.0
2009-04-13,0.0
2009-04-14,0.0
2009-04-15,0.0
2009-04-16,0.0
2009-04-17,0.0
2009-04-18,0.0
2009-04-19,0.0
2009-04-20,0.0
2009-04-21,0.0
2009-04-22,0.0
2009-04-23,0.0
2009-04-24,0.0
2009-04-25,0.0
2009-04-26,0.0
2009-04-27,0.0
2009-04-28,0.0
2009-04-29,0.0
2009-04-30,0.0
2009-05-01,0.0
2009-05-02,0.0
2009-05-03,0.0
2009-05-04,0.0
2009-05-05,0.0
2009-05-06,0.0
2009-05-07,0.0
2009-05-08,0.0
2009-05-09,0.0
2009-05-10,0.0
2009-05-11,0.0
2009-05-12,0.0
2009-05-13,0.0
2009-05-14,0.0
2009-05-15,0.0
2009-05-16,0.0
2009-05-17,0.0
2009-05-18,0.0
2009-05-19,0.0
2009-05-20,0.0
2009-05-21,0.0
2009-05-22,0.0
2009-05-23,0.0
2009-05-24,0.0
2009-05-25,0.0
2009-05-26,0.0
2009-05-27,0.0
2009-05-28,0.0
2009-05-29,0.0
2009-05-30,0.0
2009-05-31,0.0
2009-06-01,0.0
2009-06-02,0.0
2009-06-03,0.0
2009-06-04,0.0
2009-06-05,0.0
2009-06-06,0.0
2009-06-07,0.0
2009-06-08,0.0
2009-06-09,0.0
2009-06-10,0.0
2009-06-11,0.0
2009-06-12,0.0
2009-06-13,0.0
2009-06-14,0.0
2009-06-15,0.0
2009-06-16,0.0
2009-06-17,0.0
2009-06-18,0.0
2009-06-19,0.0
2009-06-20,0.0
2009-06-21,0.0
2009-06-22,0.0
2009-06-23,0.0
2009-06-24,0.0
2009-06-25,0.0
2009-06-26,0.0
2009-06-27,0.0
2009-06-28,0.0
2009-06-29,0.0
2009-06-30,0.0
2009-07-01,0.0
2009-07-02,0.0
2009-07-03,0.0
2009-07-04,0.0
2009-07-05,0.0
2009-07-06,0.0
2009-07-07,0.0
2009-07-08,0.0
2009-07-09,0.0
2009-07-10,0.0
2009-07-11,0.0
2009-07-12,0.0
2009-07-13,0.0
2009-07-14,0.0
2009-07-15,0.0
2009-07-16,0.0
2009-07-17,0.0
2009-07-18,0.0
2009-07-19,0.0
2009-07-20,0.0
2009-07-21,0.0
2009-07-22,0.0
2009-07-23,0.0
2009-07-24,0.0
2009-07-25,0.0
2009-07-26,0.0
2009-07-27,0.0
2009-07-28,0.0
2009-07-29,0.0
2009-07-30,0.0
2009-07-31,0.0
2009-08-01,0.0
2009-08-02,0.0
2009-08-03,0.0
2009-08-04,0.0
2009-08-05,0.0
2009-08-06,0.0
2009-08-07,0.0
2009-08-08,0.0
2009-08-09,0.0
2009-08-10,0.0
2009-08-11,0.0
2009-08-12,0.0
2009-08-13,0.0
2009-08-14,0.0
2009-08-15,0.0
2009-08-16,0.0
2009-08-17,0.0
2009-08-18,0.0
2009-08-19,0.0
2009-08-20,0.0
2009-08-21,0.0
2009-08-22,0.0
2009-08-23,0.0
2009-08-24,0.0
2009-08-25,0.0
2009-08-26,0.0
2009-08-27,0.0
2009-08-28,0.0
2009-08-29,0.0
2009-08-30,0.0
2009-08-31,0.0
2009-09-01,0.0
2009-09-02,0.0
2009-09-03,0.0
2009-09-04,0.0
2009-09-05,0.0
2009-09-06,0.0
2009-09-07,0.0
2009-09-08,0.0
2009-09-09,0.0
2009-09-10,0.0
2009-09-11,0.0
2009-09-12,0.0
2009-09-13,0.0
2009-09-14,0.0
2009-09-15,0.0
2009-09-16,0.0
2009-09-17,0.0
2009-09-18,0.0
2009-09-19,0.0
2009-09-20,0.0
2009-09-21,0.0
2009-09-22,0.0
2009-09-23,0.0
2009-09-24,0.0
2009-09-25,0.0
2009-09-26,0.0
2009-09-27,0.0
2009-09-28,0.0
2009-09-29,0.0
2009-09-30,0.0
2009-10-01,0.0
2009-10-02,0.0
2009-10-03,0.0
2009-10-04,0.0
2009-10-05,0.0
2009-10-06,0.0
2009-10-07,0.0
2009-10-08,0.0
2009-10-09,0.0
2009-10-10,0.0
2009-10-11,0.0
2009-10-12,4.0
2009-10-13,0.0
2009-10-14,0.0
2009-10-15,0.0
2009-10-16,0.0
2009-10-17,0.0
2009-10-18,0.0
2009-10-19,0.0
2009-10-20,0.0
2009-10-21,0.0
2009-10-22,0.0
2009-10-23,0.0
2009-10-24,0.0
2009-10-25,0.0
2009-10-26,0.0
2009-10-27,0.0
2009-10-28,0.0
2009-10-29,0.0
2009-10-30,0.0
2009-10-31,0.0
2009-11-01,0.0
2009-11-02,0.0
2009-11-03,0.0
2009-11-04,0.0
2009-11-05,0.0
2009-11-06,0.0
2009-11-07,0.0
2009-11-08,0.0
2009-11-09,0.0
2009-11-10,0.0
2009-11-11,0.0
2009-11-12,0.0
2009-11-13,0.0
2009-11-14,0.0
2009-11-15,0.0
2009-11-16,0.0
2009-11-17,0.0
2009-11-18,0.0
2009-11-19,0.0
2009-11-20,0.0
2009-11-21,0.0
2009-11-22,0.0
2009-11-23,0.0
2009-11-24,0.0
2009-11-25,0.0
2009-11-26,0.0
2009-11-27,0.0
2009-11-28,0.0
2009-11-29,0.0
2009-11-30,0.0
2009-12-01,41.0
2009-12-02,0.0
2009-12-03,0.0
2009-12-04,0.0
2009-12-05,0.0
2009-12-06,0.0
2009-12-07,0.0
2009-12-08,0.0
2009-12-09,0.0
2009-12-10,0.0
2009-12-11,0.0
2009-12-12,0.0
2009-12-13,0.0
2009-12-14,0.0
2009-12-15,0.0
2009-12-16,0.0
2009-12-17,6.0
2009-12-18,0.0
2009-12-19,0.0
2009-12-20,0.0
2009-12-21,0.0
2009-12-22,0.0
2009-12-23,0.0
2009-12-24,0.0
2009-12-25,0.0
2009-12-26,0.0
2009-12-27,0.0
2009-12-28,0.0
2009-12-29,0.0
2009-12-30,0.0
2009-12-31,0.0
2010-01-01,0.0
2010-01-02,0.0
2010-01-03,0.0
2010-01-04,0.0
2010-01-05,0.0
2010-01-06,0.0
2010-01-07,0.0
2010-01-08,0.0
2010-01-09,0.0
2010-01-10,0.0
2010-01-11,0.0
2010-01-12,0.0
2010-01-13,0.0
2010-01-14,0.0
2010-01-15,0.0
2010-01-16,0.0
2010-01-17,0.0
2010-01-18,0.0
2010-01-19,0.0
2010-01-20,0.0
2010-01-21,0.0
2010-01-22,0.0
2010-01-23,0.0
2010-01-24,0.0
2010-01-25,0.0
2010-01-26,0.0
2010-01-27,0.0
2010-01-28,0.0
2010-01-29,0.0
2010-01-30,0.0
2010-01-31,0.0
2010-02-01,0.0
2010-02-02,0.0
2010-02-03,0.0
2010-02-04,0.0
2010-02-05,0.0
2010-02-06,0.0
2010-02-07,0.0
2010-02-08,0.0
2010-02-09,0.0
2010-02-10,0.0
2010-02-11,0.0
2010-02-12,0.0
2010-02-13,0.0
2010-02-14,0.0
2010-02-15,0.0
2010-02-16,0.0
2010-02-17,0.0
2010-02-18,0.0
2010-02-19,0.0
2010-02-20,0.0
2010-02-21,0.0
2010-02-22,0.0
2010-02-23,0.0
2010-02-24,0.0
2010-02-25,0.0
2010-02-26,0.0
2010-02-27,0.0
2010-02-28,0.0
2010-03-01,0.0
2010-03-02,0.0
2010-03-03,0.0
2010-03-04,12.0
2010-03-05,0.0
2010-03-06,0.0
2010-03-07,0.0
2010-03-08,0.0
2010-03-09,0.0
2010-03-10,0.0
2010-03-11,0.0
2010-03-12,0.0
2010-03-13,0.0
2010-03-14,0.0
2010-03-15,0.0
2010-03-16,0.0
2010-03-17,0.0
2010-03-18,0.0
2010-03-19,0.0
2010-03-20,0.0
2010-03-21,0.0
2010-03-22,0.0
2010-03-23,0.0
2010-03-24,0.0
2010-03-25,2.0
2010-03-26,0.0
2010-03-27,0.0
2010-03-28,2.0
2010-03-29,0.0
2010-03-30,0.0
2010-03-31,0.0
2010-04-01,0.0
2010-04-02,0.0
2010-04-03,0.0
2010-04-04,1.0
2010-04-05,0.0
2010-04-06,2.0
2010-04-07,0.0
2010-04-08,0.0
2010-04-09,0.0
2010-04-10,0.0
2010-04-11,0.0
2010-04-12,0.0
2010-04-13,0.0
2010-04-14,0.0
2010-04-15,476.0
2010-04-16,0.0
2010-04-17,0.0
2010-04-18,1.0
2010-04-19,0.0
2010-04-20,7.0
2010-04-21,0.0
2010-04-22,0.0
2010-04-23,0.0
2010-04-24,2.0
2010-04-25,7.0
2010-04-26,0.0
2010-04-27,0.0
2010-04-28,0.0
2010-04-29,0.0
2010-04-30,0.0
2010-05-01,0.0
2010-05-02,0.0
2010-05-03,0.0
2010-05-04,0.0
2010-05-05,0.0
2010-05-06,0.0
2010-05-07,0.0
2010-05-08,0.0
2010-05-09,0.0
2010-05-10,0.0
2010-05-11,0.0
2010-05-12,8.0
2010-05-13,0.0
2010-05-14,4.0
2010-05-15,0.0
2010-05-16,0.0
2010-05-17,4.0
2010-05-18,0.0
2010-05-19,0.0
2010-05-20,0.0
2010-05-21,0.0
2010-05-22,0.0
2010-05-23,0.0
2010-05-24,0.0
2010-05-25,0.0
2010-05-26,0.0
2010-05-27,0.0
2010-05-28,0.0
2010-05-29,0.0
2010-05-30,0.0
2010-05-31,0.0
2010-06-01,0.0
2010-06-02,0.0
2010-06-03,0.0
2010-06-04,0.0
2010-06-05,0.0
2010-06-06,0.0
2010-06-07,0.0
2010-06-08,0.0
2010-06-09,0.0
2010-06-10,0.0
2010-06-11,0.0
2010-06-12,0.0
2010-06-13,1.0
2010-06-14,50.0
2010-06-15,0.0
2010-06-16,0.0
2010-06-17,0.0
2010-06-18,0.0
2010-06-19,6.0
2010-06-20,0.0
2010-06-21,0.0
2010-06-22,0.0
2010-06-23,0.0
2010-06-24,0.0
2010-06-25,0.0
2010-06-26,0.0
2010-06-27,0.0
2010-06-28,1.0
2010-06-29,0.0
2010-06-30,0.0
2010-07-01,0.0
2010-07-02,0.0
2010-07-03,0.0
2010-07-04,0.0
2010-07-05,0.0
2010-07-06,0.0
2010-07-07,0.0
2010-07-08,4.0
2010-07-09,0.0
2010-07-10,0.0
2010-07-11,0.0
2010-07-12,0.0
2010-07-13,0.0
2010-07-14,0.0
2010-07-15,91.0
2010-07-16,7.0
2010-07-17,0.0
2010-07-18,41.0
2010-07-19,0.0
2010-07-20,0.0
2010-07-21,55.0
2010-07-22,0.0
2010-07-23,13.0
2010-07-24,0.0
2010-07-25,0.0
2010-07-26,239.0
2010-07-27,105.0
2010-07-28,0.0
2010-07-29,0.0
2010-07-30,0.0
2010-07-31,31.0
2010-08-01,35.0
2010-08-02,0.0
2010-08-03,0.0
2010-08-04,44.0
2010-08-05,0.0
2010-08-06,1.0
2010-08-07,66.0
2010-08-08,33.0
2010-08-09,12.0
2010-08-10,28.0
2010-08-11,0.0
2010-08-12,0.0
2010-08-13,0.0
2010-08-14,0.0
2010-08-15,0.0
2010-08-16,0.0
2010-08-17,0.0
2010-08-18,1.0
2010-08-19,0.0
2010-08-20,0.0
2010-08-21,2.0
2010-08-22,0.0
2010-08-23,0.0
2010-08-24,0.0
2010-08-25,0.0
2010-08-26,0.0
2010-08-27,11.0
2010-08-28,0.0
2010-08-29,0.0
2010-08-30,0.0
2010-08-31,29.0
2010-09-01,0.0
2010-09-02,0.0
2010-09-03,12.0
2010-09-04,0.0
2010-09-05,19.0
2010-09-06,1.0
2010-09-07,0.0
2010-09-08,0.0
2010-09-09,0.0
2010-09-10,0.0
2010-09-11,0.0
2010-09-12,0.0
2010-09-13,0.0
2010-09-14,0.0
2010-09-15,1.0
2010-09-16,0.0
2010-09-17,205.0
2010-09-18,0.0
2010-09-19,5.0
2010-09-20,0.0
2010-09-21,0.0
2010-09-22,7.0
2010-09-23,1.0
2010-09-24,0.0
2010-09-25,0.0
2010-09-26,0.0
2010-09-27,244.0
2010-09-28,402.0
2010-09-29,9.0
2010-09-30,0.0
2010-10-01,1.0
2010-10-02,0.0
2010-10-03,0.0
2010-10-04,41.0
2010-10-05,1.0
2010-10-06,0.0
2010-10-07,21.0
2010-10-08,114.0
2010-10-09,21.0
2010-10-10,0.0
2010-10-11,1.0
2010-10-12,20.0
2010-10-13,299.0
2010-10-14,33.0
2010-10-15,54.0
2010-10-16,183.0
2010-10-17,1.0
2010-10-18,0.0
2010-10-19,0.0
2010-10-20,0.0
2010-10-21,1.0
2010-10-22,0.0
2010-10-23,0.0
2010-10-24,7.0
2010-10-25,0.0
2010-10-26,0.0
2010-10-27,30.0
2010-10-28,119.0
2010-10-29,3.0
2010-10-30,0.0
2010-10-31,2.0
2010-11-01,1.0
2010-11-02,0.0
2010-11-03,0.0
2010-11-04,0.0
2010-11-05,8.0
2010-11-06,0.0
2010-11-07,1.0
2010-11-08,0.0
2010-11-09,9.0
2010-11-10,0.0
2010-11-11,3.0
2010-11-12,2.0
2010-11-13,0.0
2010-11-14,45.0
2010-11-15,41.0
2010-11-16,2.0
2010-11-17,0.0
2010-11-18,0.0
2010-11-19,0.0
2010-11-20,1.0
2010-11-21,2.0
2010-11-22,0.0
2010-11-23,3.0
2010-11-24,46.0
2010-11-25,46.0
2010-11-26,1.0
2010-11-27,10.0
2010-11-28,0.0
2010-11-29,0.0
2010-11-30,10.0
2010-12-01,4.0
2010-12-02,79.0
2010-12-03,0.0
2010-12-04,5.0
2010-12-05,0.0
2010-12-06,0.0
2010-12-07,52.0
2010-12-08,0.0
2010-12-09,2.0
2010-12-10,10.0
2010-12-11,1.0
2010-12-12,2.0
2010-12-13,7.0
2010-12-14,0.0
2010-12-15,2.0
2010-12-16,1.0
2010-12-17,0.0
2010-12-18,0.0
2010-12-19,0.0
2010-12-20,25.0
2010-12-21,10.0
2010-12-22,1.0
2010-12-23,0.0
2010-12-24,0.0
2010-12-25,0.0
2010-12-26,14.0
2010-12-27,14.0
2010-12-28,0.0
2010-12-29,0.0
2010-12-30,0.0
2010-12-31,0.0
2011-01-01,1.0
2011-01-02,0.0
2011-01-03,2.0
2011-01-04,0.0
2011-01-05,4.0
2011-01-06,30.0
2011-01-07,10.0
2011-01-08,28.0
2011-01-09,2.0
2011-01-10,0.0
2011-01-11,11.0
2011-01-12,1.0
2011-01-13,6.0
2011-01-14,23.0
2011-01-15,0.0
2011-01-16,1.0
2011-01-17,3.0
2011-01-18,1.0
2011-01-19,15.0
2011-01-20,0.0
2011-01-21,0.0
2011-01-22,10.0
2011-01-23,15.0
2011-01-24,0.0
2011-01-25,0.0
2011-01-26,87.0
2011-01-27,10.0
2011-01-28,43.0
2011-01-29,6.0
2011-01-30,1.0
2011-01-31,0.0
2011-02-01,18.0
2011-02-02,6.0
2011-02-03,3.0
2011-02-04,22.0
2011-02-05,7.0
2011-02-06,3.0
2011-02-07,24.0
2011-02-08,4.0
2011-02-09,14.0
2011-02-10,43.0
2011-02-11,90.0
2011-02-12,23.0
2011-02-13,25.0
2011-02-14,272.0
2011-02-15,21.0
2011-02-16,26.0
2011-02-17,19.0
2011-02-18,35.0
2011-02-19,20.0
2011-02-20,4.0
2011-02-21,8.0
2011-02-22,8.0
2011-02-23,11.0
2011-02-24,39.0
2011-02-25,18.0
2011-02-26,26.0
2011-02-27,21.0
2011-02-28,6.0
2011-03-01,52.0
2011-03-02,10.0
2011-03-03,4.0
2011-03-04,12.0
2011-03-05,14.0
2011-03-06,1.0
2011-03-07,2.0
2011-03-08,5.0
2011-03-09,7.0
2011-03-10,10.0
2011-03-11,2.0
2011-03-12,1.0
2011-03-13,6.0
2011-03-14,0.0
2011-03-15,6.0
2011-03-16,12.0
2011-03-17,33.0
2011-03-18,2.0
2011-03-19,8.0
2011-03-20,0.0
2011-03-21,3.0
2011-03-22,3.0
2011-03-23,42.0
2011-03-24,12.0
2011-03-25,4.0
2011-03-26,4.0
2011-03-27,13.0
2011-03-28,44.0
2011-03-29,5.0
2011-03-30,6.0
2011-03-31,1.0
2011-04-01,2.0
2011-04-02,0.0
2011-04-03,6.0
2011-04-04,39.0
2011-04-05,6.0
2011-04-06,10.0
2011-04-07,2.0
2011-04-08,2.0
2011-04-09,6.0
2011-04-10,7.0
2011-04-11,27.0
2011-04-12,7.0
2011-04-13,20.0
2011-04-14,11.0
2011-04-15,6.0
2011-04-16,40.0
2011-04-17,5.0
2011-04-18,20.0
2011-04-19,11.0
2011-04-20,16.0
2011-04-21,3.0
2011-04-22,22.0
2011-04-23,10.0
2011-04-24,11.0
2011-04-25,15.0
2011-04-26,29.0
2011-04-27,49.0
2011-04-28,25.0
2011-04-29,64.0
2011-04-30,66.0
2011-05-01,68.0
2011-05-02,99.0
2011-05-03,63.0
2011-05-04,126.0
2011-05-05,21.0
2011-05-06,16.0
2011-05-07,42.0
2011-05-08,61.0
2011-05-09,86.0
2011-05-10,85.0
2011-05-11,50.0
2011-05-12,56.0
2011-05-13,209.0
2011-05-14,61.0
2011-05-15,37.0
2011-05-16,112.0
2011-05-17,65.0
2011-05-18,59.0
2011-05-19,44.0
2011-05-20,68.0
2011-05-21,80.0
2011-05-22,38.0
2011-05-23,46.0
2011-05-24,59.0
2011-05-25,66.0
2011-05-26,71.0
2011-05-27,38.0
2011-05-28,25.0
2011-05-29,27.0
2011-05-30,112.0
2011-05-31,46.0
2011-06-01,51.0
2011-06-02,78.0
2011-06-03,107.0
2011-06-04,57.0
2011-06-05,57.0
2011-06-06,74.0
2011-06-07,83.0
2011-06-08,121.0
2011-06-09,74.0
2011-06-10,114.0
2011-06-11,131.0
2011-06-12,87.0
2011-06-13,132.0
2011-06-14,80.0
2011-06-15,51.0
2011-06-16,127.0
2011-06-17,90.0
2011-06-18,28.0
2011-06-19,23.0
2011-06-20,55.0
2011-06-21,19.0
2011-06-22,7.0
2011-06-23,34.0
2011-06-24,18.0
2011-06-25,16.0
2011-06-26,29.0
2011-06-27,11.0
2011-06-28,24.0
2011-06-29,41.0
2011-06-30,20.0
2011-07-01,19.0
2011-07-02,7.0
2011-07-03,23.0
2011-07-04,10.0
2011-07-05,12.0
2011-07-06,11.0
2011-07-07,34.0
2011-07-08,24.0
2011-07-09,6.0
2011-07-10,239.0
2011-07-11,29.0
2011-07-12,22.0
2011-07-13,3.0
2011-07-14,7.0
2011-07-15,4.0
2011-07-16,7.0
2011-07-17,4.0
2011-07-18,37.0
2011-07-19,26.0
2011-07-20,24.0
2011-07-21,11.0
2011-07-22,3.0
2011-07-23,2.0
2011-07-24,15.0
2011-07-25,12.0
2011-07-26,6.0
2011-07-27,36.0
2011-07-28,31.0
2011-07-29,6.0
2011-07-30,1.0
2011-07-31,5.0
2011-08-01,7.0
2011-08-02,44.0
2011-08-03,13.0
2011-08-04,15.0
2011-08-05,12.0
2011-08-06,2.0
2011-08-07,11.0
2011-08-08,5.0
2011-08-09,8.0
2011-08-10,0.0
2011-08-11,4.0
2011-08-12,3.0
2011-08-13,12.0
2011-08-14,12.0
2011-08-15,11.0
2011-08-16,4.0
2011-08-17,24.0
2011-08-18,39.0
2011-08-19,31.0
2011-08-20,9.0
2011-08-21,9.0
2011-08-22,4.0
2011-08-23,5.0
2011-08-24,10.0
2011-08-25,26.0
2011-08-26,202.0
2011-08-27,9.0
2011-08-28,19.0
2011-08-29,4.0
2011-08-30,42.0
2011-08-31,6.0
2011-09-01,9.0
2011-09-02,53.0
2011-09-03,5.0
2011-09-04,5.0
2011-09-05,7.0
2011-09-06,13.0
2011-09-07,75.0
2011-09-08,34.0
2011-09-09,260.0
2011-09-10,4.0
2011-09-11,22.0
2011-09-12,10.0
2011-09-13,9.0
2011-09-14,154.0
2011-09-15,12.0
2011-09-16,4.0
2011-09-17,3.0
2011-09-18,10.0
2011-09-19,51.0
2011-09-20,16.0
2011-09-21,33.0
2011-09-22,11.0
2011-09-23,26.0
2011-09-24,4.0
2011-09-25,5.0
2011-09-26,5.0
2011-09-27,0.0
2011-09-28,9.0
2011-09-29,4.0
2011-09-30,2.0
2011-10-01,2.0
2011-10-02,2.0
2011-10-03,4.0
2011-10-04,22.0
2011-10-05,6.0
2011-10-06,5.0
2011-10-07,30.0
2011-10-08,15.0
2011-10-09,8.0
2011-10-10,11.0
2011-10-11,10.0
2011-10-12,12.0
2011-10-13,7.0
2011-10-14,21.0
2011-10-15,42.0
2011-10-16,7.0
2011-10-17,80.0
2011-10-18,64.0
2011-10-19,13.0
2011-10-20,26.0
2011-10-21,4.0
2011-10-22,22.0
2011-10-23,15.0
2011-10-24,10.0
2011-10-25,4.0
2011-10-26,13.0
2011-10-27,17.0
2011-10-28,9.0
2011-10-29,21.0
2011-10-30,13.0
2011-10-31,38.0
2011-11-01,16.0
2011-11-02,46.0
2011-11-03,6.0
2011-11-04,8.0
2011-11-05,5.0
2011-11-06,8.0
2011-11-07,46.0
2011-11-08,15.0
2011-11-09,3.0
2011-11-10,20.0
2011-11-11,87.0
2011-11-12,33.0
2011-11-13,7.0
2011-11-14,25.0
2011-11-15,34.0
2011-11-16,11.0
2011-11-17,16.0
2011-11-18,8.0
2011-11-19,33.0
2011-11-20,4.0
2011-11-21,53.0
2011-11-22,17.0
2011-11-23,22.0
2011-11-24,8.0
2011-11-25,37.0
2011-11-26,15.0
2011-11-27,16.0
2011-11-28,26.0
2011-11-29,43.0
2011-11-30,22.0
2011-12-01,21.0
2011-12-02,49.0
2011-12-03,24.0
2011-12-04,35.0
2011-12-05,45.0
2011-12-06,29.0
2011-12-07,36.0
2011-12-08,14.0
2011-12-09,78.0
2011-12-10,56.0
2011-12-11,120.0
2011-12-12,36.0
2011-12-13,69.0
2011-12-14,32.0
2011-12-15,45.0
2011-12-16,66.0
2011-12-17,60.0
2011-12-18,28.0
2011-12-19,86.0
2011-12-20,309.0
2011-12-21,256.0
2011-12-22,100.0
2011-12-23,25.0
2011-12-24,144.0
2011-12-25,69.0
2011-12-26,116.0
2011-12-27,66.0
2011-12-28,81.0
2011-12-29,139.0
2011-12-30,110.0
2011-12-31,267.0
2012-01-01,93.0
2012-01-02,187.0
2012-01-03,110.0
2012-01-04,345.0
2012-01-05,517.0
2012-01-06,519.0
2012-01-07,319.0
2012-01-08,725.0
2012-01-09,551.0
2012-01-10,3487.0
2012-01-11,2710.0
2012-01-12,406.0
2012-01-13,154.0
2012-01-14,216.0
2012-01-15,232.0
2012-01-16,400.0
2012-01-17,150.0
2012-01-18,241.0
2012-01-19,279.0
2012-01-20,274.0
2012-01-21,678.0
2012-01-22,211.0
2012-01-23,121.0
2012-01-24,351.0
2012-01-25,273.0
2012-01-26,214.0
2012-01-27,308.0
2012-01-28,159.0
2012-01-29,165.0
2012-01-30,116.0
2012-01-31,303.0
2012-02-01,167.0
2012-02-02,298.0
2012-02-03,159.0
2012-02-04,206.0
2012-02-05,279.0
2012-02-06,111.0
2012-02-07,130.0
2012-02-08,141.0
2012-02-09,363.0
2012-02-10,131.0
2012-02-11,181.0
2012-02-12,260.0
2012-02-13,140.0
2012-02-14,166.0
2012-02-15,266.0
2012-02-16,407.0
2012-02-17,197.0
2012-02-18,212.0
2012-02-19,231.0
2012-02-20,334.0
2012-02-21,181.0
2012-02-22,183.0
2012-02-23,358.0
2012-02-24,429.0
2012-02-25,197.0
2012-02-26,315.0
2012-02-27,244.0
2012-02-28,193.0
2012-02-29,243.0
2012-03-01,119.0
2012-03-02,452.0
2012-03-03,83.0
2012-03-04,395.0
2012-03-05,435.0
2012-03-06,323.0
2012-03-07,126.0
2012-03-08,165.0
2012-03-09,142.0
2012-03-10,1358.0
2012-03-11,326.0
2012-03-12,184.0
2012-03-13,1212.0
2012-03-14,667.0
2012-03-15,186.0
2012-03-16,290.0
2012-03-17,427.0
2012-03-18,220.0
2012-03-19,168.0
2012-03-20,272.0
2012-03-21,300.0
2012-03-22,330.0
2012-03-23,241.0
2012-03-24,460.0
2012-03-25,186.0
2012-03-26,185.0
2012-03-27,200.0
2012-03-28,382.0
2012-03-29,307.0
2012-03-30,206.0
2012-03-31,432.0
2012-04-01,112.0
2012-04-02,231.0
2012-04-03,327.0
2012-04-04,247.0
2012-04-05,281.0
2012-04-06,722.0
2012-04-07,180.0
2012-04-08,368.0
2012-04-09,110.0
2012-04-10,284.0
2012-04-11,260.0
2012-04-12,361.0
2012-04-13,555.0
2012-04-14,325.0
2012-04-15,262.0
2012-04-16,499.0
2012-04-17,300.0
2012-04-18,350.0
2012-04-19,436.0
2012-04-20,465.0
2012-04-21,406.0
2012-04-22,616.0
2012-04-23,383.0
2012-04-24,596.0
2012-04-25,414.0
2012-04-26,269.0
2012-04-27,551.0
2012-04-28,174.0
2012-04-29,166.0
2012-04-30,484.0
2012-05-01,498.0
2012-05-02,513.0
2012-05-03,311.0
2012-05-04,454.0
2012-05-05,175.0
2012-05-06,521.0
2012-05-07,347.0
2012-05-08,269.0
2012-05-09,446.0
2012-05-10,193.0
2012-05-11,344.0
2012-05-12,229.0
2012-05-13,292.0
2012-05-14,383.0
2012-05-15,408.0
2012-05-16,297.0
2012-05-17,479.0
2012-05-18,371.0
2012-05-19,470.0
2012-05-20,408.0
2012-05-21,246.0
2012-05-22,375.0
2012-05-23,362.0
2012-05-24,274.0
2012-05-25,263.0
2012-05-26,406.0
2012-05-27,443.0
2012-05-28,329.0
2012-05-29,575.0
2012-05-30,289.0
2012-05-31,481.0
2012-06-01,672.0
2012-06-02,364.0
2012-06-03,456.0
2012-06-04,667.0
2012-06-05,404.0
2012-06-06,459.0
2012-06-07,456.0
2012-06-08,716.0
2012-06-09,350.0
2012-06-10,430.0
2012-06-11,419.0
2012-06-12,413.0
2012-06-13,461.0
2012-06-14,296.0
2012-06-15,378.0
2012-06-16,802.0
2012-06-17,367.0
2012-06-18,689.0
2012-06-19,688.0
2012-06-20,370.0
2012-06-21,244.0
2012-06-22,338.0
2012-06-23,120.0
2012-06-24,545.0
2012-06-25,328.0
2012-06-26,638.0
2012-06-27,952.0
2012-06-28,606.0
2012-06-29,564.0
2012-06-30,276.0
2012-07-01,341.0
2012-07-02,490.0
2012-07-03,414.0
2012-07-04,274.0
2012-07-05,252.0
2012-07-06,531.0
2012-07-07,380.0
2012-07-08,349.0
2012-07-09,207.0
2012-07-10,1172.0
2012-07-11,371.0
2012-07-12,421.0
2012-07-13,445.0
2012-07-14,398.0
2012-07-15,411.0
2012-07-16,691.0
2012-07-17,844.0
2012-07-18,742.0
2012-07-19,754.0
2012-07-20,685.0
2012-07-21,538.0
2012-07-22,482.0
2012-07-23,622.0
2012-07-24,634.0
2012-07-25,299.0
2012-07-26,657.0
2012-07-27,307.0
2012-07-28,244.0
2012-07-29,308.0
2012-07-30,502.0
2012-07-31,684.0
2012-08-01,629.0
2012-08-02,512.0
2012-08-03,767.0
2012-08-04,1515.0
2012-08-05,650.0
2012-08-06,418.0
2012-08-07,618.0
2012-08-08,805.0
2012-08-09,644.0
2012-08-10,559.0
2012-08-11,349.0
2012-08-12,290.0
2012-08-13,279.0
2012-08-14,811.0
2012-08-15,608.0
2012-08-16,1129.0
2012-08-17,1413.0
2012-08-18,1596.0
2012-08-19,1072.0
2012-08-20,628.0
2012-08-21,414.0
2012-08-22,534.0
2012-08-23,497.0
2012-08-24,225.0
2012-08-25,375.0
2012-08-26,401.0
2012-08-27,377.0
2012-08-28,243.0
2012-08-29,331.0
2012-08-30,492.0
2012-08-31,207.0
2012-09-01,250.0
2012-09-02,126.0
2012-09-03,250.0
2012-09-04,186.0
2012-09-05,374.0
2012-09-06,478.0
2012-09-07,704.0
2012-09-08,254.0
2012-09-09,204.0
2012-09-10,457.0
2012-09-11,285.0
2012-09-12,280.0
2012-09-13,211.0
2012-09-14,588.0
2012-09-15,425.0
2012-09-16,284.0
2012-09-17,379.0
2012-09-18,533.0
2012-09-19,729.0
2012-09-20,444.0
2012-09-21,534.0
2012-09-22,206.0
2012-09-23,254.0
2012-09-24,408.0
2012-09-25,214.0
2012-09-26,507.0
2012-09-27,244.0
2012-09-28,421.0
2012-09-29,551.0
2012-09-30,246.0
2012-10-01,504.0
2012-10-02,278.0
2012-10-03,359.0
2012-10-04,500.0
2012-10-05,463.0
2012-10-06,332.0
2012-10-07,229.0
2012-10-08,225.0
2012-10-09,508.0
2012-10-10,397.0
2012-10-11,229.0
2012-10-12,615.0
2012-10-13,383.0
2012-10-14,225.0
2012-10-15,406.0
2012-10-16,541.0
2012-10-17,272.0
2012-10-18,326.0
2012-10-19,327.0
2012-10-20,364.0
2012-10-21,461.0
2012-10-22,219.0
2012-10-23,497.0
2012-10-24,217.0
2012-10-25,401.0
2012-10-26,743.0
2012-10-27,193.0
2012-10-28,139.0
2012-10-29,353.0
2012-10-30,341.0
2012-10-31,405.0
2012-11-01,86.0
2012-11-02,162.0
2012-11-03,860.0
2012-11-04,515.0
2012-11-05,264.0
2012-11-06,1078.0
2012-11-07,1337.0
2012-11-08,447.0
2012-11-09,245.0
2012-11-10,77.0
2012-11-11,371.0
2012-11-12,1209.0
2012-11-13,232.0
2012-11-14,231.0
2012-11-15,181.0
2012-11-16,271.0
2012-11-17,721.0
2012-11-18,405.0
2012-11-19,158.0
2012-11-20,190.0
2012-11-21,311.0
2012-11-22,293.0
2012-11-23,267.0
2012-11-24,705.0
2012-11-25,509.0
2012-11-26,518.0
2012-11-27,310.0
2012-11-28,601.0
2012-11-29,552.0
2012-11-30,262.0
2012-12-01,235.0
2012-12-02,202.0
2012-12-03,297.0
2012-12-04,799.0
2012-12-05,848.0
2012-12-06,356.0
2012-12-07,145.0
2012-12-08,246.0
2012-12-09,246.0
2012-12-10,530.0
2012-12-11,271.0
2012-12-12,212.0
2012-12-13,2481.0
2012-12-14,298.0
2012-12-15,310.0
2012-12-16,208.0
2012-12-17,215.0
2012-12-18,310.0
2012-12-19,421.0
2012-12-20,580.0
2012-12-21,359.0
2012-12-22,211.0
2012-12-23,187.0
2012-12-24,536.0
2012-12-25,459.0
2012-12-26,286.0
2012-12-27,404.0
2012-12-28,297.0
2012-12-29,456.0
2012-12-30,131.0
2012-12-31,427.0
2013-01-01,149.0
2013-01-02,446.0
2013-01-03,344.0
2013-01-04,233.0
2013-01-05,485.0
2013-01-06,383.0
2013-01-07,208.0
2013-01-08,384.0
2013-01-09,312.0
2013-01-10,406.0
2013-01-11,318.0
2013-01-12,273.0
2013-01-13,391.0
2013-01-14,282.0
2013-01-15,223.0
2013-01-16,335.0
2013-01-17,613.0
2013-01-18,1005.0
2013-01-19,494.0
2013-01-20,524.0
2013-01-21,619.0
2013-01-22,889.0
2013-01-23,909.0
2013-01-24,1741.0
2013-01-25,649.0
2013-01-26,299.0
2013-01-27,788.0
2013-01-28,589.0
2013-01-29,779.0
2013-01-30,935.0
2013-01-31,987.0
2013-02-01,2111.0
2013-02-02,1944.0
2013-02-03,883.0
2013-02-04,680.0
2013-02-05,580.0
2013-02-06,284.0
2013-02-07,1081.0
2013-02-08,1247.0
2013-02-09,1168.0
2013-02-10,897.0
2013-02-11,535.0
2013-02-12,1385.0
2013-02-13,1344.0
2013-02-14,818.0
2013-02-15,2245.0
2013-02-16,993.0
2013-02-17,1229.0
2013-02-18,1337.0
2013-02-19,1947.0
2013-02-20,2923.0
2013-02-21,1142.0
2013-02-22,1150.0
2013-02-23,1241.0
2013-02-24,478.0
2013-02-25,1214.0
2013-02-26,1483.0
2013-02-27,800.0
2013-02-28,1434.0
2013-03-01,1114.0
2013-03-02,886.0
2013-03-03,1558.0
2013-03-04,1435.0
2013-03-05,4237.0
2013-03-06,2975.0
2013-03-07,2671.0
2013-03-08,1117.0
2013-03-09,1516.0
2013-03-10,1622.0
2013-03-11,1416.0
2013-03-12,1291.0
2013-03-13,978.0
2013-03-14,983.0
2013-03-15,575.0
2013-03-16,1163.0
2013-03-17,1077.0
2013-03-18,625.0
2013-03-19,1496.0
2013-03-20,1320.0
2013-03-21,3434.0
2013-03-22,2112.0
2013-03-23,1367.0
2013-03-24,1507.0
2013-03-25,2492.0
2013-03-26,2208.0
2013-03-27,2307.0
2013-03-28,2617.0
2013-03-29,1765.0
2013-03-30,1865.0
2013-03-31,1527.0
2013-04-01,3931.0
2013-04-02,2563.0
2013-04-03,4454.0
2013-04-04,3215.0
2013-04-05,2251.0
2013-04-06,2491.0
2013-04-07,4475.0
2013-04-08,3138.0
2013-04-09,3804.0
2013-04-10,4966.0
2013-04-11,4063.0
2013-04-12,2239.0
2013-04-13,1058.0
2013-04-14,1928.0
2013-04-15,1266.0
2013-04-16,1879.0
2013-04-17,2463.0
2013-04-18,1350.0
2013-04-19,1665.0
2013-04-20,2242.0
2013-04-21,1820.0
2013-04-22,932.0
2013-04-23,2089.0
2013-04-24,1008.0
2013-04-25,1183.0
2013-04-26,1843.0
2013-04-27,534.0
2013-04-28,1107.0
2013-04-29,953.0
2013-04-30,952.0
2013-05-01,1111.0
2013-05-02,1408.0
2013-05-03,1738.0
2013-05-04,737.0
2013-05-05,1341.0
2013-05-06,3548.0
2013-05-07,1109.0
2013-05-08,752.0
2013-05-09,1795.0
2013-05-10,758.0
2013-05-11,654.0
2013-05-12,1294.0
2013-05-13,1494.0
2013-05-14,1241.0
2013-05-15,1873.0
2013-05-16,671.0
2013-05-17,743.0
2013-05-18,3234.0
2013-05-19,454.0
2013-05-20,399.0
2013-05-21,502.0
2013-05-22,1246.0
2013-05-23,2206.0
2013-05-24,1436.0
2013-05-25,638.0
2013-05-26,2551.0
2013-05-27,975.0
2013-05-28,699.0
2013-05-29,2103.0
2013-05-30,1029.0
2013-05-31,790.0
2013-06-01,1541.0
2013-06-02,996.0
2013-06-03,1751.0
2013-06-04,795.0
2013-06-05,842.0
2013-06-06,1623.0
2013-06-07,1437.0
2013-06-08,481.0
2013-06-09,965.0
2013-06-10,910.0
2013-06-11,951.0
2013-06-12,1067.0
2013-06-13,699.0
2013-06-14,444.0
2013-06-15,353.0
2013-06-16,753.0
2013-06-17,508.0
2013-06-18,819.0
2013-06-19,699.0
2013-06-20,494.0
2013-06-21,533.0
2013-06-22,468.0
2013-06-23,739.0
2013-06-24,608.0
2013-06-25,337.0
2013-06-26,1393.0
2013-06-27,425.0
2013-06-28,715.0
2013-06-29,2166.0
2013-06-30,900.0
2013-07-01,513.0
2013-07-02,356.0
2013-07-03,681.0
2013-07-04,1491.0
2013-07-05,654.0
2013-07-06,519.0
2013-07-07,660.0
2013-07-08,459.0
2013-07-09,1063.0
2013-07-10,979.0
2013-07-11,691.0
2013-07-12,517.0
2013-07-13,332.0
2013-07-14,686.0
2013-07-15,338.0
2013-07-16,305.0
2013-07-17,621.0
2013-07-18,535.0
2013-07-19,601.0
2013-07-20,865.0
2013-07-21,321.0
2013-07-22,1821.0
2013-07-23,441.0
2013-07-24,366.0
2013-07-25,973.0
2013-07-26,810.0
2013-07-27,586.0
2013-07-28,677.0
2013-07-29,1157.0
2013-07-30,1040.0
2013-07-31,819.0
2013-08-01,1107.0
2013-08-02,426.0
2013-08-03,840.0
2013-08-04,520.0
2013-08-05,478.0
2013-08-06,1285.0
2013-08-07,1088.0
2013-08-08,504.0
2013-08-09,247.0
2013-08-10,672.0
2013-08-11,374.0
2013-08-12,965.0
2013-08-13,2532.0
2013-08-14,1685.0
2013-08-15,1623.0
2013-08-16,878.0
2013-08-17,834.0
2013-08-18,862.0
2013-08-19,797.0
2013-08-20,1159.0
2013-08-21,974.0
2013-08-22,1036.0
2013-08-23,1135.0
2013-08-24,696.0
2013-08-25,1199.0
2013-08-26,1159.0
2013-08-27,919.0
2013-08-28,1193.0
2013-08-29,926.0
2013-08-30,1087.0
2013-08-31,1419.0
2013-09-01,990.0
2013-09-02,563.0
2013-09-03,851.0
2013-09-04,995.0
2013-09-05,335.0
2013-09-06,1186.0
2013-09-07,1058.0
2013-09-08,279.0
2013-09-09,445.0
2013-09-10,607.0
2013-09-11,639.0
2013-09-12,669.0
2013-09-13,538.0
2013-09-14,574.0
2013-09-15,664.0
2013-09-16,747.0
2013-09-17,589.0
2013-09-18,526.0
2013-09-19,1578.0
2013-09-20,616.0
2013-09-21,1884.0
2013-09-22,1540.0
2013-09-23,1454.0
2013-09-24,2888.0
2013-09-25,678.0
2013-09-26,1112.0
2013-09-27,1892.0
2013-09-28,2557.0
2013-09-29,614.0
2013-09-30,1023.0
2013-10-01,3397.0
2013-10-02,1341.0
2013-10-03,6300.0
2013-10-04,5046.0
2013-10-05,684.0
2013-10-06,1310.0
2013-10-07,3622.0
2013-10-08,833.0
2013-10-09,2132.0
2013-10-10,1668.0
2013-10-11,1120.0
2013-10-12,981.0
2013-10-13,1089.0
2013-10-14,5016.0
2013-10-15,1232.0
2013-10-16,2651.0
2013-10-17,1056.0
2013-10-18,1676.0
2013-10-19,2343.0
2013-10-20,1670.0
2013-10-21,4207.0
2013-10-22,2208.0
2013-10-23,4703.0
2013-10-24,9046.0
2013-10-25,1733.0
2013-10-26,2243.0
2013-10-27,2111.0
2013-10-28,1413.0
2013-10-29,3094.0
2013-10-30,2427.0
2013-10-31,1561.0
2013-11-01,1878.0
2013-11-02,1305.0
2013-11-03,1898.0
2013-11-04,4537.0
2013-11-05,4038.0
2013-11-06,5195.0
2013-11-07,6480.0
2013-11-08,6495.0
2013-11-09,7927.0
2013-11-10,7839.0
2013-11-11,4957.0
2013-11-12,4549.0
2013-11-13,3525.0
2013-11-14,5539.0
2013-11-15,6194.0
2013-11-16,4827.0
2013-11-17,5113.0
2013-11-18,7412.0
2013-11-19,19225.0
2013-11-20,8198.0
2013-11-21,6274.0
2013-11-22,8194.0
2013-11-23,7550.0
2013-11-24,5013.0
2013-11-25,5587.0
2013-11-26,6487.0
2013-11-27,10598.0
2013-11-28,9461.0
2013-11-29,14989.0
2013-11-30,8312.0
2013-12-01,7205.0
2013-12-02,6823.0
2013-12-03,5642.0
2013-12-04,6260.0
2013-12-05,6829.0
2013-12-06,4174.0
2013-12-07,5277.0
2013-12-08,5552.0
2013-12-09,4086.0
2013-12-10,23953.0
2013-12-11,3882.0
2013-12-12,3376.0
2013-12-13,4009.0
2013-12-14,3777.0
2013-12-15,2185.0
2013-12-16,2827.0
2013-12-17,3387.0
2013-12-18,5315.0
2013-12-19,2397.0
2013-12-20,1880.0
2013-12-21,1798.0
2013-12-22,1640.0
2013-12-23,1967.0
2013-12-24,3591.0
2013-12-25,1708.0
2013-12-26,3583.0
2013-12-27,2083.0
2013-12-28,1864.0
2013-12-29,2511.0
2013-12-30,1881.0
2013-12-31,1627.0
2014-01-01,2114.0
2014-01-02,2156.0
2014-01-03,2207.0
2014-01-04,2874.0
2014-01-05,3352.0
2014-01-06,2618.0
2014-01-07,2478.0
2014-01-08,2155.0
2014-01-09,2856.0
2014-01-10,2103.0
2014-01-11,1508.0
2014-01-12,2199.0
2014-01-13,1502.0
2014-01-14,2042.0
2014-01-15,1824.0
2014-01-16,1602.0
2014-01-17,1487.0
2014-01-18,1964.0
2014-01-19,1427.0
2014-01-20,1331.0
2014-01-21,1868.0
2014-01-22,3563.0
2014-01-23,2121.0
2014-01-24,2165.0
2014-01-25,1291.0
2014-01-26,2404.0
2014-01-27,2842.0
2014-01-28,2354.0
2014-01-29,2509.0
2014-01-30,1573.0
2014-01-31,1167.0
2014-02-01,1731.0
2014-02-02,1836.0
2014-02-03,2205.0
2014-02-04,2369.0
2014-02-05,1757.0
2014-02-06,1797.0
2014-02-07,3818.0
2014-02-08,2440.0
2014-02-09,2072.0
2014-02-10,3032.0
2014-02-11,2983.0
2014-02-12,2144.0
2014-02-13,2464.0
2014-02-14,2080.0
2014-02-15,1914.0
2014-02-16,1123.0
2014-02-17,1047.0
2014-02-18,1610.0
2014-02-19,2368.0
2014-02-20,1680.0
2014-02-21,1221.0
2014-02-22,1505.0
2014-02-23,1229.0
2014-02-24,1986.0
2014-02-25,1680.0
2014-02-26,1035.0
2014-02-27,1425.0
2014-02-28,818.0
2014-03-01,769.0
2014-03-02,1503.0
2014-03-03,1604.0
2014-03-04,1721.0
2014-03-05,1248.0
2014-03-06,1906.0
2014-03-07,2264.0
2014-03-08,1361.0
2014-03-09,1251.0
2014-03-10,622.0
2014-03-11,1136.0
2014-03-12,1221.0
2014-03-13,1093.0
2014-03-14,1425.0
2014-03-15,984.0
2014-03-16,1136.0
2014-03-17,870.0
2014-03-18,1300.0
2014-03-19,1648.0
2014-03-20,1805.0
2014-03-21,3850.0
2014-03-22,1232.0
2014-03-23,1057.0
2014-03-24,1020.0
2014-03-25,781.0
2014-03-26,1813.0
2014-03-27,1712.0
2014-03-28,1204.0
2014-03-29,673.0
2014-03-30,719.0
2014-03-31,873.0
2014-04-01,1304.0
2014-04-02,1668.0
2014-04-03,1084.0
2014-04-04,816.0
2014-04-05,656.0
2014-04-06,745.0
2014-04-07,1001.0
2014-04-08,1098.0
2014-04-09,914.0
2014-04-10,1031.0
2014-04-11,1322.0
2014-04-12,694.0
2014-04-13,604.0
2014-04-14,730.0
2014-04-15,1805.0
2014-04-16,1814.0
2014-04-17,1139.0
2014-04-18,765.0
2014-04-19,586.0
2014-04-20,531.0
2014-04-21,638.0
2014-04-22,839.0
2014-04-23,1405.0
2014-04-24,1280.0
2014-04-25,2639.0
2014-04-26,608.0
2014-04-27,616.0
2014-04-28,751.0
2014-04-29,843.0
2014-04-30,990.0
2014-05-01,1044.0
2014-05-02,717.0
2014-05-03,511.0
2014-05-04,493.0
2014-05-05,1365.0
2014-05-06,2203.0
2014-05-07,1448.0
2014-05-08,4856.0
2014-05-09,2096.0
2014-05-10,568.0
2014-05-11,666.0
2014-05-12,489.0
2014-05-13,467.0
2014-05-14,713.0
2014-05-15,732.0
2014-05-16,1016.0
2014-05-17,1736.0
2014-05-18,1408.0
2014-05-19,1087.0
2014-05-20,776.0
2014-05-21,1109.0
2014-05-22,1287.0
2014-05-23,1343.0
2014-05-24,729.0
2014-05-25,769.0
2014-05-26,988.0
2014-05-27,621.0
2014-05-28,835.0
2014-05-29,802.0
2014-05-30,935.0
2014-05-31,1230.0
2014-06-01,1043.0
2014-06-02,1408.0
2014-06-03,2185.0
2014-06-04,935.0
2014-06-05,1298.0
2014-06-06,997.0
2014-06-07,1107.0
2014-06-08,677.0
2014-06-09,894.0
2014-06-10,1268.0
2014-06-11,1271.0
2014-06-12,1917.0
2014-06-13,964.0
2014-06-14,1159.0
2014-06-15,770.0
2014-06-16,1413.0
2014-06-17,1203.0
2014-06-18,960.0
2014-06-19,1272.0
2014-06-20,795.0
2014-06-21,787.0
2014-06-22,767.0
2014-06-23,1135.0
2014-06-24,1859.0
2014-06-25,1327.0
2014-06-26,1129.0
2014-06-27,1136.0
2014-06-28,1250.0
2014-06-29,746.0
2014-06-30,1958.0
2014-07-01,2073.0
2014-07-02,2187.0
2014-07-03,1713.0
2014-07-04,2485.0
2014-07-05,1286.0
2014-07-06,1600.0
2014-07-07,1150.0
2014-07-08,1508.0
2014-07-09,1275.0
2014-07-10,2033.0
2014-07-11,1202.0
2014-07-12,1550.0
2014-07-13,1432.0
2014-07-14,1561.0
2014-07-15,1632.0
2014-07-16,2295.0
2014-07-17,1455.0
2014-07-18,1864.0
2014-07-19,1454.0
2014-07-20,1603.0
2014-07-21,1658.0
2014-07-22,1945.0
2014-07-23,2154.0
2014-07-24,3301.0
2014-07-25,2707.0
2014-07-26,2623.0
2014-07-27,1635.0
2014-07-28,2164.0
2014-07-29,1787.0
2014-07-30,1678.0
2014-07-31,1677.0
2014-08-01,1310.0
2014-08-02,1367.0
2014-08-03,1519.0
2014-08-04,2253.0
2014-08-05,3009.0
2014-08-06,2128.0
2014-08-07,2231.0
2014-08-08,2602.0
2014-08-09,1842.0
2014-08-10,1804.0
2014-08-11,2354.0
2014-08-12,2362.0
2014-08-13,2169.0
2014-08-14,2269.0
2014-08-15,4222.0
2014-08-16,23356.0
2014-08-17,1473.0
2014-08-18,2395.0
2014-08-19,1922.0
2014-08-20,2224.0
2014-08-21,2259.0
2014-08-22,1763.0
2014-08-23,1695.0
2014-08-24,1441.0
2014-08-25,2494.0
2014-08-26,2451.0
2014-08-27,2405.0
2014-08-28,2235.0
2014-08-29,2701.0
2014-08-30,2020.0
2014-08-31,2076.0
2014-09-01,2339.0
2014-09-02,2453.0
2014-09-03,2172.0
2014-09-04,4761.0
2014-09-05,2079.0
2014-09-06,1897.0
2014-09-07,3242.0
2014-09-08,2766.0
2014-09-09,4280.0
2014-09-10,7854.0
2014-09-11,2611.0
2014-09-12,2152.0
2014-09-13,2023.0
2014-09-14,2238.0
2014-09-15,3391.0
2014-09-16,6046.0
2014-09-17,2888.0
2014-09-18,3303.0
2014-09-19,3382.0
2014-09-20,2963.0
2014-09-21,2711.0
2014-09-22,3026.0
2014-09-23,2491.0
2014-09-24,2606.0
2014-09-25,4790.0
2014-09-26,3480.0
2014-09-27,2069.0
2014-09-28,2361.0
2014-09-29,3053.0
2014-09-30,3238.0
2014-10-01,2019.0
2014-10-02,2747.0
2014-10-03,2436.0
2014-10-04,3549.0
2014-10-05,4256.0
2014-10-06,3072.0
2014-10-07,2841.0
2014-10-08,3074.0
2014-10-09,2882.0
2014-10-10,2698.0
2014-10-11,2400.0
2014-10-12,2388.0
2014-10-13,3428.0
2014-10-14,2640.0
2014-10-15,2351.0
2014-10-16,2265.0
2014-10-17,2543.0
2014-10-18,1910.0
2014-10-19,2678.0
2014-10-20,2367.0
2014-10-21,3453.0
2014-10-22,1863.0
2014-10-23,2262.0
2014-10-24,2314.0
2014-10-25,2145.0
2014-10-26,2090.0
2014-10-27,2986.0
2014-10-28,2308.0
2014-10-29,2428.0
2014-10-30,2422.0
2014-10-31,2451.0
2014-11-01,2026.0
2014-11-02,3053.0
2014-11-03,3582.0
2014-11-04,3712.0
2014-11-05,3310.0
2014-11-06,3307.0
2014-11-07,10859.0
2014-11-08,4208.0
2014-11-09,3911.0
2014-11-10,2696.0
2014-11-11,3823.0
2014-11-12,3693.0
2014-11-13,6540.0
2014-11-14,3363.0
2014-11-15,2878.0
2014-11-16,3110.0
2014-11-17,4361.0
2014-11-18,3480.0
2014-11-19,2968.0
2014-11-20,2675.0
2014-11-21,2917.0
2014-11-22,3025.0
2014-11-23,2578.0
2014-11-24,3829.0
2014-11-25,3738.0
2014-11-26,3569.0
2014-11-27,2367.0
2014-11-28,4738.0
2014-11-29,3948.0
2014-11-30,3178.0
2014-12-01,3256.0
2014-12-02,7129.0
2014-12-03,4290.0
2014-12-04,5452.0
2014-12-05,3292.0
2014-12-06,3014.0
2014-12-07,2790.0
2014-12-08,4656.0
2014-12-09,5441.0
2014-12-10,3597.0
2014-12-11,3534.0
2014-12-12,2598.0
2014-12-13,2359.0
2014-12-14,2915.0
2014-12-15,3371.0
2014-12-16,5160.0
2014-12-17,2971.0
2014-12-18,3524.0
2014-12-19,3450.0
2014-12-20,2585.0
2014-12-21,3149.0
2014-12-22,5163.0
2014-12-23,5742.0
2014-12-24,2745.0
2014-12-25,2414.0
2014-12-26,2817.0
2014-12-27,2660.0
2014-12-28,2473.0
2014-12-29,2610.0
2014-12-30,2948.0
2014-12-31,4178.0
2015-01-01,1971.0
2015-01-02,3059.0
2015-01-03,3864.0
2015-01-04,3505.0
2015-01-05,3713.0
2015-01-06,4043.0
2015-01-07,3219.0
2015-01-08,4477.0
2015-01-09,2639.0
2015-01-10,2920.0
2015-01-11,2644.0
2015-01-12,4568.0
2015-01-13,6694.0
2015-01-14,7028.0
2015-01-15,4168.0
2015-01-16,2950.0
2015-01-17,3662.0
2015-01-18,3177.0
2015-01-19,3311.0
2015-01-20,3299.0
2015-01-21,3773.0
2015-01-22,3246.0
2015-01-23,2467.0
2015-01-24,4050.0
2015-01-25,2283.0
2015-01-26,5491.0
2015-01-27,3127.0
2015-01-28,3305.0
2015-01-29,3352.0
2015-01-30,3071.0
2015-01-31,2973.0
2015-02-01,3652.0
2015-02-02,2875.0
2015-02-03,2777.0
2015-02-04,3606.0
2015-02-05,2877.0
2015-02-06,1923.0
2015-02-07,1908.0
2015-02-08,2680.0
2015-02-09,2924.0
2015-02-10,2710.0
2015-02-11,4299.0
2015-02-12,2866.0
2015-02-13,3856.0
2015-02-14,3907.0
2015-02-15,3647.0
2015-02-16,2979.0
2015-02-17,3152.0
2015-02-18,2996.0
2015-02-19,2704.0
2015-02-20,3097.0
2015-02-21,2778.0
2015-02-22,3506.0
2015-02-23,3308.0
2015-02-24,4159.0
2015-02-25,4714.0
2015-02-26,4904.0
2015-02-27,3569.0
2015-02-28,4786.0
2015-03-01,8618.0
2015-03-02,6209.0
2015-03-03,7571.0
2015-03-04,8774.0
2015-03-05,8257.0
2015-03-06,3599.0
2015-03-07,3869.0
2015-03-08,3139.0
2015-03-09,5143.0
2015-03-10,5592.0
2015-03-11,12936.0
2015-03-12,6411.0
2015-03-13,4391.0
2015-03-14,3553.0
2015-03-15,2673.0
2015-03-16,3069.0
2015-03-17,2958.0
2015-03-18,3921.0
2015-03-19,3502.0
2015-03-20,3358.0
2015-03-21,3964.0
2015-03-22,3521.0
2015-03-23,3751.0
2015-03-24,4130.0
2015-03-25,3228.0
2015-03-26,3008.0
2015-03-27,2040.0
2015-03-28,2730.0
2015-03-29,3024.0
2015-03-30,4311.0
2015-03-31,3590.0
2015-04-01,3807.0
2015-04-02,9027.0
2015-04-03,3291.0
2015-04-04,3288.0
2015-04-05,3034.0
2015-04-06,3992.0
2015-04-07,3650.0
2015-04-08,3283.0
2015-04-09,2647.0
2015-04-10,3815.0
2015-04-11,3046.0
2015-04-12,2701.0
2015-04-13,3637.0
2015-04-14,3196.0
2015-04-15,3070.0
2015-04-16,2345.0
2015-04-17,3043.0
2015-04-18,2910.0
2015-04-19,2471.0
2015-04-20,3519.0
2015-04-21,2815.0
2015-04-22,4013.0
2015-04-23,4636.0
2015-04-24,3280.0
2015-04-25,3330.0
2015-04-26,3306.0
2015-04-27,3039.0
2015-04-28,3340.0
2015-04-29,2937.0
2015-04-30,2290.0
2015-05-01,2594.0
2015-05-02,2810.0
2015-05-03,2708.0
2015-05-04,2715.0
2015-05-05,3780.0
2015-05-06,2789.0
2015-05-07,3041.0
2015-05-08,3980.0
2015-05-09,2538.0
2015-05-10,2815.0
2015-05-11,3507.0
2015-05-12,4063.0
2015-05-13,3067.0
2015-05-14,3113.0
2015-05-15,3800.0
2015-05-16,3080.0
2015-05-17,3179.0
2015-05-18,3094.0
2015-05-19,3895.0
2015-05-20,2687.0
2015-05-21,3386.0
2015-05-22,4362.0
2015-05-23,3363.0
2015-05-24,3694.0
2015-05-25,4095.0
2015-05-26,3837.0
2015-05-27,3221.0
2015-05-28,6352.0
2015-05-29,7586.0
2015-05-30,4060.0
2015-05-31,4158.0
2015-06-01,7208.0
2015-06-02,3891.0
2015-06-03,5242.0
2015-06-04,6397.0
2015-06-05,3193.0
2015-06-06,3007.0
2015-06-07,2078.0
2015-06-08,2916.0
2015-06-09,3317.0
2015-06-10,3317.0
2015-06-11,3072.0
2015-06-12,3348.0
2015-06-13,3445.0
2015-06-14,2459.0
2015-06-15,3682.0
2015-06-16,3333.0
2015-06-17,6678.0
2015-06-18,3791.0
2015-06-19,3793.0
2015-06-20,3357.0
2015-06-21,3196.0
2015-06-22,3622.0
2015-06-23,3733.0
2015-06-24,3474.0
2015-06-25,3844.0
2015-06-26,2791.0
2015-06-27,3878.0
2015-06-28,4356.0
2015-06-29,5214.0
2015-06-30,5311.0
2015-07-01,3529.0
2015-07-02,3913.0
2015-07-03,3795.0
2015-07-04,3821.0
2015-07-05,4115.0
2015-07-06,5256.0
2015-07-07,4640.0
2015-07-08,3151.0
2015-07-09,6196.0
2015-07-10,6026.0
2015-07-11,5869.0
2015-07-12,6235.0
2015-07-13,4489.0
2015-07-14,5099.0
2015-07-15,4076.0
2015-07-16,3097.0
2015-07-17,2528.0
2015-07-18,3788.0
2015-07-19,4068.0
2015-07-20,4635.0
2015-07-21,3796.0
2015-07-22,3838.0
2015-07-23,2699.0
2015-07-24,8163.0
2015-07-25,4686.0
2015-07-26,3215.0
2015-07-27,2693.0
2015-07-28,3730.0
2015-07-29,4245.0
2015-07-30,2834.0
2015-07-31,3573.0
2015-08-01,3718.0
2015-08-02,2857.0
2015-08-03,4565.0
2015-08-04,2394.0
2015-08-05,3971.0
2015-08-06,3793.0
2015-08-07,4262.0
2015-08-08,3826.0
2015-08-09,3581.0
2015-08-10,3312.0
2015-08-11,2904.0
2015-08-12,3135.0
2015-08-13,5032.0
2015-08-14,4066.0
2015-08-15,3608.0
2015-08-16,3132.0
2015-08-17,4043.0
2015-08-18,3321.0
2015-08-19,3682.0
2015-08-20,2965.0
2015-08-21,3679.0
2015-08-22,4776.0
2015-08-23,3044.0
2015-08-24,5283.0
2015-08-25,4403.0
2015-08-26,3816.0
2015-08-27,2539.0
2015-08-28,2742.0
2015-08-29,4171.0
2015-08-30,3138.0
2015-08-31,3290.0
2015-09-01,4074.0
2015-09-02,2738.0
2015-09-03,5987.0
2015-09-04,2383.0
2015-09-05,4482.0
2015-09-06,4363.0
2015-09-07,4386.0
2015-09-08,4732.0
2015-09-09,3308.0
2015-09-10,3222.0
2015-09-11,3164.0
2015-09-12,3645.0
2015-09-13,3200.0
2015-09-14,2610.0
2015-09-15,4277.0
2015-09-16,3635.0
2015-09-17,3476.0
2015-09-18,3712.0
2015-09-19,4624.0
2015-09-20,4208.0
2015-09-21,5099.0
2015-09-22,5141.0
2015-09-23,4256.0
2015-09-24,3981.0
2015-09-25,4015.0
2015-09-26,6399.0
2015-09-27,6848.0
2015-09-28,5660.0
2015-09-29,11454.0
2015-09-30,7192.0
2015-10-01,3368.0
2015-10-02,2472.0
2015-10-03,4376.0
2015-10-04,3920.0
2015-10-05,4168.0
2015-10-06,6620.0
2015-10-07,4994.0
2015-10-08,4938.0
2015-10-09,5643.0
2015-10-10,5994.0
2015-10-11,5329.0
2015-10-12,5067.0
2015-10-13,3788.0
2015-10-14,6149.0
2015-10-15,7034.0
2015-10-16,7916.0
2015-10-17,7298.0
2015-10-18,11230.0
2015-10-19,11070.0
2015-10-20,13165.0
2015-10-21,3888.0
2015-10-22,9831.0
2015-10-23,15032.0
2015-10-24,6349.0
2015-10-25,6542.0
2015-10-26,20996.0
2015-10-27,5842.0
2015-10-28,8034.0
2015-10-29,14066.0
2015-10-30,11064.0
2015-10-31,8703.0
2015-11-01,8318.0
2015-11-02,8196.0
2015-11-03,16932.0
2015-11-04,23791.0
2015-11-05,16838.0
2015-11-06,9933.0
2015-11-07,10782.0
2015-11-08,7515.0
2015-11-09,7061.0
2015-11-10,7736.0
2015-11-11,6155.0
2015-11-12,4507.0
2015-11-13,4086.0
2015-11-14,5493.0
2015-11-15,4158.0
2015-11-16,4309.0
2015-11-17,3849.0
2015-11-18,5490.0
2015-11-19,11924.0
2015-11-20,11669.0
2015-11-21,4955.0
2015-11-22,3614.0
2015-11-23,3903.0
2015-11-24,3883.0
2015-11-25,3717.0
2015-11-26,5690.0
2015-11-27,5442.0
2015-11-28,5392.0
2015-11-29,3107.0
2015-11-30,7773.0
2015-12-01,4667.0
2015-12-02,4426.0
2015-12-03,4580.0
2015-12-04,4526.0
2015-12-05,5578.0
2015-12-06,8015.0
2015-12-07,5694.0
2015-12-08,21610.0
2015-12-09,13330.0
2015-12-10,8465.0
2015-12-11,9381.0
2015-12-12,30020.0
2015-12-13,19028.0
2015-12-14,7829.0
2015-12-15,11049.0
2015-12-16,8669.0
2015-12-17,6759.0
2015-12-18,6922.0
2015-12-19,5786.0
2015-12-20,7482.0
2015-12-21,5549.0
2015-12-22,5992.0
2015-12-23,5101.0
2015-12-24,4697.0
2015-12-25,4451.0
2015-12-26,5466.0
2015-12-27,7088.0
2015-12-28,4993.0
2015-12-29,4260.0
2015-12-30,4330.0
2015-12-31,3462.0
2016-01-01,3808.0
2016-01-02,10796.0
2016-01-03,4101.0
2016-01-04,5001.0
2016-01-05,5061.0
2016-01-06,4664.0
2016-01-07,6398.0
2016-01-08,5228.0
2016-01-09,4760.0
2016-01-10,6012.0
2016-01-11,5729.0
2016-01-12,4196.0
2016-01-13,3809.0
2016-01-14,5344.0
2016-01-15,8329.0
2016-01-16,7752.0
2016-01-17,7677.0
2016-01-18,5766.0
2016-01-19,24303.0
2016-01-20,23599.0
2016-01-21,7080.0
2016-01-22,6198.0
2016-01-23,3817.0
2016-01-24,5877.0
2016-01-25,4860.0
2016-01-26,7250.0
2016-01-27,9062.0
2016-01-28,6255.0
2016-01-29,9325.0
2016-01-30,10021.0
2016-01-31,13923.0
2016-02-01,7420.0
2016-02-02,6846.0
2016-02-03,14477.0
2016-02-04,59179.0
2016-02-05,12731.0
2016-02-06,19541.0
2016-02-07,21444.0
2016-02-08,5399.0
2016-02-09,6421.0
2016-02-10,5126.0
2016-02-11,26002.0
2016-02-12,11556.0
2016-02-13,8301.0
2016-02-14,13469.0
2016-02-15,7694.0
2016-02-16,4095.0
2016-02-17,6258.0
2016-02-18,7457.0
2016-02-19,5418.0
2016-02-20,4445.0
2016-02-21,4971.0
2016-02-22,5785.0
2016-02-23,4278.0
2016-02-24,4727.0
2016-02-25,11799.0
2016-02-26,11907.0
2016-02-27,13956.0
2016-02-28,8922.0
2016-02-29,3718.0
2016-03-01,5499.0
2016-03-02,5811.0
2016-03-03,6466.0
2016-03-04,4946.0
2016-03-05,8902.0
2016-03-06,24819.0
2016-03-07,22132.0
2016-03-08,23146.0
2016-03-09,50196.0
2016-03-10,40716.0
2016-03-11,18475.0
2016-03-12,17170.0
2016-03-13,14457.0
2016-03-14,59744.0
2016-03-15,41959.0
2016-03-16,22732.0
2016-03-17,19651.0
2016-03-18,13900.0
2016-03-19,26135.0
2016-03-20,34524.0
2016-03-21,12076.0
2016-03-22,14178.0
2016-03-23,37013.0
2016-03-24,19167.0
2016-03-25,51495.0
2016-03-26,43984.0
2016-03-27,34358.0
2016-03-28,17472.0
2016-03-29,14998.0
2016-03-30,15271.0
2016-03-31,16614.0
2016-04-01,11099.0
2016-04-02,20642.0
2016-04-03,21229.0
2016-04-04,19986.0
2016-04-05,18788.0
2016-04-06,12191.0
2016-04-07,18060.0
2016-04-08,14089.0
2016-04-09,54335.0
2016-04-10,41171.0
2016-04-11,12531.0
2016-04-12,4427.0
2016-04-13,6006.0
2016-04-14,3526.0
2016-04-15,4237.0
2016-04-16,3394.0
2016-04-17,23205.0
2016-04-18,7939.0
2016-04-19,3421.0
2016-04-20,9201.0
2016-04-21,7626.0
2016-04-22,13046.0
2016-04-23,22398.0
2016-04-24,4231.0
2016-04-25,4517.0
2016-04-26,4141.0
2016-04-27,6195.0
2016-04-28,5169.0
2016-04-29,5615.0
2016-04-30,4211.0
2016-05-01,2548.0
2016-05-02,5850.0
2016-05-03,12667.0
2016-05-04,12437.0
2016-05-05,10042.0
2016-05-06,3526.0
2016-05-07,9954.0
2016-05-08,16607.0
2016-05-09,2372.0
2016-05-10,4314.0
2016-05-11,3306.0
2016-05-12,3319.0
2016-05-13,3147.0
2016-05-14,3853.0
2016-05-15,3540.0
2016-05-16,3259.0
2016-05-17,3178.0
2016-05-18,3611.0
2016-05-19,3247.0
2016-05-20,5736.0
2016-05-21,3251.0
2016-05-22,3526.0
2016-05-23,18005.0
2016-05-24,4641.0
2016-05-25,3983.0
2016-05-26,12032.0
2016-05-27,4575.0
2016-05-28,5254.0
2016-05-29,6258.0
2016-05-30,6567.0
2016-05-31,4450.0
2016-06-01,5132.0
2016-06-02,4205.0
2016-06-03,4820.0
2016-06-04,4594.0
2016-06-05,41911.0
2016-06-06,15335.0
2016-06-07,10210.0
2016-06-08,36902.0
2016-06-09,17429.0
2016-06-10,29221.0
2016-06-11,32035.0
2016-06-12,7241.0
2016-06-13,12319.0
2016-06-14,5718.0
2016-06-15,5572.0
2016-06-16,10050.0
2016-06-17,8711.0
2016-06-18,6345.0
2016-06-19,8705.0
2016-06-20,10615.0
2016-06-21,5292.0
2016-06-22,4421.0
2016-06-23,5096.0
2016-06-24,4042.0
2016-06-25,4131.0
2016-06-26,28205.0
2016-06-27,27516.0
2016-06-28,13024.0
2016-06-29,12043.0
2016-06-30,22759.0
2016-07-01,31279.0
2016-07-02,10163.0
2016-07-03,52798.0
2016-07-04,41984.0
2016-07-05,13677.0
2016-07-06,38591.0
2016-07-07,20407.0
2016-07-08,38125.0
2016-07-09,31540.0
2016-07-10,64807.0
2016-07-11,17347.0
2016-07-12,28388.0
2016-07-13,12228.0
2016-07-14,11426.0
2016-07-15,10065.0
2016-07-16,44688.0
2016-07-17,43064.0
2016-07-18,15377.0
2016-07-19,14584.0
2016-07-20,34239.0
2016-07-21,11581.0
2016-07-22,20104.0
2016-07-23,15194.0
2016-07-24,46154.0
2016-07-25,2572.0
2016-07-26,6548.0
2016-07-27,4246.0
2016-07-28,3545.0
2016-07-29,21804.0
2016-07-30,3090.0
2016-07-31,16709.0
2016-08-01,13733.0
2016-08-02,15822.0
2016-08-03,21677.0
2016-08-04,12243.0
2016-08-05,9956.0
2016-08-06,2730.0
2016-08-07,6461.0
2016-08-08,10885.0
2016-08-09,2588.0
2016-08-10,5081.0
2016-08-11,4718.0
2016-08-12,2194.0
2016-08-13,2768.0
2016-08-14,2433.0
2016-08-15,2574.0
2016-08-16,2825.0
2016-08-17,3028.0
2016-08-18,2767.0
2016-08-19,3446.0
2016-08-20,2521.0
2016-08-21,2305.0
2016-08-22,2391.0
2016-08-23,2205.0
2016-08-24,3495.0
2016-08-25,2549.0
2016-08-26,2356.0
2016-08-27,2084.0
2016-08-28,2641.0
2016-08-29,3450.0
2016-08-30,2893.0
2016-08-31,2370.0
2016-09-01,2690.0
2016-09-02,2443.0
2016-09-03,3523.0
2016-09-04,3150.0
2016-09-05,2565.0
2016-09-06,2771.0
2016-09-07,3223.0
2016-09-08,12954.0
2016-09-09,3217.0
2016-09-10,6862.0
2016-09-11,3698.0
2016-09-12,3398.0
2016-09-13,2698.0
2016-09-14,3869.0
2016-09-15,2846.0
2016-09-16,2725.0
2016-09-17,2510.0
2016-09-18,2418.0
2016-09-19,2556.0
2016-09-20,3185.0
2016-09-21,2343.0
2016-09-22,2338.0
2016-09-23,5852.0
2016-09-24,2922.0
2016-09-25,2432.0
2016-09-26,3540.0
2016-09-27,4276.0
2016-09-28,5321.0
2016-09-29,3929.0
2016-09-30,3200.0
2016-10-01,4526.0
2016-10-02,3554.0
2016-10-03,3625.0
2016-10-04,2764.0
2016-10-05,4254.0
2016-10-06,3220.0
2016-10-07,2439.0
2016-10-08,3247.0
2016-10-09,3224.0
2016-10-10,3233.0
2016-10-11,4394.0
2016-10-12,5875.0
2016-10-13,3380.0
2016-10-14,3064.0
2016-10-15,4603.0
2016-10-16,3379.0
2016-10-17,3451.0
2016-10-18,6834.0
2016-10-19,3093.0
2016-10-20,3671.0
2016-10-21,3385.0
2016-10-22,5196.0
2016-10-23,12073.0
2016-10-24,25600.0
2016-10-25,38390.0
2016-10-26,69446.0
2016-10-27,16731.0
2016-10-28,5706.0
2016-10-29,3715.0
2016-10-30,4402.0
2016-10-31,4278.0
2016-11-01,6664.0
2016-11-02,5275.0
2016-11-03,5735.0
2016-11-04,3426.0
2016-11-05,5274.0
2016-11-06,4123.0
2016-11-07,5128.0
2016-11-08,7014.0
2016-11-09,5843.0
2016-11-10,16963.0
2016-11-11,5620.0
2016-11-12,4927.0
2016-11-13,4307.0
2016-11-14,6867.0
2016-11-15,11068.0
2016-11-16,5429.0
2016-11-17,33981.0
2016-11-18,29875.0
2016-11-19,5958.0
2016-11-20,5082.0
2016-11-21,4697.0
2016-11-22,12616.0
2016-11-23,22076.0
2016-11-24,4666.0
2016-11-25,4262.0
2016-11-26,7485.0
2016-11-27,6105.0
2016-11-28,4038.0
2016-11-29,4551.0
2016-11-30,5260.0
2016-12-01,3469.0
2016-12-02,4087.0
2016-12-03,9594.0
2016-12-04,4734.0
2016-12-05,4512.0
2016-12-06,5460.0
2016-12-07,11494.0
2016-12-08,6427.0
2016-12-09,6181.0
2016-12-10,5272.0
2016-12-11,6061.0
2016-12-12,4863.0
2016-12-13,7188.0
2016-12-14,6591.0
2016-12-15,4166.0
2016-12-16,6481.0
2016-12-17,5049.0
2016-12-18,4287.0
2016-12-19,4539.0
2016-12-20,5910.0
2016-12-21,7669.0
2016-12-22,10828.0
2016-12-23,8466.0
2016-12-24,5441.0
2016-12-25,6623.0
2016-12-26,5482.0
2016-12-27,6504.0
2016-12-28,8162.0
2016-12-29,10430.0
2016-12-30,8143.0
2016-12-31,5436.0
2017-01-01,4375.0
2017-01-02,11384.0
2017-01-03,9348.0
2017-01-04,10356.0
2017-01-05,11699.0
2017-01-06,10344.0
2017-01-07,9113.0
2017-01-08,13113.0
2017-01-09,5041.0
2017-01-10,9563.0
2017-01-11,8919.0
2017-01-12,7343.0
2017-01-13,6161.0
2017-01-14,6878.0
2017-01-15,7463.0
2017-01-16,4652.0
2017-01-17,8491.0
2017-01-18,7992.0
2017-01-19,8490.0
2017-01-20,9509.0
2017-01-21,5203.0
2017-01-22,5932.0
2017-01-23,3313.0
2017-01-24,11151.0
2017-01-25,20237.0
2017-01-26,12955.0
2017-01-27,27094.0
2017-01-28,53219.0
2017-01-29,47697.0
2017-01-30,34856.0
2017-01-31,6647.0
2017-02-01,7866.0
2017-02-02,33378.0
2017-02-03,10053.0
2017-02-04,6755.0
2017-02-05,13462.0
2017-02-06,5413.0
2017-02-07,6976.0
2017-02-08,10074.0
2017-02-09,9344.0
2017-02-10,9941.0
2017-02-11,10949.0
2017-02-12,10342.0
2017-02-13,11063.0
2017-02-14,7897.0
2017-02-15,7015.0
2017-02-16,8145.0
2017-02-17,6802.0
2017-02-18,26423.0
2017-02-19,12806.0
2017-02-20,5526.0
2017-02-21,5974.0
2017-02-22,7534.0
2017-02-23,7970.0
2017-02-24,8871.0
2017-02-25,10042.0
2017-02-26,11016.0
2017-02-27,4324.0
2017-02-28,3630.0
2017-03-01,5686.0
2017-03-02,6462.0
2017-03-03,6960.0
2017-03-04,5267.0
2017-03-05,6713.0
2017-03-06,4057.0
2017-03-07,4861.0
2017-03-08,5728.0
2017-03-09,6096.0
2017-03-10,6267.0
2017-03-11,8145.0
2017-03-12,6966.0
2017-03-13,8101.0
2017-03-14,6484.0
2017-03-15,4860.0
2017-03-16,6877.0
2017-03-17,7154.0
2017-03-18,19233.0
2017-03-19,34552.0
2017-03-20,4770.0
2017-03-21,5070.0
2017-03-22,7122.0
2017-03-23,6363.0
2017-03-24,7347.0
2017-03-25,6236.0
2017-03-26,5466.0
2017-03-27,5279.0
2017-03-28,6772.0
2017-03-29,6321.0
2017-03-30,34853.0
2017-03-31,4384.0
2017-04-01,4356.0
2017-04-02,8213.0
2017-04-03,18647.0
2017-04-04,3809.0
2017-04-05,4591.0
2017-04-06,4946.0
2017-04-07,6915.0
2017-04-08,5373.0
2017-04-09,11373.0
2017-04-10,7539.0
2017-04-11,6258.0
2017-04-12,5079.0
2017-04-13,3192.0
2017-04-14,3770.0
2017-04-15,6151.0
2017-04-16,7615.0
2017-04-17,4907.0
2017-04-18,3770.0
2017-04-19,4815.0
2017-04-20,3414.0
2017-04-21,4423.0
2017-04-22,5620.0
2017-04-23,4705.0
2017-04-24,6040.0
2017-04-25,3407.0
2017-04-26,5648.0
2017-04-27,6173.0
2017-04-28,4564.0
2017-04-29,6377.0
2017-04-30,9844.0
2017-05-01,6947.0
2017-05-02,5745.0
2017-05-03,4029.0
2017-05-04,6792.0
2017-05-05,4792.0
2017-05-06,5764.0
2017-05-07,8116.0
2017-05-08,8565.0
2017-05-09,5743.0
2017-05-10,4073.0
2017-05-11,4855.0
2017-05-12,6140.0
2017-05-13,5488.0
2017-05-14,6634.0
2017-05-15,7371.0
2017-05-16,3011.0
2017-05-17,4370.0
2017-05-18,7025.0
2017-05-19,8457.0
2017-05-20,9201.0
2017-05-21,9153.0
2017-05-22,8191.0
2017-05-23,9344.0
2017-05-24,7521.0
2017-05-25,10105.0
2017-05-26,5757.0
2017-05-27,7890.0
2017-05-28,8693.0
2017-05-29,6677.0
2017-05-30,5887.0
2017-05-31,6714.0
2017-06-01,7998.0
2017-06-02,5626.0
2017-06-03,13943.0
2017-06-04,12949.0
2017-06-05,9476.0
2017-06-06,8137.0
2017-06-07,7711.0
2017-06-08,14544.0
2017-06-09,9441.0
2017-06-10,12696.0
2017-06-11,13783.0
2017-06-12,11276.0
2017-06-13,4797.0
2017-06-14,4819.0
2017-06-15,7221.0
2017-06-16,13961.0
2017-06-17,11643.0
2017-06-18,23646.0
2017-06-19,16080.0
2017-06-20,9331.0
2017-06-21,4469.0
2017-06-22,4529.0
2017-06-23,18989.0
2017-06-24,28242.0
2017-06-25,19208.0
2017-06-26,7848.0
2017-06-27,9011.0
2017-06-28,13332.0
2017-06-29,3969.0
2017-06-30,17641.0
2017-07-01,26664.0
2017-07-02,27216.0
2017-07-03,15788.0
2017-07-04,11181.0
2017-07-05,9287.0
2017-07-06,6741.0
2017-07-07,10333.0
2017-07-08,13307.0
2017-07-09,16002.0
2017-07-10,28206.0
2017-07-11,16914.0
2017-07-12,14173.0
2017-07-13,15012.0
2017-07-14,13067.0
2017-07-15,15334.0
2017-07-16,20163.0
2017-07-17,13124.0
2017-07-18,15686.0
2017-07-19,12003.0
2017-07-20,9520.0
2017-07-21,9302.0
2017-07-22,17913.0
2017-07-23,17851.0
2017-07-24,38552.0
2017-07-25,16940.0
2017-07-26,19136.0
2017-07-27,20923.0
2017-07-28,14099.0
2017-07-29,19835.0
2017-07-30,21859.0
2017-07-31,23797.0
2017-08-01,15278.0
2017-08-02,60265.0
2017-08-03,20873.0
2017-08-04,49783.0
2017-08-05,41056.0
2017-08-06,28322.0
2017-08-07,28282.0
2017-08-08,18618.0
2017-08-09,8490.0
2017-08-10,7167.0
2017-08-11,5906.0
2017-08-12,11934.0
2017-08-13,17757.0
2017-08-14,9102.0
2017-08-15,6676.0
2017-08-16,3999.0
2017-08-17,13046.0
2017-08-18,7645.0
2017-08-19,14060.0
2017-08-20,11185.0
2017-08-21,5919.0
2017-08-22,2738.0
2017-08-23,6074.0
2017-08-24,2865.0
2017-08-25,2188.0
2017-08-26,2929.0
2017-08-27,16181.0
2017-08-28,7118.0
2017-08-29,9258.0
2017-08-30,12016.0
2017-08-31,15934.0
2017-09-01,29354.0
2017-09-02,16295.0
2017-09-03,11787.0
2017-09-04,12560.0
2017-09-05,12123.0
2017-09-06,10432.0
2017-09-07,9904.0
2017-09-08,10795.0
2017-09-09,9609.0
2017-09-10,8370.0
2017-09-11,11395.0
2017-09-12,9277.0
2017-09-13,12133.0
2017-09-14,20067.0
2017-09-15,10696.0
2017-09-16,10258.0
2017-09-17,19513.0
2017-09-18,37187.0
2017-09-19,9121.0
2017-09-20,6927.0
2017-09-21,6993.0
2017-09-22,7092.0
2017-09-23,16487.0
2017-09-24,17372.0
2017-09-25,9838.0
2017-09-26,7529.0
2017-09-27,8666.0
2017-09-28,9719.0
2017-09-29,10730.0
2017-09-30,10822.0
2017-10-01,48778.0
2017-10-02,13651.0
2017-10-03,32537.0
2017-10-04,15227.0
2017-10-05,6592.0
2017-10-06,11222.0
2017-10-07,7510.0
2017-10-08,10632.0
2017-10-09,13149.0
2017-10-10,9369.0
2017-10-11,11217.0
2017-10-12,11587.0
2017-10-13,5396.0
2017-10-14,10032.0
2017-10-15,17699.0
2017-10-16,11250.0
2017-10-17,11769.0
2017-10-18,13838.0
2017-10-19,17731.0
2017-10-20,35002.0
2017-10-21,14195.0
2017-10-22,23017.0
2017-10-23,22006.0
2017-10-24,18923.0
2017-10-25,24906.0
2017-10-26,16340.0
2017-10-27,4009.0
2017-10-28,2314.0
2017-10-29,7470.0
2017-10-30,7218.0
2017-10-31,6163.0
2017-11-01,9597.0
2017-11-02,7604.0
2017-11-03,5328.0
2017-11-04,7721.0
2017-11-05,11944.0
2017-11-06,15213.0
2017-11-07,7798.0
2017-11-08,9012.0
2017-11-09,5571.0
2017-11-10,3387.0
2017-11-11,2807.0
2017-11-12,5638.0
2017-11-13,5529.0
2017-11-14,4341.0
2017-11-15,7258.0
2017-11-16,9257.0
2017-11-17,9662.0
2017-11-18,9614.0
2017-11-19,13138.0
2017-11-20,11170.0
2017-11-21,8243.0
2017-11-22,6972.0
2017-11-23,9423.0
2017-11-24,6080.0
2017-11-25,9155.0
2017-11-26,12393.0
2017-11-27,8784.0
2017-11-28,8396.0
2017-11-29,9211.0
2017-11-30,10539.0
2017-12-01,11858.0
2017-12-02,11236.0
2017-12-03,12133.0
2017-12-04,11170.0
2017-12-05,20331.0
2017-12-06,16946.0
2017-12-07,5770.0
2017-12-08,8252.0
2017-12-09,11498.0
2017-12-10,9747.0
2017-12-11,9811.0
2017-12-12,7311.0
2017-12-13,9504.0
2017-12-14,7129.0
2017-12-15,7258.0
2017-12-16,7829.0
2017-12-17,9614.0
2017-12-18,6992.0
2017-12-19,5063.0
2017-12-20,6101.0
2017-12-21,4379.0
2017-12-22,5834.0
2017-12-23,5056.0
2017-12-24,6273.0
2017-12-25,5043.0
2017-12-26,4734.0
2017-12-27,5327.0
2017-12-28,5293.0
2017-12-29,6866.0
2017-12-30,3508.0
2017-12-31,10192.0
2018-01-01,8098.0
2018-01-02,4736.0
2018-01-03,4240.0
2018-01-04,3826.0
2018-01-05,3671.0
2018-01-06,5621.0
2018-01-07,3836.0
2018-01-08,4374.0
2018-01-09,4210.0
2018-01-10,5135.0
2018-01-11,6165.0
2018-01-12,5303.0
2018-01-13,3460.0
2018-01-14,4503.0
2018-01-15,6216.0
2018-01-16,5980.0
2018-01-17,5040.0
2018-01-18,5307.0
2018-01-19,7153.0
2018-01-20,23687.0
2018-01-21,15381.0
2018-01-22,10323.0
2018-01-23,14964.0
2018-01-24,17084.0
2018-01-25,12171.0
2018-01-26,9597.0
2018-01-27,11313.0
2018-01-28,12357.0
2018-01-29,15696.0
2018-01-30,15131.0
2018-01-31,4931.0
2018-02-01,11856.0
2018-02-02,11243.0
2018-02-03,12593.0
2018-02-04,9366.0
2018-02-05,17836.0
2018-02-06,35621.0
2018-02-07,35450.0
2018-02-08,54935.0
2018-02-09,49754.0
2018-02-10,51522.0
2018-02-11,94455.0
2018-02-12,79759.0
2018-02-13,103875.0
2018-02-14,85566.0
2018-02-15,41304.0
2018-02-16,88302.0
2018-02-17,82530.0
2018-02-18,103476.0
2018-02-19,105269.0
2018-02-20,33310.0
2018-02-21,51842.0
2018-02-22,46276.0
2018-02-23,37503.0
2018-02-24,35857.0
2018-02-25,45788.0
2018-02-26,63300.0
2018-02-27,50923.0
2018-02-28,85868.0
2018-03-01,44117.0
2018-03-02,23374.0
2018-03-03,113508.0
2018-03-04,74596.0
2018-03-05,72448.0
2018-03-06,78818.0
2018-03-07,93492.0
2018-03-08,124911.0
2018-03-09,161785.0
2018-03-10,87985.0
2018-03-11,115695.0
2018-03-12,80948.0
2018-03-13,34417.0
2018-03-14,5985.0
2018-03-15,5697.0
2018-03-16,6033.0
2018-03-17,4344.0
2018-03-18,5146.0
2018-03-19,6236.0
2018-03-20,6074.0
2018-03-21,6936.0
2018-03-22,5298.0
2018-03-23,5589.0
2018-03-24,7100.0
2018-03-25,3761.0
2018-03-26,6100.0
2018-03-27,5883.0
2018-03-28,7244.0
2018-03-29,6950.0
2018-03-30,5115.0
2018-03-31,3871.0
2018-04-01,7674.0
2018-04-02,6820.0
2018-04-03,5951.0
2018-04-04,4389.0
2018-04-05,4270.0
2018-04-06,12363.0
2018-04-07,8614.0
2018-04-08,6908.0
2018-04-09,4180.0
2018-04-10,4417.0
2018-04-11,13517.0
2018-04-12,11961.0
2018-04-13,6958.0
2018-04-14,3718.0
2018-04-15,4377.0
2018-04-16,49851.0
2018-04-17,40196.0
2018-04-18,6650.0
2018-04-19,7247.0
2018-04-20,7885.0
2018-04-21,8105.0
2018-04-22,6159.0
2018-04-23,8566.0
2018-04-24,9193.0
2018-04-25,6207.0
2018-04-26,10079.0
2018-04-27,13503.0
2018-04-28,15456.0
2018-04-29,6504.0
2018-04-30,7616.0
2018-05-01,6133.0
2018-05-02,8084.0
2018-05-03,10531.0
2018-05-04,7637.0
2018-05-05,6951.0
2018-05-06,4936.0
2018-05-07,8122.0
2018-05-08,7744.0
2018-05-09,6512.0
2018-05-10,7679.0
2018-05-11,6638.0
2018-05-12,6030.0
2018-05-13,5690.0
2018-05-14,7718.0
2018-05-15,6709.0
2018-05-16,7445.0
2018-05-17,5879.0
2018-05-18,8380.0
2018-05-19,5335.0
2018-05-20,5046.0
2018-05-21,12710.0
2018-05-22,8117.0
2018-05-23,7448.0
2018-05-24,5879.0
2018-05-25,6938.0
2018-05-26,9647.0
2018-05-27,5763.0
2018-05-28,4860.0
2018-05-29,12683.0
2018-05-30,12641.0
2018-05-31,10584.0
2018-06-01,6425.0
2018-06-02,4711.0
2018-06-03,18531.0
2018-06-04,33591.0
2018-06-05,9988.0
2018-06-06,9887.0
2018-06-07,8538.0
2018-06-08,6614.0
2018-06-09,13278.0
2018-06-10,6055.0
2018-06-11,5244.0
2018-06-12,10936.0
2018-06-13,7788.0
2018-06-14,6458.0
2018-06-15,19595.0
2018-06-16,8295.0
2018-06-17,8601.0
2018-06-18,9550.0
2018-06-19,120259.0
2018-06-20,327623.0
2018-06-21,8063.0
2018-06-22,6511.0
2018-06-23,5538.0
2018-06-24,5673.0
2018-06-25,8204.0
2018-06-26,12298.0
2018-06-27,7145.0
2018-06-28,6735.0
2018-06-29,7355.0
2018-06-30,7697.0
2018-07-01,6342.0
2018-07-02,8410.0
2018-07-03,6234.0
2018-07-04,5937.0
2018-07-05,6364.0
2018-07-06,7814.0
2018-07-07,4943.0
2018-07-08,5188.0
2018-07-09,8057.0
2018-07-10,7606.0
2018-07-11,7730.0
2018-07-12,121966.0
2018-07-13,118054.0
2018-07-14,57872.0
2018-07-15,5350.0
2018-07-16,15332.0
2018-07-17,12500.0
2018-07-18,35284.0
2018-07-19,12258.0
2018-07-20,8137.0
2018-07-21,7619.0
2018-07-22,7680.0
2018-07-23,28944.0
2018-07-24,17892.0
2018-07-25,15684.0
2018-07-26,12513.0
2018-07-27,8858.0
2018-07-28,19102.0
2018-07-29,17909.0
2018-07-30,15980.0
2018-07-31,13946.0
2018-08-01,7263.0
2018-08-02,10274.0
2018-08-03,12615.0
2018-08-04,11608.0
2018-08-05,9439.0
2018-08-06,10249.0
2018-08-07,10294.0
2018-08-08,16696.0
2018-08-09,9260.0
2018-08-10,21732.0
2018-08-11,16649.0
2018-08-12,10858.0
2018-08-13,10037.0
2018-08-14,12455.0
2018-08-15,7821.0
2018-08-16,9854.0
2018-08-17,10014.0
2018-08-18,6503.0
2018-08-19,14744.0
2018-08-20,13802.0
2018-08-21,6427.0
2018-08-22,10525.0
2018-08-23,8235.0
2018-08-24,6710.0
2018-08-25,11327.0
2018-08-26,22551.0
2018-08-27,60488.0
2018-08-28,29245.0
2018-08-29,30022.0
2018-08-30,18788.0
2018-08-31,8985.0
2018-09-01,6529.0
2018-09-02,6198.0
2018-09-03,9544.0
2018-09-04,13662.0
2018-09-05,9102.0
2018-09-06,13134.0
2018-09-07,11009.0
2018-09-08,5919.0
2018-09-09,7785.0
2018-09-10,8307.0
2018-09-11,10673.0
2018-09-12,15676.0
2018-09-13,8595.0
2018-09-14,9902.0
2018-09-15,7298.0
2018-09-16,7506.0
2018-09-17,7919.0
2018-09-18,7558.0
2018-09-19,9204.0
2018-09-20,15694.0
2018-09-21,11798.0
2018-09-22,6705.0
2018-09-23,6906.0
2018-09-24,10150.0
2018-09-25,13574.0
2018-09-26,8518.0
2018-09-27,9912.0
2018-09-28,11510.0
2018-09-29,6525.0
2018-09-30,8225.0
2018-10-01,9073.0
2018-10-02,30269.0
2018-10-03,8947.0
2018-10-04,9303.0
2018-10-05,8360.0
2018-10-06,8539.0
2018-10-07,6604.0
2018-10-08,8247.0
2018-10-09,8316.0
2018-10-10,9706.0
2018-10-11,18137.0
2018-10-12,13707.0
2018-10-13,26250.0
2018-10-14,18710.0
2018-10-15,19580.0
2018-10-16,21983.0
2018-10-17,17793.0
2018-10-18,19898.0
2018-10-19,18851.0
2018-10-20,17254.0
2018-10-21,6985.0
2018-10-22,16582.0
2018-10-23,21094.0
2018-10-24,15127.0
2018-10-25,15359.0
2018-10-26,21951.0
2018-10-27,15864.0
2018-10-28,15954.0
2018-10-29,22387.0
2018-10-30,19699.0
2018-10-31,22378.0
2018-11-01,27901.0
2018-11-02,23675.0
2018-11-03,24870.0
2018-11-04,36779.0
2018-11-05,9651.0
2018-11-06,9732.0
2018-11-07,8850.0
2018-11-08,9693.0
2018-11-09,10464.0
2018-11-10,7225.0
2018-11-11,8831.0
2018-11-12,11179.0
2018-11-13,8759.0
2018-11-14,11400.0
2018-11-15,11693.0
2018-11-16,8940.0
2018-11-17,7947.0
2018-11-18,5369.0
2018-11-19,16792.0
2018-11-20,22834.0
2018-11-21,11567.0
2018-11-22,9805.0
2018-11-23,13994.0
2018-11-24,9317.0
2018-11-25,15965.0
2018-11-26,11103.0
2018-11-27,20836.0
2018-11-28,20579.0
2018-11-29,13025.0
2018-11-30,7209.0
2018-12-01,17371.0
2018-12-02,6693.0
2018-12-03,10143.0
2018-12-04,10580.0
2018-12-05,6951.0
2018-12-06,26664.0
2018-12-07,14257.0
2018-12-08,12678.0
2018-12-09,7497.0
2018-12-10,6243.0
2018-12-11,9478.0
2018-12-12,6578.0
2018-12-13,7683.0
2018-12-14,8258.0
2018-12-15,6352.0
2018-12-16,5733.0
2018-12-17,9591.0
2018-12-18,8302.0
2018-12-19,10672.0
2018-12-20,9536.0
2018-12-21,6924.0
2018-12-22,6118.0
2018-12-23,4530.0
2018-12-24,19267.0
2018-12-25,9953.0
2018-12-26,7099.0
2018-12-27,9541.0
2018-12-28,9007.0
2018-12-29,5474.0
2018-12-30,4793.0
2018-12-31,5246.0
2019-01-01,4254.0
2019-01-02,5152.0
2019-01-03,6417.0
2019-01-04,5458.0
2019-01-05,5424.0
2019-01-06,5692.0
2019-01-07,6375.0
2019-01-08,6233.0
2019-01-09,6358.0
2019-01-10,8141.0
2019-01-11,6191.0
2019-01-12,4396.0
2019-01-13,5481.0
2019-01-14,5821.0
2019-01-15,6050.0
2019-01-16,5686.0
2019-01-17,6212.0
2019-01-18,5382.0
2019-01-19,4449.0
2019-01-20,4304.0
2019-01-21,5236.0
2019-01-22,6354.0
2019-01-23,6546.0
2019-01-24,6934.0
2019-01-25,5610.0
2019-01-26,4585.0
2019-01-27,4482.0
2019-01-28,6700.0
2019-01-29,6373.0
2019-01-30,5273.0
2019-01-31,6793.0
2019-02-01,5584.0
2019-02-02,5416.0
2019-02-03,6335.0
2019-02-04,6595.0
2019-02-05,5244.0
2019-02-06,6119.0
2019-02-07,5544.0
2019-02-08,9519.0
2019-02-09,5080.0
2019-02-10,5659.0
2019-02-11,6477.0
2019-02-12,15868.0
2019-02-13,12451.0
2019-02-14,8519.0
2019-02-15,5478.0
2019-02-16,4763.0
2019-02-17,7094.0
2019-02-18,6896.0
2019-02-19,7338.0
2019-02-20,9484.0
2019-02-21,8499.0
2019-02-22,11578.0
2019-02-23,5729.0
2019-02-24,6973.0
2019-02-25,8339.0
2019-02-26,8780.0
2019-02-27,9125.0
2019-02-28,6472.0
2019-03-01,9310.0
2019-03-02,5381.0
2019-03-03,4836.0
2019-03-04,15711.0
2019-03-05,8192.0
2019-03-06,28100.0
2019-03-07,6972.0
2019-03-08,7302.0
2019-03-09,5947.0
2019-03-10,8389.0
2019-03-11,7576.0
2019-03-12,6533.0
2019-03-13,6200.0
2019-03-14,7007.0
2019-03-15,7318.0
2019-03-16,5070.0
2019-03-17,5378.0
2019-03-18,6507.0
2019-03-19,5799.0
2019-03-20,6085.0
2019-03-21,6479.0
2019-03-22,5330.0
2019-03-23,5552.0
2019-03-24,5505.0
2019-03-25,11600.0
2019-03-26,5677.0
2019-03-27,8658.0
2019-03-28,7394.0
2019-03-29,6444.0
2019-03-30,7937.0
2019-03-31,8302.0
2019-04-01,7210.0
2019-04-02,10445.0
2019-04-03,10115.0
2019-04-04,10867.0
2019-04-05,10470.0
2019-04-06,5973.0
2019-04-07,5439.0
2019-04-08,34898.0
2019-04-09,11050.0
2019-04-10,8696.0
2019-04-11,8015.0
2019-04-12,7611.0
2019-04-13,6014.0
2019-04-14,7031.0
2019-04-15,8612.0
2019-04-16,8564.0
2019-04-17,8794.0
2019-04-18,8647.0
2019-04-19,9314.0
2019-04-20,4593.0
2019-04-21,6190.0
2019-04-22,7052.0
2019-04-23,6837.0
2019-04-24,12189.0
2019-04-25,7450.0
2019-04-26,8529.0
2019-04-27,7200.0
2019-04-28,5276.0
2019-04-29,11830.0
2019-04-30,6162.0
2019-05-01,7506.0
2019-05-02,6412.0
2019-05-03,6815.0
2019-05-04,7025.0
2019-05-05,5875.0
2019-05-06,6388.0
2019-05-07,7530.0
2019-05-08,7894.0
2019-05-09,9300.0
2019-05-10,7521.0
2019-05-11,12077.0
2019-05-12,25883.0
2019-05-13,26260.0
2019-05-14,19336.0
2019-05-15,13458.0
2019-05-16,11559.0
2019-05-17,9110.0
2019-05-18,13141.0
2019-05-19,15877.0
2019-05-20,15914.0
2019-05-21,9078.0
2019-05-22,10055.0
2019-05-23,12822.0
2019-05-24,7697.0
2019-05-25,11157.0
2019-05-26,9894.0
2019-05-27,14979.0
2019-05-28,14076.0
2019-05-29,12023.0
2019-05-30,9885.0
2019-05-31,6834.0
2019-06-01,10257.0
2019-06-02,9930.0
2019-06-03,8940.0
2019-06-04,9925.0
2019-06-05,10405.0
2019-06-06,7953.0
2019-06-07,6498.0
2019-06-08,5375.0
2019-06-09,5617.0
2019-06-10,7779.0
2019-06-11,6790.0
2019-06-12,5984.0
2019-06-13,7445.0
2019-06-14,8145.0
2019-06-15,9532.0
2019-06-16,11184.0
2019-06-17,7833.0
2019-06-18,11856.0
2019-06-19,13440.0
2019-06-20,10226.0
2019-06-21,8604.0
2019-06-22,19225.0
2019-06-23,28743.0
2019-06-24,14040.0
2019-06-25,12585.0
2019-06-26,26190.0
2019-06-27,17277.0
2019-06-28,16316.0
2019-06-29,25721.0
2019-06-30,11633.0
2019-07-01,7178.0
2019-07-02,14769.0
2019-07-03,10269.0
2019-07-04,13679.0
2019-07-05,13844.0
2019-07-06,7521.0
2019-07-07,7236.0
2019-07-08,11213.0
2019-07-09,11021.0
2019-07-10,11693.0
2019-07-11,7384.0
2019-07-12,12593.0
2019-07-13,7868.0
2019-07-14,7345.0
2019-07-15,8169.0
2019-07-16,10235.0
2019-07-17,6672.0
2019-07-18,4318.0
2019-07-19,4906.0
2019-07-20,10577.0
2019-07-21,6456.0
2019-07-22,7170.0
2019-07-23,9361.0
2019-07-24,7049.0
2019-07-25,8929.0
2019-07-26,7431.0
2019-07-27,5930.0
2019-07-28,5707.0
2019-07-29,6734.0
2019-07-30,5256.0
2019-07-31,6562.0
2019-08-01,7757.0
2019-08-02,6272.0
2019-08-03,5620.0
2019-08-04,5575.0
2019-08-05,8912.0
2019-08-06,12113.0
2019-08-07,8073.0
2019-08-08,7941.0
2019-08-09,6102.0
2019-08-10,6543.0
2019-08-11,4004.0
2019-08-12,4523.0
2019-08-13,14041.0
2019-08-14,7579.0
2019-08-15,5866.0
2019-08-16,6985.0
2019-08-17,3471.0
2019-08-18,3772.0
2019-08-19,6310.0
2019-08-20,5412.0
2019-08-21,5492.0
2019-08-22,6645.0
2019-08-23,4968.0
2019-08-24,3361.0
2019-08-25,5372.0
2019-08-26,8780.0
2019-08-27,8317.0
2019-08-28,6846.0
2019-08-29,8335.0
2019-08-30,5389.0
2019-08-31,4021.0
2019-09-01,4199.0
2019-09-02,9145.0
2019-09-03,7306.0
2019-09-04,5657.0
2019-09-05,9522.0
2019-09-06,6223.0
2019-09-07,3731.0
2019-09-08,3644.0
2019-09-09,5294.0
2019-09-10,5150.0
2019-09-11,6941.0
2019-09-12,8270.0
2019-09-13,4641.0
2019-09-14,5495.0
2019-09-15,10705.0
2019-09-16,23696.0
2019-09-17,17813.0
2019-09-18,8619.0
2019-09-19,6860.0
2019-09-20,7055.0
2019-09-21,4465.0
2019-09-22,13668.0
2019-09-23,4836.0
2019-09-24,8294.0
2019-09-25,5385.0
2019-09-26,7494.0
2019-09-27,5610.0
2019-09-28,6698.0
2019-09-29,3374.0
2019-09-30,4673.0
2019-10-01,6786.0
2019-10-02,5604.0
2019-10-03,3894.0
2019-10-04,5529.0
2019-10-05,3646.0
2019-10-06,5087.0
2019-10-07,5054.0
2019-10-08,8995.0
2019-10-09,5490.0
2019-10-10,4884.0
2019-10-11,6711.0
2019-10-12,4450.0
2019-10-13,5019.0
2019-10-14,6944.0
2019-10-15,5846.0
2019-10-16,7353.0
2019-10-17,7717.0
2019-10-18,3607.0
2019-10-19,3731.0
2019-10-20,3132.0
2019-10-21,5676.0
2019-10-22,8708.0
2019-10-23,9144.0
2019-10-24,5012.0
2019-10-25,5270.0
2019-10-26,7703.0
2019-10-27,4946.0
2019-10-28,6595.0
2019-10-29,5086.0
2019-10-30,6478.0
2019-10-31,4687.0
2019-11-01,7011.0
2019-11-02,3736.0
2019-11-03,4697.0
2019-11-04,4357.0
2019-11-05,5740.0
2019-11-06,5780.0
2019-11-07,5682.0
2019-11-08,4006.0
2019-11-09,5030.0
2019-11-10,4344.0
2019-11-11,5290.0
2019-11-12,5755.0
2019-11-13,6494.0
2019-11-14,6010.0
2019-11-15,49731.0
2019-11-16,95531.0
2019-11-17,105607.0
2019-11-18,8010.0
2019-11-19,5917.0
2019-11-20,5387.0
2019-11-21,5646.0
2019-11-22,6904.0
2019-11-23,3799.0
2019-11-24,5327.0
2019-11-25,5643.0
2019-11-26,7706.0
2019-11-27,6215.0
2019-11-28,5470.0
2019-11-29,5485.0
2019-11-30,5770.0
2019-12-01,6208.0
2019-12-02,5833.0
2019-12-03,6074.0
2019-12-04,6991.0
2019-12-05,8095.0
2019-12-06,7469.0
2019-12-07,4416.0
2019-12-08,5025.0
2019-12-09,5189.0
2019-12-10,8555.0
2019-12-11,15339.0
2019-12-12,6204.0
2019-12-13,4913.0
2019-12-14,4507.0
2019-12-15,4158.0
2019-12-16,7063.0
2019-12-17,16912.0
2019-12-18,22993.0
2019-12-19,11467.0
2019-12-20,7592.0
2019-12-21,5407.0
2019-12-22,9453.0
2019-12-23,10008.0
2019-12-24,7687.0
2019-12-25,8352.0
2019-12-26,8174.0
2019-12-27,6471.0
2019-12-28,7931.0
2019-12-29,6093.0
2019-12-30,10543.0
2019-12-31,10499.0
2020-01-01,4014.0
2020-01-02,7846.0
2020-01-03,7340.0
2020-01-04,9075.0
2020-01-05,6117.0
2020-01-06,7994.0
2020-01-07,11762.0
2020-01-08,11471.0
2020-01-09,14247.0
2020-01-10,12651.0
2020-01-11,7818.0
2020-01-12,6780.0
2020-01-13,8223.0
2020-01-14,15112.0
2020-01-15,12830.0
2020-01-16,11124.0
2020-01-17,13463.0
2020-01-18,8494.0
2020-01-19,8722.0
2020-01-20,12658.0
2020-01-21,10779.0
2020-01-22,23899.0
2020-01-23,18515.0
2020-01-24,15021.0
2020-01-25,8394.0
2020-01-26,8809.0
2020-01-27,11242.0
2020-01-28,12496.0
2020-01-29,12858.0
2020-01-30,13561.0
2020-01-31,9909.0
2020-02-01,8104.0
2020-02-02,10738.0
2020-02-03,10072.0
2020-02-04,9355.0
2020-02-05,17475.0
2020-02-06,15223.0
2020-02-07,14686.0
2020-02-08,15119.0
2020-02-09,15038.0
2020-02-10,15552.0
2020-02-11,18265.0
2020-02-12,15499.0
2020-02-13,18921.0
2020-02-14,10721.0
2020-02-15,13532.0
2020-02-16,13559.0
2020-02-17,10365.0
2020-02-18,10104.0
2020-02-19,12288.0
2020-02-20,19018.0
2020-02-21,17464.0
2020-02-22,14137.0
2020-02-23,8554.0
2020-02-24,9067.0
2020-02-25,8924.0
2020-02-26,10866.0
2020-02-27,9284.0
2020-02-28,8323.0
2020-02-29,6517.0
2020-03-01,7187.0
2020-03-02,9972.0
2020-03-03,32992.0
2020-03-04,208068.0
2020-03-05,10111.0
2020-03-06,9190.0
2020-03-07,7525.0
2020-03-08,7899.0
2020-03-09,15847.0
2020-03-10,9580.0
2020-03-11,7375.0
2020-03-12,24762.0
2020-03-13,18082.0
2020-03-14,12699.0
2020-03-15,15147.0
2020-03-16,15104.0
2020-03-17,14856.0
2020-03-18,6606.0
2020-03-19,8227.0
2020-03-20,8837.0
2020-03-21,9746.0
2020-03-22,6393.0
2020-03-23,7654.0
2020-03-24,18497.0
2020-03-25,4845.0
2020-03-26,8903.0
2020-03-27,14677.0
2020-03-28,10215.0
2020-03-29,10857.0
2020-03-30,24907.0
2020-03-31,51319.0
2020-04-01,64144.0
2020-04-02,24697.0
2020-04-03,12824.0
2020-04-04,111421.0
2020-04-05,36190.0
2020-04-06,8099.0
2020-04-07,15196.0
2020-04-08,26577.0
2020-04-09,41696.0
2020-04-10,8762.0
2020-04-11,7502.0
2020-04-12,7382.0
2020-04-13,48098.0
2020-04-14,9922.0
2020-04-15,106687.0
2020-04-16,18302.0
2020-04-17,20164.0
2020-04-18,17826.0
2020-04-19,7105.0
2020-04-20,13898.0
2020-04-21,11138.0
2020-04-22,8139.0
2020-04-23,14371.0
2020-04-24,11388.0
2020-04-25,27615.0
2020-04-26,44513.0
2020-04-27,29675.0
2020-04-28,29445.0
2020-04-29,32371.0
2020-04-30,12582.0
2020-05-01,13859.0
2020-05-02,94489.0
2020-05-03,124817.0
2020-05-04,48368.0
2020-05-05,81244.0
2020-05-06,40077.0
2020-05-07,17172.0
2020-05-08,16118.0
2020-05-09,21457.0
2020-05-10,97075.0
2020-05-11,42878.0
2020-05-12,24287.0
2020-05-13,12286.0
2020-05-14,68870.0
2020-05-15,24407.0
2020-05-16,7422.0
2020-05-17,6956.0
2020-05-18,18714.0
2020-05-19,20095.0
2020-05-20,13940.0
2020-05-21,6149.0
2020-05-22,5743.0
2020-05-23,11256.0
2020-05-24,17936.0
2020-05-25,32639.0
2020-05-26,12119.0
2020-05-27,10835.0
2020-05-28,13193.0
2020-05-29,10628.0
2020-05-30,19674.0
2020-05-31,9525.0
2020-06-01,9209.0
2020-06-02,15651.0
2020-06-03,9636.0
2020-06-04,8847.0
2020-06-05,9783.0
2020-06-06,23080.0
2020-06-07,11254.0
2020-06-08,8326.0
2020-06-09,11330.0
2020-06-10,10820.0
2020-06-11,104911.0
2020-06-12,31910.0
2020-06-13,14409.0
2020-06-14,8223.0
2020-06-15,6987.0
2020-06-16,8337.0
2020-06-17,10938.0
2020-06-18,10589.0
2020-06-19,7182.0
2020-06-20,6851.0
2020-06-21,16752.0
2020-06-22,20667.0
2020-06-23,11753.0
2020-06-24,9740.0
2020-06-25,11586.0
2020-06-26,8868.0
2020-06-27,7149.0
2020-06-28,7194.0
2020-06-29,7022.0
2020-06-30,10936.0
2020-07-01,7615.0
2020-07-02,7504.0
2020-07-03,6923.0
2020-07-04,5530.0
2020-07-05,23133.0
2020-07-06,11643.0
2020-07-07,9232.0
2020-07-08,9844.0
2020-07-09,16889.0
2020-07-10,11657.0
2020-07-11,8391.0
2020-07-12,10693.0
2020-07-13,8807.0
2020-07-14,9690.0
2020-07-15,8750.0
2020-07-16,7057.0
2020-07-17,6437.0
2020-07-18,7262.0
2020-07-19,10204.0
2020-07-20,23884.0
2020-07-21,6678.0
2020-07-22,7933.0
2020-07-23,7546.0
2020-07-24,9125.0
2020-07-25,8761.0
2020-07-26,12732.0
2020-07-27,24233.0
2020-07-28,16328.0
2020-07-29,13019.0
2020-07-30,10427.0
2020-07-31,28584.0
2020-08-01,10619.0
2020-08-02,14883.0
2020-08-03,15490.0
2020-08-04,8454.0
2020-08-05,11463.0
2020-08-06,8201.0
2020-08-07,15283.0
2020-08-08,10795.0
2020-08-09,24363.0
2020-08-10,8781.0
2020-08-11,10218.0
2020-08-12,9010.0
2020-08-13,6790.0
2020-08-14,8906.0
2020-08-15,11092.0
2020-08-16,7752.0
2020-08-17,7720.0
2020-08-18,9123.0
2020-08-19,6616.0
2020-08-20,7954.0
2020-08-21,9632.0
2020-08-22,6389.0
2020-08-23,7856.0
2020-08-24,6866.0
2020-08-25,9081.0
2020-08-26,6732.0
2020-08-27,4595.0
2020-08-28,17753.0
2020-08-29,6674.0
2020-08-30,41509.0
2020-08-31,40789.0
2020-09-01,10529.0
2020-09-02,8211.0
2020-09-03,6552.0
2020-09-04,5702.0
2020-09-05,6917.0
2020-09-06,11207.0
2020-09-07,9753.0
2020-09-08,17386.0
2020-09-09,12605.0
2020-09-10,8743.0
2020-09-11,10373.0
2020-09-12,6982.0
2020-09-13,9098.0
2020-09-14,9005.0
2020-09-15,7431.0
2020-09-16,12024.0
2020-09-17,14589.0
2020-09-18,13259.0
2020-09-19,14350.0
2020-09-20,5857.0
2020-09-21,10783.0
2020-09-22,5103.0
2020-09-23,7228.0
2020-09-24,8080.0
2020-09-25,9659.0
2020-09-26,9165.0
2020-09-27,11802.0
2020-09-28,6241.0
2020-09-29,7099.0
2020-09-30,6702.0
2020-10-01,4386.0
2020-10-02,4660.0
2020-10-03,6534.0
2020-10-04,8330.0
2020-10-05,4780.0
2020-10-06,5607.0
2020-10-07,6467.0
2020-10-08,6762.0
2020-10-09,5560.0
2020-10-10,7624.0
2020-10-11,12418.0
2020-10-12,6317.0
2020-10-13,26752.0
2020-10-14,7476.0
2020-10-15,9238.0
2020-10-16,12422.0
2020-10-17,6165.0
2020-10-18,9800.0
2020-10-19,7100.0
2020-10-20,9338.0
2020-10-21,10288.0
2020-10-22,11111.0
2020-10-23,7981.0
2020-10-24,9661.0
2020-10-25,11138.0
2020-10-26,6871.0
2020-10-27,6555.0
2020-10-28,5556.0
2020-10-29,5399.0
2020-10-30,5557.0
2020-10-31,6726.0
2020-11-01,9427.0
2020-11-02,4786.0
2020-11-03,7559.0
2020-11-04,10323.0
2020-11-05,16843.0
2020-11-06,19481.0
2020-11-07,17822.0
2020-11-08,23261.0
2020-11-09,20127.0
2020-11-10,10458.0
2020-11-11,14233.0
2020-11-12,18896.0
2020-11-13,16204.0
2020-11-14,32672.0
2020-11-15,74430.0
2020-11-16,12903.0
2020-11-17,17076.0
2020-11-18,22454.0
2020-11-19,12644.0
2020-11-20,20056.0
2020-11-21,15753.0
2020-11-22,13147.0
2020-11-23,10962.0
2020-11-24,12664.0
2020-11-25,15245.0
2020-11-26,17563.0
2020-11-27,11330.0
2020-11-28,15585.0
2020-11-29,14472.0
2020-11-30,7873.0
2020-12-01,14365.0
2020-12-02,7942.0
2020-12-03,11171.0
2020-12-04,10076.0
2020-12-05,9859.0
2020-12-06,12035.0
2020-12-07,12499.0
2020-12-08,8443.0
2020-12-09,9006.0
2020-12-10,8952.0
2020-12-11,6895.0
2020-12-12,7040.0
2020-12-13,13564.0
2020-12-14,9096.0
2020-12-15,8769.0
2020-12-16,19289.0
2020-12-17,18329.0
2020-12-18,15129.0
2020-12-19,15964.0
2020-12-20,17749.0
2020-12-21,9769.0
2020-12-22,12723.0
2020-12-23,10916.0
2020-12-24,9333.0
2020-12-25,10970.0
2020-12-26,16644.0
2020-12-27,22405.0
2020-12-28,28454.0
2020-12-29,12325.0
2020-12-30,23992.0
2020-12-31,15774.0
2021-01-01,22238.0
2021-01-02,19247.0
2021-01-03,25647.0
2021-01-04,20339.0
2021-01-05,13696.0
2021-01-06,17956.0
2021-01-07,21078.0
2021-01-08,18131.0
2021-01-09,17270.0
2021-01-10,18396.0
2021-01-11,25694.0
2021-01-12,10307.0
2021-01-13,12079.0
2021-01-14,10742.0
2021-01-15,11082.0
2021-01-16,18770.0
2021-01-17,11098.0
2021-01-18,9269.0
2021-01-19,10125.0
2021-01-20,13605.0
2021-01-21,7978.0
2021-01-22,7927.0
2021-01-23,15652.0
2021-01-24,15932.0
2021-01-25,6863.0
2021-01-26,12101.0
2021-01-27,12274.0
2021-01-28,11701.0
2021-01-29,13484.0
2021-01-30,7486.0
2021-01-31,9500.0
2021-02-01,5387.0
2021-02-02,7301.0
2021-02-03,8583.0
2021-02-04,9532.0
2021-02-05,10117.0
2021-02-06,11067.0
2021-02-07,13279.0
2021-02-08,11092.0
2021-02-09,12346.0
2021-02-10,9926.0
2021-02-11,10250.0
2021-02-12,9157.0
2021-02-13,10779.0
2021-02-14,11909.0
2021-02-15,9686.0
2021-02-16,8767.0
2021-02-17,10058.0
2021-02-18,8579.0
2021-02-19,9488.0
