Date,market/marketcap_usd
2015-08-08,89835100.18623409
2015-08-09,55072452.79812666
2015-08-10,48788613.042786
2015-08-11,57453602.41862398
2015-08-12,80790167.32663517
2015-08-13,104558789.57857223
2015-08-14,145026549.33405373
2015-08-15,124819551.87887527
2015-08-16,99757425.64262255
2015-08-17,100335806.11619644
2015-08-18,87114443.49331631
2015-08-19,90781339.7568792
2015-08-20,98153846.73387909
2015-08-21,108548298.43338765
2015-08-22,103180011.42006761
2015-08-23,98496924.2992736
2015-08-24,94843318.22630405
2015-08-25,87069730.02112488
2015-08-26,83161368.86182894
2015-08-27,84646511.57335609
2015-08-28,85107512.08553104
2015-08-29,85669951.7500444
2015-08-30,92758004.01968743
2015-08-31,96698918.75424492
2015-09-01,99150965.7527513
2015-09-02,96542064.36037138
2015-09-03,92783074.08477895
2015-09-04,92725500.10425553
2015-09-05,95032818.1014963
2015-09-06,97485245.27909179
2015-09-07,93044930.3772088
2015-09-08,91480787.01916671
2015-09-09,89854780.50794935
2015-09-10,87164978.78625438
2015-09-11,76827540.5347673
2015-09-12,75309907.753248
2015-09-13,71840523.30360608
2015-09-14,66517232.46109054
2015-09-15,67558368.8180293
2015-09-16,67578946.46361332
2015-09-17,64173459.55149068
2015-09-18,63401081.92026601
2015-09-19,62589925.71671236
2015-09-20,65776712.48985459
2015-09-21,68056171.19826429
2015-09-22,65774633.034204334
2015-09-23,65881016.87410047
2015-09-24,63393563.03608152
2015-09-25,56716687.894943014
2015-09-26,54187555.674267925
2015-09-27,54952173.644470006
2015-09-28,47972830.697013915
2015-09-29,45679416.06160584
2015-09-30,49584491.92013466
2015-10-01,51287421.65527982
2015-10-02,49599761.171008915
2015-10-03,51245654.02045469
2015-10-04,50136894.058316015
2015-10-05,48875904.45350904
2015-10-06,46003520.24308626
2015-10-07,46795431.06397101
2015-10-08,44574700.969026096
2015-10-09,48709267.42794766
2015-10-10,47322811.5343047
2015-10-11,46613378.335698366
2015-10-12,47256999.32104462
2015-10-13,45483224.05594293
2015-10-14,42041796.77398172
2015-10-15,40052591.06494312
2015-10-16,40517114.156308286
2015-10-17,39842422.62403629
2015-10-18,39515869.2495635
2015-10-19,37142138.86508359
2015-10-20,36193369.87648734
2015-10-21,33037798.08928369
2015-10-22,34104484.95126084
2015-10-23,40856321.49605559
2015-10-24,40850894.29567371
2015-10-25,46403417.52245306
2015-10-26,47899556.02671788
2015-10-27,60528808.9426808
2015-10-28,65833872.56446245
2015-10-29,80008146.69151947
2015-10-30,84398508.45440453
2015-10-31,71763680.98780917
2015-11-01,71493437.63171382
2015-11-02,79014838.36289047
2015-11-03,74553574.87268147
2015-11-04,69052255.70153731
2015-11-05,69147439.680404
2015-11-06,67253104.93705846
2015-11-07,68033870.13857399
2015-11-08,71542937.9398767
2015-11-09,77101526.25457591
2015-11-10,73512905.70220378
2015-11-11,63098772.97867934
2015-11-12,63424994.047242254
2015-11-13,65956584.26479552
2015-11-14,66805116.007188186
2015-11-15,67629979.31368977
2015-11-16,68601006.4807985
2015-11-17,71407425.16660017
2015-11-18,73347619.0833722
2015-11-19,73195646.18319234
2015-11-20,69150880.59307319
2015-11-21,70930506.58800554
2015-11-22,72589156.01081654
2015-11-23,71708496.80720708
2015-11-24,70141811.25346053
2015-11-25,65684044.81041731
2015-11-26,64841524.43788986
2015-11-27,66076811.78546463
2015-11-28,67766393.18526533
2015-11-29,66463400.8579596
2015-11-30,65401401.12976486
2015-12-01,65608658.041174196
2015-12-02,63558922.65659467
2015-12-03,61107173.95736105
2015-12-04,61568845.755978346
2015-12-05,63776310.33746557
2015-12-06,64246792.72349355
2015-12-07,60959163.86254886
2015-12-08,59759498.9513875
2015-12-09,59503193.73880949
2015-12-10,61430108.23287634
2015-12-11,64533019.95434748
2015-12-12,73399382.49187961
2015-12-13,73215717.90679596
2015-12-14,74723758.02679709
2015-12-15,76248493.69610576
2015-12-16,75187809.53397118
2015-12-17,71937015.15331817
2015-12-18,69639514.49894615
2015-12-19,68436336.3278761
2015-12-20,69036983.27263102
2015-12-21,68049863.26259622
2015-12-22,67710352.83215782
2015-12-23,65264585.31599299
2015-12-24,65521558.16261808
2015-12-25,65920327.238983
2015-12-26,66239809.74982882
2015-12-27,64878630.00250243
2015-12-28,64740455.20455859
2015-12-29,64304409.49186642
2015-12-30,67787533.45693508
2015-12-31,72450652.34036665
2016-01-01,71470351.8391214
2016-01-02,72525316.04014388
2016-01-03,73072972.71466495
2016-01-04,72476826.55566311
2016-01-05,72657762.61547518
2016-01-06,72556648.427613
2016-01-07,72757337.00550255
2016-01-08,73847312.74560036
2016-01-09,75071532.37480795
2016-01-10,75569606.43259394
2016-01-11,79167450.05232349
2016-01-12,87506120.76137912
2016-01-13,85093933.07871649
2016-01-14,86778908.5085567
2016-01-15,94418313.87860245
2016-01-16,94637571.39623411
2016-01-17,94717891.72719878
2016-01-18,108236779.29582238
2016-01-19,104686852.5022466
2016-01-20,111735613.51999755
2016-01-21,116801634.97065783
2016-01-22,116828211.37020089
2016-01-23,134808506.19613713
2016-01-24,164519650.58501878
2016-01-25,176812040.18412817
2016-01-26,197691588.06326836
2016-01-27,184726402.28820914
2016-01-28,191668327.70247424
2016-01-29,193094908.04563594
2016-01-30,194013071.75693285
2016-01-31,183901017.94955465
2016-02-01,170720584.0992761
2016-02-02,171929779.98414236
2016-02-03,186745452.36347407
2016-02-04,194785116.45256528
2016-02-05,194018073.08845058
2016-02-06,192938520.98481956
2016-02-07,207675925.20867875
2016-02-08,239419109.74874043
2016-02-09,269092691.1378136
2016-02-10,333369391.2101258
2016-02-11,379228436.4851812
2016-02-12,453173665.1997286
2016-02-13,383643505.4007244
2016-02-14,377628197.0781839
2016-02-15,420759527.36806136
2016-02-16,373231490.9641759
2016-02-17,316061369.7339421
2016-02-18,313117818.1833246
2016-02-19,347518866.9561509
2016-02-20,343134199.3952868
2016-02-21,343988894.6963569
2016-02-22,399511923.7036397
2016-02-23,441037022.15187615
2016-02-24,450989143.9745909
2016-02-25,485731383.7897565
2016-02-26,463780135.6430849
2016-02-27,483790229.6014255
2016-02-28,501252084.3987397
2016-02-29,497200033.74973226
2016-03-01,525242719.6427326
2016-03-02,618590269.5855896
2016-03-03,715553660.6374221
2016-03-04,718903043.7742631
2016-03-05,859242918.8788264
2016-03-06,860392283.7158463
2016-03-07,797463970.786801
2016-03-08,747750700.7885461
2016-03-09,814144511.0726541
2016-03-10,883051371.4695141
2016-03-11,924176250.8659003
2016-03-12,1015383328.4043379
2016-03-13,1110188797.8238404
2016-03-14,1050664495.7154028
2016-03-15,994235333.5158582
2016-03-16,1037373838.0679215
2016-03-17,906595893.5524216
2016-03-18,797141867.8956146
2016-03-19,824891512.9046818
2016-03-20,803059221.5235928
2016-03-21,859937243.5730286
2016-03-22,909192220.5761107
2016-03-23,931016581.606677
2016-03-24,893850346.9674675
2016-03-25,847162043.0315968
2016-03-26,856973394.8924274
2016-03-27,840210186.9627883
2016-03-28,884617829.7111497
2016-03-29,911850316.3183498
2016-03-30,930821920.9428695
2016-03-31,928192785.6304872
2016-04-01,918310305.3074714
2016-04-02,908551386.0151381
2016-04-03,912251180.8031402
2016-04-04,894871789.3659081
2016-04-05,858051068.4415715
2016-04-06,848281696.2884063
2016-04-07,823211222.4424117
2016-04-08,782065605.236352
2016-04-09,760188305.4649292
2016-04-10,684031737.7974546
2016-04-11,673560479.2415814
2016-04-12,625631833.510144
2016-04-13,619354331.0240892
2016-04-14,666087013.4229267
2016-04-15,662941395.5639848
2016-04-16,658911726.3234397
2016-04-17,734395200.6658694
2016-04-18,738100099.9899327
2016-04-19,719106774.5113196
2016-04-20,687570531.2766265
2016-04-21,676359345.5754994
2016-04-22,639886839.720602
2016-04-23,641651440.6626462
2016-04-24,656894134.1321365
2016-04-25,626891281.87278
2016-04-26,587061762.1461893
2016-04-27,607388488.7450044
2016-04-28,591066427.4879906
2016-04-29,594987960.7816495
2016-04-30,654959392.2850231
2016-05-01,691847062.275452
2016-05-02,759438861.4940562
2016-05-03,765401589.1191223
2016-05-04,761795071.3278666
2016-05-05,763226099.2093925
2016-05-06,775078069.5286028
2016-05-07,749135504.7178143
2016-05-08,745387326.7145137
2016-05-09,771372503.4217144
2016-05-10,766740357.9223024
2016-05-11,793789964.128993
2016-05-12,840803586.4343144
2016-05-13,855016913.2475876
2016-05-14,832489439.4415119
2016-05-15,825356699.1887043
2016-05-16,845997044.4908296
2016-05-17,944661704.1133096
2016-05-18,1049874801.9817832
2016-05-19,1127670188.2595897
2016-05-20,1147535826.2318633
2016-05-21,1084469987.1039085
2016-05-22,1127938363.7560575
2016-05-23,1127471533.540398
2016-05-24,1048340220.7878453
2016-05-25,1007734150.3170241
2016-05-26,1009056743.2471211
2016-05-27,920171394.5555207
2016-05-28,921004936.3169705
2016-05-29,985700673.8975146
2016-05-30,1010869203.3729194
2016-05-31,1064826113.6071506
2016-06-01,1128230994.7796206
2016-06-02,1122962755.3522422
2016-06-03,1111150625.414079
2016-06-04,1115613396.428185
2016-06-05,1116921257.238667
2016-06-06,1127328783.7428505
2016-06-07,1143578324.6947842
2016-06-08,1176284148.2298615
2016-06-09,1172794124.6845043
2016-06-10,1152732363.6860478
2016-06-11,1132270992.2705169
2016-06-12,1186157122.8800921
2016-06-13,1344947229.8742518
2016-06-14,1474839352.9211032
2016-06-15,1491898605.4412065
2016-06-16,1602171173.569339
2016-06-17,1425237039.9914157
2016-06-18,1041581780.5627937
2016-06-19,1002376791.403353
2016-06-20,954403000.3411379
2016-06-21,979351112.0871881
2016-06-22,1175694438.739958
2016-06-23,1078100982.4112825
2016-06-24,1141697715.9584286
2016-06-25,1172429801.910908
2016-06-26,1149120888.9725976
2016-06-27,1145309875.2649589
2016-06-28,1090574489.1325302
2016-06-29,999369450.2973663
2016-06-30,1025116517.6069995
2016-07-01,993719444.0911442
2016-07-02,983508503.3792232
2016-07-03,973532252.5275488
2016-07-04,949642932.1848977
2016-07-05,877765182.1720208
2016-07-06,918396459.6897825
2016-07-07,838322438.4784797
2016-07-08,872599658.1379646
2016-07-09,929156053.4153796
2016-07-10,903307517.6109862
2016-07-11,882487205.4576696
2016-07-12,887845151.3250576
2016-07-13,881399033.8988352
2016-07-14,915815129.501139
2016-07-15,992271103.1885557
2016-07-16,975964380.32184
2016-07-17,947360163.4118446
2016-07-18,948591770.9242927
2016-07-19,940601676.5891732
2016-07-20,1032520828.090452
2016-07-21,1043984460.2609727
2016-07-22,1125191270.2924366
2016-07-23,1208021935.252835
2016-07-24,1112800989.9584227
2016-07-25,1099608589.3353686
2016-07-26,1081307486.3572931
2016-07-27,1052766549.879224
2016-07-28,1065489641.0463153
2016-07-29,1064699168.6051362
2016-07-30,1066137227.0189558
2016-07-31,1017634469.8097905
2016-08-01,961294543.6519256
2016-08-02,843528640.740502
2016-08-03,804597648.4012235
2016-08-04,901940847.4955107
2016-08-05,933807801.7062039
2016-08-06,912632685.2398909
2016-08-07,916572289.1873147
2016-08-08,924367158.953033
2016-08-09,974089421.956855
2016-08-10,1027905469.0718646
2016-08-11,996165761.0067163
2016-08-12,989113668.7102089
2016-08-13,983137458.2240472
2016-08-14,957050242.3062211
2016-08-15,938270047.937559
2016-08-16,930767941.9745198
2016-08-17,924754737.1461142
2016-08-18,921127978.453012
2016-08-19,904202925.1100934
2016-08-20,928739432.3153962
2016-08-21,923959419.3808682
2016-08-22,940740337.6125638
2016-08-23,930206739.8967531
2016-08-24,926949780.262974
2016-08-25,933264904.7456654
2016-08-26,949496941.4958162
2016-08-27,944897198.1049612
2016-08-28,925360812.6148237
2016-08-29,924497141.7469189
2016-08-30,931549176.2035681
2016-08-31,949314602.525378
2016-09-01,1028095280.101974
2016-09-02,1019668067.6767668
2016-09-03,1010803984.6502558
2016-09-04,995547314.4711908
2016-09-05,988974245.1109251
2016-09-06,978703129.3425362
2016-09-07,992741603.811446
2016-09-08,970108266.9905967
2016-09-09,962764164.3465184
2016-09-10,986235783.405637
2016-09-11,998980270.5820097
2016-09-12,991148104.4295548
2016-09-13,1009402699.733216
2016-09-14,1006167561.0037491
2016-09-15,1007023962.1060889
2016-09-16,1025433121.2056711
2016-09-17,1057826846.2765689
2016-09-18,1068137404.9859976
2016-09-19,1082707617.1188266
2016-09-20,1154215049.0322182
2016-09-21,1163844382.4208317
2016-09-22,1107310228.8297899
2016-09-23,1126668357.0024474
2016-09-24,1104567375.650604
2016-09-25,1100344875.6479936
2016-09-26,1096794545.732488
2016-09-27,1117525216.63685
2016-09-28,1128547658.6278055
2016-09-29,1119251404.594837
2016-09-30,1121340503.861814
2016-10-01,1120350353.925725
2016-10-02,1116568526.7562916
2016-10-03,1125241088.6832778
2016-10-04,1141645633.6074486
2016-10-05,1132419449.219834
2016-10-06,1100729460.9089956
2016-10-07,1088710305.2835448
2016-10-08,1053720666.3881387
2016-10-09,1057630978.2898823
2016-10-10,1012139107.22498
2016-10-11,1015459474.6662794
2016-10-12,1004692362.813925
2016-10-13,1020035507.2183168
2016-10-14,1020540512.270652
2016-10-15,1012102430.0117682
2016-10-16,1020520227.1254342
2016-10-17,1016380941.7108798
2016-10-18,1065902091.0446786
2016-10-19,1050579932.0203935
2016-10-20,1027182748.0320818
2016-10-21,1026435881.7455975
2016-10-22,1028555104.0882877
2016-10-23,1026974946.241987
2016-10-24,1022192065.4331409
2016-10-25,990845372.6501799
2016-10-26,989101283.3200269
2016-10-27,979889951.204432
2016-10-28,963273770.069332
2016-10-29,927514023.9392674
2016-10-30,912830289.3594074
2016-10-31,975176260.8447921
2016-11-01,919330225.8181236
2016-11-02,940274292.6478872
2016-11-03,936989357.6569146
2016-11-04,943390746.8122283
2016-11-05,953755676.6373518
2016-11-06,947638708.7878247
2016-11-07,948260091.7500496
2016-11-08,948227463.563101
2016-11-09,919313738.9074711
2016-11-10,925971979.9786049
2016-11-11,900079375.0746523
2016-11-12,871991756.6402301
2016-11-13,873270928.337901
2016-11-14,860825771.363141
2016-11-15,869179918.4649189
2016-11-16,874421158.9802254
2016-11-17,866409453.2830794
2016-11-18,839391027.0480897
2016-11-19,842932875.2295185
2016-11-20,834999976.18376
2016-11-21,824591193.3609089
2016-11-22,848460011.6059253
2016-11-23,851860316.0749267
2016-11-24,829130096.9171034
2016-11-25,815303198.4525466
2016-11-26,818011133.2253107
2016-11-27,792705899.0618429
2016-11-28,770142077.464654
2016-11-29,725663939.6496284
2016-11-30,745462863.3780491
2016-12-01,739695606.5814049
2016-12-02,693359233.8776519
2016-12-03,686990358.9137355
2016-12-04,681530569.1033329
2016-12-05,631922955.3034643
2016-12-06,596263251.6500878
2016-12-07,682226933.4998468
2016-12-08,738957575.754714
2016-12-09,724958923.8227812
2016-12-10,733380876.3365966
2016-12-11,723220654.8462687
2016-12-12,735388443.0877401
2016-12-13,738361719.263854
2016-12-14,732334474.5887384
2016-12-15,696909512.3351482
2016-12-16,682391024.5107907
2016-12-17,670165755.8435389
2016-12-18,687959709.9338709
2016-12-19,682131296.7212775
2016-12-20,671249709.8417553
2016-12-21,677668503.6791803
2016-12-22,671158045.0311656
2016-12-23,648184108.4668275
2016-12-24,637716603.54588
2016-12-25,634771784.5911512
2016-12-26,635594286.6634233
2016-12-27,645437630.120041
2016-12-28,646449398.9836997
2016-12-29,730939474.8093605
2016-12-30,734988248.9100673
2016-12-31,717140039.4758227
2017-01-01,730200586.3096457
2017-01-02,724933800.6250979
2017-01-03,781830257.3800899
2017-01-04,934574672.0075752
2017-01-05,950757099.4223323
2017-01-06,887008414.4784465
2017-01-07,862213346.2333515
2017-01-08,883487143.6118557
2017-01-09,922423154.6053692
2017-01-10,923923091.6491672
2017-01-11,893346854.0025816
2017-01-12,858575654.4129549
2017-01-13,866226292.1497301
2017-01-14,866969402.682158
2017-01-15,873044982.7459663
2017-01-16,855521915.845527
2017-01-17,885625174.5031799
2017-01-18,908758638.3567777
2017-01-19,913096528.2930983
2017-01-20,935095361.3097459
2017-01-21,948026494.5515558
2017-01-22,954979856.0531555
2017-01-23,948525604.3620845
2017-01-24,943044668.9431611
2017-01-25,935448315.7821745
2017-01-26,938960375.4353762
2017-01-27,936709320.1975621
2017-01-28,941317478.2017504
2017-01-29,937628493.2632754
2017-01-30,935905573.9605932
2017-01-31,947524160.3751135
2017-02-01,947527457.1859742
2017-02-02,951370862.5042728
2017-02-03,961572527.109823
2017-02-04,996284415.1183634
2017-02-05,1000092735.9600183
2017-02-06,998058576.6158245
2017-02-07,1012241295.330666
2017-02-08,1015796826.9329618
2017-02-09,996196871.2510164
2017-02-10,983589054.5254439
2017-02-11,1006868526.3425666
2017-02-12,1011392398.0113997
2017-02-13,1007668466.8486378
2017-02-14,1093812210.0255363
2017-02-15,1147957406.6879222
2017-02-16,1140032755.326244
2017-02-17,1142608664.061948
2017-02-18,1142686818.6526382
2017-02-19,1145751989.8102775
2017-02-20,1141747498.5371823
2017-02-21,1129346637.7463896
2017-02-22,1138934431.7751803
2017-02-23,1142711821.3258448
2017-02-24,1171783336.8989875
2017-02-25,1196707483.3523326
2017-02-26,1237233279.027206
2017-02-27,1326753344.0051363
2017-02-28,1420448044.992328
2017-03-01,1445779211.0480142
2017-03-02,1631183778.1469183
2017-03-03,1775708979.1593008
2017-03-04,1751981558.5705554
2017-03-05,1683328090.662016
2017-03-06,1751978553.1763322
2017-03-07,1730525319.4715393
2017-03-08,1615185918.1193614
2017-03-09,1562985013.0015614
2017-03-10,1640713885.7581365
2017-03-11,1771607768.9479358
2017-03-12,2025170064.2040386
2017-03-13,2514511806.1172023
2017-03-14,2576276438.533274
2017-03-15,2746310140.8922853
2017-03-16,3649437877.4799542
2017-03-17,4127796163.6037846
2017-03-18,3489922940.8583474
2017-03-19,3558638594.5352125
2017-03-20,3899889570.8037906
2017-03-21,3860285599.475643
2017-03-22,3692354453.402319
2017-03-23,3732500736.8669844
2017-03-24,4150548754.7734385
2017-03-25,4490599858.384002
2017-03-26,4541650443.176892
2017-03-27,4532701548.24457
2017-03-28,4476469500.6834345
2017-03-29,4712694603.029436
2017-03-30,4768029298.256395
2017-03-31,4508188540.120844
2017-04-01,4528497990.31893
2017-04-02,4510276337.237312
2017-04-03,4145128138.008363
2017-04-04,3946922538.911528
2017-04-05,4164073318.74431
2017-04-06,4030123616.9345555
2017-04-07,3909334806.4686074
2017-04-08,4043184685.257918
2017-04-09,3986902519.45013
2017-04-10,3952430744.6943445
2017-04-11,3999990600.1592307
2017-04-12,4021530130.2677693
2017-04-13,4418352743.704991
2017-04-14,4361044425.904081
2017-04-15,4325016545.099759
2017-04-16,4393179489.823475
2017-04-17,4371542619.307239
2017-04-18,4452482406.358032
2017-04-19,4541895144.812951
2017-04-20,4431385447.487929
2017-04-21,4461688232.826662
2017-04-22,4437972941.262433
2017-04-23,4430271689.075245
2017-04-24,4542176498.525008
2017-04-25,4580375257.071959
2017-04-26,4748717535.677113
2017-04-27,5276901975.954412
2017-04-28,6098806437.635972
2017-04-29,6474934349.2542095
2017-04-30,6637060316.798666
2017-05-01,7292234316.558938
2017-05-02,7102699399.095576
2017-05-03,7138676407.282901
2017-05-04,7923418702.891075
2017-05-05,8662075751.312483
2017-05-06,8527342910.597528
2017-05-07,8724393336.620562
2017-05-08,8273719216.415906
2017-05-09,7846377561.059889
2017-05-10,8150198244.809991
2017-05-11,8114645467.207625
2017-05-12,8088828327.582209
2017-05-13,7905012644.157691
2017-05-14,8101469584.387935
2017-05-15,8332749131.320704
2017-05-16,8233346988.276572
2017-05-17,7983726507.238873
2017-05-18,8438268545.812964
2017-05-19,10304493558.92531
2017-05-20,11508448154.619734
2017-05-21,12272514943.450994
2017-05-22,14734844515.36592
2017-05-23,15200004726.763538
2017-05-24,17162605697.47982
2017-05-25,18199579746.540306
2017-05-26,16600610759.34294
2017-05-27,14139155477.849174
2017-05-28,15850010776.858313
2017-05-29,16554633320.96729
2017-05-30,18988604408.025368
2017-05-31,20744226226.522354
2017-06-01,20624285527.02929
2017-06-02,20417267537.755013
2017-06-03,20609657815.902485
2017-06-04,21973121295.79752
2017-06-05,22729096018.90898
2017-06-06,23783041625.93463
2017-06-07,24141666485.80224
2017-06-08,23711508467.823322
2017-06-09,24713060750.865246
2017-06-10,27523850267.098465
2017-06-11,31253818082.505157
2017-06-12,33748748845.102245
2017-06-13,35372563778.81283
2017-06-14,34486458416.231285
2017-06-15,29346080710.727737
2017-06-16,31834290511.79743
2017-06-17,33028592825.676746
2017-06-18,33571627491.322716
2017-06-19,32954329810.568882
2017-06-20,33246247118.01993
2017-06-21,30186234947.956516
2017-06-22,29756023040.160645
2017-06-23,30207523897.185547
2017-06-24,29757776839.611908
2017-06-25,27398266624.596844
2017-06-26,23892369122.8299
2017-06-27,22628093672.201244
2017-06-28,27005787074.488644
2017-06-29,28487504463.06778
2017-06-30,27039718141.898582
2017-07-01,24979371093.79039
2017-07-02,25053037099.645462
2017-07-03,25902659433.727448
2017-07-04,25734268725.121284
2017-07-05,24620713163.429905
2017-07-06,24775716456.29776
2017-07-07,23663950388.532757
2017-07-08,22402475459.691593
2017-07-09,22747396239.81465
2017-07-10,21041187588.815655
2017-07-11,18230164305.79015
2017-07-12,18954322441.573635
2017-07-13,19501805983.14311
2017-07-14,18350449871.93684
2017-07-15,17153349994.16521
2017-07-16,14458272127.036272
2017-07-17,15917689338.36014
2017-07-18,18761611780.039474
2017-07-19,20652304691.162117
2017-07-20,20416013287.432735
2017-07-21,21020989045.488487
2017-07-22,21009080386.046455
2017-07-23,21403194987.73152
2017-07-24,21234912156.358017
2017-07-25,19713322817.970417
2017-07-26,18692863638.310795
2017-07-27,18902739073.77024
2017-07-28,18444040263.06855
2017-07-29,17563196566.040703
2017-07-30,18625964612.09978
2017-07-31,18360917794.988487
2017-08-01,20311711151.275402
2017-08-02,20761842697.67264
2017-08-03,20875449970.271626
2017-08-04,20906740015.05988
2017-08-05,22251775675.765476
2017-08-06,24346626164.30341
2017-08-07,24931444908.948277
2017-08-08,26382969795.549934
2017-08-09,28031401961.763447
2017-08-10,28245229097.299828
2017-08-11,28191057249.096123
2017-08-12,29346270338.148537
2017-08-13,27714712393.729584
2017-08-14,28093215771.280903
2017-08-15,27025272845.28003
2017-08-16,27575171763.04597
2017-08-17,28546406917.09996
2017-08-18,28149204510.645947
2017-08-19,27534475756.168053
2017-08-20,27574193893.75171
2017-08-21,29962467583.250896
2017-08-22,29293841743.089127
2017-08-23,30030518793.606224
2017-08-24,30246582949.578426
2017-08-25,31222960325.35394
2017-08-26,31232245635.36003
2017-08-27,31723667827.01832
2017-08-28,32390775967.996895
2017-08-29,34032549146.623943
2017-08-30,35819082692.76539
2017-08-31,36367325539.32862
2017-09-01,37056996368.48226
2017-09-02,34111885409.229584
2017-09-03,33280238751.06729
2017-09-04,29710399004.88563
2017-09-05,28542989037.477196
2017-09-06,31307366202.27906
2017-09-07,31307221160.381443
2017-09-08,30265209669.945026
2017-09-09,28675909648.47636
2017-09-10,27879665291.58378
2017-09-11,28090160703.703667
2017-09-12,28626173308.095943
2017-09-13,26068127261.194603
2017-09-14,24020045393.751476
2017-09-15,22452032017.003757
2017-09-16,24428144137.294136
2017-09-17,24056387717.680794
2017-09-18,27294886376.864864
2017-09-19,27175687517.335876
2017-09-20,27077739040.117073
2017-09-21,26109011300.74015
2017-09-22,24812938581.52806
2017-09-23,26030873031.75993
2017-09-24,26980068503.916046
2017-09-25,27531688488.43765
2017-09-26,27618756134.58223
2017-09-27,28095201472.87404
2017-09-28,28827202179.253952
2017-09-29,27671076917.671978
2017-09-30,28395092841.58362
2017-10-01,28392250281.47758
2017-10-02,28370616371.770897
2017-10-03,27784148354.197132
2017-10-04,27790429502.907948
2017-10-05,27747374787.774956
2017-10-06,28444424393.24098
2017-10-07,29263395757.653755
2017-10-08,29560188835.55457
2017-10-09,28633823552.086388
2017-10-10,28395760785.68472
2017-10-11,28583878485.10092
2017-10-12,28972705805.375553
2017-10-13,30972995700.948147
2017-10-14,32430976704.67851
2017-10-15,31568877625.066063
2017-10-16,32287716904.07388
2017-10-17,30830769038.201405
2017-10-18,29003672633.550926
2017-10-19,29436835495.153805
2017-10-20,29166206029.63957
2017-10-21,28373496702.348064
2017-10-22,28233614562.13486
2017-10-23,27221360013.26194
2017-10-24,28913496158.310265
2017-10-25,28211327272.802227
2017-10-26,28309116853.960693
2017-10-27,28263243586.59188
2017-10-28,28137521332.257217
2017-10-29,28780559421.284527
2017-10-30,29261994333.862576
2017-10-31,29315171613.10958
2017-11-01,28608848381.24402
2017-11-02,27219971738.173706
2017-11-03,28215950272.76711
2017-11-04,28738446018.57364
2017-11-05,28470060962.801712
2017-11-06,28457122145.315434
2017-11-07,28283490365.092983
2017-11-08,28752153950.5894
2017-11-09,30406872215.71258
2017-11-10,29742879456.856274
2017-11-11,29316449319.026276
2017-11-12,29544128200.44057
2017-11-13,30042935112.76586
2017-11-14,31326860625.133793
2017-11-15,31960971037.16837
2017-11-16,31458875332.91256
2017-11-17,31709565268.628815
2017-11-18,32032131217.84285
2017-11-19,33995949899.63175
2017-11-20,34623283469.455536
2017-11-21,35011648417.80801
2017-11-22,35151394280.091835
2017-11-23,38234844031.77841
2017-11-24,41320335810.572105
2017-11-25,44967781662.80519
2017-11-26,44057763025.46238
2017-11-27,45620528737.39318
2017-11-28,45218789275.25492
2017-11-29,45332781162.51647
2017-11-30,41925981800.38451
2017-12-01,42458846790.17077
2017-12-02,44434119306.984245
2017-12-03,44998529453.6674
2017-12-04,44424803401.16169
2017-12-05,44457776621.86471
2017-12-06,42669737017.6618
2017-12-07,40608541087.921005
2017-12-08,42268165935.191124
2017-12-09,46424671326.04612
2017-12-10,43354304908.637695
2017-12-11,45208763608.255455
2017-12-12,54406216063.94725
2017-12-13,65027352820.42776
2017-12-14,68537778644.74546
2017-12-15,64489993010.805954
2017-12-16,67161110203.291336
2017-12-17,69334848468.89476
2017-12-18,70775112451.76128
2017-12-19,79357290065.96988
2017-12-20,76566440638.24696
2017-12-21,77959296676.88043
2017-12-22,65019416743.236916
2017-12-23,70273875286.3777
2017-12-24,64558678642.179306
2017-12-25,70230211537.76021
2017-12-26,72072976843.3708
2017-12-27,72132672500.37088
2017-12-28,68028377702.687584
2017-12-29,70986850155.30893
2017-12-30,69237008872.36514
2017-12-31,69205978342.0428
2018-01-01,71623858056.33815
2018-01-02,81424371274.17093
2018-01-03,85479619167.86052
2018-01-04,91731472702.05994
2018-01-05,94526385410.58652
2018-01-06,96014501178.69914
2018-01-07,103243687553.99258
2018-01-08,110636895778.147
2018-01-09,116858138801.16034
2018-01-10,126764439244.26555
2018-01-11,117372681277.40015
2018-01-12,118215879417.58452
2018-01-13,130028179976.4198
2018-01-14,129553866836.27467
2018-01-15,127735798400.07593
2018-01-16,109144153627.86363
2018-01-17,92178759526.32108
2018-01-18,100717739045.326
2018-01-19,101318408666.07112
2018-01-20,108423250078.44789
2018-01-21,104512348619.45018
2018-01-22,98789136574.96239
2018-01-23,94793191144.3528
2018-01-24,97854698632.5791
2018-01-25,102999977215.13344
2018-01-26,101091785968.02579
2018-01-27,104315287940.9379
2018-01-28,113879165125.08093
2018-01-29,113673983677.93571
2018-01-30,109172163399.81212
2018-01-31,105118637749.30293
2018-02-01,105312150190.47052
2018-02-02,88539569369.82501
2018-02-03,91342097899.52246
2018-02-04,87378919247.04337
2018-02-05,74719817600.76213
2018-02-06,65875798439.10988
2018-02-07,77617964673.75266
2018-02-08,78971560379.62274
2018-02-09,80909034905.9235
2018-02-10,84664098612.7904
2018-02-11,80175136282.61838
2018-02-12,83326746025.4024
2018-02-13,82303207923.80325
2018-02-14,86018627791.16556
2018-02-15,90677486215.72206
2018-02-16,91096984258.69778
2018-02-17,94305237167.85971
2018-02-18,92448341951.09758
2018-02-19,92121837338.87485
2018-02-20,92174663546.41039
2018-02-21,85580930530.48517
2018-02-22,81684990509.01842
2018-02-23,83186840622.93745
2018-02-24,82830987403.0487
2018-02-25,82226668959.79543
2018-02-26,84315071076.15137
2018-02-27,86174606187.53241
2018-02-28,85570794189.3986
2018-03-01,85082530830.12674
2018-03-02,84699142394.96703
2018-03-03,84484263282.96375
2018-03-04,83768169480.88493
2018-03-05,84597425486.52367
2018-03-06,81842462604.86102
2018-03-07,76790645498.83044
2018-03-08,72673578190.47081
2018-03-09,67500382026.43689
2018-03-10,71184381909.49364
2018-03-11,69135887140.7552
2018-03-12,70355352274.66254
2018-03-13,68337949523.37486
2018-03-14,64998192771.80142
2018-03-15,59252461976.025154
2018-03-16,59903851856.6934
2018-03-17,57560134042.47333
2018-03-18,50009308990.78563
2018-03-19,53143951938.917336
2018-03-20,53704086796.52518
2018-03-21,56137988577.05542
2018-03-22,53469267864.35315
2018-03-23,51612794682.6888
2018-03-24,52930199454.11669
2018-03-25,51473203743.43093
2018-03-26,49286236760.76443
2018-03-27,45756437322.69775
2018-03-28,44591032208.01453
2018-03-29,41012333611.83598
2018-03-30,38061618446.64161
2018-03-31,39678466868.17404
2018-04-01,37833716831.92179
2018-04-02,38126414981.849625
2018-04-03,39706605950.76651
2018-04-04,38724053114.71439
2018-04-05,37421664541.826836
2018-04-06,36755138659.084366
2018-04-07,37885309968.879
2018-04-08,38922861711.01888
2018-04-09,39903461212.44413
2018-04-10,39727646661.8456
2018-04-11,41173948579.80408
2018-04-12,41182369425.48539
2018-04-13,41190971388.15689
2018-04-14,41199470480.75541
2018-04-15,41207973911.719475
2018-04-16,50517522193.12281
2018-04-17,50472856107.689064
2018-04-18,50767923061.85362
2018-04-19,53615564666.32065
2018-04-20,57728654074.64692
2018-04-21,59794546015.997856
2018-04-22,61471952411.83819
2018-04-23,63122618220.393715
2018-04-24,68151505324.84354
2018-04-25,63981851020.35724
2018-04-26,62563648575.86161
2018-04-27,65957866124.16824
2018-04-28,67037349583.19048
2018-04-29,67854486846.57405
2018-04-30,67800414525.82019
2018-05-01,65384927723.38683
2018-05-02,67365900117.673706
2018-05-03,72842679010.84937
2018-05-04,77783268993.72105
2018-05-05,80345254711.45586
2018-05-06,78821243460.04498
2018-05-07,74029076056.53172
2018-05-08,74585746210.96819
2018-05-09,73697784905.9441
2018-05-10,75057160782.08014
2018-05-11,69605903079.24637
2018-05-12,66938468521.04781
2018-05-13,70160788923.98125
2018-05-14,71711463193.97842
2018-05-15,72183945775.34352
2018-05-16,69333646236.20778
2018-05-17,69767499781.21452
2018-05-18,67753435479.35291
2018-05-19,69507383815.12926
2018-05-20,70854425637.23613
2018-05-21,70499300686.91827
2018-05-22,68014785483.709366
2018-05-23,61529269414.0831
2018-05-24,58705799758.080536
2018-05-25,59440079742.00721
2018-05-26,59518891706.23141
2018-05-27,57545041589.8522
2018-05-28,53942609694.49341
2018-05-29,54294279213.47258
2018-05-30,56228032105.35832
2018-05-31,57197606914.31221
2018-06-01,57573622575.73324
2018-06-02,58756796386.964195
2018-06-03,60971162636.32979
2018-06-04,60183672698.16899
2018-06-05,59519984948.77822
2018-06-06,60522890256.23613
2018-06-07,60870381813.285515
2018-06-08,60173450024.8142
2018-06-09,60431622173.26873
2018-06-10,56129631631.50876
2018-06-11,52814666432.32331
2018-06-12,52351461902.462494
2018-06-13,48398709453.6351
2018-06-14,49422256111.56423
2018-06-15,50385403549.14417
2018-06-16,49859281063.31597
2018-06-17,50374601922.23233
2018-06-18,50481895284.21658
2018-06-19,52908849655.154175
2018-06-20,53090510029.500046
2018-06-21,53525434369.335236
2018-06-22,49277667045.665436
2018-06-23,47346840586.54994
2018-06-24,45351796891.51632
2018-06-25,45952840787.07644
2018-06-26,45074478006.17939
2018-06-27,43639322154.77888
2018-06-28,43697077282.0235
2018-06-29,41911685759.561
2018-06-30,45228208737.66105
2018-07-01,45481087938.17985
2018-07-02,46263898689.310356
2018-07-03,47519051023.137146
2018-07-04,47054047972.26042
2018-07-05,47652041505.03246
2018-07-06,47416757185.5197
2018-07-07,47457595134.55097
2018-07-08,49658571814.14369
2018-07-09,48719874930.53086
2018-07-10,45509527172.398506
2018-07-11,44325243081.79664
2018-07-12,43771708939.95306
2018-07-13,44018405410.4984
2018-07-14,43855858176.75472
2018-07-15,44756939995.546715
2018-07-16,46822161834.122345
2018-07-17,48572786317.764366
2018-07-18,49977894645.3043
2018-07-19,47867887544.68682
2018-07-20,46347964702.37529
2018-07-21,46451539916.48875
2018-07-22,46835645014.80885
2018-07-23,46531448288.1695
2018-07-24,47253998443.25593
2018-07-25,47821202189.96764
2018-07-26,48075907285.55002
2018-07-27,46999937720.355705
2018-07-28,47231253241.95092
2018-07-29,47054987934.47568
2018-07-30,46456622441.855774
2018-07-31,44678302633.1187
2018-08-01,42657944483.25244
2018-08-02,42159897414.306984
2018-08-03,41721468314.8494
2018-08-04,41721059456.27707
2018-08-05,41230541236.85289
2018-08-06,41362230185.78226
2018-08-07,40949328039.138435
2018-08-08,37260308302.67063
2018-08-09,36763624525.809586
2018-08-10,35860831191.69267
2018-08-11,32488137108.42024
2018-08-12,32729556969.80627
2018-08-13,31694714259.985966
2018-08-14,26891457807.305504
2018-08-15,29204152203.14313
2018-08-16,29297650736.84345
2018-08-17,30498269504.6627
2018-08-18,30854055125.438534
2018-08-19,30257738354.753704
2018-08-20,29735414486.042614
2018-08-21,28357631981.680294
2018-08-22,28881864981.54113
2018-08-23,27963669614.859085
2018-08-24,28158113971.379986
2018-08-25,28521189495.352097
2018-08-26,27943655330.98598
2018-08-27,28200347498.88327
2018-08-28,29318292923.544342
2018-08-29,29750221918.233337
2018-08-30,28798017634.348408
2018-08-31,28625153367.487854
2018-09-01,29530884268.70938
2018-09-02,29962699799.43429
2018-09-03,29538589925.572258
2018-09-04,29286306947.313587
2018-09-05,27059503961.59861
2018-09-06,23100141640.242783
2018-09-07,22815131050.18626
2018-09-08,21713584131.14491
2018-09-09,20182441060.168594
2018-09-10,20053842924.643604
2018-09-11,19452724092.08621
2018-09-12,18021947180.65161
2018-09-13,20118146795.150528
2018-09-14,21754566213.881878
2018-09-15,22285458664.425945
2018-09-16,22269055362.155033
2018-09-17,21765754830.376694
2018-09-18,20798661815.17084
2018-09-19,21415634313.709053
2018-09-20,21532829016.162014
2018-09-21,23465683829.87916
2018-09-22,24575346889.05291
2018-09-23,24735105509.5929
2018-09-24,24175792435.841705
2018-09-25,21969129761.775085
2018-09-26,22038378745.99273
2018-09-27,22407879792.89826
2018-09-28,23128541413.9709
2018-09-29,23179099886.21333
2018-09-30,23804999139.361256
2018-10-01,23588568223.014717
2018-10-02,23396383284.21623
2018-10-03,22550582173.76554
2018-10-04,22912980254.345
2018-10-05,22833736616.81526
2018-10-06,23152451208.297573
2018-10-07,22993277136.528015
2018-10-08,23298164178.81264
2018-10-09,23383916741.232616
2018-10-10,23147009122.324944
2018-10-11,20720102151.781384
2018-10-12,20065737871.007877
2018-10-13,20438981177.185787
2018-10-14,20506421379.52682
2018-10-15,21227450626.022434
2018-10-16,21505525965.761215
2018-10-17,21386432933.250134
2018-10-18,21132903701.906235
2018-10-19,20889296403.78769
2018-10-20,21039104385.121696
2018-10-21,21226707712.88871
2018-10-22,21033796307.152534
2018-10-23,20920141139.50437
2018-10-24,21009910482.557617
2018-10-25,20850704852.723568
2018-10-26,20879004667.413376
2018-10-27,20970441532.718227
2018-10-28,21023987230.382214
2018-10-29,20683323744.209164
2018-10-30,20297251712.43419
2018-10-31,20318817742.152443
2018-11-01,20481877497.001427
2018-11-02,20550604664.1295
2018-11-03,20611721523.435863
2018-11-04,20879661259.182587
2018-11-05,21489028921.602768
2018-11-06,21891857820.23459
2018-11-07,22556761411.30181
2018-11-08,22110055669.43943
2018-11-09,21774535763.534702
2018-11-10,21859237277.938644
2018-11-11,21776535807.36683
2018-11-12,21781081687.858463
2018-11-13,21513912998.561043
2018-11-14,20288309549.54328
2018-11-15,18378899799.645626
2018-11-16,18378702321.82849
2018-11-17,17992419021.201267
2018-11-18,18179375649.18574
2018-11-19,16508433566.750889
2018-11-20,14360852361.064854
2018-11-21,13829440334.124107
2018-11-22,13791969680.689486
2018-11-23,12718339606.192856
2018-11-24,12634636592.092985
2018-11-25,11359158394.220446
2018-11-26,11624279994.173273
2018-11-27,11009685697.07339
2018-11-28,12084195672.325102
2018-11-29,12339838285.470232
2018-11-30,11945603387.70352
2018-12-01,12024366630.537317
2018-12-02,12164343712.884655
2018-12-03,11585625263.951756
2018-12-04,11404986845.909212
2018-12-05,10835830748.45648
2018-12-06,10368683292.581318
2018-12-07,9101322775.507524
2018-12-08,9472614140.35938
2018-12-09,9752184417.432703
2018-12-10,9627889730.884201
2018-12-11,9324589606.910097
2018-12-12,9383460471.261066
2018-12-13,9269473118.207996
2018-12-14,8911149992.836752
2018-12-15,8744466202.351892
2018-12-16,8991721650.835148
2018-12-17,9302071261.346148
2018-12-18,9853727140.771364
2018-12-19,10793029789.72234
2018-12-20,11305344815.921356
2018-12-21,11821713719.903122
2018-12-22,11586764330.227695
2018-12-23,13383891827.61551
2018-12-24,15196444185.580933
2018-12-25,13471348479.457361
2018-12-26,13634798556.754114
2018-12-27,12997948449.816805
2018-12-28,12842837419.430449
2018-12-29,14366408966.60932
2018-12-30,14351756312.973635
2018-12-31,14203932188.131462
2019-01-01,14145564771.853605
2019-01-02,15415539499.859676
2019-01-03,15767466266.10492
2019-01-04,15846167341.173906
2019-01-05,16471064281.16976
2019-01-06,16137408149.631435
2019-01-07,16110547170.37989
2019-01-08,15733452547.874058
2019-01-09,15833103446.189604
2019-01-10,14342229085.68295
2019-01-11,13356080577.538733
2019-01-12,13272526334.996061
2019-01-13,12828034226.128618
2019-01-14,12728092224.355051
2019-01-15,13315703730.0725
2019-01-16,12880688875.761238
2019-01-17,12804825123.099958
2019-01-18,12771588869.766634
2019-01-19,12911380766.105682
2019-01-20,12739445712.560308
2019-01-21,12299589266.17734
2019-01-22,12325305610.351902
2019-01-23,12384575624.975695
2019-01-24,12230993068.587017
2019-01-25,12211256818.142515
2019-01-26,12234095525.60923
2019-01-27,12066906997.906322
2019-01-28,11224258622.823082
2019-01-29,11051407912.747072
2019-01-30,11218984344.079063
2019-01-31,11319848611.636976
2019-02-01,11168238848.883718
2019-02-02,11289819815.907969
2019-02-03,11372004521.682331
2019-02-04,11282488347.154448
2019-02-05,11255449960.02948
2019-02-06,10907474985.35751
2019-02-07,11013975253.517
2019-02-08,11567524839.690683
2019-02-09,12474333763.140968
2019-02-10,12447479066.396255
2019-02-11,12726027109.312447
2019-02-12,12695478739.481411
2019-02-13,12885566244.499895
2019-02-14,12856706474.17713
2019-02-15,12843514165.558779
2019-02-16,12930177443.573568
2019-02-17,13247468431.178291
2019-02-18,14794521967.172716
2019-02-19,15488111088.621376
2019-02-20,15325639665.919277
2019-02-21,15360431894.608839
2019-02-22,15517011402.73396
2019-02-23,15854201837.564583
2019-02-24,16182800700.226723
2019-02-25,14657505135.824883
2019-02-26,14508974686.507357
2019-02-27,14476389864.253155
2019-02-28,14454470101.342342
2019-03-01,14436688587.859383
2019-03-02,14175015644.054617
2019-03-03,14117981880.997286
2019-03-04,13491448553.675919
2019-03-05,13877272013.23287
2019-03-06,14527307203.876884
2019-03-07,14595294437.42829
2019-03-08,14466167070.23293
2019-03-09,14462137047.261395
2019-03-10,14391699410.017246
2019-03-11,14198345359.803108
2019-03-12,14070584129.571407
2019-03-13,14047764335.445421
2019-03-14,14045404703.069994
2019-03-15,14308486939.924767
2019-03-16,14958858646.945751
2019-03-17,14786060697.258856
2019-03-18,14728299918.72799
2019-03-19,14745352660.028088
2019-03-20,14679791088.037344
2019-03-21,14630861426.820904
2019-03-22,14479394356.983551
2019-03-23,14531478304.606009
2019-03-24,14467887096.181625
2019-03-25,14317020564.519253
2019-03-26,14213208794.65129
2019-03-27,14667629168.904829
2019-03-28,14753486861.871147
2019-03-29,14798337161.835546
2019-03-30,15095320839.924591
2019-03-31,15001470765.664299
2019-04-01,15015610489.475266
2019-04-02,16116050673.178919
2019-04-03,17867186533.83629
2019-04-04,16996733788.257175
2019-04-05,17211480246.201324
2019-04-06,17457037632.620636
2019-04-07,17805459348.614483
2019-04-08,18981540692.25972
2019-04-09,18721919589.152374
2019-04-10,18974515162.947506
2019-04-11,17759009765.50927
2019-04-12,17373206377.45803
2019-04-13,17382613717.118904
2019-04-14,17366268996.672405
2019-04-15,17510616141.87913
2019-04-16,17324257003.4564
2019-04-17,17633678979.99073
2019-04-18,18223328914.27319
2019-04-19,18262192917.71916
2019-04-20,18405187269.04201
2019-04-21,18040069397.4612
2019-04-22,18082622060.206882
2019-04-23,18395947041.638252
2019-04-24,17620060342.143238
2019-04-25,17350674444.92488
2019-04-26,16444574346.22012
2019-04-27,16655834933.854853
2019-04-28,16754715225.399384
2019-04-29,16523477310.465893
2019-04-30,16785695682.165274
2019-05-01,17097577840.268911
2019-05-02,17080224443.821943
2019-05-03,17637660117.022175
2019-05-04,17500730129.005177
2019-05-05,17309475863.475674
2019-05-06,17661879436.33771
2019-05-07,18646861345.60229
2019-05-08,18006090741.240524
2019-05-09,18034758089.38508
2019-05-10,18340528847.697887
2019-05-11,19795992113.52228
2019-05-12,20264339011.392876
2019-05-13,20560057065.943314
2019-05-14,21945512317.05758
2019-05-15,24545392689.988853
2019-05-16,27638561708.527344
2019-05-17,25422951738.592182
2019-05-18,25294738310.819794
2019-05-19,26911242304.631134
2019-05-20,26528249414.756195
2019-05-21,26850268150.42672
2019-05-22,26913591977.703785
2019-05-23,25658697008.581734
2019-05-24,26513130909.37721
2019-05-25,26774463153.68715
2019-05-26,26838583414.803596
2019-05-27,28552060615.257504
2019-05-28,28790217561.62584
2019-05-29,28666102078.159676
2019-05-30,29287337779.210342
2019-05-31,27494205372.737385
2019-06-01,28506725468.754948
2019-06-02,28601268210.123325
2019-06-03,28062397572.200462
2019-06-04,26165246959.376007
2019-06-05,26039544809.671734
2019-06-06,26094828666.133175
2019-06-07,26578999499.958946
2019-06-08,26409365330.92532
2019-06-09,25501684782.01979
2019-06-10,25569254079.260517
2019-06-11,26041495873.998123
2019-06-12,26753504135.14254
2019-06-13,27619085865.00767
2019-06-14,27401183663.294193
2019-06-15,28350400478.493668
2019-06-16,28900473946.98557
2019-06-17,28971156734.771774
2019-06-18,28600457342.374924
2019-06-19,28542894324.45544
2019-06-20,28698161446.8297
2019-06-21,30554915726.21341
2019-06-22,32707667303.596233
2019-06-23,33236223526.71091
2019-06-24,32818975094.604435
2019-06-25,33256068837.435333
2019-06-26,35857989513.834625
2019-06-27,33294241713.440468
2019-06-28,32432971805.67824
2019-06-29,32631019784.340115
2019-06-30,32783300368.369186
2019-07-01,31119798178.29835
2019-07-02,30408790645.42206
2019-07-03,31572964395.599167
2019-07-04,31623925162.336536
2019-07-05,30821446054.081757
2019-07-06,31160633136.29046
2019-07-07,31445436965.487286
2019-07-08,32861615756.828808
2019-07-09,33380370381.157032
2019-07-10,32236307432.8772
2019-07-11,29311645384.42264
2019-07-12,29279652959.508354
2019-07-13,28922809217.287556
2019-07-14,26847874787.918232
2019-07-15,24222135069.992275
2019-07-16,23430883299.406757
2019-07-17,22007949390.829334
2019-07-18,23362756032.06893
2019-07-19,23621397517.24509
2019-07-20,24375066702.767685
2019-07-21,24056454241.498074
2019-07-22,23678411388.12314
2019-07-23,22912770445.621334
2019-07-24,22403765673.152958
2019-07-25,23720013404.762703
2019-07-26,23243942967.072376
2019-07-27,22910632330.786705
2019-07-28,22373376397.543148
2019-07-29,22612431779.566544
2019-07-30,22480850659.73809
2019-07-31,22986367028.011497
2019-08-01,23033439270.73888
2019-08-02,23444387889.636463
2019-08-03,23853310930.115208
2019-08-04,23655844239.57227
2019-08-05,24818261380.230217
2019-08-06,24638790447.18533
2019-08-07,24233722954.333206
2019-08-08,23933045448.431023
2019-08-09,22898354523.954906
2019-08-10,22403698787.580975
2019-08-11,22717684708.802357
2019-08-12,22818654434.047405
2019-08-13,22427597438.691883
2019-08-14,21622721780.48512
2019-08-15,19873437540.091553
2019-08-16,19888633948.527622
2019-08-17,19847208473.78174
2019-08-18,20446047357.83487
2019-08-19,21376044151.215733
2019-08-20,21309926209.214466
2019-08-21,20163237744.12001
2019-08-22,20292479537.506184
2019-08-23,20719018458.011215
2019-08-24,20464138242.441826
2019-08-25,20321889770.245457
2019-08-26,20410819011.560066
2019-08-27,20128213357.123302
2019-08-28,19744816304.754147
2019-08-29,18293300001.738422
2019-08-30,18183738170.116245
2019-08-31,18241726688.13747
2019-09-01,18454264613.778618
2019-09-02,18702485955.949787
2019-09-03,19273328253.142662
2019-09-04,19150701967.498238
2019-09-05,18710857761.823753
2019-09-06,18762315874.582146
2019-09-07,18694218791.678913
2019-09-08,19496258361.82104
2019-09-09,19458292000.265194
2019-09-10,19516914056.957523
2019-09-11,19275350431.049656
2019-09-12,19340824493.63277
2019-09-13,19386215967.1203
2019-09-14,19751763018.50155
2019-09-15,20331493432.560974
2019-09-16,20877642259.277103
2019-09-17,21817332646.212048
2019-09-18,22963955691.87213
2019-09-19,22877267487.9464
2019-09-20,23466025734.267056
2019-09-21,23408144980.90682
2019-09-22,22758207897.867756
2019-09-23,22512061606.335773
2019-09-24,20682617470.129784
2019-09-25,18280714801.65988
2019-09-26,18089857091.993713
2019-09-27,18064191959.44519
2019-09-28,18806508565.472473
2019-09-29,18464458911.094555
2019-09-30,18717523286.65715
2019-10-01,19414525475.365646
2019-10-02,19144978555.39311
2019-10-03,19094255902.090652
2019-10-04,18990841324.949356
2019-10-05,19004092756.708054
2019-10-06,18875944794.17346
2019-10-07,19075176724.09408
2019-10-08,19593468340.979652
2019-10-09,20144098700.03325
2019-10-10,20731595837.614468
2019-10-11,20238075393.437477
2019-10-12,19883718053.554657
2019-10-13,19786542697.06719
2019-10-14,19943785510.172
2019-10-15,19871727894.830124
2019-10-16,19233956110.181446
2019-10-17,19124497156.1989
2019-10-18,18881222652.310066
2019-10-19,18807045788.04029
2019-10-20,18767786467.869286
2019-10-21,18959581997.231697
2019-10-22,18854321966.70978
2019-10-23,17897496503.861652
2019-10-24,17569043265.168564
2019-10-25,18356502004.85523
2019-10-26,19760485649.332188
2019-10-27,19735855846.254864
2019-10-28,19924143246.874374
2019-10-29,20225844169.27316
2019-10-30,20099489823.950264
2019-10-31,19912726999.27465
2019-11-01,19808009370.418518
2019-11-02,19948805767.42081
2019-11-03,19841788298.863113
2019-11-04,19999388517.6472
2019-11-05,20354860620.701073
2019-11-06,20709750868.807095
2019-11-07,20441865013.944668
2019-11-08,20121058490.934795
2019-11-09,20067628713.332005
2019-11-10,20384668366.255787
2019-11-11,20343737045.92993
2019-11-12,20207432365.67399
2019-11-13,20327120351.992756
2019-11-14,20255175936.780872
2019-11-15,19840773738.333458
2019-11-16,19818324559.361637
2019-11-17,20074174987.91718
2019-11-18,19921784454.541782
2019-11-19,19327688892.807964
2019-11-20,19254005619.265614
2019-11-21,18357358423.020424
2019-11-22,16754759991.320684
2019-11-23,16424772299.966257
2019-11-24,16259133539.068798
2019-11-25,15545249814.575579
2019-11-26,16035373744.826828
2019-11-27,16269529325.46246
2019-11-28,16704362171.61288
2019-11-29,16757884760.06277
2019-11-30,16756531532.275663
2019-12-01,16267339305.890926
2019-12-02,16227040221.56843
2019-12-03,16163166150.875046
2019-12-04,16032703437.754038
2019-12-05,16050356552.177986
2019-12-06,16182290862.715431
2019-12-07,16235912593.53227
2019-12-08,16331675389.412954
2019-12-09,16291399119.162697
2019-12-10,16003263627.024548
2019-12-11,15838323280.254564
2019-12-12,15682666850.060604
2019-12-13,15777680001.558002
2019-12-14,15654133274.992006
2019-12-15,15542880659.239262
2019-12-16,15246905805.694689
2019-12-17,14198656867.813955
2019-12-18,13694096308.619751
2019-12-19,14006192015.633392
2019-12-20,14017596110.252066
2019-12-21,13990937936.458311
2019-12-22,14173969356.517483
2019-12-23,14428870741.037369
2019-12-24,14075822116.811558
2019-12-25,13786532773.793962
2019-12-26,13826601874.275915
2019-12-27,13776247070.156967
2019-12-28,13995491629.36285
2019-12-29,14380235022.638775
2019-12-30,14610339693.685673
2019-12-31,14362987432.126362
2020-01-01,14301833647.66308
2020-01-02,14097487726.84017
2020-01-03,14323009164.920897
2020-01-04,14635017602.447441
2020-01-05,14936220185.049267
2020-01-06,15381321767.90819
2020-01-07,15653715774.967445
2020-01-08,15616716860.206598
2020-01-09,15173503704.97169
2020-01-10,15233275055.713306
2020-01-11,15710675878.284697
2020-01-12,15795002566.147295
2020-01-13,15752157017.528341
2020-01-14,16805774773.11961
2020-01-15,18016107727.057884
2020-01-16,17753124098.180515
2020-01-17,18452588708.372074
2020-01-18,18849672386.81347
2020-01-19,18641028751.263912
2020-01-20,18152711648.379025
2020-01-21,18359718115.94351
2020-01-22,18440071338.27285
2020-01-23,17917448695.29416
2020-01-24,17634379092.06026
2020-01-25,17582492612.28325
2020-01-26,17927447049.563927
2020-01-27,18553899061.5767
2020-01-28,18900343969.12108
2020-01-29,19368765565.11298
2020-01-30,19452966868.56348
2020-01-31,19829115818.50133
2020-02-01,19961299234.457542
2020-02-02,20568728618.883957
2020-02-03,20811935547.59575
2020-02-04,20616316642.048992
2020-02-05,21460527927.49523
2020-02-06,22944846826.62227
2020-02-07,24041306296.477478
2020-02-08,24415603063.61908
2020-02-09,24940330968.2256
2020-02-10,24457952986.717773
2020-02-11,24718560445.464924
2020-02-12,27889387478.323723
2020-02-13,29332329004.29383
2020-02-14,29853925103.451374
2020-02-15,30410694840.32542
2020-02-16,28901708925.76429
2020-02-17,27838178660.27342
2020-02-18,29778850506.724083
2020-02-19,30516917901.613647
2020-02-20,28376101004.71259
2020-02-21,28776164066.31205
2020-02-22,28766572424.255127
2020-02-23,29543780004.720272
2020-02-24,29400813300.198215
2020-02-25,28248854029.504436
2020-02-26,25821524224.094547
2020-02-27,24909500154.04557
2020-02-28,24802636559.231125
2020-02-29,24914234912.657047
2020-03-01,24205043304.351868
2020-03-02,24785381694.67218
2020-03-03,24969658520.750637
2020-03-04,24713247723.116646
2020-03-05,25306118880.10864
2020-03-06,25948522406.526882
2020-03-07,26715271525.238758
2020-03-08,24688733285.217552
2020-03-09,22143329958.729298
2020-03-10,22213985377.06403
2020-03-11,21648729342.266415
2020-03-12,17205803779.09452
2020-03-13,13716725904.696453
2020-03-14,14255874618.312935
2020-03-15,13720490849.75743
2020-03-16,12563074313.382713
2020-03-17,12664474203.39367
2020-03-18,12539165943.953053
2020-03-19,13746124581.91111
2020-03-20,15145496338.197845
2020-03-21,14556294893.75029
2020-03-22,14386526165.048815
2020-03-23,14061887787.056507
2020-03-24,15142075754.10571
2020-03-25,15148569130.811962
2020-03-26,15020477734.830465
2020-03-27,15159035171.140543
2020-03-28,14264902650.539232
2020-03-29,14217622637.749851
2020-03-30,14434575190.336292
2020-03-31,14671157669.026052
2020-04-01,14587699498.498837
2020-04-02,15345862549.709555
2020-04-03,15782316446.423689
2020-04-04,15763923603.668741
2020-04-05,15894261375.535902
2020-04-06,17094121437.226936
2020-04-07,18821881787.985332
2020-04-08,18743242220.93431
2020-04-09,18867012342.278385
2020-04-10,17783684693.00537
2020-04-11,17496559084.897556
2020-04-12,17664927365.47256
2020-04-13,17054600563.552649
2020-04-14,17481055009.95977
2020-04-15,17413686890.276337
2020-04-16,18218973487.68051
2020-04-17,18917644063.93521
2020-04-18,19686937206.96825
2020-04-19,20345332554.00788
2020-04-20,19897662989.05193
2020-04-21,19123175418.743317
2020-04-22,19684868488.395374
2020-04-23,20457451444.823013
2020-04-24,20913994039.222607
2020-04-25,21443373554.62618
2020-04-26,21724183703.97415
2020-04-27,21731994674.50782
2020-04-28,21796156967.85488
2020-04-29,23047172332.643715
2020-04-30,23849209076.581905
2020-05-01,23580482459.803997
2020-05-02,23760779674.02592
2020-05-03,23710742386.85367
2020-05-04,22711218541.973183
2020-05-05,22959486301.736977
2020-05-06,23157004828.597794
2020-05-07,23004100517.072872
2020-05-08,23608755090.029434
2020-05-09,23537081458.70338
2020-05-10,20971921415.716934
2020-05-11,20811303426.432114
2020-05-12,20996890136.28772
2020-05-13,21436360723.490715
2020-05-14,22250118880.255814
2020-05-15,22098005667.625988
2020-05-16,22202613068.66093
2020-05-17,22694781994.046944
2020-05-18,23603848916.730743
2020-05-19,23601810637.35267
2020-05-20,23566696459.759296
2020-05-21,22787064306.744904
2020-05-22,22572442563.98008
2020-05-23,23098053946.16976
2020-05-24,23083861899.86773
2020-05-25,22627661065.125225
2020-05-26,22557896324.600895
2020-05-27,22856661828.554993
2020-05-28,23443002842.335175
2020-05-29,24510372116.89586
2020-05-30,25718015758.368065
2020-05-31,26344915048.32314
2020-06-01,26466557864.082264
2020-06-02,27098092679.68645
2020-06-03,26569577116.53827
2020-06-04,27005954698.560593
2020-06-05,27089892241.542408
2020-06-06,26894046124.11405
2020-06-07,26832842543.60785
2020-06-08,27112603973.40049
2020-06-09,27132263028.336964
2020-06-10,27261263908.111412
2020-06-11,26965397902.906414
2020-06-12,26276881159.29803
2020-06-13,26450334794.962868
2020-06-14,26340909982.319218
2020-06-15,25429141409.437355
2020-06-16,25990541435.109234
2020-06-17,25957194505.75968
2020-06-18,25871702294.21836
2020-06-19,25536474297.040936
2020-06-20,25511765863.22442
2020-06-21,25694523300.701027
2020-06-22,26416498681.732677
2020-06-23,27059122669.185234
2020-06-24,26809170617.396538
2020-06-25,26051812102.99524
2020-06-26,25820316775.889343
2020-06-27,25489181955.74156
2020-06-28,24988750543.015774
2020-06-29,25135484679.148647
2020-06-30,25334582318.589073
2020-07-01,25527257737.387016
2020-07-02,25599931520.01918
2020-07-03,25348339329.112408
2020-07-04,25303492581.729473
2020-07-05,25290477190.85049
2020-07-06,26118341493.75151
2020-07-07,26597735235.480946
2020-07-08,27158206652.380722
2020-07-09,27251320402.44957
2020-07-10,26763693800.633873
2020-07-11,26771917212.40408
2020-07-12,26803271736.160984
2020-07-13,27012167036.240692
2020-07-14,26764490672.098476
2020-07-15,26720074247.348175
2020-07-16,26215739500.97921
2020-07-17,26067732859.94009
2020-07-18,26209997117.678066
2020-07-19,26254054123.155136
2020-07-20,26581158221.517746
2020-07-21,27006479288.195633
2020-07-22,27444786442.46159
2020-07-23,29873923500.818977
2020-07-24,30822765575.87922
2020-07-25,32201152049.622982
2020-07-26,34355967492.610847
2020-07-27,36066702023.42215
2020-07-28,35560347966.74027
2020-07-29,35864593371.000084
2020-07-30,36082487022.979034
2020-07-31,38044339883.1596
2020-08-01,40473787106.003624
2020-08-02,42339439582.12771
2020-08-03,43289136780.59451
2020-08-04,43831157537.11528
2020-08-05,44241589520.62151
2020-08-06,44518040880.646164
2020-08-07,43610888106.091194
2020-08-08,43268763576.581215
2020-08-09,43992028521.25194
2020-08-10,44358748794.18069
2020-08-11,43478099396.01306
2020-08-12,42838704751.64277
2020-08-13,44698220257.71486
2020-08-14,48461895623.12476
2020-08-15,48959973978.41662
2020-08-16,48070876050.40668
2020-08-17,48368274840.37426
2020-08-18,48073286415.38283
2020-08-19,46288632463.31203
2020-08-20,46204511476.24828
2020-08-21,45665941747.97493
2020-08-22,43809406220.81928
2020-08-23,43938268187.61009
2020-08-24,44997899567.12824
2020-08-25,44041140114.527855
2020-08-26,43314207002.396965
2020-08-27,43135202608.16928
2020-08-28,43968631581.44587
2020-08-29,44948497901.82218
2020-08-30,46340642924.95048
2020-08-31,48335115644.1285
2020-09-01,52211003032.121284
2020-09-02,51013014847.187096
2020-09-03,47355946922.50941
2020-09-04,43778825892.02434
2020-09-05,40673561396.67658
2020-09-06,38689358853.603836
2020-09-07,38938458743.33068
2020-09-08,38557139893.986885
2020-09-09,38970717338.45273
2020-09-10,41403582369.990616
2020-09-11,41300667082.19496
2020-09-12,42204635938.509056
2020-09-13,42158158048.59937
2020-09-14,41815646575.367226
2020-09-15,41899181944.90643
2020-09-16,41102901935.032555
2020-09-17,43029579136.9146
2020-09-18,43343103780.29387
2020-09-19,43224486221.421524
2020-09-20,42449408313.497
2020-09-21,40238450596.20999
2020-09-22,38669580992.00825
2020-09-23,37980327620.28852
2020-09-24,37798062177.36881
2020-09-25,39183594634.40379
2020-09-26,39784667689.77483
2020-09-27,40057710138.145935
2020-09-28,40722704251.86789
2020-09-29,40175264448.72267
2020-09-30,40269903223.122
2020-10-01,40714936426.55166
2020-10-02,38964762149.17435
2020-10-03,39235048258.86473
2020-10-04,39382242289.08959
2020-10-05,39813614936.31564
2020-10-06,39372023550.76488
2020-10-07,38390298848.89565
2020-10-08,38831808572.59274
2020-10-09,40354135342.44862
2020-10-10,42219724547.05629
2020-10-11,42192633653.752
2020-10-12,42856952338.008995
2020-10-13,43226951940.55985
2020-10-14,42994845041.49116
2020-10-15,42617564426.01443
2020-10-16,41814988654.82907
2020-10-17,41568429484.562035
2020-10-18,42225442636.22023
2020-10-19,42725748704.02059
2020-10-20,42279480779.492455
2020-10-21,43473123833.96212
2020-10-22,45981563340.52321
2020-10-23,46686699464.77675
2020-10-24,46661097328.67455
2020-10-25,46340237497.75792
2020-10-26,45411503308.29933
2020-10-27,45232297564.310585
2020-10-28,44594882382.32762
2020-10-29,44039256451.859375
2020-10-30,43302590657.11912
2020-10-31,43811211451.03997
2020-11-01,44064566931.56974
2020-11-02,44210058178.18835
2020-11-03,43115826278.18281
2020-11-04,44103321389.70061
2020-11-05,46098392529.42156
2020-11-06,49531528681.45613
2020-11-07,51252453010.967224
2020-11-08,50444862150.66863
2020-11-09,50813202935.83112
2020-11-10,50728790471.02776
2020-11-11,52402620892.28719
2020-11-12,52071125944.35224
2020-11-13,52785899456.56762
2020-11-14,52412741311.38245
2020-11-15,51494819518.801315
2020-11-16,51606110617.22105
2020-11-17,53228936543.291
2020-11-18,54214124142.29111
2020-11-19,53837198872.28759
2020-11-20,56516920760.39918
2020-11-21,59374634705.55816
2020-11-22,62120246362.165405
2020-11-23,66601854995.34172
2020-11-24,69001209085.97295
2020-11-25,67197288816.79958
2020-11-26,59227522638.52272
2020-11-27,58466158262.99424
2020-11-28,59697019978.85077
2020-11-29,62524666004.42846
2020-11-30,67457360137.443726
2020-12-01,68547718043.93482
2020-12-02,67447830527.26051
2020-12-03,68883663727.77313
2020-12-04,67897854198.50088
2020-12-05,66793330363.97463
2020-12-06,67806924069.24395
2020-12-07,67585094837.76491
2020-12-08,65879414252.99076
2020-12-09,63698621704.0774
2020-12-10,64021081500.88804
2020-12-11,62235788296.62854
2020-12-12,63647707402.79913
2020-12-13,66100619648.53497
2020-12-14,66540438797.88281
2020-12-15,66868944006.54279
2020-12-16,68643977018.35069
2020-12-17,74078742501.34373
2020-12-18,73592937468.59428
2020-12-19,74755794460.75516
2020-12-20,73910754221.4329
2020-12-21,71109917251.10855
2020-12-22,69999465166.11044
2020-12-23,69725579650.48584
2020-12-24,66909585431.18809
2020-12-25,70354984927.44554
2020-12-26,71977176214.85149
2020-12-27,75426801474.78119
2020-12-28,82570712788.35838
2020-12-29,82060284419.48651
2020-12-30,83948829981.8346
2020-12-31,84504435889.95245
2021-01-01,84057897779.55418
2021-01-02,85572026987.77367
2021-01-03,97936434055.67754
2021-01-04,115527673104.48657
2021-01-05,120645406845.102
2021-01-06,130000398729.10616
2021-01-07,139216319758.58005
2021-01-08,137357321519.98744
2021-01-09,139991551739.21472
2021-01-10,148937557482.16223
2021-01-11,122650020427.63449
2021-01-12,124133483158.46213
2021-01-13,122045566880.6781
2021-01-14,133568778188.34897
2021-01-15,136573714267.81772
2021-01-16,139020896787.6728
2021-01-17,140049019835.17996
2021-01-18,140252396505.71548
2021-01-19,156538524904.1182
2021-01-20,152596284741.764
2021-01-21,143273125137.13785
2021-01-22,136587633597.98734
2021-01-23,142105499387.63992
2021-01-24,150935429425.63675
2021-01-25,160522176681.14862
2021-01-26,151818542244.68582
2021-01-27,146717927861.521
2021-01-28,149927386626.077
2021-01-29,155669094904.1458
2021-01-30,155619661559.8957
2021-01-31,153134404607.26337
2021-02-01,151453418825.0983
2021-02-02,164741258319.88422
2021-02-03,179835743098.36127
2021-02-04,187957433759.6253
2021-02-05,191640265930.18765
2021-02-06,193436045894.93964
2021-02-07,184181340497.18295
2021-02-08,190561667593.45743
2021-02-09,200644985743.56693
2021-02-10,202279182637.20914
2021-02-11,202027590324.60056
2021-02-12,205652261667.2985
2021-02-13,208939358918.94684
2021-02-14,209008399821.8342
2021-02-15,204074148830.6502
2021-02-16,204462685174.37686
2021-02-17,206770859784.6957
2021-02-18,219045159646.07355
2021-02-19,222074844056.33615
