Date,mining/difficulty_latest
2015-07-30,338279223318.0
2015-07-31,823192697153.0
2015-08-01,956650629556.0
2015-08-02,1102546374148.0
2015-08-03,1154731637775.0
2015-08-04,1292410800806.0
2015-08-05,1363540293481.0
2015-08-06,1444940803341.0
2015-08-07,1531935261642.0
2015-08-08,1606016380751.0
2015-08-09,1741399466631.0
2015-08-10,1948102094734.0
2015-08-11,2171897473895.0
2015-08-12,2248237602936.0
2015-08-13,2419921828013.0
2015-08-14,3177173581368.0
2015-08-15,3636757923666.0
2015-08-16,3884083612249.0
2015-08-17,4207278821566.0
2015-08-18,4329807603837.0
2015-08-19,4447080996921.0
2015-08-20,4358975163151.0
2015-08-21,4543159200971.0
2015-08-22,5127285198053.0
2015-08-23,5052173588916.0
2015-08-24,5270732444669.0
2015-08-25,5416196196676.0
2015-08-26,5821461040988.0
2015-08-27,6061793170675.0
2015-08-28,6309007190651.0
2015-08-29,6728846144873.0
2015-08-30,6969565602067.0
2015-08-31,7466284315477.0
2015-09-01,7744921922844.0
2015-09-02,9388467648838.0
2015-09-03,7073560351653.0
2015-09-04,6229957047055.0
2015-09-05,6333624444484.0
2015-09-06,6317516078127.0
2015-09-07,6215989018136.0
2015-09-08,6101115187404.0
2015-09-09,6275668103821.0
2015-09-10,6355160382386.0
2015-09-11,6817242565107.0
2015-09-12,6954324825068.0
2015-09-13,6933257412384.0
2015-09-14,6589374921913.0
2015-09-15,6265614006381.0
2015-09-16,6225329753414.0
2015-09-17,5771072493774.0
2015-09-18,5554883577537.0
2015-09-19,5789606409462.0
2015-09-20,6533964944180.0
2015-09-21,6668567418347.0
2015-09-22,6759595756571.0
2015-09-23,7055478507749.0
2015-09-24,6952113414449.0
2015-09-25,7168415486574.0
2015-09-26,7255735433571.0
2015-09-27,7059454584749.0
2015-09-28,6405284077299.0
2015-09-29,5766572950633.0
2015-09-30,5448599135063.0
2015-10-01,5922281950460.0
2015-10-02,6181529805617.0
2015-10-03,6345945017870.0
2015-10-04,6219579639704.0
2015-10-05,6428856045865.0
2015-10-06,6089175906202.0
2015-10-07,5973670381327.0
2015-10-08,6159510934256.0
2015-10-09,6255905784456.0
2015-10-10,6001003274861.0
2015-10-11,6178694969553.0
2015-10-12,6272144944853.0
2015-10-13,6354615181665.0
2015-10-14,6469817240920.0
2015-10-15,6127885182677.0
2015-10-16,5806888805954.0
2015-10-17,6046368510534.0
2015-10-18,5882682633080.0
2015-10-19,5922413457156.0
2015-10-20,5890061155249.0
2015-10-21,5996801348240.0
2015-10-22,5638480891519.0
2015-10-23,6209965033382.0
2015-10-24,6400016435480.0
2015-10-25,6484177295086.0
2015-10-26,6317914968583.0
2015-10-27,6793791413111.0
2015-10-28,6954179467569.0
2015-10-29,7198583101540.0
2015-10-30,7665556270422.0
2015-10-31,7702128773721.0
2015-11-01,7697394352697.0
2015-11-02,7419785552975.0
2015-11-03,7543104420309.0
2015-11-04,7683428365755.0
2015-11-05,7645085287936.0
2015-11-06,7829229401047.0
2015-11-07,7591307980985.0
2015-11-08,7816137603769.0
2015-11-09,7834376590330.0
2015-11-10,7802943052331.0
2015-11-11,7760282862653.0
2015-11-12,7812597894060.0
2015-11-13,8051746620579.0
2015-11-14,8042898894265.0
2015-11-15,8477308032117.0
2015-11-16,8344941438828.0
2015-11-17,8450483526511.0
2015-11-18,8743290890055.0
2015-11-19,8802339777810.0
2015-11-20,7580119726184.0
2015-11-21,7608935745293.0
2015-11-22,7468207589503.0
2015-11-23,7592327643841.0
2015-11-24,7726132886555.0
2015-11-25,7418526923454.0
2015-11-26,7242410704157.0
2015-11-27,7667223349130.0
2015-11-28,7610444708322.0
2015-11-29,7870324555962.0
2015-11-30,7888637366954.0
2015-12-01,7891566394061.0
2015-12-02,7525856198254.0
2015-12-03,7680773103616.0
2015-12-04,7989772468550.0
2015-12-05,8214376452919.0
2015-12-06,7845106957848.0
2015-12-07,7647624641214.0
2015-12-08,7211696309313.0
2015-12-09,7494323503357.0
2015-12-10,7903009272026.0
2015-12-11,8061889788712.0
2015-12-12,8199892334120.0
2015-12-13,8723247724140.0
2015-12-14,8637544590792.0
2015-12-15,8768265154123.0
2015-12-16,8518367974611.0
2015-12-17,8835087129925.0
2015-12-18,8684423263169.0
2015-12-19,8670737675440.0
2015-12-20,8636057682507.0
2015-12-21,8630936578890.0
2015-12-22,8655193872500.0
2015-12-23,8582606961631.0
2015-12-24,8746650149738.0
2015-12-25,8538861806013.0
2015-12-26,8625935362559.0
2015-12-27,8445784297364.0
2015-12-28,8755506619822.0
2015-12-29,8535097004387.0
2015-12-30,8655853479591.0
2015-12-31,8466782972844.0
2016-01-01,8359187813093.0
2016-01-02,8204538787080.0
2016-01-03,8361240176043.0
2016-01-04,8194539681122.0
2016-01-05,8515768057445.0
2016-01-06,8568980053660.0
2016-01-07,8088360544905.0
2016-01-08,8496155461196.0
2016-01-09,8478564112315.0
2016-01-10,8510737033832.0
2016-01-11,9032041128264.0
2016-01-12,8783254069357.0
2016-01-13,8566306420709.0
2016-01-14,9051169529686.0
2016-01-15,9215092639668.0
2016-01-16,9191581621469.0
2016-01-17,9043648790664.0
2016-01-18,9706028557048.0
2016-01-19,9484829036542.0
2016-01-20,9590871755528.0
2016-01-21,9712403494572.0
2016-01-22,9990309037602.0
2016-01-23,9820053112624.0
2016-01-24,10673829150215.0
2016-01-25,10194036677515.0
2016-01-26,10866035724310.0
2016-01-27,10582154731629.0
2016-01-28,10747566224048.0
2016-01-29,10905010125617.0
2016-01-30,10808399163929.0
2016-01-31,10665854699497.0
2016-02-01,10853809465133.0
2016-02-02,10325422811950.0
2016-02-03,11195728881641.0
2016-02-04,11365176391486.0
2016-02-05,11291984412211.0
2016-02-06,10879470742546.0
2016-02-07,11389113681186.0
2016-02-08,11555831770426.0
2016-02-09,11599734510731.0
2016-02-10,11920062458355.0
2016-02-11,11825999133899.0
2016-02-12,11870959401668.0
2016-02-13,12585810018227.0
2016-02-14,12652244288763.0
2016-02-15,12850142859521.0
2016-02-16,12674250410862.0
2016-02-17,12452279040255.0
2016-02-18,12186292371444.0
2016-02-19,12719915312718.0
2016-02-20,12619492665515.0
2016-02-21,13223604301783.0
2016-02-22,13695122446225.0
2016-02-23,13653638985401.0
2016-02-24,13572362760788.0
2016-02-25,13723958725525.0
2016-02-26,14493733626280.0
2016-02-27,14584470894038.0
2016-02-28,15031073578097.0
2016-02-29,14320521202740.0
2016-03-01,14737397033606.0
2016-03-02,15360115670751.0
2016-03-03,15931304389478.0
2016-03-04,16093781371468.0
2016-03-05,17171487455802.0
2016-03-06,17153070676641.0
2016-03-07,17463847706371.0
2016-03-08,17410849843455.0
2016-03-09,17683150842648.0
2016-03-10,18775256745910.0
2016-03-11,19255854116419.0
2016-03-12,19671858756523.0
2016-03-13,20948092768367.0
2016-03-14,18481253246040.0
2016-03-15,17742534216664.0
2016-03-16,18122109077330.0
2016-03-17,18922768545310.0
2016-03-18,18317664294185.0
2016-03-19,19118332703884.0
2016-03-20,19451762077814.0
2016-03-21,19183195731954.0
2016-03-22,19962159514629.0
2016-03-23,19313938405800.0
2016-03-24,20444410900077.0
2016-03-25,21005495277903.0
2016-03-26,22442762759629.0
2016-03-27,22813035310149.0
2016-03-28,22520065696335.0
2016-03-29,22492506144259.0
2016-03-30,22953522708469.0
2016-03-31,23503128272540.0
2016-04-01,24637619774037.0
2016-04-02,24106504729121.0
2016-04-03,24455972749921.0
2016-04-04,25711600260911.0
2016-04-05,26059710715142.0
2016-04-06,25913912972977.0
2016-04-07,25331165732156.0
2016-04-08,27706133402612.0
2016-04-09,26520399158286.0
2016-04-10,27664125672752.0
2016-04-11,26376649499074.0
2016-04-12,26615341237104.0
2016-04-13,26698904370237.0
2016-04-14,27740433945177.0
2016-04-15,28698213125810.0
2016-04-16,28634353416539.0
2016-04-17,29320358434882.0
2016-04-18,30362547693219.0
2016-04-19,29405002460165.0
2016-04-20,30539452606524.0
2016-04-21,30074659552686.0
2016-04-22,30197835381006.0
2016-04-23,30921984757890.0
2016-04-24,30184556615651.0
2016-04-25,31873040610285.0
2016-04-26,30644557453320.0
2016-04-27,32012267370198.0
2016-04-28,32667462530832.0
2016-04-29,33092446430869.0
2016-04-30,34401336525063.0
2016-05-01,32432433259410.0
2016-05-02,34229092701507.0
2016-05-03,35065295125416.0
2016-05-04,34260186346568.0
2016-05-05,34537171246968.0
2016-05-06,33944291108047.0
2016-05-07,33655992760662.0
2016-05-08,34697990053281.0
2016-05-09,35616128660185.0
2016-05-10,36204023794590.0
2016-05-11,34183799937063.0
2016-05-12,36167294246319.0
2016-05-13,37288679261920.0
2016-05-14,36952594428255.0
2016-05-15,37144077640852.0
2016-05-16,36363021340583.0
2016-05-17,37913214547840.0
2016-05-18,39069084425467.0
2016-05-19,39462878552522.0
2016-05-20,40152934901839.0
2016-05-21,38754146451076.0
2016-05-22,40803193119414.0
2016-05-23,40732356704929.0
2016-05-24,40841540510846.0
2016-05-25,41211740468457.0
2016-05-26,41788476400851.0
2016-05-27,43043342774845.0
2016-05-28,43690635491406.0
2016-05-29,43676717675673.0
2016-05-30,43411758669769.0
2016-05-31,41329660079004.0
2016-06-01,42217059433525.0
2016-06-02,44686670530369.0
2016-06-03,45487381622724.0
2016-06-04,44725095341350.0
2016-06-05,44212135847742.0
2016-06-06,46774225899753.0
2016-06-07,45212609794627.0
2016-06-08,46749054753038.0
2016-06-09,48767093061119.0
2016-06-10,44780035018104.0
2016-06-11,47421244465258.0
2016-06-12,48344689330853.0
2016-06-13,50012600487354.0
2016-06-14,50416542069026.0
2016-06-15,50130061650036.0
2016-06-16,49797092932634.0
2016-06-17,46454862651995.0
2016-06-18,45976914062431.0
2016-06-19,52369776733307.0
2016-06-20,49375043291004.0
2016-06-21,49411163003690.0
2016-06-22,54178350244999.0
2016-06-23,52882528407336.0
2016-06-24,53438017691285.0
2016-06-25,53059591716289.0
2016-06-26,53984665370828.0
2016-06-27,54928861417323.0
2016-06-28,56434851050353.0
2016-06-29,54978551572534.0
2016-06-30,53271701172814.0
2016-07-01,56973051221999.0
2016-07-02,56704752717376.0
2016-07-03,57636778996117.0
2016-07-04,59105305097986.0
2016-07-05,56031147960308.0
2016-07-06,58251042014222.0
2016-07-07,58148448534554.0
2016-07-08,56208186790617.0
2016-07-09,59792126060162.0
2016-07-10,60008766210732.0
2016-07-11,59613581952199.0
2016-07-12,58472615118407.0
2016-07-13,60933204604243.0
2016-07-14,59272858371388.0
2016-07-15,57629055450274.0
2016-07-16,59527432521766.0
2016-07-17,58762734951790.0
2016-07-18,62597015690200.0
2016-07-19,59829536177981.0
2016-07-20,57074660645309.0
2016-07-21,61965865490988.0
2016-07-22,59197522541000.0
2016-07-23,61628075601206.0
2016-07-24,58163430919385.0
2016-07-25,58688090610562.0
2016-07-26,50427620710509.0
2016-07-27,55342767348021.0
2016-07-28,57673533780135.0
2016-07-29,55583681726013.0
2016-07-30,54330934311272.0
2016-07-31,54556940151047.0
2016-08-01,53098935163186.0
2016-08-02,49406809365166.0
2016-08-03,47849512664504.0
2016-08-04,53082729638927.0
2016-08-05,54276467941728.0
2016-08-06,52107208485682.0
2016-08-07,54196013241204.0
2016-08-08,55173955489205.0
2016-08-09,58574357679877.0
2016-08-10,59310243489295.0
2016-08-11,60705314409608.0
2016-08-12,59400968512976.0
2016-08-13,60084409774050.0
2016-08-14,60127979002046.0
2016-08-15,62171199139769.0
2016-08-16,62395802089395.0
2016-08-17,61834072039043.0
2016-08-18,64000079263338.0
2016-08-19,61593779789891.0
2016-08-20,62091117338207.0
2016-08-21,63424331230475.0
2016-08-22,65932557452171.0
2016-08-23,64993180230074.0
2016-08-24,66551621235109.0
2016-08-25,68880955087363.0
2016-08-26,68564050321566.0
2016-08-27,70789516246918.0
2016-08-28,69167731787734.0
2016-08-29,67153074303992.0
2016-08-30,68527992379601.0
2016-08-31,70719833525182.0
2016-09-01,69467106720300.0
2016-09-02,71935759534024.0
2016-09-03,67426219543708.0
2016-09-04,66622515207500.0
2016-09-05,68023142250638.0
2016-09-06,67217171601455.0
2016-09-07,69945878610630.0
2016-09-08,69222583348344.0
2016-09-09,69652348269805.0
2016-09-10,68792067386395.0
2016-09-11,71482860292824.0
2016-09-12,72632108959829.0
2016-09-13,70344823788119.0
2016-09-14,73201429423905.0
2016-09-15,72154306972798.0
2016-09-16,74070321336291.0
2016-09-17,74926904393875.0
2016-09-18,55246832077010.0
2016-09-19,71421599643421.0
2016-09-20,77284852735216.0
2016-09-21,79646591477420.0
2016-09-22,65876343087633.0
2016-09-23,76380505725174.0
2016-09-24,69544667323732.0
2016-09-25,82913363652187.0
2016-09-26,75156638036336.0
2016-09-27,77771655670148.0
2016-09-28,80739913808156.0
2016-09-29,85592183024758.0
2016-09-30,82298037946701.0
2016-10-01,71923790394169.0
2016-10-02,76415785201053.0
2016-10-03,85444995944236.0
2016-10-04,88321380625524.0
2016-10-05,79324712393958.0
2016-10-06,75608477866300.0
2016-10-07,69628340355829.0
2016-10-08,82183699161812.0
2016-10-09,87196692165062.0
2016-10-10,88925934969371.0
2016-10-11,89063636831369.0
2016-10-12,83347021625138.0
2016-10-13,90445265078874.0
2016-10-14,93228194400435.0
2016-10-15,93685232575591.0
2016-10-16,95076468790796.0
2016-10-17,91257575094134.0
2016-10-18,99258373693468.0
2016-10-19,83058101931683.0
2016-10-20,100888910584371.0
2016-10-21,104291755522798.0
2016-10-22,104384079250475.0
2016-10-23,101861360743103.0
2016-10-24,105196447903994.0
2016-10-25,102675224571807.0
2016-10-26,106422921833743.0
2016-10-27,104380155098574.0
2016-10-28,98168075027024.0
2016-10-29,77399976162988.0
2016-10-30,78688759203825.0
2016-10-31,80031848526700.0
2016-11-01,68471293459970.0
2016-11-02,63941100215461.0
2016-11-03,59976278986233.0
2016-11-04,53891926424431.0
2016-11-05,52933253032609.0
2016-11-06,53802498132632.0
2016-11-07,64749012857956.0
2016-11-08,70388329476402.0
2016-11-09,64303926493884.0
2016-11-10,61181017027251.0
2016-11-11,59172624620536.0
2016-11-12,61403838085464.0
2016-11-13,69030465587080.0
2016-11-14,70025867908917.0
2016-11-15,68242326531506.0
2016-11-16,68790331935191.0
2016-11-17,60595689856952.0
2016-11-18,71143332818600.0
2016-11-19,75928753198475.0
2016-11-20,83318831954789.0
2016-11-21,85413566914734.0
2016-11-22,77464426136997.0
2016-11-23,70333899231361.0
2016-11-24,64519036488244.0
2016-11-25,69108106175022.0
2016-11-26,67368344872798.0
2016-11-27,66484162625392.0
2016-11-28,69803405718871.0
2016-11-29,69784995471110.0
2016-11-30,70276539562528.0
2016-12-01,70316867202213.0
2016-12-02,72448398965839.0
2016-12-03,77769822172102.0
2016-12-04,75479406896244.0
2016-12-05,72056798201513.0
2016-12-06,74062618085925.0
2016-12-07,75338587659855.0
2016-12-08,79375517057798.0
2016-12-09,80450986279124.0
2016-12-10,81495958494015.0
2016-12-11,83483697813584.0
2016-12-12,80969886125147.0
2016-12-13,81779984944042.0
2016-12-14,83294827556374.0
2016-12-15,81816796959429.0
2016-12-16,83636973159038.0
2016-12-17,87620770313559.0
2016-12-18,90578209018358.0
2016-12-19,89377168942679.0
2016-12-20,89222229524611.0
2016-12-21,90079937761665.0
2016-12-22,83655712138978.0
2016-12-23,77569283351239.0
2016-12-24,76965346250030.0
2016-12-25,81290854512307.0
2016-12-26,80874075384296.0
2016-12-27,79250017896011.0
2016-12-28,78202487835370.0
2016-12-29,80041757932507.0
2016-12-30,80724168878092.0
2016-12-31,78952619252351.0
2017-01-01,81746882806640.0
2017-01-02,82786922702292.0
2017-01-03,81975314581866.0
2017-01-04,88322205309950.0
2017-01-05,91080219209156.0
2017-01-06,89418233830634.0
2017-01-07,94365671817485.0
2017-01-08,95895023937257.0
2017-01-09,98815893669597.0
2017-01-10,98241956120785.0
2017-01-11,98625649273081.0
2017-01-12,98475446248963.0
2017-01-13,102494036155764.0
2017-01-14,103831859099051.0
2017-01-15,105710040235252.0
2017-01-16,105561003942430.0
2017-01-17,102114900871802.0
2017-01-18,103312274843086.0
2017-01-19,112083108477511.0
2017-01-20,106260810626877.0
2017-01-21,107245179286637.0
2017-01-22,110920258405231.0
2017-01-23,110828540545322.0
2017-01-24,111075464555518.0
2017-01-25,109000153729333.0
2017-01-26,113136736287457.0
2017-01-27,109310150839670.0
2017-01-28,113782190720821.0
2017-01-29,108718410381142.0
2017-01-30,111595998040781.0
2017-01-31,111722797665505.0
2017-02-01,112846421206588.0
2017-02-02,115278900697180.0
2017-02-03,112767616863117.0
2017-02-04,114910747842092.0
2017-02-05,119954579641384.0
2017-02-06,122684206259612.0
2017-02-07,119984127821848.0
2017-02-08,123238073152970.0
2017-02-09,124080492777023.0
2017-02-10,124118686469234.0
2017-02-11,125610751000839.0
2017-02-12,126285289083994.0
2017-02-13,131103400013402.0
2017-02-14,128645147458839.0
2017-02-15,134297189098529.0
2017-02-16,134384187416062.0
2017-02-17,133818973532094.0
2017-02-18,138074550912396.0
2017-02-19,140023791566524.0
2017-02-20,138651166248774.0
2017-02-21,143626143791568.0
2017-02-22,139792679560599.0
2017-02-23,141503517567146.0
2017-02-24,139004160760978.0
2017-02-25,143013160739808.0
2017-02-26,151589813138734.0
2017-02-27,149872430595100.0
2017-02-28,160568962971536.0
2017-03-01,152184952411664.0
2017-03-02,159299149778731.0
2017-03-03,159200805240682.0
2017-03-04,158519987784301.0
2017-03-05,166112805183250.0
2017-03-06,168868317304878.0
2017-03-07,169185179096956.0
2017-03-08,176314980348703.0
2017-03-09,173598806636865.0
2017-03-10,172730665441819.0
2017-03-11,179347990449453.0
2017-03-12,173633970826157.0
2017-03-13,183016737974130.0
2017-03-14,183192925392994.0
2017-03-15,187100980492833.0
2017-03-16,188289907106227.0
2017-03-17,196400260130567.0
2017-03-18,195025641210081.0
2017-03-19,190267169195061.0
2017-03-20,205851673348663.0
2017-03-21,201229137762495.0
2017-03-22,207449492388660.0
2017-03-23,209679797040055.0
2017-03-24,211808026567752.0
2017-03-25,216578445943087.0
2017-03-26,228663686185273.0
2017-03-27,234902153851959.0
2017-03-28,229721750948805.0
2017-03-29,240075472873350.0
2017-03-30,235717132318639.0
2017-03-31,243330426834941.0
2017-04-01,243469983079870.0
2017-04-02,231479045856700.0
2017-04-03,242585313262802.0
2017-04-04,242830448402895.0
2017-04-05,253356954000681.0
2017-04-06,246055765417459.0
2017-04-07,246166616868535.0
2017-04-08,256734201392750.0
2017-04-09,255351733753819.0
2017-04-10,253234536973505.0
2017-04-11,262724542381025.0
2017-04-12,258238187475442.0
2017-04-13,258809621280379.0
2017-04-14,282342678822931.0
2017-04-15,269371033433613.0
2017-04-16,274529683922936.0
2017-04-17,281244914710104.0
2017-04-18,294180063992385.0
2017-04-19,277524262565510.0
2017-04-20,289165353318163.0
2017-04-21,303326583424789.0
2017-04-22,296931170248074.0
2017-04-23,307533701923827.0
2017-04-24,287929443995153.0
2017-04-25,307539577745486.0
2017-04-26,316244880599341.0
2017-04-27,323132140395818.0
2017-04-28,338514206757093.0
2017-04-29,337994835533282.0
2017-04-30,339577721291962.0
2017-05-01,339863616372537.0
2017-05-02,336075421517547.0
2017-05-03,341296999760725.0
2017-05-04,340484587738891.0
2017-05-05,344683892043582.0
2017-05-06,353757836106874.0
2017-05-07,366996751115631.0
2017-05-08,369901172291790.0
2017-05-09,370811201647106.0
2017-05-10,363228206046502.0
2017-05-11,374150963914434.0
2017-05-12,383745157741624.0
2017-05-13,404204926054545.0
2017-05-14,405882409531933.0
2017-05-15,411292281836157.0
2017-05-16,427457478381439.0
2017-05-17,404770541305590.0
2017-05-18,424562997062955.0
2017-05-19,428817275287453.0
2017-05-20,458352819099297.0
2017-05-21,456109491555078.0
2017-05-22,460134948185338.0
2017-05-23,457651514758227.0
2017-05-24,454989689722954.0
2017-05-25,460183719282937.0
2017-05-26,475704749046373.0
2017-05-27,469420446187234.0
2017-05-28,468016369575610.0
2017-05-29,506428137628108.0
2017-05-30,533263418868295.0
2017-05-31,522127165573343.0
2017-06-01,588681798151904.0
2017-06-02,560267415163391.0
2017-06-03,591686954759853.0
2017-06-04,583989073976729.0
2017-06-05,623653205278029.0
2017-06-06,633977499608096.0
2017-06-07,644336932578347.0
2017-06-08,646613886489322.0
2017-06-09,649693599386205.0
2017-06-10,693474023731009.0
2017-06-11,689535419251363.0
2017-06-12,695979759645832.0
2017-06-13,710148860998376.0
2017-06-14,720168320393768.0
2017-06-15,734163895968140.0
2017-06-16,752736872045013.0
2017-06-17,737864670865582.0
2017-06-18,747161080376174.0
2017-06-19,792962135893472.0
2017-06-20,866559339110055.0
2017-06-21,860257533027062.0
2017-06-22,900264757920511.0
2017-06-23,881256003938445.0
2017-06-24,898733236466818.0
2017-06-25,894228934824940.0
2017-06-26,912455224887410.0
2017-06-27,951564080557307.0
2017-06-28,946822022986346.0
2017-06-29,977747710071307.0
2017-06-30,1009970200264730.0
2017-07-01,1004244781520860.0
2017-07-02,1001949026504100.0
2017-07-03,1011199394853050.0
2017-07-04,1041681418723740.0
2017-07-05,1010151099876690.0
2017-07-06,1016819059139480.0
2017-07-07,1043886619547130.0
2017-07-08,1069019246922190.0
2017-07-09,1151896727491870.0
2017-07-10,1230782234437900.0
2017-07-11,1216488535412900.0
2017-07-12,1210731325557550.0
2017-07-13,1195871626570630.0
2017-07-14,1195275572044580.0
2017-07-15,1270463814233340.0
2017-07-16,1260434344879560.0
2017-07-17,1186729869184060.0
2017-07-18,1202245724479850.0
2017-07-19,1294549124121900.0
2017-07-20,1333004133077000.0
2017-07-21,1260695762161880.0
2017-07-22,1326332673670450.0
2017-07-23,1351710947339660.0
2017-07-24,1302493038830710.0
2017-07-25,1348393924545310.0
2017-07-26,1343756879309310.0
2017-07-27,1330196896479800.0
2017-07-28,1335418366796860.0
2017-07-29,1351561247553120.0
2017-07-30,1372243545079420.0
2017-07-31,1581114675129900.0
2017-08-01,1643776170080640.0
2017-08-02,1645027670711620.0
2017-08-03,1587655443991520.0
2017-08-04,1594341312411700.0
2017-08-05,1604987499806800.0
2017-08-06,1586803147064640.0
2017-08-07,1617484781316950.0
2017-08-08,1659994650342480.0
2017-08-09,1698393433866850.0
2017-08-10,1620787758452330.0
2017-08-11,1680240052639540.0
2017-08-12,1668266048597980.0
2017-08-13,1737148279560490.0
2017-08-14,1722390224795880.0
2017-08-15,1706504441105430.0
2017-08-16,1770393300098020.0
2017-08-17,1786786932093130.0
2017-08-18,1737829739166060.0
2017-08-19,1810352095914420.0
2017-08-20,1748396035303190.0
2017-08-21,1855811835442690.0
2017-08-22,1847190971530170.0
2017-08-23,1851622552247060.0
2017-08-24,2034465433649780.0
2017-08-25,2233332489332300.0
2017-08-26,2180516637312700.0
2017-08-27,2214687215300710.0
2017-08-28,2161446718606280.0
2017-08-29,2256143279961960.0
2017-08-30,2301562423725560.0
2017-08-31,2185324343910200.0
2017-09-01,2208723445059810.0
2017-09-02,2266552881652110.0
2017-09-03,2244167968124000.0
2017-09-04,2211465685251720.0
2017-09-05,2308486055401950.0
2017-09-06,2298480686416160.0
2017-09-07,2332557213709620.0
2017-09-08,2352250386358140.0
2017-09-09,2326061187940750.0
2017-09-10,2369534195433260.0
2017-09-11,2370104267126490.0
2017-09-12,2389876293205780.0
2017-09-13,2302765504215710.0
2017-09-14,2361411320156410.0
2017-09-15,2400338679961340.0
2017-09-16,2422033720200470.0
2017-09-17,2463884956070810.0
2017-09-18,2375546989299800.0
2017-09-19,2423950980872860.0
2017-09-20,2383922642048920.0
2017-09-21,2565635142264680.0
2017-09-22,3006208517839210.0
2017-09-23,2884338033421340.0
2017-09-24,3029200859192720.0
2017-09-25,2801521840055050.0
2017-09-26,2897192463014700.0
2017-09-27,2940185517057750.0
2017-09-28,2852162859823570.0
2017-09-29,2796284286558660.0
2017-09-30,2880520680224100.0
2017-10-01,2888282313764220.0
2017-10-02,2807953055709680.0
2017-10-03,2890787283174450.0
2017-10-04,2929610328294940.0
2017-10-05,3038160707814940.0
2017-10-06,2898977312529890.0
2017-10-07,2919207485054150.0
2017-10-08,2898814463360090.0
2017-10-09,2850382238163490.0
2017-10-10,3046670309806920.0
2017-10-11,3026357518964180.0
2017-10-12,3097686879066690.0
2017-10-13,2930820541664300.0
2017-10-14,2912632475632080.0
2017-10-15,3005035136510620.0
2017-10-16,1503063021974290.0
2017-10-17,1430529853975080.0
2017-10-18,1442385809721940.0
2017-10-19,1486591635500200.0
2017-10-20,1490809410291090.0
2017-10-21,1446900360962690.0
2017-10-22,1449706698217360.0
2017-10-23,1484856213137570.0
2017-10-24,1520757706203990.0
2017-10-25,1486814421033490.0
2017-10-26,1428360709554100.0
2017-10-27,1459977757663690.0
2017-10-28,1487215784345120.0
2017-10-29,1484235268242050.0
2017-10-30,1404385891646710.0
2017-10-31,1510356619031470.0
2017-11-01,1471793434895090.0
2017-11-02,1435519857150140.0
2017-11-03,1438270807760620.0
2017-11-04,1376921213992520.0
2017-11-05,1456409732641890.0
2017-11-06,1430307957285040.0
2017-11-07,1449233472133320.0
2017-11-08,1415552458986120.0
2017-11-09,1417431846269560.0
2017-11-10,1484002291205890.0
2017-11-11,1481660504933530.0
2017-11-12,1460749622517520.0
2017-11-13,1487277721726780.0
2017-11-14,1411423284316850.0
2017-11-15,1437775012143500.0
2017-11-16,1395497279943210.0
2017-11-17,1389927755405880.0
2017-11-18,1396610550418900.0
2017-11-19,1444446724804130.0
2017-11-20,1457032588477610.0
2017-11-21,1456207217681960.0
2017-11-22,1520862847718340.0
2017-11-23,1528223944995710.0
2017-11-24,1567424372001750.0
2017-11-25,1555857371051200.0
2017-11-26,1569450531475090.0
2017-11-27,1517434346884610.0
2017-11-28,1498894754159790.0
2017-11-29,1531371345470620.0
2017-11-30,1540233426537380.0
2017-12-01,1583567996897430.0
2017-12-02,1533163044721880.0
2017-12-03,1545105968171910.0
2017-12-04,1495442891407530.0
2017-12-05,1499209990193540.0
2017-12-06,1451665408691520.0
2017-12-07,1572809701148170.0
2017-12-08,1566742588444230.0
2017-12-09,1602385448137990.0
2017-12-10,1583810894410760.0
2017-12-11,1563140086681010.0
2017-12-12,1599561244238370.0
2017-12-13,1616945832881430.0
2017-12-14,1673213797330130.0
2017-12-15,1790728025757900.0
2017-12-16,1764722821639460.0
2017-12-17,1739015565137660.0
2017-12-18,1746670586395920.0
2017-12-19,1749291895788620.0
2017-12-20,1744329025415410.0
2017-12-21,1700742712213150.0
2017-12-22,1695693587532810.0
2017-12-23,1849586783145730.0
2017-12-24,1861249939703170.0
2017-12-25,1851221403867720.0
2017-12-26,1854677670501710.0
2017-12-27,1892119752708250.0
2017-12-28,1887582175867850.0
2017-12-29,1889525212447820.0
2017-12-30,1881344697792310.0
2017-12-31,1895125500880390.0
2018-01-01,1919286137243290.0
2018-01-02,1952335668674460.0
2018-01-03,1903558744072510.0
2018-01-04,1949106382485350.0
2018-01-05,1945720560840680.0
2018-01-06,1915817065900530.0
2018-01-07,2062788009049760.0
2018-01-08,2016243120462440.0
2018-01-09,1968059818872220.0
2018-01-10,2041988068307180.0
2018-01-11,2123562013292740.0
2018-01-12,2174280658137740.0
2018-01-13,2049819512037080.0
2018-01-14,2250701011409380.0
2018-01-15,2150118867521740.0
2018-01-16,2212100579593020.0
2018-01-17,2309422385528380.0
2018-01-18,2278298035153480.0
2018-01-19,2290743939388050.0
2018-01-20,2439711086906610.0
2018-01-21,2369358617835460.0
2018-01-22,2409049164086390.0
2018-01-23,2430295058379240.0
2018-01-24,2534715874971030.0
2018-01-25,2452965547931480.0
2018-01-26,2466205989820850.0
2018-01-27,2458876272587130.0
2018-01-28,2552886824255780.0
2018-01-29,2649263064742210.0
2018-01-30,2593936558662780.0
2018-01-31,2644974875101460.0
2018-02-01,2683914918690180.0
2018-02-02,2761088279390320.0
2018-02-03,2744807698189940.0
2018-02-04,2694309590052880.0
2018-02-05,2844538131323750.0
2018-02-06,2854232006727770.0
2018-02-07,2846907086162680.0
2018-02-08,2824811038971220.0
2018-02-09,2789011810415280.0
2018-02-10,3005403315923080.0
2018-02-11,2890153460245610.0
2018-02-12,2977321079989650.0
2018-02-13,3016599467512500.0
2018-02-14,2836541360202030.0
2018-02-15,2939332786401730.0
2018-02-16,2931779766069500.0
2018-02-17,3030779458634650.0
2018-02-18,3017428250737050.0
2018-02-19,2974986082614460.0
2018-02-20,2913115952388420.0
2018-02-21,3032257151129900.0
2018-02-22,2969104331382500.0
2018-02-23,3107111819281180.0
2018-02-24,3113108253769920.0
2018-02-25,3075185341679660.0
2018-02-26,3028751546533150.0
2018-02-27,2955642429665380.0
2018-02-28,3067410641169660.0
2018-03-01,3073444934579050.0
2018-03-02,3200806297413280.0
2018-03-03,3237009048289440.0
2018-03-04,3129611804964430.0
2018-03-05,3078011834105690.0
2018-03-06,3148136949332840.0
2018-03-07,3265630221549410.0
2018-03-08,3161953013948360.0
2018-03-09,3180659020348230.0
2018-03-10,3185315044261310.0
2018-03-11,3256189588766880.0
2018-03-12,3187065701565260.0
2018-03-13,3146882955484320.0
2018-03-14,3120938324958370.0
2018-03-15,3202601644701180.0
2018-03-16,3318710506583070.0
2018-03-17,3331514689743840.0
2018-03-18,3306891189248520.0
2018-03-19,3252109612513300.0
2018-03-20,3275884009167810.0
2018-03-21,3201431286495350.0
2018-03-22,3283589739443870.0
2018-03-23,3207164825752720.0
2018-03-24,3297512223377340.0
2018-03-25,3297255188199430.0
2018-03-26,3364039175650860.0
2018-03-27,3301721263741600.0
2018-03-28,3276116639836010.0
2018-03-29,3204889352142150.0
2018-03-30,3239377086382440.0
2018-03-31,3259762788992800.0
2018-04-01,3143965030442330.0
2018-04-02,3176107286763070.0
2018-04-03,3129883721285950.0
2018-04-04,3117427415187920.0
2018-04-05,3230403337578560.0
2018-04-06,3274954427362400.0
2018-04-07,3201821798379110.0
2018-04-08,3156539094568610.0
2018-04-09,3078857828439360.0
2018-04-10,3167025329039840.0
2018-04-11,3116298733893290.0
2018-04-12,3001179296416890.0
2018-04-13,3116258491924050.0
2018-04-14,3087274892997810.0
2018-04-15,3108435357335160.0
2018-04-16,3216678915319110.0
2018-04-17,3163942556669300.0
2018-04-18,3080163121307490.0
2018-04-19,3182783381983870.0
2018-04-20,3050446923213520.0
2018-04-21,3179889471353390.0
2018-04-22,3200206543101990.0
2018-04-23,3215903209010130.0
2018-04-24,3098820533649630.0
2018-04-25,3117212789895090.0
2018-04-26,3334652769246620.0
2018-04-27,3211704830340930.0
2018-04-28,3045379341411890.0
2018-04-29,3240533766128740.0
2018-04-30,3215480163881130.0
2018-05-01,3034117203463630.0
2018-05-02,3195505578085160.0
2018-05-03,3258630648157250.0
2018-05-04,3212984695145780.0
2018-05-05,3315502134615280.0
2018-05-06,3323831670926930.0
2018-05-07,3421072220315600.0
2018-05-08,3264534260387320.0
2018-05-09,3290380585881930.0
2018-05-10,3265068919211130.0
2018-05-11,3323065187944370.0
2018-05-12,3440559445898660.0
2018-05-13,3384045233363140.0
2018-05-14,3286476398313860.0
2018-05-15,3372923320500000.0
2018-05-16,3311339475300480.0
2018-05-17,3335975532197340.0
2018-05-18,3300676806448940.0
2018-05-19,3294623205571050.0
2018-05-20,3288556617316140.0
2018-05-21,3376682935531450.0
2018-05-22,3271774302659920.0
2018-05-23,3386271710458270.0
2018-05-24,3130440296523940.0
2018-05-25,3172282586596140.0
2018-05-26,3307211074407830.0
2018-05-27,3185546128986870.0
2018-05-28,3236040881401860.0
2018-05-29,3207972077392650.0
2018-05-30,3206926780131520.0
2018-05-31,3272268693626140.0
2018-06-01,3182923966327530.0
2018-06-02,3206864118514180.0
2018-06-03,3146700845182810.0
2018-06-04,3286743245812330.0
2018-06-05,3130472421416910.0
2018-06-06,3100396672304310.0
2018-06-07,3144920590135040.0
2018-06-08,3278628152606990.0
2018-06-09,3343484878659440.0
2018-06-10,3208042351707280.0
2018-06-11,3355958453145470.0
2018-06-12,3361050440763380.0
2018-06-13,3359655565599950.0
2018-06-14,3261445432561330.0
2018-06-15,3282508276993200.0
2018-06-16,3324661248172340.0
2018-06-17,3336551002395440.0
2018-06-18,3471508011313410.0
2018-06-19,3413076746920620.0
2018-06-20,3445490697797670.0
2018-06-21,3432386843360510.0
2018-06-22,3476644609760090.0
2018-06-23,3510842489703210.0
2018-06-24,3434934179184800.0
2018-06-25,3405382297981500.0
2018-06-26,3478092868613640.0
2018-06-27,3548842483802710.0
2018-06-28,3425098291492950.0
2018-06-29,3352818323387540.0
2018-06-30,3498777972256250.0
2018-07-01,3343862156986760.0
2018-07-02,3458731838803780.0
2018-07-03,3450601796094110.0
2018-07-04,3507140501473130.0
2018-07-05,3504456550679430.0
2018-07-06,3503554391121650.0
2018-07-07,3550753708334220.0
2018-07-08,3496493329015490.0
2018-07-09,3571593808031170.0
2018-07-10,3413712523691700.0
2018-07-11,3437823475281110.0
2018-07-12,3516775059429100.0
2018-07-13,3372742819766050.0
2018-07-14,3386453756060660.0
2018-07-15,3482749867896600.0
2018-07-16,3403032623744750.0
2018-07-17,3603791969140290.0
2018-07-18,3519295521310930.0
2018-07-19,3388504335276820.0
2018-07-20,3232335995071790.0
2018-07-21,3276860407309790.0
2018-07-22,3546793624636830.0
2018-07-23,3483181623003910.0
2018-07-24,3457523603027520.0
2018-07-25,3597144187163640.0
2018-07-26,3535898851971520.0
2018-07-27,3578867040653910.0
2018-07-28,3523164922840430.0
2018-07-29,3540316039122820.0
2018-07-30,3504204900443270.0
2018-07-31,3615414508625320.0
2018-08-01,3547263388096260.0
2018-08-02,3512465918027210.0
2018-08-03,3473177671580820.0
2018-08-04,3581496049038940.0
2018-08-05,3619848510878120.0
2018-08-06,3565353096532360.0
2018-08-07,3528841033895000.0
2018-08-08,3630131991107860.0
2018-08-09,3651150037548560.0
2018-08-10,3526250256665240.0
2018-08-11,3634353541072400.0
2018-08-12,3541201868852940.0
2018-08-13,3537635835027290.0
2018-08-14,3532270670576270.0
2018-08-15,3521860939546600.0
2018-08-16,3489230811582180.0
2018-08-17,3497379094606980.0
2018-08-18,3421046149024270.0
2018-08-19,3529495121253430.0
2018-08-20,3495146975348020.0
2018-08-21,3565641772721940.0
2018-08-22,3520215830505980.0
2018-08-23,3424462215759600.0
2018-08-24,3527770800143540.0
2018-08-25,3554888459634680.0
2018-08-26,3533542793890050.0
2018-08-27,3565872353301600.0
2018-08-28,3574055375878990.0
2018-08-29,3448318151283420.0
2018-08-30,3427815944722110.0
2018-08-31,3447619579303580.0
2018-09-01,3382193866962700.0
2018-09-02,3480836770352900.0
2018-09-03,3330893742830500.0
2018-09-04,3392905033652560.0
2018-09-05,3353020276809390.0
2018-09-06,3457524384289440.0
2018-09-07,3331231669840860.0
2018-09-08,3344050620521920.0
2018-09-09,3253849545130260.0
2018-09-10,3239568233010430.0
2018-09-11,3137152983334400.0
2018-09-12,3108908247744220.0
2018-09-13,3071910365395510.0
2018-09-14,3075428392453060.0
2018-09-15,3072973123974710.0
2018-09-16,3175992631090050.0
2018-09-17,3212609673948920.0
2018-09-18,3050801303991540.0
2018-09-19,3177729383038810.0
2018-09-20,3151810477526450.0
2018-09-21,3341440984346040.0
2018-09-22,3308547732453860.0
2018-09-23,3238732856601370.0
2018-09-24,3193258485946130.0
2018-09-25,3136467706342830.0
2018-09-26,3274026685867440.0
2018-09-27,3292188083269830.0
2018-09-28,3284702528671880.0
2018-09-29,3209203534861900.0
2018-09-30,3308644310234480.0
2018-10-01,3216749406477540.0
2018-10-02,3344550676496260.0
2018-10-03,3296623159441600.0
2018-10-04,3320089904238440.0
2018-10-05,3202655454148680.0
2018-10-06,3239955044675080.0
2018-10-07,3322753253079020.0
2018-10-08,3292525384387740.0
2018-10-09,3277159624382240.0
2018-10-10,3212879851247700.0
2018-10-11,3220042300943800.0
2018-10-12,3173197038891520.0
2018-10-13,3210501881948310.0
2018-10-14,3282840880250140.0
2018-10-15,3225939021564980.0
2018-10-16,3221925491597150.0
2018-10-17,3209087178491090.0
2018-10-18,3237885417522380.0
2018-10-19,3164650162559960.0
2018-10-20,3185129993027970.0
2018-10-21,3161036029991040.0
2018-10-22,3049057227455170.0
2018-10-23,3187686279379820.0
2018-10-24,3180000244606580.0
2018-10-25,3078319869517270.0
2018-10-26,3123831735773850.0
2018-10-27,3071146480027130.0
2018-10-28,3095539896300770.0
2018-10-29,3163166147139490.0
2018-10-30,3032145113303230.0
2018-10-31,3135267086284940.0
2018-11-01,3087673051747880.0
2018-11-02,3066653909171710.0
2018-11-03,2989203346742280.0
2018-11-04,3013667560910940.0
2018-11-05,3075258893451910.0
2018-11-06,3006491725345210.0
2018-11-07,3130687837758170.0
2018-11-08,3044253651300620.0
2018-11-09,2977148401586860.0
2018-11-10,3036735690479160.0
2018-11-11,3031823773735050.0
2018-11-12,3073774146691340.0
2018-11-13,3077551741860760.0
2018-11-14,3105910406619960.0
2018-11-15,3028348940106070.0
2018-11-16,3159395432431970.0
2018-11-17,2999266005926600.0
2018-11-18,3076012211076320.0
2018-11-19,2982494150284020.0
2018-11-20,2799014506642830.0
2018-11-21,2871683872088710.0
2018-11-22,2749086559578320.0
2018-11-23,2787805736366900.0
2018-11-24,2743244671914490.0
2018-11-25,2669176263939970.0
2018-11-26,2661920171171740.0
2018-11-27,2436311797232650.0
2018-11-28,2404124860390590.0
2018-11-29,2428906025843560.0
2018-11-30,2459673314327850.0
2018-12-01,2482745507351480.0
2018-12-02,2462922239233060.0
2018-12-03,2503485299672130.0
2018-12-04,2448244853065000.0
2018-12-05,2432367600301700.0
2018-12-06,2466425792939380.0
2018-12-07,2356718629189980.0
2018-12-08,2293066734990660.0
2018-12-09,2262701200834160.0
2018-12-10,2452844600107050.0
2018-12-11,2295196117142340.0
2018-12-12,2213282133120640.0
2018-12-13,2267275765463760.0
2018-12-14,2179953119783760.0
2018-12-15,2248143191999870.0
2018-12-16,2227636935577850.0
2018-12-17,2273272732436340.0
2018-12-18,2259818116209030.0
2018-12-19,2270926972775230.0
2018-12-20,2261752945558770.0
2018-12-21,2230756110238780.0
2018-12-22,2317833679519990.0
2018-12-23,2320269462400100.0
2018-12-24,2403754797806850.0
2018-12-25,2467588416297150.0
2018-12-26,2581096063214080.0
2018-12-27,2535587351586590.0
2018-12-28,2493646303304050.0
2018-12-29,2570138977770970.0
2018-12-30,2481758666341220.0
2018-12-31,2514132203962780.0
2019-01-01,2363403937324020.0
2019-01-02,2541982182057760.0
2019-01-03,2584781334503140.0
2019-01-04,2593680172248720.0
2019-01-05,2754229374612560.0
2019-01-06,2652642940283460.0
2019-01-07,2703870050787720.0
2019-01-08,2688306158387800.0
2019-01-09,2743232063654690.0
2019-01-10,2742821931604600.0
2019-01-11,2669485272532760.0
2019-01-12,2540777736972260.0
2019-01-13,2626567156795610.0
2019-01-14,2696817713585640.0
2019-01-15,2733117650612870.0
2019-01-16,2607226518142750.0
2019-01-17,2533826224454650.0
2019-01-18,2554530524131420.0
2019-01-19,2650391951070100.0
2019-01-20,2889270715867780.0
2019-01-21,2911056646919940.0
2019-01-22,2895554966539990.0
2019-01-23,2765562307773200.0
2019-01-24,2808919347826140.0
2019-01-25,2827433802522200.0
2019-01-26,2764228839278480.0
2019-01-27,2719266363662180.0
2019-01-28,2457113268548090.0
2019-01-29,2399043908622410.0
2019-01-30,2464279664774220.0
2019-01-31,2505854991736120.0
2019-02-01,2362519333505800.0
2019-02-02,2450623035563590.0
2019-02-03,2363173083456050.0
2019-02-04,2355368106677600.0
2019-02-05,2356070994976940.0
2019-02-06,2335671878611980.0
2019-02-07,2373375383323910.0
2019-02-08,2408160293773690.0
2019-02-09,2513647486914540.0
2019-02-10,2820123141723500.0
2019-02-11,2802124955144340.0
2019-02-12,2904770032997940.0
2019-02-13,2807593643055890.0
2019-02-14,2784450501474590.0
2019-02-15,2773307289012580.0
2019-02-16,2888352345084420.0
2019-02-17,2721698321570470.0
2019-02-18,2792318334162100.0
2019-02-19,2932295637004330.0
2019-02-20,2945580028009760.0
2019-02-21,2905400270539530.0
2019-02-22,2906913197560000.0
2019-02-23,3090762309870610.0
2019-02-24,2989970170173370.0
2019-02-25,2937390306288370.0
2019-02-26,2963002704116110.0
2019-02-27,3041057802131290.0
2019-02-28,2458995565886870.0
2019-03-01,1920358069751300.0
2019-03-02,1937148037651460.0
2019-03-03,1910632957888610.0
2019-03-04,1892906482401550.0
2019-03-05,1972133186158840.0
2019-03-06,1907576519802140.0
2019-03-07,1918670719737230.0
2019-03-08,1911062956363400.0
2019-03-09,1842297778474990.0
2019-03-10,1944604791135980.0
2019-03-11,1860880782241880.0
2019-03-12,1857067406907020.0
2019-03-13,1880746223119050.0
2019-03-14,1847700267983050.0
2019-03-15,1822434609426600.0
2019-03-16,1934127227637260.0
2019-03-17,1899281665522460.0
2019-03-18,1838045089478270.0
2019-03-19,1833466337918510.0
2019-03-20,1883255043913630.0
2019-03-21,1838566369495780.0
2019-03-22,1820511789186850.0
2019-03-23,1847220091485560.0
2019-03-24,1830905741695040.0
2019-03-25,1826183965981320.0
2019-03-26,1745878121805940.0
2019-03-27,1807254217487400.0
2019-03-28,1812364902647410.0
2019-03-29,1791972593870180.0
2019-03-30,1752883990377390.0
2019-03-31,1773294760679670.0
2019-04-01,1819770553432050.0
2019-04-02,1826758391651520.0
2019-04-03,1786988065539520.0
2019-04-04,1860948905449170.0
2019-04-05,1850877742693750.0
2019-04-06,1814132589754730.0
2019-04-07,1811416601101250.0
2019-04-08,1852589099557700.0
2019-04-09,1863479707065230.0
2019-04-10,1946070106410660.0
2019-04-11,1917690691155140.0
2019-04-12,1897112628838160.0
2019-04-13,1953352303910290.0
2019-04-14,1908904855274950.0
2019-04-15,1918219256996280.0
2019-04-16,1928311963381890.0
2019-04-17,1886282406934870.0
2019-04-18,1868696857237640.0
2019-04-19,1896191894702110.0
2019-04-20,1874897193287620.0
2019-04-21,1914724166942240.0
2019-04-22,1897890643399570.0
2019-04-23,1860959389933460.0
2019-04-24,1833926374172860.0
2019-04-25,1837483228288860.0
2019-04-26,1882902868796360.0
2019-04-27,1897496238404770.0
2019-04-28,1884500719407040.0
2019-04-29,1912273764500760.0
2019-04-30,1904860902271280.0
2019-05-01,1942450947076770.0
2019-05-02,1950922053099690.0
2019-05-03,1861471248934890.0
2019-05-04,2004863939620320.0
2019-05-05,1999116744121230.0
2019-05-06,1955608588352230.0
2019-05-07,1963255283453960.0
2019-05-08,1964274709543310.0
2019-05-09,1944210273733290.0
2019-05-10,1969222905946480.0
2019-05-11,1944478175481730.0
2019-05-12,2013008064690000.0
2019-05-13,1965383319084480.0
2019-05-14,2007205455822020.0
2019-05-15,2071944594497320.0
2019-05-16,2043914768542320.0
2019-05-17,2172566329986400.0
2019-05-18,2192958848195780.0
2019-05-19,2135822148768600.0
2019-05-20,2117122588374960.0
2019-05-21,2061246179757110.0
2019-05-22,2079808658080890.0
2019-05-23,2015978830695760.0
2019-05-24,1986800870262710.0
2019-05-25,2063410241414490.0
2019-05-26,2085041576513030.0
2019-05-27,2091586355276630.0
2019-05-28,2053311869613770.0
2019-05-29,2199827393329260.0
2019-05-30,2053589785561310.0
2019-05-31,2137682282200810.0
2019-06-01,2163254771531450.0
2019-06-02,2134189972806460.0
2019-06-03,2068627607011250.0
2019-06-04,2035583477115390.0
2019-06-05,2039015380431110.0
2019-06-06,2144999324666330.0
2019-06-07,2117538870685640.0
2019-06-08,2036007949072820.0
2019-06-09,1971188983242850.0
2019-06-10,2042368131940950.0
2019-06-11,2039001922048480.0
2019-06-12,2010900939002590.0
2019-06-13,1999873984541380.0
2019-06-14,2011370065744310.0
2019-06-15,1994436424282550.0
2019-06-16,2035556788648940.0
2019-06-17,2080557600425540.0
2019-06-18,2034062766722450.0
2019-06-19,2039802202307750.0
2019-06-20,2086912553260220.0
2019-06-21,1972296941841120.0
2019-06-22,2002020706913570.0
2019-06-23,2046961005447370.0
2019-06-24,2073676519701200.0
2019-06-25,2107684909730350.0
2019-06-26,2155935347541000.0
2019-06-27,2146889490912640.0
2019-06-28,2185635898566600.0
2019-06-29,2183123574462010.0
2019-06-30,2173998018167810.0
2019-07-01,2172431919600500.0
2019-07-02,2181390562324600.0
2019-07-03,2140729934396200.0
2019-07-04,2121641528953340.0
2019-07-05,2051630875334810.0
2019-07-06,2148705734831390.0
2019-07-07,2159444230577080.0
2019-07-08,2177607153086000.0
2019-07-09,2198066589819960.0
2019-07-10,2193760660749440.0
2019-07-11,2276697850447990.0
2019-07-12,2211925968279150.0
2019-07-13,2200195635209860.0
2019-07-14,2292456050488760.0
2019-07-15,2258998355112080.0
2019-07-16,2232677798525340.0
2019-07-17,2240389990867030.0
2019-07-18,2289138881163010.0
2019-07-19,2185367140934670.0
2019-07-20,2229587642538390.0
2019-07-21,2121208588479580.0
2019-07-22,2177895862430260.0
2019-07-23,2214774490413480.0
2019-07-24,2242198724665810.0
2019-07-25,2193639985284200.0
2019-07-26,2228513199245160.0
2019-07-27,2279393095815940.0
2019-07-28,2246491367231820.0
2019-07-29,2218275770434540.0
2019-07-30,2290056907795620.0
2019-07-31,2198139939025160.0
2019-08-01,2115128347781600.0
2019-08-02,2246429873375700.0
2019-08-03,2254181718862500.0
2019-08-04,2244292159470160.0
2019-08-05,2298585089504870.0
2019-08-06,2268701081430330.0
2019-08-07,2368649732410180.0
2019-08-08,2265503775190320.0
2019-08-09,2219600888542110.0
2019-08-10,2339900614443550.0
2019-08-11,2293656809862510.0
2019-08-12,2358581119428330.0
2019-08-13,2295009441928790.0
2019-08-14,2326918982226270.0
2019-08-15,2258609927045400.0
2019-08-16,2331764386008690.0
2019-08-17,2339724208219580.0
2019-08-18,2341135526709000.0
2019-08-19,2244949824811520.0
2019-08-20,2222556490387550.0
2019-08-21,2260494551684040.0
2019-08-22,2141506706366330.0
2019-08-23,2264782674226970.0
2019-08-24,2087955711392790.0
2019-08-25,2258348591505890.0
2019-08-26,2203598558489910.0
2019-08-27,2170527876950280.0
2019-08-28,2187263998505320.0
2019-08-29,2251718040487640.0
2019-08-30,2254650934805290.0
2019-08-31,2234830193791920.0
2019-09-01,2229436230305560.0
2019-09-02,2285769375237940.0
2019-09-03,2249988266672130.0
2019-09-04,2182737599508950.0
2019-09-05,2215238670080520.0
2019-09-06,2192281485342530.0
2019-09-07,2241582716055480.0
2019-09-08,2271414256324970.0
2019-09-09,2260539835646130.0
2019-09-10,2246778662195410.0
2019-09-11,2278772491957320.0
2019-09-12,2403894742578670.0
2019-09-13,2278918535269390.0
2019-09-14,2336040598139180.0
2019-09-15,2303429756356460.0
2019-09-16,2436461235988710.0
2019-09-17,2421714160396070.0
2019-09-18,2501480890521850.0
2019-09-19,2405385173651380.0
2019-09-20,2531452769204360.0
2019-09-21,2494151670817020.0
2019-09-22,2436022653028920.0
2019-09-23,2600730607084780.0
2019-09-24,2422619851579180.0
2019-09-25,2512592964781370.0
2019-09-26,2538359292911590.0
2019-09-27,2410960584314440.0
2019-09-28,2473452475728080.0
2019-09-29,2500147717410070.0
2019-09-30,2479527475127350.0
2019-10-01,2496735295680970.0
2019-10-02,2406147297917480.0
2019-10-03,2394142806834330.0
2019-10-04,2419742134100710.0
2019-10-05,2458656775609240.0
2019-10-06,2488421653385200.0
2019-10-07,2405050076498000.0
2019-10-08,2357203032598110.0
2019-10-09,2422231626104460.0
2019-10-10,2443964480954990.0
2019-10-11,2449657393943720.0
2019-10-12,2377508099807760.0
2019-10-13,2400863563672050.0
2019-10-14,2422186130075570.0
2019-10-15,2612218924222030.0
2019-10-16,2568699670981240.0
2019-10-17,2470439303125930.0
2019-10-18,2418755466167640.0
2019-10-19,2449493200505490.0
2019-10-20,2458405709155660.0
2019-10-21,2348065053958380.0
2019-10-22,2418352721678100.0
2019-10-23,2472947953046690.0
2019-10-24,2521419178399990.0
2019-10-25,2408112290081990.0
2019-10-26,2479643545685390.0
2019-10-27,2361839959681160.0
2019-10-28,2427026423548040.0
2019-10-29,2404455461155960.0
2019-10-30,2492086383118520.0
2019-10-31,2459902184608800.0
2019-11-01,2583392832816960.0
2019-11-02,2450481445427780.0
2019-11-03,2509003253868210.0
2019-11-04,2471638513800040.0
2019-11-05,2477247953214810.0
2019-11-06,2448807797207040.0
2019-11-07,2413612899391530.0
2019-11-08,2410628764555780.0
2019-11-09,2563598815376270.0
2019-11-10,2530029428728740.0
2019-11-11,2529566268933680.0
2019-11-12,2560890900882190.0
2019-11-13,2569059166793030.0
2019-11-14,2549378448194780.0
2019-11-15,2541671122990870.0
2019-11-16,2523944764553890.0
2019-11-17,2583435002457440.0
2019-11-18,2530066669404680.0
2019-11-19,2362099475516150.0
2019-11-20,2383357702819920.0
2019-11-21,2503215581002140.0
2019-11-22,2440674560377260.0
2019-11-23,2481475778744480.0
2019-11-24,2484386047562850.0
2019-11-25,2445938583955770.0
2019-11-26,2521866651280390.0
2019-11-27,2611794658185530.0
2019-11-28,2561327360776590.0
2019-11-29,2528196869652420.0
2019-11-30,2612368197143910.0
2019-12-01,2525144805116280.0
2019-12-02,2638766174088650.0
2019-12-03,2647474396177220.0
2019-12-04,2545261925807600.0
2019-12-05,2529028668159850.0
2019-12-06,2539854057130590.0
2019-12-07,2518809087922040.0
2019-12-08,2518576471135330.0
2019-12-09,2502693653279540.0
2019-12-10,2642255370698530.0
2019-12-11,2513231064533770.0
2019-12-12,2586686951763810.0
2019-12-13,2827208202835760.0
2019-12-14,2750037948110410.0
2019-12-15,2797107020769870.0
2019-12-16,2729185105092320.0
2019-12-17,2694757782063200.0
2019-12-18,2598735383734000.0
2019-12-19,2594419897091820.0
2019-12-20,2506994551317260.0
2019-12-21,2587300851112300.0
2019-12-22,2555628373587200.0
2019-12-23,2488936997398840.0
2019-12-24,2553697411781180.0
2019-12-25,2510957964134060.0
2019-12-26,2485470546561010.0
2019-12-27,2502404820109080.0
2019-12-28,2578904193998210.0
2019-12-29,2591559028802200.0
2019-12-30,2574887975315320.0
2019-12-31,2536812150453740.0
2020-01-01,2512060047956700.0
2020-01-02,1996637583345970.0
2020-01-03,2028768408018090.0
2020-01-04,2091859222903070.0
2020-01-05,2008453746526170.0
2020-01-06,2089218825777210.0
2020-01-07,2089086367659410.0
2020-01-08,2046585387009010.0
2020-01-09,2057442123036290.0
2020-01-10,2089747002005240.0
2020-01-11,2064214468562000.0
2020-01-12,2071954215167380.0
2020-01-13,2076951056455990.0
2020-01-14,2102352884296060.0
2020-01-15,2072681718463720.0
2020-01-16,2045397384594320.0
2020-01-17,2083566383579790.0
2020-01-18,2066051408743640.0
2020-01-19,2137687197971520.0
2020-01-20,2106398952246800.0
2020-01-21,2166659898698380.0
2020-01-22,2078275588251640.0
2020-01-23,2129625247011780.0
2020-01-24,2117900534626740.0
2020-01-25,2106416134044840.0
2020-01-26,2078643521103110.0
2020-01-27,2089684524108920.0
2020-01-28,2073280081553060.0
2020-01-29,2125513140004020.0
2020-01-30,2054975171951310.0
2020-01-31,2067913843767380.0
2020-02-01,2023787001883070.0
2020-02-02,2080740807768540.0
2020-02-03,2078412662213280.0
2020-02-04,2151605281742360.0
2020-02-05,2090319095368940.0
2020-02-06,2135649740205000.0
2020-02-07,2173384551891220.0
2020-02-08,2153234679513430.0
2020-02-09,2095960230941070.0
2020-02-10,2160244925942930.0
2020-02-11,2191900148697210.0
2020-02-12,2204485649874580.0
2020-02-13,2183992851334170.0
2020-02-14,2206255339039730.0
2020-02-15,2196381765373460.0
2020-02-16,2283788755740780.0
2020-02-17,2216578092312740.0
2020-02-18,2202300461083930.0
2020-02-19,2332828248755300.0
2020-02-20,2287448820158850.0
2020-02-21,2262760121693130.0
2020-02-22,2282369537564180.0
2020-02-23,2324872637883550.0
2020-02-24,2301987920817460.0
2020-02-25,2233161473673000.0
2020-02-26,2277021454088040.0
2020-02-27,2311586909216180.0
2020-02-28,2301278913946670.0
2020-02-29,2269910592830910.0
2020-03-01,2224578586160980.0
2020-03-02,2265944922680400.0
2020-03-03,2263515466530600.0
2020-03-04,2349977966136130.0
2020-03-05,2211624469251920.0
2020-03-06,2260629022468100.0
2020-03-07,2274800517170720.0
2020-03-08,2351368983706080.0
2020-03-09,2288892674931640.0
2020-03-10,2296573245944540.0
2020-03-11,2283001459084380.0
2020-03-12,2312100169343670.0
2020-03-13,2185723435551710.0
2020-03-14,2188723638662630.0
2020-03-15,2212070647376630.0
2020-03-16,2189263595743510.0
2020-03-17,2167797175086010.0
2020-03-18,2215750651177110.0
2020-03-19,2209114857102220.0
2020-03-20,2207871997879540.0
2020-03-21,2274450202851680.0
2020-03-22,2157488012513760.0
2020-03-23,2266402855490710.0
2020-03-24,2218116723831500.0
2020-03-25,2218974124586610.0
2020-03-26,2186411309272780.0
2020-03-27,2242415339178320.0
2020-03-28,2176533701801480.0
2020-03-29,2278643014573840.0
2020-03-30,2208328276928480.0
2020-03-31,2157966586401240.0
2020-04-01,2212115428537500.0
2020-04-02,2238015920405100.0
2020-04-03,2226923125507080.0
2020-04-04,2218043288691610.0
2020-04-05,2191035310106760.0
2020-04-06,2112153851633840.0
2020-04-07,2240644566940890.0
2020-04-08,2202500266450010.0
2020-04-09,2196911320016960.0
2020-04-10,2257655379982410.0
2020-04-11,2144584242679790.0
2020-04-12,2227743184680450.0
2020-04-13,2239529325266070.0
2020-04-14,2220778748641900.0
2020-04-15,2245698777280610.0
2020-04-16,2239075617950730.0
2020-04-17,2236680943934600.0
2020-04-18,2204040863959550.0
2020-04-19,2210309054181480.0
2020-04-20,2236097507191260.0
2020-04-21,2209692591989980.0
2020-04-22,2255225932714690.0
2020-04-23,2222202665012950.0
2020-04-24,2238298501815980.0
2020-04-25,2193719226915110.0
2020-04-26,2188141196896020.0
2020-04-27,2197514479012280.0
2020-04-28,2184454443768440.0
2020-04-29,2280334523117160.0
2020-04-30,2260333808891200.0
2020-05-01,2404883768925140.0
2020-05-02,2365188270526620.0
2020-05-03,2315811568066420.0
2020-05-04,2399855699948850.0
2020-05-05,2378579677385340.0
2020-05-06,2257332693012950.0
2020-05-07,2239519121537000.0
2020-05-08,2308272218810360.0
2020-05-09,2238013467666710.0
2020-05-10,2308877301174780.0
2020-05-11,2285189862600230.0
2020-05-12,2226630053824370.0
2020-05-13,2271468757376500.0
2020-05-14,2299235384914950.0
2020-05-15,2283419674363830.0
2020-05-16,2251168049756940.0
2020-05-17,2320263678254900.0
2020-05-18,2288696297135010.0
2020-05-19,2252879281887490.0
2020-05-20,2306154635784650.0
2020-05-21,2287818864466720.0
2020-05-22,2195512758305720.0
2020-05-23,2361180408628860.0
2020-05-24,2310702270980220.0
2020-05-25,2246122122745850.0
2020-05-26,2304856109567390.0
2020-05-27,2332949823445120.0
2020-05-28,2273068206530830.0
2020-05-29,2260626186866330.0
2020-05-30,2288294167593710.0
2020-05-31,2362027745198870.0
2020-06-01,2332061303237400.0
2020-06-02,2402390071536380.0
2020-06-03,2369405968879670.0
2020-06-04,2310997516256480.0
2020-06-05,2390092343024570.0
2020-06-06,2348283183845910.0
2020-06-07,2360754988337570.0
2020-06-08,2264614752896600.0
2020-06-09,2363970037596220.0
2020-06-10,2264283136271060.0
2020-06-11,2232469282717540.0
2020-06-12,2308631307742300.0
2020-06-13,2299357827345560.0
2020-06-14,2343435273689700.0
2020-06-15,2381230059298720.0
2020-06-16,2314575796731700.0
2020-06-17,2250949357421200.0
2020-06-18,2260718342788710.0
2020-06-19,2332365668985250.0
2020-06-20,2342493587137000.0
2020-06-21,2373330516540550.0
2020-06-22,2356880384872250.0
2020-06-23,2379620692654090.0
2020-06-24,2452581504494720.0
2020-06-25,2436851035257570.0
2020-06-26,2434394294756380.0
2020-06-27,2303601749781090.0
2020-06-28,2416478869270640.0
2020-06-29,2373110662531920.0
2020-06-30,2456727996510660.0
2020-07-01,2439529662245040.0
2020-07-02,2388752306292520.0
2020-07-03,2433286198765260.0
2020-07-04,2388430515588370.0
2020-07-05,2380203003532150.0
2020-07-06,2380027744275400.0
2020-07-07,2400778435488160.0
2020-07-08,2446797937878280.0
2020-07-09,2413571610138330.0
2020-07-10,2318606618786660.0
2020-07-11,2420309453312530.0
2020-07-12,2427062073443530.0
2020-07-13,2463953434316410.0
2020-07-14,2376143856412370.0
2020-07-15,2409918092921660.0
2020-07-16,2399191600029970.0
2020-07-17,2350476304386250.0
2020-07-18,2471620674088140.0
2020-07-19,2410767117118950.0
2020-07-20,2386098866304650.0
2020-07-21,2322754333838140.0
2020-07-22,2288864008765290.0
2020-07-23,2443550903302860.0
2020-07-24,2512224325283250.0
2020-07-25,2358572134347300.0
2020-07-26,2420272131449160.0
2020-07-27,2443757232830250.0
2020-07-28,2513824691290190.0
2020-07-29,2527325002977200.0
2020-07-30,2429060696520250.0
2020-07-31,2431257123192920.0
2020-08-01,2478994166433540.0
2020-08-02,2497070278844070.0
2020-08-03,2481173147396520.0
2020-08-04,2423531524397390.0
2020-08-05,2405703539854990.0
2020-08-06,2505076177488080.0
2020-08-07,2548063640222890.0
2020-08-08,2514342144845180.0
2020-08-09,2542491217078670.0
2020-08-10,2562342757735860.0
2020-08-11,2578544961880960.0
2020-08-12,2626672511448210.0
2020-08-13,2621210350637530.0
2020-08-14,2697800654556450.0
2020-08-15,2647912768188930.0
2020-08-16,2661971051701300.0
2020-08-17,2482049049602080.0
2020-08-18,2597218833133830.0
2020-08-19,2665124045785350.0
2020-08-20,2755033284012220.0
2020-08-21,2769459723606830.0
2020-08-22,2697113052515210.0
2020-08-23,2819540955462700.0
2020-08-24,2820744032961080.0
2020-08-25,2707087983419940.0
2020-08-26,2833918960106180.0
2020-08-27,2754778626193200.0
2020-08-28,2747730456618870.0
2020-08-29,2737862364259540.0
2020-08-30,2770004838219940.0
2020-08-31,2905686165874240.0
2020-09-01,2933919476770000.0
2020-09-02,2850468022122310.0
2020-09-03,2723753179537520.0
2020-09-04,2998507859261200.0
2020-09-05,2948787628827730.0
2020-09-06,3128243044333480.0
2020-09-07,3048212187007170.0
2020-09-08,3059819505207320.0
2020-09-09,2984163892086770.0
2020-09-10,2982324039526750.0
2020-09-11,3105606891755090.0
2020-09-12,3091652786427230.0
2020-09-13,3153922408871000.0
2020-09-14,3086490588301320.0
2020-09-15,3136524445771670.0
2020-09-16,2969218567259630.0
2020-09-17,3227478939742790.0
2020-09-18,3109622033042480.0
2020-09-19,3115581032725160.0
2020-09-20,3200422293802610.0
2020-09-21,3287273258766630.0
2020-09-22,3130248369253730.0
2020-09-23,3132965997514230.0
2020-09-24,3111579774484440.0
2020-09-25,3172851277510600.0
2020-09-26,3297321701405540.0
2020-09-27,3255401628272460.0
2020-09-28,3283777318609760.0
2020-09-29,3310976186036090.0
2020-09-30,3374243319430250.0
2020-10-01,3311954798739210.0
2020-10-02,3225554519306960.0
2020-10-03,3223273665786990.0
2020-10-04,3202582050644700.0
2020-10-05,3374174521789800.0
2020-10-06,3523581923990730.0
2020-10-07,3373392843431660.0
2020-10-08,3346914961456340.0
2020-10-09,3327016078224460.0
2020-10-10,3346495256022940.0
2020-10-11,3379047493761460.0
2020-10-12,3249181127384060.0
2020-10-13,3398274490388850.0
2020-10-14,3351928671130130.0
2020-10-15,3401268877006320.0
2020-10-16,3335150888156650.0
2020-10-17,3379023427276620.0
2020-10-18,3215875041808140.0
2020-10-19,3348254676002900.0
2020-10-20,3338135709843210.0
2020-10-21,3354445183650580.0
2020-10-22,3417092714169860.0
2020-10-23,3314962020710410.0
2020-10-24,3454932824686840.0
2020-10-25,3345049351051550.0
2020-10-26,3257532633787570.0
2020-10-27,3260423693384510.0
2020-10-28,3353547496533800.0
2020-10-29,3440931159623680.0
2020-10-30,3375887744568180.0
2020-10-31,3424018216905320.0
2020-11-01,3422042898711980.0
2020-11-02,3287273452674770.0
2020-11-03,3358370391111050.0
2020-11-04,3370938157197930.0
2020-11-05,3320167965806730.0
2020-11-06,3386815290569370.0
2020-11-07,3358588458499950.0
2020-11-08,3412992648723860.0
2020-11-09,3397757212519680.0
2020-11-10,3343332204954940.0
2020-11-11,3365894906325180.0
2020-11-12,3395310812151000.0
2020-11-13,3421557822502510.0
2020-11-14,3432956393965390.0
2020-11-15,3459481028598420.0
2020-11-16,3378976503010960.0
2020-11-17,3410135317355770.0
2020-11-18,3324421446128360.0
2020-11-19,3569757660042530.0
2020-11-20,3481470101225240.0
2020-11-21,3567158784571220.0
2020-11-22,3528845853769400.0
2020-11-23,3424744762625170.0
2020-11-24,3568030321478050.0
2020-11-25,3541759249051290.0
2020-11-26,3595412810025190.0
2020-11-27,3346152405736440.0
2020-11-28,3513159713577120.0
2020-11-29,3512632925168140.0
2020-11-30,3693234139828360.0
2020-12-01,3763687786072010.0
2020-12-02,3541990118681690.0
2020-12-03,3661250721917700.0
2020-12-04,3562261652745240.0
2020-12-05,3553256817416170.0
2020-12-06,3633568100117330.0
2020-12-07,3577155971097170.0
2020-12-08,3554257973623460.0
2020-12-09,3719143407991380.0
2020-12-10,3531004169385640.0
2020-12-11,3617974853724070.0
2020-12-12,3651188996812580.0
2020-12-13,3546971516096490.0
2020-12-14,3578196221726380.0
2020-12-15,3519215240853320.0
2020-12-16,3623425230153640.0
2020-12-17,3692791293686830.0
2020-12-18,3653040770668520.0
2020-12-19,3580275561606440.0
2020-12-20,3733569825237240.0
2020-12-21,3680807205071030.0
2020-12-22,3579409119550930.0
2020-12-23,3843705894509680.0
2020-12-24,3669224541882380.0
2020-12-25,3540318418298100.0
2020-12-26,3718988863585640.0
2020-12-27,3666338899958950.0
2020-12-28,3817800148163560.0
2020-12-29,3584123030200840.0
2020-12-30,3676011259895330.0
2020-12-31,3688583217405100.0
2021-01-01,3733667038278400.0
2021-01-02,4003485912889080.0
2021-01-03,3931571492233410.0
2021-01-04,3933349149863970.0
2021-01-05,4026243698231540.0
2021-01-06,4000353705755130.0
2021-01-07,3789031336637700.0
2021-01-08,3966789218389580.0
2021-01-09,3946889356287730.0
2021-01-10,4054219494812920.0
2021-01-11,4127654365596860.0
2021-01-12,4233655374466910.0
2021-01-13,4304286243272430.0
2021-01-14,4070908857558740.0
2021-01-15,4193695269461550.0
2021-01-16,4226127810616220.0
2021-01-17,4172311542975740.0
2021-01-18,4215080579121140.0
2021-01-19,4271111937846750.0
2021-01-20,4410732264307910.0
2021-01-21,4310455057027610.0
2021-01-22,4320907837172680.0
2021-01-23,4406249824635040.0
2021-01-24,4399646529919480.0
2021-01-25,4431616715817890.0
2021-01-26,4662068109238940.0
2021-01-27,4525101025360550.0
2021-01-28,4567056022131060.0
2021-01-29,4441434955939420.0
2021-01-30,4182195210177490.0
2021-01-31,4555444892437390.0
2021-02-01,4577562444511670.0
2021-02-02,4568424778870150.0
2021-02-03,4613276923629420.0
2021-02-04,4722591891690900.0
2021-02-05,4651292840115810.0
2021-02-06,4712960862256450.0
2021-02-07,4944351839531150.0
2021-02-08,4841394468562260.0
2021-02-09,4803934735024990.0
2021-02-10,4944411373832100.0
2021-02-11,5012408488093400.0
2021-02-12,5096398759770640.0
2021-02-13,4932147756773750.0
2021-02-14,5029159504159180.0
2021-02-15,5043793488849340.0
2021-02-16,5001996473229860.0
2021-02-17,5132986255992070.0
2021-02-18,5009169532404610.0
2021-02-19,5254783250691970.0
