Date,supply/issued
2009-01-03,"50,0"
2009-01-04,"0,0"
2009-01-05,"0,0"
2009-01-06,"0,0"
2009-01-07,"0,0"
2009-01-08,"0,0"
2009-01-09,"700,0"
2009-01-10,"3050,0"
2009-01-11,"4650,0"
2009-01-12,"4700,0"
2009-01-13,"6150,0"
2009-01-14,"6450,0"
2009-01-15,"6300,0"
2009-01-16,"5400,0"
2009-01-17,"5450,0"
2009-01-18,"5350,0"
2009-01-19,"5750,0"
2009-01-20,"5700,0"
2009-01-21,"5100,0"
2009-01-22,"4550,0"
2009-01-23,"4200,0"
2009-01-24,"10050,0"
2009-01-25,"9550,0"
2009-01-26,"4800,0"
2009-01-27,"4850,0"
2009-01-28,"5600,0"
2009-01-29,"6050,0"
2009-01-30,"5850,0"
2009-01-31,"6900,0"
2009-02-01,"5650,0"
2009-02-02,"6400,0"
2009-02-03,"6950,0"
2009-02-04,"5950,0"
2009-02-05,"6300,0"
2009-02-06,"6100,0"
2009-02-07,"6450,0"
2009-02-08,"6600,0"
2009-02-09,"6700,0"
2009-02-10,"6000,0"
2009-02-11,"6650,0"
2009-02-12,"5950,0"
2009-02-13,"6200,0"
2009-02-14,"6800,0"
2009-02-15,"6400,0"
2009-02-16,"6100,0"
2009-02-17,"5850,0"
2009-02-18,"5900,0"
2009-02-19,"6200,0"
2009-02-20,"6100,0"
2009-02-21,"5700,0"
2009-02-22,"6050,0"
2009-02-23,"5400,0"
2009-02-24,"5300,0"
2009-02-25,"5250,0"
2009-02-26,"5350,0"
2009-02-27,"5750,0"
2009-02-28,"4950,0"
2009-03-01,"5250,0"
2009-03-02,"5400,0"
2009-03-03,"5250,0"
2009-03-04,"5200,0"
2009-03-05,"5600,0"
2009-03-06,"5850,0"
2009-03-07,"5450,0"
2009-03-08,"5750,0"
2009-03-09,"5400,0"
2009-03-10,"5350,0"
2009-03-11,"5700,0"
2009-03-12,"5900,0"
2009-03-13,"5650,0"
2009-03-14,"5500,0"
2009-03-15,"6150,0"
2009-03-16,"6050,0"
2009-03-17,"5700,0"
2009-03-18,"5700,0"
2009-03-19,"6100,0"
2009-03-20,"5900,0"
2009-03-21,"2500,0"
2009-03-22,"5950,0"
2009-03-23,"6500,0"
2009-03-24,"5250,0"
2009-03-25,"5850,0"
2009-03-26,"5850,0"
2009-03-27,"5300,0"
2009-03-28,"5950,0"
2009-03-29,"5800,0"
2009-03-30,"6000,0"
2009-03-31,"5500,0"
2009-04-01,"5700,0"
2009-04-02,"5750,0"
2009-04-03,"5800,0"
2009-04-04,"5650,0"
2009-04-05,"6500,0"
2009-04-06,"5450,0"
2009-04-07,"5000,0"
2009-04-08,"5250,0"
2009-04-09,"4950,0"
2009-04-10,"5400,0"
2009-04-11,"6000,0"
2009-04-12,"5900,0"
2009-04-13,"5750,0"
2009-04-14,"6200,0"
2009-04-15,"5650,0"
2009-04-16,"6150,0"
2009-04-17,"5600,0"
2009-04-18,"6300,0"
2009-04-19,"5950,0"
2009-04-20,"5950,0"
2009-04-21,"6150,0"
2009-04-22,"6050,0"
2009-04-23,"3750,0"
2009-04-24,"5750,0"
2009-04-25,"5900,0"
2009-04-26,"5600,0"
2009-04-27,"5200,0"
2009-04-28,"5850,0"
2009-04-29,"6400,0"
2009-04-30,"6550,0"
2009-05-01,"6050,0"
2009-05-02,"6300,0"
2009-05-03,"5300,0"
2009-05-04,"6400,0"
2009-05-05,"6750,0"
2009-05-06,"6750,0"
2009-05-07,"6100,0"
2009-05-08,"5350,0"
2009-05-09,"3900,0"
2009-05-10,"4250,0"
2009-05-11,"6000,0"
2009-05-12,"6500,0"
2009-05-13,"5550,0"
2009-05-14,"6950,0"
2009-05-15,"6800,0"
2009-05-16,"5950,0"
2009-05-17,"6350,0"
2009-05-18,"5900,0"
2009-05-19,"4300,0"
2009-05-20,"6000,0"
2009-05-21,"4100,0"
2009-05-22,"3050,0"
2009-05-23,"1600,0"
2009-05-24,"5000,0"
2009-05-25,"5450,0"
2009-05-26,"6250,0"
2009-05-27,"5950,0"
2009-05-28,"4750,0"
2009-05-29,"5300,0"
2009-05-30,"5450,0"
2009-05-31,"4800,0"
2009-06-01,"3550,0"
2009-06-02,"5550,0"
2009-06-03,"3550,0"
2009-06-04,"3300,0"
2009-06-05,"1500,0"
2009-06-06,"1400,0"
2009-06-07,"800,0"
2009-06-08,"4100,0"
2009-06-09,"4550,0"
2009-06-10,"4100,0"
2009-06-11,"4450,0"
2009-06-12,"4300,0"
2009-06-13,"3900,0"
2009-06-14,"3600,0"
2009-06-15,"4200,0"
2009-06-16,"3550,0"
2009-06-17,"3950,0"
2009-06-18,"4000,0"
2009-06-19,"4350,0"
2009-06-20,"3900,0"
2009-06-21,"4050,0"
2009-06-22,"3800,0"
2009-06-23,"3800,0"
2009-06-24,"4750,0"
2009-06-25,"3400,0"
2009-06-26,"4500,0"
2009-06-27,"4200,0"
2009-06-28,"2300,0"
2009-06-29,"4150,0"
2009-06-30,"4250,0"
2009-07-01,"3700,0"
2009-07-02,"4150,0"
2009-07-03,"4100,0"
2009-07-04,"4450,0"
2009-07-05,"3950,0"
2009-07-06,"4200,0"
2009-07-07,"3450,0"
2009-07-08,"3700,0"
2009-07-09,"4300,0"
2009-07-10,"4050,0"
2009-07-11,"4150,0"
2009-07-12,"3850,0"
2009-07-13,"3900,0"
2009-07-14,"3450,0"
2009-07-15,"2250,0"
2009-07-16,"3550,0"
2009-07-17,"2350,0"
2009-07-18,"200,0"
2009-07-19,"3500,0"
2009-07-20,"3500,0"
2009-07-21,"4100,0"
2009-07-22,"3000,0"
2009-07-23,"3800,0"
2009-07-24,"3650,0"
2009-07-25,"1600,0"
2009-07-26,"1050,0"
2009-07-27,"3700,0"
2009-07-28,"2050,0"
2009-07-29,"950,0"
2009-07-30,"750,0"
2009-07-31,"850,0"
2009-08-01,"1400,0"
2009-08-02,"1150,0"
2009-08-03,"600,0"
2009-08-04,"4050,0"
2009-08-05,"4350,0"
2009-08-06,"4500,0"
2009-08-07,"4000,0"
2009-08-08,"4000,0"
2009-08-09,"5050,0"
2009-08-10,"3750,0"
2009-08-11,"3500,0"
2009-08-12,"3150,0"
2009-08-13,"4250,0"
2009-08-14,"3150,0"
2009-08-15,"1300,0"
2009-08-16,"950,0"
2009-08-17,"850,0"
2009-08-18,"500,0"
2009-08-19,"900,0"
2009-08-20,"1100,0"
2009-08-21,"700,0"
2009-08-22,"350,0"
2009-08-23,"750,0"
2009-08-24,"750,0"
2009-08-25,"2500,0"
2009-08-26,"2400,0"
2009-08-27,"1450,0"
2009-08-28,"3750,0"
2009-08-29,"3900,0"
2009-08-30,"4850,0"
2009-08-31,"4300,0"
2009-09-01,"3900,0"
2009-09-02,"3300,0"
2009-09-03,"3050,0"
2009-09-04,"3200,0"
2009-09-05,"3800,0"
2009-09-06,"3400,0"
2009-09-07,"3900,0"
2009-09-08,"3450,0"
2009-09-09,"2700,0"
2009-09-10,"3350,0"
2009-09-11,"3350,0"
2009-09-12,"3450,0"
2009-09-13,"3750,0"
2009-09-14,"3700,0"
2009-09-15,"2200,0"
2009-09-16,"3600,0"
2009-09-17,"4200,0"
2009-09-18,"3900,0"
2009-09-19,"3700,0"
2009-09-20,"3900,0"
2009-09-21,"3450,0"
2009-09-22,"1250,0"
2009-09-23,"1800,0"
2009-09-24,"4850,0"
2009-09-25,"4550,0"
2009-09-26,"5000,0"
2009-09-27,"4350,0"
2009-09-28,"4250,0"
2009-09-29,"4400,0"
2009-09-30,"4250,0"
2009-10-01,"4100,0"
2009-10-02,"3600,0"
2009-10-03,"2900,0"
2009-10-04,"2650,0"
2009-10-05,"2750,0"
2009-10-06,"2150,0"
2009-10-07,"3000,0"
2009-10-08,"3500,0"
2009-10-09,"3950,0"
2009-10-10,"3850,0"
2009-10-11,"3700,0"
2009-10-12,"2900,0"
2009-10-13,"2850,0"
2009-10-14,"3450,0"
2009-10-15,"3550,0"
2009-10-16,"3000,0"
2009-10-17,"2850,0"
2009-10-18,"3700,0"
2009-10-19,"5600,0"
2009-10-20,"4750,0"
2009-10-21,"4000,0"
2009-10-22,"4500,0"
2009-10-23,"4450,0"
2009-10-24,"3100,0"
2009-10-25,"3800,0"
2009-10-26,"3550,0"
2009-10-27,"3200,0"
2009-10-28,"3300,0"
2009-10-29,"2300,0"
2009-10-30,"3000,0"
2009-10-31,"2300,0"
2009-11-01,"1250,0"
2009-11-02,"1650,0"
2009-11-03,"3100,0"
2009-11-04,"3150,0"
2009-11-05,"2850,0"
2009-11-06,"3100,0"
2009-11-07,"3450,0"
2009-11-08,"3650,0"
2009-11-09,"3200,0"
2009-11-10,"3900,0"
2009-11-11,"3200,0"
2009-11-12,"3300,0"
2009-11-13,"4000,0"
2009-11-14,"3950,0"
2009-11-15,"4800,0"
2009-11-16,"4850,0"
2009-11-17,"4600,0"
2009-11-18,"3950,0"
2009-11-19,"3500,0"
2009-11-20,"4300,0"
2009-11-21,"3650,0"
2009-11-22,"5300,0"
2009-11-23,"4800,0"
2009-11-24,"4650,0"
2009-11-25,"4500,0"
2009-11-26,"4200,0"
2009-11-27,"3700,0"
2009-11-28,"3550,0"
2009-11-29,"3000,0"
2009-11-30,"3750,0"
2009-12-01,"3650,0"
2009-12-02,"4700,0"
2009-12-03,"4400,0"
2009-12-04,"1800,0"
2009-12-05,"3200,0"
2009-12-06,"5150,0"
2009-12-07,"5600,0"
2009-12-08,"5250,0"
2009-12-09,"4800,0"
2009-12-10,"5200,0"
2009-12-11,"5600,0"
2009-12-12,"5500,0"
2009-12-13,"5700,0"
2009-12-14,"5100,0"
2009-12-15,"5500,0"
2009-12-16,"6800,0"
2009-12-17,"8450,0"
2009-12-18,"11250,0"
2009-12-19,"9900,0"
2009-12-20,"8750,0"
2009-12-21,"8750,0"
2009-12-22,"8100,0"
2009-12-23,"7700,0"
2009-12-24,"7700,0"
2009-12-25,"7450,0"
2009-12-26,"8700,0"
2009-12-27,"8350,0"
2009-12-28,"6850,0"
2009-12-29,"8550,0"
2009-12-30,"7050,0"
2009-12-31,"6900,0"
2010-01-01,"6600,0"
2010-01-02,"6300,0"
2010-01-03,"9300,0"
2010-01-04,"9050,0"
2010-01-05,"9900,0"
2010-01-06,"8150,0"
2010-01-07,"7700,0"
2010-01-08,"7650,0"
2010-01-09,"7550,0"
2010-01-10,"9500,0"
2010-01-11,"7950,0"
2010-01-12,"7950,0"
2010-01-13,"8200,0"
2010-01-14,"7150,0"
2010-01-15,"7050,0"
2010-01-16,"6250,0"
2010-01-17,"6550,0"
2010-01-18,"6250,0"
2010-01-19,"6200,0"
2010-01-20,"7900,0"
2010-01-21,"8750,0"
2010-01-22,"6650,0"
2010-01-23,"8000,0"
2010-01-24,"7700,0"
2010-01-25,"10550,0"
2010-01-26,"9750,0"
2010-01-27,"8200,0"
2010-01-28,"8850,0"
2010-01-29,"9850,0"
2010-01-30,"10500,0"
2010-01-31,"8250,0"
2010-02-01,"9200,0"
2010-02-02,"7250,0"
2010-02-03,"13500,0"
2010-02-04,"11450,0"
2010-02-05,"11150,0"
2010-02-06,"9600,0"
2010-02-07,"10850,0"
2010-02-08,"10000,0"
2010-02-09,"10350,0"
2010-02-10,"8400,0"
2010-02-11,"8450,0"
2010-02-12,"9150,0"
2010-02-13,"11600,0"
2010-02-14,"10400,0"
2010-02-15,"8800,0"
2010-02-16,"9750,0"
2010-02-17,"11950,0"
2010-02-18,"10400,0"
2010-02-19,"9600,0"
2010-02-20,"10400,0"
2010-02-21,"11150,0"
2010-02-22,"13000,0"
2010-02-23,"12500,0"
2010-02-24,"8550,0"
2010-02-25,"7700,0"
2010-02-26,"8600,0"
2010-02-27,"8600,0"
2010-02-28,"7800,0"
2010-03-01,"9750,0"
2010-03-02,"9400,0"
2010-03-03,"7600,0"
2010-03-04,"9250,0"
2010-03-05,"8550,0"
2010-03-06,"8850,0"
2010-03-07,"8950,0"
2010-03-08,"6250,0"
2010-03-09,"7300,0"
2010-03-10,"8100,0"
2010-03-11,"6650,0"
2010-03-12,"6050,0"
2010-03-13,"7650,0"
2010-03-14,"6250,0"
2010-03-15,"6750,0"
2010-03-16,"6300,0"
2010-03-17,"6800,0"
2010-03-18,"7000,0"
2010-03-19,"7650,0"
2010-03-20,"9600,0"
2010-03-21,"9150,0"
2010-03-22,"8950,0"
2010-03-23,"10350,0"
2010-03-24,"8550,0"
2010-03-25,"9350,0"
2010-03-26,"9850,0"
2010-03-27,"8900,0"
2010-03-28,"9300,0"
2010-03-29,"9750,0"
2010-03-30,"10750,0"
2010-03-31,"10450,0"
2010-04-01,"8400,0"
2010-04-02,"7800,0"
2010-04-03,"8050,0"
2010-04-04,"8550,0"
2010-04-05,"7650,0"
2010-04-06,"7950,0"
2010-04-07,"9650,0"
2010-04-08,"9150,0"
2010-04-09,"9450,0"
2010-04-10,"13000,0"
2010-04-11,"11150,0"
2010-04-12,"10150,0"
2010-04-13,"9450,0"
2010-04-14,"9000,0"
2010-04-15,"10800,0"
2010-04-16,"10100,0"
2010-04-17,"11050,0"
2010-04-18,"12250,0"
2010-04-19,"11600,0"
2010-04-20,"10250,0"
2010-04-21,"10950,0"
2010-04-22,"7950,0"
2010-04-23,"7500,0"
2010-04-24,"8400,0"
2010-04-25,"7900,0"
2010-04-26,"8200,0"
2010-04-27,"9000,0"
2010-04-28,"9000,0"
2010-04-29,"7350,0"
2010-04-30,"7200,0"
2010-05-01,"9150,0"
2010-05-02,"7750,0"
2010-05-03,"7950,0"
2010-05-04,"6800,0"
2010-05-05,"6850,0"
2010-05-06,"7450,0"
2010-05-07,"6600,0"
2010-05-08,"7700,0"
2010-05-09,"7150,0"
2010-05-10,"6400,0"
2010-05-11,"5550,0"
2010-05-12,"6350,0"
2010-05-13,"6400,0"
2010-05-14,"6150,0"
2010-05-15,"4550,0"
2010-05-16,"5650,0"
2010-05-17,"7150,0"
2010-05-18,"8400,0"
2010-05-19,"8200,0"
2010-05-20,"10150,0"
2010-05-21,"8800,0"
2010-05-22,"9750,0"
2010-05-23,"10550,0"
2010-05-24,"9400,0"
2010-05-25,"10500,0"
2010-05-26,"11150,0"
2010-05-27,"9600,0"
2010-05-28,"11150,0"
2010-05-29,"9200,0"
2010-05-30,"7450,0"
2010-05-31,"7100,0"
2010-06-01,"6750,0"
2010-06-02,"7350,0"
2010-06-03,"7600,0"
2010-06-04,"6250,0"
2010-06-05,"7250,0"
2010-06-06,"7400,0"
2010-06-07,"7850,0"
2010-06-08,"8000,0"
2010-06-09,"8400,0"
2010-06-10,"8000,0"
2010-06-11,"8400,0"
2010-06-12,"6750,0"
2010-06-13,"8600,0"
2010-06-14,"8050,0"
2010-06-15,"9200,0"
2010-06-16,"7100,0"
2010-06-17,"7300,0"
2010-06-18,"7500,0"
2010-06-19,"7500,0"
2010-06-20,"9250,0"
2010-06-21,"7700,0"
2010-06-22,"7800,0"
2010-06-23,"9350,0"
2010-06-24,"8450,0"
2010-06-25,"7500,0"
2010-06-26,"7950,0"
2010-06-27,"8900,0"
2010-06-28,"7600,0"
2010-06-29,"8450,0"
2010-06-30,"9100,0"
2010-07-01,"10550,0"
2010-07-02,"8350,0"
2010-07-03,"10600,0"
2010-07-04,"8300,0"
2010-07-05,"8950,0"
2010-07-06,"8450,0"
2010-07-07,"7800,0"
2010-07-08,"7550,0"
2010-07-09,"9950,0"
2010-07-10,"9900,0"
2010-07-11,"8950,0"
2010-07-12,"32950,0"
2010-07-13,"34600,0"
2010-07-14,"28900,0"
2010-07-15,"31200,0"
2010-07-16,"25250,0"
2010-07-17,"8650,0"
2010-07-18,"8600,0"
2010-07-19,"8700,0"
2010-07-20,"9050,0"
2010-07-21,"10350,0"
2010-07-22,"8800,0"
2010-07-23,"9700,0"
2010-07-24,"9450,0"
2010-07-25,"11550,0"
2010-07-26,"12150,0"
2010-07-27,"8300,0"
2010-07-28,"7950,0"
2010-07-29,"9000,0"
2010-07-30,"9100,0"
2010-07-31,"10150,0"
2010-08-01,"11950,0"
2010-08-02,"12100,0"
2010-08-03,"11350,0"
2010-08-04,"12150,0"
2010-08-05,"10900,0"
2010-08-06,"7350,0"
2010-08-07,"7750,0"
2010-08-08,"9950,0"
2010-08-09,"9500,0"
2010-08-10,"9550,0"
2010-08-11,"11650,0"
2010-08-12,"10850,0"
2010-08-13,"10750,0"
2010-08-14,"14050,0"
2010-08-15,"10350,0"
2010-08-16,"7350,0"
2010-08-17,"6450,0"
2010-08-18,"6650,0"
2010-08-19,"6750,0"
2010-08-20,"9650,0"
2010-08-21,"8650,0"
2010-08-22,"10600,0"
2010-08-23,"10650,0"
2010-08-24,"10750,0"
2010-08-25,"10800,0"
2010-08-26,"10500,0"
2010-08-27,"8550,0"
2010-08-28,"8500,0"
2010-08-29,"8100,0"
2010-08-30,"7450,0"
2010-08-31,"9200,0"
2010-09-01,"7850,0"
2010-09-02,"7800,0"
2010-09-03,"8200,0"
2010-09-04,"9050,0"
2010-09-05,"8250,0"
2010-09-06,"7900,0"
2010-09-07,"8000,0"
2010-09-08,"8250,0"
2010-09-09,"6750,0"
2010-09-10,"8850,0"
2010-09-11,"8000,0"
2010-09-12,"8850,0"
2010-09-13,"8550,0"
2010-09-14,"10150,0"
2010-09-15,"8450,0"
2010-09-16,"10950,0"
2010-09-17,"10400,0"
2010-09-18,"11850,0"
2010-09-19,"10450,0"
2010-09-20,"10150,0"
2010-09-21,"8600,0"
2010-09-22,"8700,0"
2010-09-23,"11700,0"
2010-09-24,"11400,0"
2010-09-25,"10350,0"
2010-09-26,"10250,0"
2010-09-27,"11450,0"
2010-09-28,"10600,0"
2010-09-29,"8200,0"
2010-09-30,"7300,0"
2010-10-01,"7700,0"
2010-10-02,"5000,0"
2010-10-03,"6100,0"
2010-10-04,"7650,0"
2010-10-05,"6300,0"
2010-10-06,"8550,0"
2010-10-07,"8000,0"
2010-10-08,"7700,0"
2010-10-09,"7900,0"
2010-10-10,"8900,0"
2010-10-11,"7950,0"
2010-10-12,"7750,0"
2010-10-13,"8800,0"
2010-10-14,"10250,0"
2010-10-15,"8850,0"
2010-10-16,"12900,0"
2010-10-17,"13500,0"
2010-10-18,"12450,0"
2010-10-19,"12800,0"
2010-10-20,"13200,0"
2010-10-21,"9300,0"
2010-10-22,"7700,0"
2010-10-23,"8750,0"
2010-10-24,"10250,0"
2010-10-25,"10150,0"
2010-10-26,"12050,0"
2010-10-27,"10650,0"
2010-10-28,"10950,0"
2010-10-29,"11150,0"
2010-10-30,"12600,0"
2010-10-31,"8950,0"
2010-11-01,"8850,0"
2010-11-02,"8800,0"
2010-11-03,"9500,0"
2010-11-04,"10050,0"
2010-11-05,"10950,0"
2010-11-06,"10900,0"
2010-11-07,"12050,0"
2010-11-08,"13750,0"
2010-11-09,"10850,0"
2010-11-10,"10150,0"
2010-11-11,"10950,0"
2010-11-12,"8450,0"
2010-11-13,"11150,0"
2010-11-14,"12800,0"
2010-11-15,"10000,0"
2010-11-16,"9850,0"
2010-11-17,"12350,0"
2010-11-18,"12850,0"
2010-11-19,"7500,0"
2010-11-20,"5800,0"
2010-11-21,"7000,0"
2010-11-22,"8150,0"
2010-11-23,"7000,0"
2010-11-24,"8850,0"
2010-11-25,"9050,0"
2010-11-26,"9700,0"
2010-11-27,"9000,0"
2010-11-28,"8600,0"
2010-11-29,"10450,0"
2010-11-30,"10100,0"
2010-12-01,"9400,0"
2010-12-02,"9400,0"
2010-12-03,"9450,0"
2010-12-04,"11450,0"
2010-12-05,"11950,0"
2010-12-06,"12050,0"
2010-12-07,"11950,0"
2010-12-08,"11900,0"
2010-12-09,"11150,0"
2010-12-10,"7350,0"
2010-12-11,"8750,0"
2010-12-12,"8550,0"
2010-12-13,"7050,0"
2010-12-14,"8550,0"
2010-12-15,"9800,0"
2010-12-16,"8650,0"
2010-12-17,"8300,0"
2010-12-18,"8050,0"
2010-12-19,"9200,0"
2010-12-20,"7950,0"
2010-12-21,"9750,0"
2010-12-22,"7900,0"
2010-12-23,"7250,0"
2010-12-24,"7400,0"
2010-12-25,"8400,0"
2010-12-26,"7250,0"
2010-12-27,"8300,0"
2010-12-28,"8450,0"
2010-12-29,"8250,0"
2010-12-30,"8450,0"
2010-12-31,"8100,0"
2011-01-01,"9050,0"
2011-01-02,"8750,0"
2011-01-03,"7800,0"
2011-01-04,"7050,0"
2011-01-05,"7700,0"
2011-01-06,"7050,0"
2011-01-07,"8200,0"
2011-01-08,"8500,0"
2011-01-09,"8150,0"
2011-01-10,"8100,0"
2011-01-11,"8600,0"
2011-01-12,"8350,0"
2011-01-13,"9400,0"
2011-01-14,"9050,0"
2011-01-15,"7850,0"
2011-01-16,"8700,0"
2011-01-17,"9050,0"
2011-01-18,"7050,0"
2011-01-19,"8450,0"
2011-01-20,"9300,0"
2011-01-21,"8700,0"
2011-01-22,"8250,0"
2011-01-23,"8500,0"
2011-01-24,"9400,0"
2011-01-25,"7800,0"
2011-01-26,"9000,0"
2011-01-27,"8000,0"
2011-01-28,"7900,0"
2011-01-29,"8050,0"
2011-01-30,"7800,0"
2011-01-31,"8500,0"
2011-02-01,"8200,0"
2011-02-02,"7900,0"
2011-02-03,"8000,0"
2011-02-04,"9700,0"
2011-02-05,"8950,0"
2011-02-06,"8850,0"
2011-02-07,"10150,0"
2011-02-08,"8400,0"
2011-02-09,"9600,0"
2011-02-10,"9300,0"
2011-02-11,"9300,0"
2011-02-12,"9800,0"
2011-02-13,"9900,0"
2011-02-14,"9800,0"
2011-02-15,"11250,0"
2011-02-16,"11600,0"
2011-02-17,"11550,0"
2011-02-18,"10600,0"
2011-02-19,"8050,0"
2011-02-20,"9900,0"
2011-02-21,"9700,0"
2011-02-22,"10550,0"
2011-02-23,"12150,0"
2011-02-24,"10350,0"
2011-02-25,"11250,0"
2011-02-26,"13800,0"
2011-02-27,"12200,0"
2011-02-28,"7500,0"
2011-03-01,"6500,0"
2011-03-02,"8400,0"
2011-03-03,"9300,0"
2011-03-04,"11050,0"
2011-03-05,"13850,0"
2011-03-06,"13700,0"
2011-03-07,"10550,0"
2011-03-08,"9350,0"
2011-03-09,"8000,0"
2011-03-10,"5500,0"
2011-03-11,"6500,0"
2011-03-12,"7000,0"
2011-03-13,"5850,0"
2011-03-14,"5600,0"
2011-03-15,"5600,0"
2011-03-16,"6800,0"
2011-03-17,"7050,0"
2011-03-18,"6000,0"
2011-03-19,"5750,0"
2011-03-20,"6850,0"
2011-03-21,"7400,0"
2011-03-22,"5950,0"
2011-03-23,"7850,0"
2011-03-24,"7600,0"
2011-03-25,"8650,0"
2011-03-26,"6900,0"
2011-03-27,"7150,0"
2011-03-28,"8400,0"
2011-03-29,"8150,0"
2011-03-30,"7800,0"
2011-03-31,"10050,0"
2011-04-01,"8800,0"
2011-04-02,"9000,0"
2011-04-03,"8750,0"
2011-04-04,"8900,0"
2011-04-05,"9700,0"
2011-04-06,"7400,0"
2011-04-07,"7350,0"
2011-04-08,"8300,0"
2011-04-09,"7800,0"
2011-04-10,"8650,0"
2011-04-11,"8150,0"
2011-04-12,"8150,0"
2011-04-13,"9700,0"
2011-04-14,"8000,0"
2011-04-15,"6800,0"
2011-04-16,"8650,0"
2011-04-17,"9000,0"
2011-04-18,"7400,0"
2011-04-19,"7700,0"
2011-04-20,"7200,0"
2011-04-21,"7350,0"
2011-04-22,"8800,0"
2011-04-23,"8600,0"
2011-04-24,"8100,0"
2011-04-25,"9600,0"
2011-04-26,"9750,0"
2011-04-27,"9150,0"
2011-04-28,"8200,0"
2011-04-29,"10000,0"
2011-04-30,"9450,0"
2011-05-01,"8950,0"
2011-05-02,"9850,0"
2011-05-03,"9800,0"
2011-05-04,"9850,0"
2011-05-05,"10950,0"
2011-05-06,"10900,0"
2011-05-07,"10700,0"
2011-05-08,"10950,0"
2011-05-09,"11950,0"
2011-05-10,"9150,0"
2011-05-11,"9550,0"
2011-05-12,"8450,0"
2011-05-13,"10350,0"
2011-05-14,"12100,0"
2011-05-15,"11000,0"
2011-05-16,"12350,0"
2011-05-17,"12850,0"
2011-05-18,"14400,0"
2011-05-19,"8550,0"
2011-05-20,"11000,0"
2011-05-21,"11000,0"
2011-05-22,"12600,0"
2011-05-23,"14300,0"
2011-05-24,"14950,0"
2011-05-25,"15350,0"
2011-05-26,"14800,0"
2011-05-27,"8350,0"
2011-05-28,"7750,0"
2011-05-29,"9000,0"
2011-05-30,"7700,0"
2011-05-31,"7500,0"
2011-06-01,"9400,0"
2011-06-02,"9500,0"
2011-06-03,"10100,0"
2011-06-04,"11200,0"
2011-06-05,"10400,0"
2011-06-06,"11650,0"
2011-06-07,"8500,0"
2011-06-08,"9250,0"
2011-06-09,"11100,0"
2011-06-10,"11150,0"
2011-06-11,"12600,0"
2011-06-12,"11650,0"
2011-06-13,"11350,0"
2011-06-14,"12350,0"
2011-06-15,"13950,0"
2011-06-16,"9000,0"
2011-06-17,"9300,0"
2011-06-18,"9850,0"
2011-06-19,"11150,0"
2011-06-20,"11700,0"
2011-06-21,"12650,0"
2011-06-22,"13000,0"
2011-06-23,"12000,0"
2011-06-24,"10800,0"
2011-06-25,"7150,0"
2011-06-26,"7450,0"
2011-06-27,"8450,0"
2011-06-28,"8000,0"
2011-06-29,"8600,0"
2011-06-30,"9550,0"
2011-07-01,"8650,0"
2011-07-02,"8450,0"
2011-07-03,"8250,0"
2011-07-04,"8500,0"
2011-07-05,"6950,0"
2011-07-06,"7850,0"
2011-07-07,"6550,0"
2011-07-08,"8250,0"
2011-07-09,"7450,0"
2011-07-10,"6850,0"
2011-07-11,"7850,0"
2011-07-12,"7050,0"
2011-07-13,"9550,0"
2011-07-14,"7200,0"
2011-07-15,"8100,0"
2011-07-16,"7850,0"
2011-07-17,"8500,0"
2011-07-18,"8500,0"
2011-07-19,"7100,0"
2011-07-20,"7450,0"
2011-07-21,"7600,0"
2011-07-22,"7550,0"
2011-07-23,"7300,0"
2011-07-24,"8300,0"
2011-07-25,"8250,0"
2011-07-26,"8800,0"
2011-07-27,"8700,0"
2011-07-28,"7750,0"
2011-07-29,"8200,0"
2011-07-30,"7600,0"
2011-07-31,"8750,0"
2011-08-01,"8250,0"
2011-08-02,"7700,0"
2011-08-03,"7850,0"
2011-08-04,"6450,0"
2011-08-05,"7000,0"
2011-08-06,"6100,0"
2011-08-07,"6300,0"
2011-08-08,"6800,0"
2011-08-09,"7300,0"
2011-08-10,"7600,0"
2011-08-11,"6850,0"
2011-08-12,"6550,0"
2011-08-13,"6500,0"
2011-08-14,"6600,0"
2011-08-15,"6450,0"
2011-08-16,"7350,0"
2011-08-17,"6800,0"
2011-08-18,"7200,0"
2011-08-19,"6550,0"
2011-08-20,"7600,0"
2011-08-21,"8000,0"
2011-08-22,"8450,0"
2011-08-23,"7750,0"
2011-08-24,"6700,0"
2011-08-25,"6750,0"
2011-08-26,"7350,0"
2011-08-27,"6100,0"
2011-08-28,"5800,0"
2011-08-29,"6900,0"
2011-08-30,"7300,0"
2011-08-31,"7750,0"
2011-09-01,"6450,0"
2011-09-02,"7800,0"
2011-09-03,"7250,0"
2011-09-04,"6700,0"
2011-09-05,"7800,0"
2011-09-06,"7550,0"
2011-09-07,"6800,0"
2011-09-08,"6450,0"
2011-09-09,"7700,0"
2011-09-10,"6650,0"
2011-09-11,"6250,0"
2011-09-12,"6650,0"
2011-09-13,"7100,0"
2011-09-14,"7300,0"
2011-09-15,"7800,0"
2011-09-16,"5950,0"
2011-09-17,"6700,0"
2011-09-18,"7900,0"
2011-09-19,"6350,0"
2011-09-20,"7000,0"
2011-09-21,"7300,0"
2011-09-22,"7400,0"
2011-09-23,"6650,0"
2011-09-24,"6450,0"
2011-09-25,"6850,0"
2011-09-26,"6700,0"
2011-09-27,"6650,0"
2011-09-28,"7350,0"
2011-09-29,"6250,0"
2011-09-30,"6100,0"
2011-10-01,"7150,0"
2011-10-02,"6050,0"
2011-10-03,"7250,0"
2011-10-04,"5600,0"
2011-10-05,"7250,0"
2011-10-06,"6400,0"
2011-10-07,"6900,0"
2011-10-08,"5950,0"
2011-10-09,"6350,0"
2011-10-10,"6150,0"
2011-10-11,"4650,0"
2011-10-12,"6000,0"
2011-10-13,"4850,0"
2011-10-14,"6950,0"
2011-10-15,"6700,0"
2011-10-16,"5950,0"
2011-10-17,"5900,0"
2011-10-18,"6000,0"
2011-10-19,"6650,0"
2011-10-20,"5750,0"
2011-10-21,"6050,0"
2011-10-22,"4900,0"
2011-10-23,"5400,0"
2011-10-24,"6350,0"
2011-10-25,"6450,0"
2011-10-26,"5850,0"
2011-10-27,"5000,0"
2011-10-28,"5250,0"
2011-10-29,"5650,0"
2011-10-30,"5550,0"
2011-10-31,"6550,0"
2011-11-01,"7500,0"
2011-11-02,"7700,0"
2011-11-03,"6250,0"
2011-11-04,"7350,0"
2011-11-05,"7300,0"
2011-11-06,"7200,0"
2011-11-07,"6600,0"
2011-11-08,"7450,0"
2011-11-09,"8050,0"
2011-11-10,"7050,0"
2011-11-11,"5950,0"
2011-11-12,"7150,0"
2011-11-13,"7200,0"
2011-11-14,"7150,0"
2011-11-15,"8250,0"
2011-11-16,"6750,0"
2011-11-17,"6950,0"
2011-11-18,"6650,0"
2011-11-19,"6150,0"
2011-11-20,"7150,0"
2011-11-21,"5900,0"
2011-11-22,"7000,0"
2011-11-23,"6700,0"
2011-11-24,"5650,0"
2011-11-25,"6750,0"
2011-11-26,"6000,0"
2011-11-27,"5700,0"
2011-11-28,"6350,0"
2011-11-29,"6900,0"
2011-11-30,"8100,0"
2011-12-01,"9100,0"
2011-12-02,"7300,0"
2011-12-03,"7600,0"
2011-12-04,"6800,0"
2011-12-05,"7900,0"
2011-12-06,"8550,0"
2011-12-07,"6900,0"
2011-12-08,"8200,0"
2011-12-09,"7350,0"
2011-12-10,"7200,0"
2011-12-11,"7600,0"
2011-12-12,"6350,0"
2011-12-13,"6600,0"
2011-12-14,"7650,0"
2011-12-15,"5600,0"
2011-12-16,"5900,0"
2011-12-17,"7500,0"
2011-12-18,"7200,0"
2011-12-19,"7950,0"
2011-12-20,"6700,0"
2011-12-21,"7450,0"
2011-12-22,"7400,0"
2011-12-23,"7100,0"
2011-12-24,"7250,0"
2011-12-25,"8700,0"
2011-12-26,"8850,0"
2011-12-27,"7250,0"
2011-12-28,"7750,0"
2011-12-29,"6900,0"
2011-12-30,"7100,0"
2011-12-31,"7550,0"
2012-01-01,"7650,0"
2012-01-02,"7550,0"
2012-01-03,"7950,0"
2012-01-04,"7450,0"
2012-01-05,"7350,0"
2012-01-06,"8550,0"
2012-01-07,"9200,0"
2012-01-08,"8150,0"
2012-01-09,"8200,0"
2012-01-10,"7050,0"
2012-01-11,"7650,0"
2012-01-12,"7750,0"
2012-01-13,"7000,0"
2012-01-14,"7500,0"
2012-01-15,"6950,0"
2012-01-16,"8750,0"
2012-01-17,"7850,0"
2012-01-18,"6400,0"
2012-01-19,"7500,0"
2012-01-20,"7250,0"
2012-01-21,"8200,0"
2012-01-22,"6800,0"
2012-01-23,"8500,0"
2012-01-24,"6950,0"
2012-01-25,"7400,0"
2012-01-26,"6900,0"
2012-01-27,"7050,0"
2012-01-28,"7250,0"
2012-01-29,"8350,0"
2012-01-30,"8600,0"
2012-01-31,"7500,0"
2012-02-01,"7050,0"
2012-02-02,"7950,0"
2012-02-03,"7900,0"
2012-02-04,"7850,0"
2012-02-05,"7100,0"
2012-02-06,"7300,0"
2012-02-07,"6850,0"
2012-02-08,"7250,0"
2012-02-09,"7250,0"
2012-02-10,"6900,0"
2012-02-11,"7500,0"
2012-02-12,"7900,0"
2012-02-13,"6850,0"
2012-02-14,"6900,0"
2012-02-15,"6700,0"
2012-02-16,"6900,0"
2012-02-17,"7600,0"
2012-02-18,"8550,0"
2012-02-19,"7900,0"
2012-02-20,"7000,0"
2012-02-21,"6450,0"
2012-02-22,"7950,0"
2012-02-23,"8300,0"
2012-02-24,"7450,0"
2012-02-25,"8250,0"
2012-02-26,"7500,0"
2012-02-27,"7700,0"
2012-02-28,"8000,0"
2012-02-29,"8950,0"
2012-03-01,"7550,0"
2012-03-02,"6700,0"
2012-03-03,"5650,0"
2012-03-04,"6850,0"
2012-03-05,"7250,0"
2012-03-06,"6850,0"
2012-03-07,"7700,0"
2012-03-08,"7800,0"
2012-03-09,"8400,0"
2012-03-10,"8250,0"
2012-03-11,"6700,0"
2012-03-12,"8300,0"
2012-03-13,"8000,0"
2012-03-14,"6850,0"
2012-03-15,"6050,0"
2012-03-16,"7650,0"
2012-03-17,"8500,0"
2012-03-18,"8000,0"
2012-03-19,"7150,0"
2012-03-20,"8000,0"
2012-03-21,"7900,0"
2012-03-22,"7900,0"
2012-03-23,"6300,0"
2012-03-24,"9200,0"
2012-03-25,"7850,0"
2012-03-26,"7550,0"
2012-03-27,"7800,0"
2012-03-28,"7500,0"
2012-03-29,"7050,0"
2012-03-30,"7700,0"
2012-03-31,"8500,0"
2012-04-01,"7100,0"
2012-04-02,"5800,0"
2012-04-03,"6650,0"
2012-04-04,"6850,0"
2012-04-05,"5850,0"
2012-04-06,"6800,0"
2012-04-07,"6450,0"
2012-04-08,"7500,0"
2012-04-09,"7300,0"
2012-04-10,"7350,0"
2012-04-11,"7050,0"
2012-04-12,"6350,0"
2012-04-13,"6150,0"
2012-04-14,"6950,0"
2012-04-15,"5350,0"
2012-04-16,"7500,0"
2012-04-17,"6750,0"
2012-04-18,"6500,0"
2012-04-19,"7850,0"
2012-04-20,"7700,0"
2012-04-21,"7700,0"
2012-04-22,"7000,0"
2012-04-23,"6750,0"
2012-04-24,"6900,0"
2012-04-25,"6350,0"
2012-04-26,"7750,0"
2012-04-27,"6750,0"
2012-04-28,"7600,0"
2012-04-29,"8950,0"
2012-04-30,"8950,0"
2012-05-01,"8500,0"
2012-05-02,"7500,0"
2012-05-03,"7850,0"
2012-05-04,"8050,0"
2012-05-05,"8350,0"
2012-05-06,"8200,0"
2012-05-07,"8500,0"
2012-05-08,"8800,0"
2012-05-09,"8300,0"
2012-05-10,"6450,0"
2012-05-11,"7150,0"
2012-05-12,"6400,0"
2012-05-13,"7000,0"
2012-05-14,"6950,0"
2012-05-15,"6500,0"
2012-05-16,"6050,0"
2012-05-17,"5800,0"
2012-05-18,"7250,0"
2012-05-19,"7450,0"
2012-05-20,"6900,0"
2012-05-21,"6300,0"
2012-05-22,"5750,0"
2012-05-23,"6500,0"
2012-05-24,"6250,0"
2012-05-25,"6050,0"
2012-05-26,"7100,0"
2012-05-27,"7950,0"
2012-05-28,"7100,0"
2012-05-29,"6300,0"
2012-05-30,"6550,0"
2012-05-31,"6900,0"
2012-06-01,"7600,0"
2012-06-02,"8000,0"
2012-06-03,"7650,0"
2012-06-04,"7750,0"
2012-06-05,"7350,0"
2012-06-06,"7650,0"
2012-06-07,"6950,0"
2012-06-08,"7050,0"
2012-06-09,"8550,0"
2012-06-10,"8300,0"
2012-06-11,"7000,0"
2012-06-12,"7800,0"
2012-06-13,"7500,0"
2012-06-14,"7800,0"
2012-06-15,"7950,0"
2012-06-16,"7800,0"
2012-06-17,"8200,0"
2012-06-18,"8750,0"
2012-06-19,"7350,0"
2012-06-20,"7250,0"
2012-06-21,"6800,0"
2012-06-22,"6900,0"
2012-06-23,"8200,0"
2012-06-24,"6550,0"
2012-06-25,"7700,0"
2012-06-26,"7450,0"
2012-06-27,"8150,0"
2012-06-28,"6850,0"
2012-06-29,"7300,0"
2012-06-30,"6600,0"
2012-07-01,"7100,0"
2012-07-02,"7600,0"
2012-07-03,"8000,0"
2012-07-04,"7500,0"
2012-07-05,"7200,0"
2012-07-06,"7750,0"
2012-07-07,"8300,0"
2012-07-08,"7650,0"
2012-07-09,"8150,0"
2012-07-10,"7500,0"
2012-07-11,"6700,0"
2012-07-12,"7500,0"
2012-07-13,"8150,0"
2012-07-14,"8050,0"
2012-07-15,"7000,0"
2012-07-16,"7500,0"
2012-07-17,"8600,0"
2012-07-18,"7750,0"
2012-07-19,"6750,0"
2012-07-20,"7400,0"
2012-07-21,"7050,0"
2012-07-22,"7750,0"
2012-07-23,"7050,0"
2012-07-24,"8050,0"
2012-07-25,"8000,0"
2012-07-26,"8450,0"
2012-07-27,"8900,0"
2012-07-28,"7650,0"
2012-07-29,"8300,0"
2012-07-30,"8800,0"
2012-07-31,"6500,0"
2012-08-01,"6700,0"
2012-08-02,"8250,0"
2012-08-03,"8100,0"
2012-08-04,"7800,0"
2012-08-05,"6950,0"
2012-08-06,"7000,0"
2012-08-07,"8200,0"
2012-08-08,"8300,0"
2012-08-09,"8500,0"
2012-08-10,"7800,0"
2012-08-11,"8400,0"
2012-08-12,"7950,0"
2012-08-13,"8000,0"
2012-08-14,"7850,0"
2012-08-15,"8350,0"
2012-08-16,"7700,0"
2012-08-17,"6900,0"
2012-08-18,"7550,0"
2012-08-19,"9100,0"
2012-08-20,"8700,0"
2012-08-21,"8650,0"
2012-08-22,"7800,0"
2012-08-23,"8250,0"
2012-08-24,"7400,0"
2012-08-25,"6900,0"
2012-08-26,"8950,0"
2012-08-27,"7250,0"
2012-08-28,"7550,0"
2012-08-29,"8400,0"
2012-08-30,"7700,0"
2012-08-31,"7000,0"
2012-09-01,"8050,0"
2012-09-02,"8200,0"
2012-09-03,"7850,0"
2012-09-04,"7650,0"
2012-09-05,"9000,0"
2012-09-06,"8550,0"
2012-09-07,"8400,0"
2012-09-08,"7250,0"
2012-09-09,"7950,0"
2012-09-10,"7500,0"
2012-09-11,"7250,0"
2012-09-12,"7750,0"
2012-09-13,"6500,0"
2012-09-14,"8100,0"
2012-09-15,"7200,0"
2012-09-16,"8050,0"
2012-09-17,"8400,0"
2012-09-18,"8350,0"
2012-09-19,"7050,0"
2012-09-20,"7600,0"
2012-09-21,"8450,0"
2012-09-22,"7850,0"
2012-09-23,"7900,0"
2012-09-24,"7650,0"
2012-09-25,"6950,0"
2012-09-26,"7000,0"
2012-09-27,"8050,0"
2012-09-28,"7900,0"
2012-09-29,"8400,0"
2012-09-30,"7950,0"
2012-10-01,"6550,0"
2012-10-02,"7300,0"
2012-10-03,"6650,0"
2012-10-04,"6550,0"
2012-10-05,"6800,0"
2012-10-06,"7750,0"
2012-10-07,"6250,0"
2012-10-08,"8900,0"
2012-10-09,"7100,0"
2012-10-10,"7450,0"
2012-10-11,"6900,0"
2012-10-12,"7450,0"
2012-10-13,"7400,0"
2012-10-14,"6350,0"
2012-10-15,"8450,0"
2012-10-16,"7750,0"
2012-10-17,"7100,0"
2012-10-18,"7850,0"
2012-10-19,"6750,0"
2012-10-20,"7900,0"
2012-10-21,"8050,0"
2012-10-22,"7850,0"
2012-10-23,"6500,0"
2012-10-24,"8100,0"
2012-10-25,"7150,0"
2012-10-26,"8250,0"
2012-10-27,"8750,0"
2012-10-28,"8300,0"
2012-10-29,"7900,0"
2012-10-30,"7150,0"
2012-10-31,"7200,0"
2012-11-01,"6850,0"
2012-11-02,"7150,0"
2012-11-03,"7300,0"
2012-11-04,"7850,0"
2012-11-05,"8000,0"
2012-11-06,"6750,0"
2012-11-07,"7850,0"
2012-11-08,"7700,0"
2012-11-09,"7600,0"
2012-11-10,"7200,0"
2012-11-11,"7350,0"
2012-11-12,"6600,0"
2012-11-13,"7000,0"
2012-11-14,"7150,0"
2012-11-15,"6800,0"
2012-11-16,"7250,0"
2012-11-17,"7000,0"
2012-11-18,"7300,0"
2012-11-19,"7300,0"
2012-11-20,"7350,0"
2012-11-21,"7600,0"
2012-11-22,"7200,0"
2012-11-23,"8150,0"
2012-11-24,"7550,0"
2012-11-25,"7300,0"
2012-11-26,"7850,0"
2012-11-27,"7400,0"
2012-11-28,"7125,0"
2012-11-29,"4150,0"
2012-11-30,"3125,0"
2012-12-01,"4175,0"
2012-12-02,"3575,0"
2012-12-03,"3675,0"
2012-12-04,"2800,0"
2012-12-05,"3050,0"
2012-12-06,"3425,0"
2012-12-07,"3225,0"
2012-12-08,"3450,0"
2012-12-09,"3150,0"
2012-12-10,"3575,0"
2012-12-11,"3600,0"
2012-12-12,"3250,0"
2012-12-13,"3275,0"
2012-12-14,"2650,0"
2012-12-15,"2900,0"
2012-12-16,"2775,0"
2012-12-17,"3350,0"
2012-12-18,"3125,0"
2012-12-19,"3550,0"
2012-12-20,"2650,0"
2012-12-21,"3150,0"
2012-12-22,"3825,0"
2012-12-23,"3050,0"
2012-12-24,"3300,0"
2012-12-25,"3100,0"
2012-12-26,"3850,0"
2012-12-27,"3900,0"
2012-12-28,"4225,0"
2012-12-29,"3600,0"
2012-12-30,"4150,0"
2012-12-31,"3950,0"
2013-01-01,"4050,0"
2013-01-02,"3825,0"
2013-01-03,"4050,0"
2013-01-04,"3825,0"
2013-01-05,"3525,0"
2013-01-06,"3625,0"
2013-01-07,"4200,0"
2013-01-08,"3325,0"
2013-01-09,"3250,0"
2013-01-10,"3675,0"
2013-01-11,"2925,0"
2013-01-12,"3050,0"
2013-01-13,"3325,0"
2013-01-14,"3925,0"
2013-01-15,"3025,0"
2013-01-16,"3275,0"
2013-01-17,"2775,0"
2013-01-18,"3025,0"
2013-01-19,"3850,0"
2013-01-20,"3250,0"
2013-01-21,"3300,0"
2013-01-22,"3600,0"
2013-01-23,"3150,0"
2013-01-24,"3900,0"
2013-01-25,"3425,0"
2013-01-26,"3900,0"
2013-01-27,"3775,0"
2013-01-28,"3675,0"
2013-01-29,"3950,0"
2013-01-30,"3825,0"
2013-01-31,"4825,0"
2013-02-01,"3675,0"
2013-02-02,"3825,0"
2013-02-03,"4650,0"
2013-02-04,"4100,0"
2013-02-05,"4175,0"
2013-02-06,"3650,0"
2013-02-07,"3850,0"
2013-02-08,"3775,0"
2013-02-09,"3575,0"
2013-02-10,"4025,0"
2013-02-11,"3975,0"
2013-02-12,"3475,0"
2013-02-13,"4275,0"
2013-02-14,"3775,0"
2013-02-15,"4475,0"
2013-02-16,"4725,0"
2013-02-17,"4700,0"
2013-02-18,"4025,0"
2013-02-19,"3975,0"
2013-02-20,"4825,0"
2013-02-21,"4400,0"
2013-02-22,"4250,0"
2013-02-23,"4100,0"
2013-02-24,"3900,0"
2013-02-25,"5100,0"
2013-02-26,"4150,0"
2013-02-27,"4825,0"
2013-02-28,"4200,0"
2013-03-01,"3800,0"
2013-03-02,"3625,0"
2013-03-03,"4025,0"
2013-03-04,"4475,0"
2013-03-05,"3475,0"
2013-03-06,"3875,0"
2013-03-07,"4000,0"
2013-03-08,"4000,0"
2013-03-09,"4225,0"
2013-03-10,"4575,0"
2013-03-11,"4100,0"
2013-03-12,"3375,0"
2013-03-13,"3925,0"
2013-03-14,"4475,0"
2013-03-15,"4300,0"
2013-03-16,"4375,0"
2013-03-17,"5225,0"
2013-03-18,"4750,0"
2013-03-19,"4250,0"
2013-03-20,"5275,0"
2013-03-21,"5450,0"
2013-03-22,"5725,0"
2013-03-23,"5425,0"
2013-03-24,"4725,0"
2013-03-25,"3600,0"
2013-03-26,"3775,0"
2013-03-27,"3275,0"
2013-03-28,"4575,0"
2013-03-29,"4350,0"
2013-03-30,"4325,0"
2013-03-31,"4225,0"
2013-04-01,"4950,0"
2013-04-02,"4525,0"
2013-04-03,"4375,0"
2013-04-04,"3850,0"
2013-04-05,"3950,0"
2013-04-06,"4075,0"
2013-04-07,"4100,0"
2013-04-08,"3875,0"
2013-04-09,"4400,0"
2013-04-10,"4775,0"
2013-04-11,"4000,0"
2013-04-12,"4325,0"
2013-04-13,"4175,0"
2013-04-14,"3825,0"
2013-04-15,"4100,0"
2013-04-16,"4425,0"
2013-04-17,"4275,0"
2013-04-18,"3675,0"
2013-04-19,"3425,0"
2013-04-20,"3850,0"
2013-04-21,"4400,0"
2013-04-22,"3825,0"
2013-04-23,"4200,0"
2013-04-24,"4050,0"
2013-04-25,"4300,0"
2013-04-26,"4275,0"
2013-04-27,"3675,0"
2013-04-28,"4425,0"
2013-04-29,"4350,0"
2013-04-30,"3725,0"
2013-05-01,"3775,0"
2013-05-02,"3350,0"
2013-05-03,"3425,0"
2013-05-04,"3975,0"
2013-05-05,"4125,0"
2013-05-06,"4150,0"
2013-05-07,"4200,0"
2013-05-08,"4125,0"
2013-05-09,"4100,0"
2013-05-10,"4300,0"
2013-05-11,"4550,0"
2013-05-12,"4200,0"
2013-05-13,"4350,0"
2013-05-14,"3850,0"
2013-05-15,"3525,0"
2013-05-16,"3700,0"
2013-05-17,"4025,0"
2013-05-18,"3725,0"
2013-05-19,"3900,0"
2013-05-20,"3225,0"
2013-05-21,"3775,0"
2013-05-22,"3900,0"
2013-05-23,"4350,0"
2013-05-24,"4225,0"
2013-05-25,"4125,0"
2013-05-26,"4075,0"
2013-05-27,"4400,0"
2013-05-28,"3950,0"
2013-05-29,"4200,0"
2013-05-30,"4475,0"
2013-05-31,"4375,0"
2013-06-01,"5325,0"
2013-06-02,"4975,0"
2013-06-03,"5325,0"
2013-06-04,"5325,0"
2013-06-05,"4600,0"
2013-06-06,"4525,0"
2013-06-07,"4025,0"
2013-06-08,"4525,0"
2013-06-09,"3975,0"
2013-06-10,"4350,0"
2013-06-11,"4500,0"
2013-06-12,"5075,0"
2013-06-13,"4650,0"
2013-06-14,"4500,0"
2013-06-15,"4325,0"
2013-06-16,"4625,0"
2013-06-17,"3625,0"
2013-06-18,"3500,0"
2013-06-19,"3400,0"
2013-06-20,"3850,0"
2013-06-21,"4200,0"
2013-06-22,"4400,0"
2013-06-23,"4125,0"
2013-06-24,"3750,0"
2013-06-25,"3925,0"
2013-06-26,"4350,0"
2013-06-27,"4175,0"
2013-06-28,"4225,0"
2013-06-29,"4225,0"
2013-06-30,"3825,0"
2013-07-01,"3925,0"
2013-07-02,"3825,0"
2013-07-03,"4600,0"
2013-07-04,"4125,0"
2013-07-05,"4650,0"
2013-07-06,"4675,0"
2013-07-07,"4650,0"
2013-07-08,"4800,0"
2013-07-09,"4625,0"
2013-07-10,"4875,0"
2013-07-11,"4350,0"
2013-07-12,"3850,0"
2013-07-13,"3925,0"
2013-07-14,"4300,0"
2013-07-15,"4100,0"
2013-07-16,"4100,0"
2013-07-17,"4600,0"
2013-07-18,"4025,0"
2013-07-19,"4275,0"
2013-07-20,"4650,0"
2013-07-21,"4975,0"
2013-07-22,"4125,0"
2013-07-23,"3525,0"
2013-07-24,"3975,0"
2013-07-25,"3650,0"
2013-07-26,"4100,0"
2013-07-27,"4525,0"
2013-07-28,"4200,0"
2013-07-29,"4450,0"
2013-07-30,"4925,0"
2013-07-31,"4750,0"
2013-08-01,"4425,0"
2013-08-02,"4800,0"
2013-08-03,"4250,0"
2013-08-04,"4475,0"
2013-08-05,"4725,0"
2013-08-06,"4750,0"
2013-08-07,"4650,0"
2013-08-08,"5125,0"
2013-08-09,"4875,0"
2013-08-10,"5250,0"
2013-08-11,"5400,0"
2013-08-12,"5400,0"
2013-08-13,"4575,0"
2013-08-14,"4200,0"
2013-08-15,"4250,0"
2013-08-16,"4200,0"
2013-08-17,"4750,0"
2013-08-18,"4850,0"
2013-08-19,"4425,0"
2013-08-20,"4750,0"
2013-08-21,"4900,0"
2013-08-22,"5400,0"
2013-08-23,"4900,0"
2013-08-24,"4575,0"
2013-08-25,"3775,0"
2013-08-26,"4150,0"
2013-08-27,"4225,0"
2013-08-28,"4450,0"
2013-08-29,"4725,0"
2013-08-30,"5125,0"
2013-08-31,"5575,0"
2013-09-01,"5525,0"
2013-09-02,"5375,0"
2013-09-03,"4850,0"
2013-09-04,"4075,0"
2013-09-05,"4475,0"
2013-09-06,"4625,0"
2013-09-07,"3625,0"
2013-09-08,"3925,0"
2013-09-09,"5075,0"
2013-09-10,"4775,0"
2013-09-11,"5000,0"
2013-09-12,"5325,0"
2013-09-13,"5100,0"
2013-09-14,"5450,0"
2013-09-15,"4525,0"
2013-09-16,"3850,0"
2013-09-17,"4475,0"
2013-09-18,"4125,0"
2013-09-19,"4750,0"
2013-09-20,"5000,0"
2013-09-21,"4725,0"
2013-09-22,"5075,0"
2013-09-23,"5250,0"
2013-09-24,"5300,0"
2013-09-25,"5150,0"
2013-09-26,"4050,0"
2013-09-27,"4450,0"
2013-09-28,"4425,0"
2013-09-29,"4250,0"
2013-09-30,"4075,0"
2013-10-01,"4675,0"
2013-10-02,"4775,0"
2013-10-03,"4975,0"
2013-10-04,"4500,0"
2013-10-05,"5475,0"
2013-10-06,"4625,0"
2013-10-07,"3900,0"
2013-10-08,"4025,0"
2013-10-09,"4475,0"
2013-10-10,"4800,0"
2013-10-11,"4625,0"
2013-10-12,"5350,0"
2013-10-13,"5525,0"
2013-10-14,"6250,0"
2013-10-15,"6500,0"
2013-10-16,"5250,0"
2013-10-17,"4175,0"
2013-10-18,"4800,0"
2013-10-19,"5575,0"
2013-10-20,"4975,0"
2013-10-21,"5275,0"
2013-10-22,"6125,0"
2013-10-23,"5525,0"
2013-10-24,"5375,0"
2013-10-25,"5875,0"
2013-10-26,"4550,0"
2013-10-27,"4475,0"
2013-10-28,"4375,0"
2013-10-29,"4000,0"
2013-10-30,"4875,0"
2013-10-31,"5275,0"
2013-11-01,"5200,0"
2013-11-02,"5050,0"
2013-11-03,"4800,0"
2013-11-04,"4875,0"
2013-11-05,"4350,0"
2013-11-06,"4075,0"
2013-11-07,"3600,0"
2013-11-08,"3350,0"
2013-11-09,"3700,0"
2013-11-10,"4275,0"
2013-11-11,"4675,0"
2013-11-12,"5025,0"
2013-11-13,"4200,0"
2013-11-14,"4575,0"
2013-11-15,"4150,0"
2013-11-16,"4850,0"
2013-11-17,"4650,0"
2013-11-18,"3900,0"
2013-11-19,"4025,0"
2013-11-20,"4100,0"
2013-11-21,"3750,0"
2013-11-22,"4300,0"
2013-11-23,"4250,0"
2013-11-24,"4200,0"
2013-11-25,"4325,0"
2013-11-26,"3975,0"
2013-11-27,"4325,0"
2013-11-28,"4525,0"
2013-11-29,"4325,0"
2013-11-30,"4400,0"
2013-12-01,"4875,0"
2013-12-02,"3975,0"
2013-12-03,"5000,0"
2013-12-04,"4275,0"
2013-12-05,"4250,0"
2013-12-06,"5200,0"
2013-12-07,"4875,0"
2013-12-08,"4875,0"
2013-12-09,"4400,0"
2013-12-10,"4800,0"
2013-12-11,"4125,0"
2013-12-12,"4075,0"
2013-12-13,"4350,0"
2013-12-14,"4950,0"
2013-12-15,"4425,0"
2013-12-16,"5025,0"
2013-12-17,"5075,0"
2013-12-18,"4975,0"
2013-12-19,"5650,0"
2013-12-20,"4450,0"
2013-12-21,"4025,0"
2013-12-22,"4225,0"
2013-12-23,"4275,0"
2013-12-24,"4225,0"
2013-12-25,"4050,0"
2013-12-26,"4500,0"
2013-12-27,"4600,0"
2013-12-28,"3750,0"
2013-12-29,"4200,0"
2013-12-30,"4325,0"
2013-12-31,"4600,0"
2014-01-01,"5125,0"
2014-01-02,"3350,0"
2014-01-03,"4025,0"
2014-01-04,"3525,0"
2014-01-05,"4825,0"
2014-01-06,"4650,0"
2014-01-07,"4425,0"
2014-01-08,"4825,0"
2014-01-09,"5175,0"
2014-01-10,"4675,0"
2014-01-11,"5250,0"
2014-01-12,"5175,0"
2014-01-13,"4225,0"
2014-01-14,"4050,0"
2014-01-15,"4600,0"
2014-01-16,"4625,0"
2014-01-17,"3800,0"
2014-01-18,"4350,0"
2014-01-19,"4225,0"
2014-01-20,"4875,0"
2014-01-21,"4150,0"
2014-01-22,"4800,0"
2014-01-23,"4425,0"
2014-01-24,"4725,0"
2014-01-25,"4125,0"
2014-01-26,"3800,0"
2014-01-27,"4350,0"
2014-01-28,"3850,0"
2014-01-29,"3800,0"
2014-01-30,"4400,0"
2014-01-31,"4600,0"
2014-02-01,"4725,0"
2014-02-02,"4650,0"
2014-02-03,"4525,0"
2014-02-04,"4300,0"
2014-02-05,"4200,0"
2014-02-06,"4550,0"
2014-02-07,"3875,0"
2014-02-08,"4550,0"
2014-02-09,"3450,0"
2014-02-10,"3900,0"
2014-02-11,"4100,0"
2014-02-12,"4450,0"
2014-02-13,"4450,0"
2014-02-14,"4775,0"
2014-02-15,"4675,0"
2014-02-16,"4875,0"
2014-02-17,"3875,0"
2014-02-18,"4075,0"
2014-02-19,"5000,0"
2014-02-20,"4425,0"
2014-02-21,"3800,0"
2014-02-22,"4500,0"
2014-02-23,"4200,0"
2014-02-24,"4775,0"
2014-02-25,"4025,0"
2014-02-26,"4600,0"
2014-02-27,"4700,0"
2014-02-28,"4525,0"
2014-03-01,"3600,0"
2014-03-02,"3500,0"
2014-03-03,"3700,0"
2014-03-04,"3725,0"
2014-03-05,"3900,0"
2014-03-06,"4325,0"
2014-03-07,"4150,0"
2014-03-08,"4200,0"
2014-03-09,"4475,0"
2014-03-10,"3725,0"
2014-03-11,"4200,0"
2014-03-12,"4550,0"
2014-03-13,"4050,0"
2014-03-14,"3325,0"
2014-03-15,"4125,0"
2014-03-16,"4275,0"
2014-03-17,"4025,0"
2014-03-18,"3650,0"
2014-03-19,"4000,0"
2014-03-20,"4425,0"
2014-03-21,"4650,0"
2014-03-22,"4250,0"
2014-03-23,"5350,0"
2014-03-24,"4700,0"
2014-03-25,"3925,0"
2014-03-26,"3975,0"
2014-03-27,"4325,0"
2014-03-28,"4350,0"
2014-03-29,"4375,0"
2014-03-30,"3500,0"
2014-03-31,"4500,0"
2014-04-01,"4275,0"
2014-04-02,"4925,0"
2014-04-03,"5100,0"
2014-04-04,"4875,0"
2014-04-05,"4275,0"
2014-04-06,"3775,0"
2014-04-07,"3775,0"
2014-04-08,"3350,0"
2014-04-09,"4025,0"
2014-04-10,"3875,0"
2014-04-11,"4225,0"
2014-04-12,"4025,0"
2014-04-13,"4675,0"
2014-04-14,"4825,0"
2014-04-15,"4550,0"
2014-04-16,"3975,0"
2014-04-17,"4225,0"
2014-04-18,"4000,0"
2014-04-19,"3975,0"
2014-04-20,"4450,0"
2014-04-21,"4275,0"
2014-04-22,"3850,0"
2014-04-23,"4125,0"
2014-04-24,"3775,0"
2014-04-25,"4550,0"
2014-04-26,"4075,0"
2014-04-27,"4425,0"
2014-04-28,"3800,0"
2014-04-29,"4275,0"
2014-04-30,"3425,0"
2014-05-01,"4400,0"
2014-05-02,"4025,0"
2014-05-03,"3550,0"
2014-05-04,"3775,0"
2014-05-05,"3125,0"
2014-05-06,"4850,0"
2014-05-07,"3975,0"
2014-05-08,"4175,0"
2014-05-09,"4250,0"
2014-05-10,"4475,0"
2014-05-11,"3800,0"
2014-05-12,"4100,0"
2014-05-13,"4050,0"
2014-05-14,"3750,0"
2014-05-15,"4275,0"
2014-05-16,"4525,0"
2014-05-17,"4325,0"
2014-05-18,"4300,0"
2014-05-19,"4200,0"
2014-05-20,"4425,0"
2014-05-21,"4375,0"
2014-05-22,"4300,0"
2014-05-23,"4125,0"
2014-05-24,"3850,0"
2014-05-25,"4025,0"
2014-05-26,"3950,0"
2014-05-27,"3400,0"
2014-05-28,"4225,0"
2014-05-29,"3525,0"
2014-05-30,"4175,0"
2014-05-31,"3675,0"
2014-06-01,"4375,0"
2014-06-02,"4825,0"
2014-06-03,"4450,0"
2014-06-04,"4525,0"
2014-06-05,"3800,0"
2014-06-06,"3475,0"
2014-06-07,"3875,0"
2014-06-08,"3400,0"
2014-06-09,"3900,0"
2014-06-10,"4175,0"
2014-06-11,"3650,0"
2014-06-12,"4300,0"
2014-06-13,"4075,0"
2014-06-14,"4450,0"
2014-06-15,"4750,0"
2014-06-16,"4700,0"
2014-06-17,"4600,0"
2014-06-18,"3950,0"
2014-06-19,"4175,0"
2014-06-20,"4650,0"
2014-06-21,"4650,0"
2014-06-22,"4500,0"
2014-06-23,"4400,0"
2014-06-24,"4700,0"
2014-06-25,"4675,0"
2014-06-26,"4275,0"
2014-06-27,"4925,0"
2014-06-28,"4550,0"
2014-06-29,"3925,0"
2014-06-30,"3300,0"
2014-07-01,"3325,0"
2014-07-02,"3425,0"
2014-07-03,"3475,0"
2014-07-04,"4150,0"
2014-07-05,"3800,0"
2014-07-06,"3550,0"
2014-07-07,"3750,0"
2014-07-08,"3750,0"
2014-07-09,"4150,0"
2014-07-10,"3725,0"
2014-07-11,"3900,0"
2014-07-12,"3925,0"
2014-07-13,"4000,0"
2014-07-14,"3375,0"
2014-07-15,"3975,0"
2014-07-16,"3600,0"
2014-07-17,"4300,0"
2014-07-18,"4300,0"
2014-07-19,"4425,0"
2014-07-20,"3875,0"
2014-07-21,"3875,0"
2014-07-22,"3550,0"
2014-07-23,"3650,0"
2014-07-24,"3575,0"
2014-07-25,"4075,0"
2014-07-26,"3350,0"
2014-07-27,"3825,0"
2014-07-28,"3750,0"
2014-07-29,"3725,0"
2014-07-30,"4300,0"
2014-07-31,"3850,0"
2014-08-01,"3925,0"
2014-08-02,"4075,0"
2014-08-03,"3850,0"
2014-08-04,"3200,0"
2014-08-05,"3375,0"
2014-08-06,"4100,0"
2014-08-07,"4000,0"
2014-08-08,"3950,0"
2014-08-09,"4550,0"
2014-08-10,"4425,0"
2014-08-11,"4550,0"
2014-08-12,"4350,0"
2014-08-13,"3625,0"
2014-08-14,"4500,0"
2014-08-15,"4125,0"
2014-08-16,"3950,0"
2014-08-17,"4250,0"
2014-08-18,"4950,0"
2014-08-19,"4650,0"
2014-08-20,"4225,0"
2014-08-21,"4125,0"
2014-08-22,"3925,0"
2014-08-23,"4050,0"
2014-08-24,"3650,0"
2014-08-25,"3425,0"
2014-08-26,"4325,0"
2014-08-27,"4225,0"
2014-08-28,"4325,0"
2014-08-29,"4250,0"
2014-08-30,"4550,0"
2014-08-31,"4700,0"
2014-09-01,"3400,0"
2014-09-02,"3675,0"
2014-09-03,"4225,0"
2014-09-04,"3950,0"
2014-09-05,"3625,0"
2014-09-06,"4475,0"
2014-09-07,"3875,0"
2014-09-08,"3600,0"
2014-09-09,"3650,0"
2014-09-10,"3925,0"
2014-09-11,"4250,0"
2014-09-12,"3850,0"
2014-09-13,"4525,0"
2014-09-14,"3950,0"
2014-09-15,"3950,0"
2014-09-16,"4275,0"
2014-09-17,"4650,0"
2014-09-18,"4475,0"
2014-09-19,"4275,0"
2014-09-20,"4400,0"
2014-09-21,"4100,0"
2014-09-22,"4200,0"
2014-09-23,"3750,0"
2014-09-24,"3900,0"
2014-09-25,"4300,0"
2014-09-26,"3350,0"
2014-09-27,"3350,0"
2014-09-28,"3250,0"
2014-09-29,"3425,0"
2014-09-30,"3825,0"
2014-10-01,"3875,0"
2014-10-02,"3450,0"
2014-10-03,"3650,0"
2014-10-04,"3850,0"
2014-10-05,"4225,0"
2014-10-06,"4025,0"
2014-10-07,"3350,0"
2014-10-08,"3600,0"
2014-10-09,"3700,0"
2014-10-10,"3875,0"
2014-10-11,"3600,0"
2014-10-12,"3700,0"
2014-10-13,"3875,0"
2014-10-14,"3300,0"
2014-10-15,"3775,0"
2014-10-16,"3700,0"
2014-10-17,"3550,0"
2014-10-18,"4100,0"
2014-10-19,"3325,0"
2014-10-20,"3425,0"
2014-10-21,"3825,0"
2014-10-22,"3975,0"
2014-10-23,"3775,0"
2014-10-24,"3975,0"
2014-10-25,"3875,0"
2014-10-26,"3125,0"
2014-10-27,"3975,0"
2014-10-28,"3450,0"
2014-10-29,"3875,0"
2014-10-30,"4250,0"
2014-10-31,"4700,0"
2014-11-01,"3975,0"
2014-11-02,"3875,0"
2014-11-03,"4225,0"
2014-11-04,"4050,0"
2014-11-05,"3450,0"
2014-11-06,"3850,0"
2014-11-07,"3750,0"
2014-11-08,"3825,0"
2014-11-09,"3750,0"
2014-11-10,"3675,0"
2014-11-11,"3225,0"
2014-11-12,"3675,0"
2014-11-13,"3625,0"
2014-11-14,"3850,0"
2014-11-15,"3500,0"
2014-11-16,"3750,0"
2014-11-17,"3600,0"
2014-11-18,"3850,0"
2014-11-19,"3525,0"
2014-11-20,"3450,0"
2014-11-21,"3175,0"
2014-11-22,"3850,0"
2014-11-23,"3550,0"
2014-11-24,"3675,0"
2014-11-25,"3300,0"
2014-11-26,"3425,0"
2014-11-27,"3525,0"
2014-11-28,"3700,0"
2014-11-29,"3925,0"
2014-11-30,"4000,0"
2014-12-01,"3250,0"
2014-12-02,"3750,0"
2014-12-03,"2900,0"
2014-12-04,"3650,0"
2014-12-05,"3900,0"
2014-12-06,"3425,0"
2014-12-07,"3150,0"
2014-12-08,"4075,0"
2014-12-09,"3550,0"
2014-12-10,"3575,0"
2014-12-11,"3700,0"
2014-12-12,"3525,0"
2014-12-13,"3650,0"
2014-12-14,"3525,0"
2014-12-15,"3525,0"
2014-12-16,"3575,0"
2014-12-17,"3200,0"
2014-12-18,"3225,0"
2014-12-19,"3425,0"
2014-12-20,"3350,0"
2014-12-21,"3300,0"
2014-12-22,"4100,0"
2014-12-23,"3750,0"
2014-12-24,"3825,0"
2014-12-25,"3950,0"
2014-12-26,"3800,0"
2014-12-27,"3800,0"
2014-12-28,"4225,0"
2014-12-29,"4100,0"
2014-12-30,"3875,0"
2014-12-31,"3800,0"
2015-01-01,"4125,0"
2015-01-02,"4125,0"
2015-01-03,"4050,0"
2015-01-04,"4300,0"
2015-01-05,"3900,0"
2015-01-06,"3950,0"
2015-01-07,"3500,0"
2015-01-08,"3675,0"
2015-01-09,"3500,0"
2015-01-10,"3675,0"
2015-01-11,"3875,0"
2015-01-12,"3550,0"
2015-01-13,"3175,0"
2015-01-14,"3625,0"
2015-01-15,"3775,0"
2015-01-16,"3475,0"
2015-01-17,"3450,0"
2015-01-18,"3825,0"
2015-01-19,"3600,0"
2015-01-20,"2950,0"
2015-01-21,"3725,0"
2015-01-22,"3375,0"
2015-01-23,"3100,0"
2015-01-24,"3150,0"
2015-01-25,"3125,0"
2015-01-26,"3175,0"
2015-01-27,"3725,0"
2015-01-28,"4100,0"
2015-01-29,"4100,0"
2015-01-30,"3450,0"
2015-01-31,"4150,0"
2015-02-01,"3875,0"
2015-02-02,"3975,0"
2015-02-03,"3175,0"
2015-02-04,"3975,0"
2015-02-05,"3975,0"
2015-02-06,"4425,0"
2015-02-07,"3975,0"
2015-02-08,"3300,0"
2015-02-09,"4025,0"
2015-02-10,"3600,0"
2015-02-11,"3950,0"
2015-02-12,"2975,0"
2015-02-13,"3650,0"
2015-02-14,"4000,0"
2015-02-15,"3500,0"
2015-02-16,"3925,0"
2015-02-17,"3725,0"
2015-02-18,"4175,0"
2015-02-19,"4150,0"
2015-02-20,"3950,0"
2015-02-21,"3550,0"
2015-02-22,"3775,0"
2015-02-23,"3550,0"
2015-02-24,"3225,0"
2015-02-25,"3975,0"
2015-02-26,"3750,0"
2015-02-27,"3800,0"
2015-02-28,"3550,0"
2015-03-01,"3500,0"
2015-03-02,"3950,0"
2015-03-03,"3950,0"
2015-03-04,"3500,0"
2015-03-05,"3300,0"
2015-03-06,"3700,0"
2015-03-07,"3500,0"
2015-03-08,"3900,0"
2015-03-09,"3600,0"
2015-03-10,"3800,0"
2015-03-11,"3850,0"
2015-03-12,"3275,0"
2015-03-13,"3650,0"
2015-03-14,"3275,0"
2015-03-15,"3575,0"
2015-03-16,"3475,0"
2015-03-17,"3200,0"
2015-03-18,"3825,0"
2015-03-19,"3425,0"
2015-03-20,"3400,0"
2015-03-21,"3775,0"
2015-03-22,"3550,0"
2015-03-23,"3625,0"
2015-03-24,"4325,0"
2015-03-25,"4050,0"
2015-03-26,"3700,0"
2015-03-27,"4275,0"
2015-03-28,"3700,0"
2015-03-29,"3825,0"
2015-03-30,"3550,0"
2015-03-31,"3750,0"
2015-04-01,"3300,0"
2015-04-02,"4150,0"
2015-04-03,"3650,0"
2015-04-04,"3825,0"
2015-04-05,"3700,0"
2015-04-06,"3150,0"
2015-04-07,"3800,0"
2015-04-08,"3125,0"
2015-04-09,"3325,0"
2015-04-10,"3800,0"
2015-04-11,"3500,0"
2015-04-12,"3200,0"
2015-04-13,"3900,0"
2015-04-14,"3725,0"
2015-04-15,"3050,0"
2015-04-16,"3450,0"
2015-04-17,"3150,0"
2015-04-18,"3650,0"
2015-04-19,"3625,0"
2015-04-20,"3850,0"
2015-04-21,"3825,0"
2015-04-22,"3800,0"
2015-04-23,"3250,0"
2015-04-24,"3100,0"
2015-04-25,"4075,0"
2015-04-26,"3600,0"
2015-04-27,"3425,0"
2015-04-28,"3825,0"
2015-04-29,"3175,0"
2015-04-30,"3350,0"
2015-05-01,"3700,0"
2015-05-02,"3675,0"
2015-05-03,"3525,0"
2015-05-04,"3200,0"
2015-05-05,"3850,0"
2015-05-06,"4025,0"
2015-05-07,"3525,0"
2015-05-08,"3750,0"
2015-05-09,"3225,0"
2015-05-10,"3225,0"
2015-05-11,"3950,0"
2015-05-12,"3750,0"
2015-05-13,"4050,0"
2015-05-14,"3850,0"
2015-05-15,"3675,0"
2015-05-16,"3300,0"
2015-05-17,"4275,0"
2015-05-18,"3600,0"
2015-05-19,"3250,0"
2015-05-20,"3625,0"
2015-05-21,"3875,0"
2015-05-22,"3450,0"
2015-05-23,"2800,0"
2015-05-24,"3650,0"
2015-05-25,"3525,0"
2015-05-26,"3600,0"
2015-05-27,"3450,0"
2015-05-28,"3300,0"
2015-05-29,"3850,0"
2015-05-30,"3400,0"
2015-05-31,"3700,0"
2015-06-01,"3300,0"
2015-06-02,"3750,0"
2015-06-03,"3550,0"
2015-06-04,"3525,0"
2015-06-05,"3450,0"
2015-06-06,"4450,0"
2015-06-07,"3725,0"
2015-06-08,"3925,0"
2015-06-09,"3775,0"
2015-06-10,"4225,0"
2015-06-11,"3375,0"
2015-06-12,"3550,0"
2015-06-13,"3975,0"
2015-06-14,"3700,0"
2015-06-15,"3600,0"
2015-06-16,"2950,0"
2015-06-17,"3950,0"
2015-06-18,"3900,0"
2015-06-19,"3675,0"
2015-06-20,"3350,0"
2015-06-21,"3100,0"
2015-06-22,"3825,0"
2015-06-23,"3500,0"
2015-06-24,"3900,0"
2015-06-25,"3800,0"
2015-06-26,"3850,0"
2015-06-27,"3225,0"
2015-06-28,"3525,0"
2015-06-29,"3500,0"
2015-06-30,"3625,0"
2015-07-01,"3375,0"
2015-07-02,"3850,0"
2015-07-03,"4025,0"
2015-07-04,"3800,0"
2015-07-05,"3550,0"
2015-07-06,"4525,0"
2015-07-07,"3350,0"
2015-07-08,"4025,0"
2015-07-09,"3325,0"
2015-07-10,"3850,0"
2015-07-11,"3700,0"
2015-07-12,"3375,0"
2015-07-13,"3700,0"
2015-07-14,"3600,0"
2015-07-15,"3825,0"
2015-07-16,"3350,0"
2015-07-17,"3675,0"
2015-07-18,"3725,0"
2015-07-19,"3800,0"
2015-07-20,"3900,0"
2015-07-21,"3175,0"
2015-07-22,"3850,0"
2015-07-23,"3500,0"
2015-07-24,"4225,0"
2015-07-25,"3850,0"
2015-07-26,"3600,0"
2015-07-27,"3725,0"
2015-07-28,"3400,0"
2015-07-29,"3800,0"
2015-07-30,"3350,0"
2015-07-31,"3775,0"
2015-08-01,"3875,0"
2015-08-02,"3775,0"
2015-08-03,"3925,0"
2015-08-04,"3400,0"
2015-08-05,"3325,0"
2015-08-06,"3575,0"
2015-08-07,"3425,0"
2015-08-08,"4025,0"
2015-08-09,"3550,0"
2015-08-10,"4175,0"
2015-08-11,"4050,0"
2015-08-12,"3150,0"
2015-08-13,"3675,0"
2015-08-14,"3550,0"
2015-08-15,"3425,0"
2015-08-16,"3450,0"
2015-08-17,"3675,0"
2015-08-18,"3525,0"
2015-08-19,"3900,0"
2015-08-20,"3750,0"
2015-08-21,"4125,0"
2015-08-22,"3950,0"
2015-08-23,"3350,0"
2015-08-24,"3875,0"
2015-08-25,"3375,0"
2015-08-26,"4025,0"
2015-08-27,"3425,0"
2015-08-28,"3875,0"
2015-08-29,"4000,0"
2015-08-30,"3750,0"
2015-08-31,"3925,0"
2015-09-01,"3850,0"
2015-09-02,"4000,0"
2015-09-03,"3650,0"
2015-09-04,"3900,0"
2015-09-05,"3675,0"
2015-09-06,"3600,0"
2015-09-07,"3800,0"
2015-09-08,"3400,0"
2015-09-09,"3725,0"
2015-09-10,"4275,0"
2015-09-11,"3950,0"
2015-09-12,"3375,0"
2015-09-13,"3775,0"
2015-09-14,"3800,0"
2015-09-15,"4000,0"
2015-09-16,"3550,0"
2015-09-17,"3600,0"
2015-09-18,"3675,0"
2015-09-19,"3125,0"
2015-09-20,"3200,0"
2015-09-21,"3300,0"
2015-09-22,"3925,0"
2015-09-23,"3950,0"
2015-09-24,"3500,0"
2015-09-25,"4100,0"
2015-09-26,"3675,0"
2015-09-27,"3725,0"
2015-09-28,"3575,0"
2015-09-29,"4350,0"
2015-09-30,"3700,0"
2015-10-01,"3725,0"
2015-10-02,"3450,0"
2015-10-03,"3625,0"
2015-10-04,"3825,0"
2015-10-05,"3825,0"
2015-10-06,"3550,0"
2015-10-07,"3325,0"
2015-10-08,"3500,0"
2015-10-09,"3150,0"
2015-10-10,"4000,0"
2015-10-11,"3650,0"
2015-10-12,"3550,0"
2015-10-13,"3425,0"
2015-10-14,"3800,0"
2015-10-15,"4150,0"
2015-10-16,"3600,0"
2015-10-17,"3400,0"
2015-10-18,"3625,0"
2015-10-19,"4125,0"
2015-10-20,"3200,0"
2015-10-21,"3600,0"
2015-10-22,"3700,0"
2015-10-23,"3725,0"
2015-10-24,"3625,0"
2015-10-25,"3875,0"
2015-10-26,"4100,0"
2015-10-27,"3675,0"
2015-10-28,"3475,0"
2015-10-29,"3775,0"
2015-10-30,"4275,0"
2015-10-31,"3675,0"
2015-11-01,"3825,0"
2015-11-02,"3825,0"
2015-11-03,"3875,0"
2015-11-04,"3875,0"
2015-11-05,"3650,0"
2015-11-06,"3625,0"
2015-11-07,"3800,0"
2015-11-08,"3475,0"
2015-11-09,"3725,0"
2015-11-10,"3650,0"
2015-11-11,"4200,0"
2015-11-12,"4025,0"
2015-11-13,"4000,0"
2015-11-14,"3550,0"
2015-11-15,"4000,0"
2015-11-16,"4325,0"
2015-11-17,"3725,0"
2015-11-18,"3825,0"
2015-11-19,"3400,0"
2015-11-20,"4175,0"
2015-11-21,"4350,0"
2015-11-22,"4300,0"
2015-11-23,"4075,0"
2015-11-24,"3900,0"
2015-11-25,"3700,0"
2015-11-26,"4400,0"
2015-11-27,"3325,0"
2015-11-28,"3850,0"
2015-11-29,"3725,0"
2015-11-30,"4050,0"
2015-12-01,"4175,0"
2015-12-02,"4025,0"
2015-12-03,"3550,0"
2015-12-04,"3825,0"
2015-12-05,"4375,0"
2015-12-06,"3975,0"
2015-12-07,"3675,0"
2015-12-08,"4375,0"
2015-12-09,"4200,0"
2015-12-10,"5400,0"
2015-12-11,"4000,0"
2015-12-12,"4050,0"
2015-12-13,"3550,0"
2015-12-14,"4875,0"
2015-12-15,"4575,0"
2015-12-16,"4075,0"
2015-12-17,"3875,0"
2015-12-18,"4225,0"
2015-12-19,"3925,0"
2015-12-20,"4125,0"
2015-12-21,"3725,0"
2015-12-22,"3750,0"
2015-12-23,"3925,0"
2015-12-24,"3450,0"
2015-12-25,"4050,0"
2015-12-26,"4275,0"
2015-12-27,"5125,0"
2015-12-28,"3775,0"
2015-12-29,"3975,0"
2015-12-30,"4125,0"
2015-12-31,"3550,0"
2016-01-01,"3375,0"
2016-01-02,"3625,0"
2016-01-03,"3625,0"
2016-01-04,"4525,0"
2016-01-05,"3925,0"
2016-01-06,"3525,0"
2016-01-07,"3675,0"
2016-01-08,"4325,0"
2016-01-09,"3775,0"
2016-01-10,"4375,0"
2016-01-11,"4250,0"
2016-01-12,"4250,0"
2016-01-13,"3700,0"
2016-01-14,"3325,0"
2016-01-15,"3050,0"
2016-01-16,"3550,0"
2016-01-17,"3775,0"
2016-01-18,"4325,0"
2016-01-19,"3325,0"
2016-01-20,"3800,0"
2016-01-21,"3425,0"
2016-01-22,"4400,0"
2016-01-23,"4475,0"
2016-01-24,"4275,0"
2016-01-25,"4050,0"
2016-01-26,"4000,0"
2016-01-27,"3875,0"
2016-01-28,"3650,0"
2016-01-29,"4225,0"
2016-01-30,"4675,0"
2016-01-31,"4525,0"
2016-02-01,"4025,0"
2016-02-02,"4500,0"
2016-02-03,"4475,0"
2016-02-04,"4200,0"
2016-02-05,"4700,0"
2016-02-06,"5000,0"
2016-02-07,"4400,0"
2016-02-08,"3700,0"
2016-02-09,"4400,0"
2016-02-10,"4100,0"
2016-02-11,"4800,0"
2016-02-12,"4275,0"
2016-02-13,"3900,0"
2016-02-14,"4150,0"
2016-02-15,"3800,0"
2016-02-16,"3450,0"
2016-02-17,"3875,0"
2016-02-18,"4225,0"
2016-02-19,"3625,0"
2016-02-20,"3750,0"
2016-02-21,"3200,0"
2016-02-22,"3175,0"
2016-02-23,"3400,0"
2016-02-24,"2950,0"
2016-02-25,"3875,0"
2016-02-26,"3500,0"
2016-02-27,"3675,0"
2016-02-28,"3350,0"
2016-02-29,"3325,0"
2016-03-01,"3525,0"
2016-03-02,"3925,0"
2016-03-03,"3375,0"
2016-03-04,"3875,0"
2016-03-05,"3750,0"
2016-03-06,"3700,0"
2016-03-07,"3325,0"
2016-03-08,"3850,0"
2016-03-09,"4200,0"
2016-03-10,"3875,0"
2016-03-11,"4000,0"
2016-03-12,"3600,0"
2016-03-13,"3325,0"
2016-03-14,"3800,0"
2016-03-15,"4025,0"
2016-03-16,"3800,0"
2016-03-17,"3525,0"
2016-03-18,"3400,0"
2016-03-19,"3400,0"
2016-03-20,"3650,0"
2016-03-21,"3475,0"
2016-03-22,"3700,0"
2016-03-23,"3725,0"
2016-03-24,"3675,0"
2016-03-25,"3650,0"
2016-03-26,"3825,0"
2016-03-27,"3525,0"
2016-03-28,"4250,0"
2016-03-29,"3925,0"
2016-03-30,"3675,0"
2016-03-31,"3100,0"
2016-04-01,"3825,0"
2016-04-02,"3475,0"
2016-04-03,"3550,0"
2016-04-04,"4150,0"
2016-04-05,"3875,0"
2016-04-06,"3925,0"
2016-04-07,"3475,0"
2016-04-08,"3600,0"
2016-04-09,"4050,0"
2016-04-10,"4325,0"
2016-04-11,"3825,0"
2016-04-12,"3700,0"
2016-04-13,"4100,0"
2016-04-14,"4100,0"
2016-04-15,"3475,0"
2016-04-16,"3450,0"
2016-04-17,"3950,0"
2016-04-18,"3350,0"
2016-04-19,"3750,0"
2016-04-20,"4125,0"
2016-04-21,"3775,0"
2016-04-22,"3575,0"
2016-04-23,"3600,0"
2016-04-24,"3300,0"
2016-04-25,"3175,0"
2016-04-26,"3775,0"
2016-04-27,"3225,0"
2016-04-28,"3375,0"
2016-04-29,"3950,0"
2016-04-30,"3650,0"
2016-05-01,"3875,0"
2016-05-02,"3925,0"
2016-05-03,"3775,0"
2016-05-04,"4175,0"
2016-05-05,"3875,0"
2016-05-06,"4050,0"
2016-05-07,"3750,0"
2016-05-08,"4200,0"
2016-05-09,"4275,0"
2016-05-10,"3950,0"
2016-05-11,"3325,0"
2016-05-12,"3475,0"
2016-05-13,"3800,0"
2016-05-14,"3600,0"
2016-05-15,"3475,0"
2016-05-16,"3525,0"
2016-05-17,"3525,0"
2016-05-18,"3825,0"
2016-05-19,"3000,0"
2016-05-20,"3725,0"
2016-05-21,"3525,0"
2016-05-22,"4600,0"
2016-05-23,"4500,0"
2016-05-24,"3675,0"
2016-05-25,"3450,0"
2016-05-26,"3375,0"
2016-05-27,"3475,0"
2016-05-28,"3325,0"
2016-05-29,"3675,0"
2016-05-30,"3600,0"
2016-05-31,"3175,0"
2016-06-01,"3575,0"
2016-06-02,"3450,0"
2016-06-03,"3550,0"
2016-06-04,"2975,0"
2016-06-05,"4250,0"
2016-06-06,"4250,0"
2016-06-07,"3500,0"
2016-06-08,"3600,0"
2016-06-09,"4125,0"
2016-06-10,"3600,0"
2016-06-11,"3900,0"
2016-06-12,"3650,0"
2016-06-13,"4025,0"
2016-06-14,"3300,0"
2016-06-15,"3800,0"
2016-06-16,"3725,0"
2016-06-17,"3725,0"
2016-06-18,"3950,0"
2016-06-19,"4425,0"
2016-06-20,"4100,0"
2016-06-21,"3725,0"
2016-06-22,"3225,0"
2016-06-23,"3500,0"
2016-06-24,"3225,0"
2016-06-25,"4050,0"
2016-06-26,"3650,0"
2016-06-27,"3675,0"
2016-06-28,"3700,0"
2016-06-29,"3650,0"
2016-06-30,"3750,0"
2016-07-01,"3875,0"
2016-07-02,"3725,0"
2016-07-03,"3850,0"
2016-07-04,"3775,0"
2016-07-05,"3625,0"
2016-07-06,"3500,0"
2016-07-07,"3425,0"
2016-07-08,"3625,0"
2016-07-09,"3125,0"
2016-07-10,"1950,0"
2016-07-11,"1787,5"
2016-07-12,"1787,5"
2016-07-13,"1612,5"
2016-07-14,"1762,5"
2016-07-15,"1687,5"
2016-07-16,"1962,5"
2016-07-17,"1862,5"
2016-07-18,"1850,0"
2016-07-19,"1600,0"
2016-07-20,"1875,0"
2016-07-21,"1662,5"
2016-07-22,"1612,5"
2016-07-23,"1637,5"
2016-07-24,"1550,0"
2016-07-25,"1637,5"
2016-07-26,"1612,5"
2016-07-27,"1600,0"
2016-07-28,"1700,0"
2016-07-29,"1837,5"
2016-07-30,"1487,5"
2016-07-31,"1925,0"
2016-08-01,"1912,5"
2016-08-02,"1925,0"
2016-08-03,"2075,0"
2016-08-04,"1912,5"
2016-08-05,"2112,5"
2016-08-06,"2075,0"
2016-08-07,"1850,0"
2016-08-08,"1850,0"
2016-08-09,"1550,0"
2016-08-10,"1887,5"
2016-08-11,"1875,0"
2016-08-12,"1862,5"
2016-08-13,"2037,5"
2016-08-14,"2037,5"
2016-08-15,"1825,0"
2016-08-16,"1687,5"
2016-08-17,"1537,5"
2016-08-18,"1925,0"
2016-08-19,"1925,0"
2016-08-20,"1937,5"
2016-08-21,"2037,5"
2016-08-22,"1975,0"
2016-08-23,"1837,5"
2016-08-24,"1900,0"
2016-08-25,"1625,0"
2016-08-26,"1650,0"
2016-08-27,"1800,0"
2016-08-28,"1900,0"
2016-08-29,"1862,5"
2016-08-30,"2050,0"
2016-08-31,"1675,0"
2016-09-01,"1750,0"
2016-09-02,"1912,5"
2016-09-03,"1575,0"
2016-09-04,"2237,5"
2016-09-05,"1750,0"
2016-09-06,"1700,0"
2016-09-07,"1900,0"
2016-09-08,"1800,0"
2016-09-09,"1775,0"
2016-09-10,"1937,5"
2016-09-11,"2050,0"
2016-09-12,"2037,5"
2016-09-13,"2062,5"
2016-09-14,"1950,0"
2016-09-15,"1925,0"
2016-09-16,"1737,5"
2016-09-17,"2037,5"
2016-09-18,"1812,5"
2016-09-19,"1662,5"
2016-09-20,"1887,5"
2016-09-21,"2075,0"
2016-09-22,"1762,5"
2016-09-23,"1700,0"
2016-09-24,"2075,0"
2016-09-25,"2312,5"
2016-09-26,"1912,5"
2016-09-27,"2087,5"
2016-09-28,"1850,0"
2016-09-29,"1787,5"
2016-09-30,"1775,0"
2016-10-01,"1962,5"
2016-10-02,"1762,5"
2016-10-03,"1887,5"
2016-10-04,"1975,0"
2016-10-05,"2087,5"
2016-10-06,"2012,5"
2016-10-07,"1787,5"
2016-10-08,"2112,5"
2016-10-09,"2000,0"
2016-10-10,"1550,0"
2016-10-11,"1737,5"
2016-10-12,"1800,0"
2016-10-13,"1600,0"
2016-10-14,"1700,0"
2016-10-15,"1775,0"
2016-10-16,"1625,0"
2016-10-17,"1562,5"
2016-10-18,"1937,5"
2016-10-19,"1562,5"
2016-10-20,"1675,0"
2016-10-21,"2050,0"
2016-10-22,"1862,5"
2016-10-23,"1800,0"
2016-10-24,"1787,5"
2016-10-25,"1737,5"
2016-10-26,"1725,0"
2016-10-27,"2025,0"
2016-10-28,"1900,0"
2016-10-29,"1862,5"
2016-10-30,"2100,0"
2016-10-31,"1837,5"
2016-11-01,"1800,0"
2016-11-02,"1662,5"
2016-11-03,"1937,5"
2016-11-04,"1450,0"
2016-11-05,"1837,5"
2016-11-06,"1912,5"
2016-11-07,"1825,0"
2016-11-08,"2112,5"
2016-11-09,"1837,5"
2016-11-10,"2100,0"
2016-11-11,"2037,5"
2016-11-12,"2100,0"
2016-11-13,"1775,0"
2016-11-14,"2150,0"
2016-11-15,"1950,0"
2016-11-16,"2137,5"
2016-11-17,"1987,5"
2016-11-18,"1850,0"
2016-11-19,"1775,0"
2016-11-20,"1600,0"
2016-11-21,"1737,5"
2016-11-22,"1675,0"
2016-11-23,"1837,5"
2016-11-24,"2025,0"
2016-11-25,"1900,0"
2016-11-26,"1912,5"
2016-11-27,"1800,0"
2016-11-28,"2050,0"
2016-11-29,"1862,5"
2016-11-30,"1775,0"
2016-12-01,"1825,0"
2016-12-02,"1787,5"
2016-12-03,"2150,0"
2016-12-04,"1850,0"
2016-12-05,"1900,0"
2016-12-06,"1875,0"
2016-12-07,"2175,0"
2016-12-08,"1962,5"
2016-12-09,"1687,5"
2016-12-10,"1650,0"
2016-12-11,"2337,5"
2016-12-12,"1950,0"
2016-12-13,"2225,0"
2016-12-14,"1737,5"
2016-12-15,"1587,5"
2016-12-16,"1662,5"
2016-12-17,"1800,0"
2016-12-18,"1762,5"
2016-12-19,"1887,5"
2016-12-20,"1725,0"
2016-12-21,"1987,5"
2016-12-22,"1987,5"
2016-12-23,"1900,0"
2016-12-24,"1712,5"
2016-12-25,"2062,5"
2016-12-26,"1775,0"
2016-12-27,"1950,0"
2016-12-28,"2050,0"
2016-12-29,"1875,0"
2016-12-30,"1962,5"
2016-12-31,"1850,0"
2017-01-01,"1950,0"
2017-01-02,"1987,5"
2017-01-03,"2050,0"
2017-01-04,"1912,5"
2017-01-05,"1750,0"
2017-01-06,"2012,5"
2017-01-07,"1725,0"
2017-01-08,"2087,5"
2017-01-09,"1700,0"
2017-01-10,"2000,0"
2017-01-11,"1912,5"
2017-01-12,"2150,0"
2017-01-13,"1875,0"
2017-01-14,"2150,0"
2017-01-15,"2087,5"
2017-01-16,"2112,5"
2017-01-17,"1975,0"
2017-01-18,"1875,0"
2017-01-19,"2175,0"
2017-01-20,"2362,5"
2017-01-21,"2262,5"
2017-01-22,"2175,0"
2017-01-23,"1725,0"
2017-01-24,"1862,5"
2017-01-25,"1862,5"
2017-01-26,"1937,5"
2017-01-27,"2125,0"
2017-01-28,"1900,0"
2017-01-29,"2087,5"
2017-01-30,"1800,0"
2017-01-31,"1812,5"
2017-02-01,"2400,0"
2017-02-02,"1962,5"
2017-02-03,"1862,5"
2017-02-04,"1800,0"
2017-02-05,"1987,5"
2017-02-06,"1562,5"
2017-02-07,"1887,5"
2017-02-08,"1825,0"
2017-02-09,"2112,5"
2017-02-10,"1837,5"
2017-02-11,"1737,5"
2017-02-12,"1750,0"
2017-02-13,"2037,5"
2017-02-14,"2112,5"
2017-02-15,"1737,5"
2017-02-16,"1887,5"
2017-02-17,"1887,5"
2017-02-18,"1887,5"
2017-02-19,"1675,0"
2017-02-20,"1850,0"
2017-02-21,"1725,0"
2017-02-22,"1725,0"
2017-02-23,"1875,0"
2017-02-24,"2037,5"
2017-02-25,"2087,5"
2017-02-26,"2225,0"
2017-02-27,"1800,0"
2017-02-28,"1912,5"
2017-03-01,"1800,0"
2017-03-02,"1962,5"
2017-03-03,"1887,5"
2017-03-04,"1650,0"
2017-03-05,"1837,5"
2017-03-06,"1775,0"
2017-03-07,"1912,5"
2017-03-08,"1775,0"
2017-03-09,"1850,0"
2017-03-10,"1950,0"
2017-03-11,"1862,5"
2017-03-12,"1937,5"
2017-03-13,"1812,5"
2017-03-14,"1950,0"
2017-03-15,"1775,0"
2017-03-16,"1912,5"
2017-03-17,"1925,0"
2017-03-18,"1962,5"
2017-03-19,"2062,5"
2017-03-20,"1700,0"
2017-03-21,"1775,0"
2017-03-22,"1987,5"
2017-03-23,"1850,0"
2017-03-24,"2200,0"
2017-03-25,"1662,5"
2017-03-26,"2075,0"
2017-03-27,"1650,0"
2017-03-28,"1937,5"
2017-03-29,"1725,0"
2017-03-30,"2050,0"
2017-03-31,"1687,5"
2017-04-01,"1650,0"
2017-04-02,"1975,0"
2017-04-03,"2200,0"
2017-04-04,"1562,5"
2017-04-05,"2025,0"
2017-04-06,"1837,5"
2017-04-07,"2025,0"
2017-04-08,"1712,5"
2017-04-09,"1987,5"
2017-04-10,"1837,5"
2017-04-11,"2087,5"
2017-04-12,"1775,0"
2017-04-13,"1587,5"
2017-04-14,"1737,5"
2017-04-15,"1875,0"
2017-04-16,"1825,0"
2017-04-17,"1725,0"
2017-04-18,"1825,0"
2017-04-19,"1787,5"
2017-04-20,"1725,0"
2017-04-21,"2087,5"
2017-04-22,"1812,5"
2017-04-23,"1912,5"
2017-04-24,"1550,0"
2017-04-25,"1850,0"
2017-04-26,"1912,5"
2017-04-27,"1837,5"
2017-04-28,"1700,0"
2017-04-29,"2162,5"
2017-04-30,"1887,5"
2017-05-01,"1875,0"
2017-05-02,"1975,0"
2017-05-03,"1650,0"
2017-05-04,"2100,0"
2017-05-05,"1612,5"
2017-05-06,"2100,0"
2017-05-07,"2087,5"
2017-05-08,"2250,0"
2017-05-09,"1937,5"
2017-05-10,"1850,0"
2017-05-11,"1687,5"
2017-05-12,"1925,0"
2017-05-13,"1975,0"
2017-05-14,"2050,0"
2017-05-15,"2125,0"
2017-05-16,"1650,0"
2017-05-17,"1937,5"
2017-05-18,"1775,0"
2017-05-19,"2050,0"
2017-05-20,"2062,5"
2017-05-21,"1837,5"
2017-05-22,"1825,0"
2017-05-23,"2100,0"
2017-05-24,"1925,0"
2017-05-25,"2037,5"
2017-05-26,"1912,5"
2017-05-27,"2100,0"
2017-05-28,"2062,5"
2017-05-29,"1887,5"
2017-05-30,"2237,5"
2017-05-31,"2050,0"
2017-06-01,"2125,0"
2017-06-02,"1825,0"
2017-06-03,"2400,0"
2017-06-04,"2012,5"
2017-06-05,"2050,0"
2017-06-06,"1887,5"
2017-06-07,"2062,5"
2017-06-08,"2062,5"
2017-06-09,"1887,5"
2017-06-10,"1762,5"
2017-06-11,"1825,0"
2017-06-12,"1837,5"
2017-06-13,"1762,5"
2017-06-14,"1750,0"
2017-06-15,"1912,5"
2017-06-16,"1850,0"
2017-06-17,"1812,5"
2017-06-18,"1812,5"
2017-06-19,"1887,5"
2017-06-20,"1725,0"
2017-06-21,"1750,0"
2017-06-22,"1737,5"
2017-06-23,"2000,0"
2017-06-24,"1825,0"
2017-06-25,"1525,0"
2017-06-26,"1775,0"
2017-06-27,"1637,5"
2017-06-28,"1962,5"
2017-06-29,"1500,0"
2017-06-30,"1925,0"
2017-07-01,"2050,0"
2017-07-02,"2350,0"
2017-07-03,"2125,0"
2017-07-04,"1912,5"
2017-07-05,"1862,5"
2017-07-06,"1775,0"
2017-07-07,"1850,0"
2017-07-08,"2062,5"
2017-07-09,"1725,0"
2017-07-10,"2462,5"
2017-07-11,"2162,5"
2017-07-12,"2212,5"
2017-07-13,"1962,5"
2017-07-14,"1737,5"
2017-07-15,"1587,5"
2017-07-16,"2037,5"
2017-07-17,"1850,0"
2017-07-18,"2062,5"
2017-07-19,"1862,5"
2017-07-20,"2025,0"
2017-07-21,"1925,0"
2017-07-22,"2000,0"
2017-07-23,"2150,0"
2017-07-24,"2225,0"
2017-07-25,"1850,0"
2017-07-26,"1837,5"
2017-07-27,"1925,0"
2017-07-28,"1875,0"
2017-07-29,"1962,5"
2017-07-30,"1837,5"
2017-07-31,"1812,5"
2017-08-01,"1862,5"
2017-08-02,"1900,0"
2017-08-03,"1725,0"
2017-08-04,"2237,5"
2017-08-05,"2212,5"
2017-08-06,"1750,0"
2017-08-07,"1912,5"
2017-08-08,"2050,0"
2017-08-09,"1725,0"
2017-08-10,"1675,0"
2017-08-11,"1800,0"
2017-08-12,"1687,5"
2017-08-13,"1850,0"
2017-08-14,"1625,0"
2017-08-15,"1900,0"
2017-08-16,"1625,0"
2017-08-17,"2237,5"
2017-08-18,"1862,5"
2017-08-19,"1887,5"
2017-08-20,"1625,0"
2017-08-21,"1437,5"
2017-08-22,"1112,5"
2017-08-23,"1987,5"
2017-08-24,"1262,5"
2017-08-25,"1262,5"
2017-08-26,"1312,5"
2017-08-27,"1937,5"
2017-08-28,"1612,5"
2017-08-29,"1862,5"
2017-08-30,"2100,0"
2017-08-31,"2037,5"
2017-09-01,"2175,0"
2017-09-02,"2050,0"
2017-09-03,"1925,0"
2017-09-04,"2187,5"
2017-09-05,"2462,5"
2017-09-06,"2025,0"
2017-09-07,"2200,0"
2017-09-08,"2187,5"
2017-09-09,"2112,5"
2017-09-10,"1725,0"
2017-09-11,"2175,0"
2017-09-12,"2350,0"
2017-09-13,"2375,0"
2017-09-14,"2175,0"
2017-09-15,"2250,0"
2017-09-16,"2112,5"
2017-09-17,"2200,0"
2017-09-18,"1587,5"
2017-09-19,"1950,0"
2017-09-20,"1462,5"
2017-09-21,"2200,0"
2017-09-22,"1737,5"
2017-09-23,"2075,0"
2017-09-24,"1812,5"
2017-09-25,"1562,5"
2017-09-26,"1725,0"
2017-09-27,"1837,5"
2017-09-28,"2212,5"
2017-09-29,"2112,5"
2017-09-30,"1725,0"
2017-10-01,"1625,0"
2017-10-02,"1875,0"
2017-10-03,"2287,5"
2017-10-04,"1675,0"
2017-10-05,"1562,5"
2017-10-06,"1987,5"
2017-10-07,"1975,0"
2017-10-08,"2275,0"
2017-10-09,"2012,5"
2017-10-10,"2000,0"
2017-10-11,"1737,5"
2017-10-12,"1912,5"
2017-10-13,"1700,0"
2017-10-14,"1762,5"
2017-10-15,"2437,5"
2017-10-16,"2175,0"
2017-10-17,"2050,0"
2017-10-18,"1887,5"
2017-10-19,"2225,0"
2017-10-20,"2237,5"
2017-10-21,"1912,5"
2017-10-22,"2275,0"
2017-10-23,"2137,5"
2017-10-24,"2087,5"
2017-10-25,"2312,5"
2017-10-26,"2250,0"
2017-10-27,"1300,0"
2017-10-28,"1062,5"
2017-10-29,"1925,0"
2017-10-30,"1837,5"
2017-10-31,"1725,0"
2017-11-01,"1950,0"
2017-11-02,"1875,0"
2017-11-03,"1487,5"
2017-11-04,"1625,0"
2017-11-05,"1762,5"
2017-11-06,"1662,5"
2017-11-07,"1950,0"
2017-11-08,"1800,0"
2017-11-09,"1912,5"
2017-11-10,"1500,0"
2017-11-11,"1000,0"
2017-11-12,"1000,0"
2017-11-13,"1750,0"
2017-11-14,"1600,0"
2017-11-15,"1900,0"
2017-11-16,"1900,0"
2017-11-17,"2087,5"
2017-11-18,"1700,0"
2017-11-19,"2000,0"
2017-11-20,"2187,5"
2017-11-21,"2162,5"
2017-11-22,"1850,0"
2017-11-23,"1962,5"
2017-11-24,"1862,5"
2017-11-25,"1950,0"
2017-11-26,"1912,5"
2017-11-27,"2125,0"
2017-11-28,"1950,0"
2017-11-29,"2162,5"
2017-11-30,"2087,5"
2017-12-01,"2287,5"
2017-12-02,"2012,5"
2017-12-03,"2200,0"
2017-12-04,"2262,5"
2017-12-05,"2225,0"
2017-12-06,"2350,0"
2017-12-07,"1900,0"
2017-12-08,"1950,0"
2017-12-09,"2175,0"
2017-12-10,"2050,0"
2017-12-11,"2137,5"
2017-12-12,"1950,0"
2017-12-13,"2325,0"
2017-12-14,"2312,5"
2017-12-15,"2112,5"
2017-12-16,"2137,5"
2017-12-17,"2312,5"
2017-12-18,"2275,0"
2017-12-19,"1750,0"
2017-12-20,"1700,0"
2017-12-21,"1650,0"
2017-12-22,"1937,5"
2017-12-23,"1737,5"
2017-12-24,"1900,0"
2017-12-25,"1687,5"
2017-12-26,"1775,0"
2017-12-27,"1950,0"
2017-12-28,"1862,5"
2017-12-29,"2062,5"
2017-12-30,"1837,5"
2017-12-31,"2037,5"
2018-01-01,"1950,0"
2018-01-02,"2137,5"
2018-01-03,"1962,5"
2018-01-04,"2100,0"
2018-01-05,"1787,5"
2018-01-06,"2100,0"
2018-01-07,"2025,0"
2018-01-08,"2075,0"
2018-01-09,"2050,0"
2018-01-10,"2075,0"
2018-01-11,"2412,5"
2018-01-12,"2225,0"
2018-01-13,"1862,5"
2018-01-14,"1937,5"
2018-01-15,"1875,0"
2018-01-16,"1987,5"
2018-01-17,"2087,5"
2018-01-18,"2162,5"
2018-01-19,"2062,5"
2018-01-20,"2225,0"
2018-01-21,"2337,5"
2018-01-22,"2087,5"
2018-01-23,"2212,5"
2018-01-24,"2200,0"
2018-01-25,"1975,0"
2018-01-26,"1937,5"
2018-01-27,"1962,5"
2018-01-28,"1975,0"
2018-01-29,"1850,0"
2018-01-30,"2087,5"
2018-01-31,"1462,5"
2018-02-01,"2000,0"
2018-02-02,"2100,0"
2018-02-03,"1975,0"
2018-02-04,"2225,0"
2018-02-05,"2312,5"
2018-02-06,"2125,0"
2018-02-07,"1762,5"
2018-02-08,"1637,5"
2018-02-09,"1687,5"
2018-02-10,"1787,5"
2018-02-11,"1887,5"
2018-02-12,"2075,0"
2018-02-13,"2050,0"
2018-02-14,"2237,5"
2018-02-15,"1637,5"
2018-02-16,"1962,5"
2018-02-17,"1862,5"
2018-02-18,"2025,0"
2018-02-19,"2025,0"
2018-02-20,"1762,5"
2018-02-21,"2112,5"
2018-02-22,"1862,5"
2018-02-23,"1850,0"
2018-02-24,"1812,5"
2018-02-25,"2137,5"
2018-02-26,"1762,5"
2018-02-27,"2000,0"
2018-02-28,"1937,5"
2018-03-01,"2062,5"
2018-03-02,"1950,0"
2018-03-03,"2250,0"
2018-03-04,"1850,0"
2018-03-05,"1862,5"
2018-03-06,"1950,0"
2018-03-07,"1962,5"
2018-03-08,"2025,0"
2018-03-09,"1825,0"
2018-03-10,"1750,0"
2018-03-11,"1912,5"
2018-03-12,"2012,5"
2018-03-13,"1975,0"
2018-03-14,"1800,0"
2018-03-15,"1800,0"
2018-03-16,"1950,0"
2018-03-17,"1862,5"
2018-03-18,"1887,5"
2018-03-19,"1937,5"
2018-03-20,"1587,5"
2018-03-21,"1900,0"
2018-03-22,"1787,5"
2018-03-23,"1662,5"
2018-03-24,"1950,0"
2018-03-25,"1687,5"
2018-03-26,"1875,0"
2018-03-27,"1900,0"
2018-03-28,"1687,5"
2018-03-29,"1900,0"
2018-03-30,"2025,0"
2018-03-31,"1600,0"
2018-04-01,"2025,0"
2018-04-02,"1950,0"
2018-04-03,"2037,5"
2018-04-04,"1837,5"
2018-04-05,"1950,0"
2018-04-06,"1725,0"
2018-04-07,"2250,0"
2018-04-08,"2012,5"
2018-04-09,"1837,5"
2018-04-10,"2050,0"
2018-04-11,"2012,5"
2018-04-12,"1925,0"
2018-04-13,"2062,5"
2018-04-14,"1712,5"
2018-04-15,"2037,5"
2018-04-16,"1762,5"
2018-04-17,"2025,0"
2018-04-18,"2000,0"
2018-04-19,"2225,0"
2018-04-20,"1712,5"
2018-04-21,"1987,5"
2018-04-22,"2000,0"
2018-04-23,"1912,5"
2018-04-24,"1987,5"
2018-04-25,"1537,5"
2018-04-26,"1762,5"
2018-04-27,"1775,0"
2018-04-28,"1600,0"
2018-04-29,"1975,0"
2018-04-30,"1937,5"
2018-05-01,"1975,0"
2018-05-02,"1750,0"
2018-05-03,"1887,5"
2018-05-04,"1725,0"
2018-05-05,"2012,5"
2018-05-06,"1712,5"
2018-05-07,"1875,0"
2018-05-08,"1737,5"
2018-05-09,"2000,0"
2018-05-10,"1925,0"
2018-05-11,"1587,5"
2018-05-12,"2062,5"
2018-05-13,"1850,0"
2018-05-14,"1650,0"
2018-05-15,"1825,0"
2018-05-16,"2237,5"
2018-05-17,"1650,0"
2018-05-18,"1850,0"
2018-05-19,"1925,0"
2018-05-20,"1800,0"
2018-05-21,"1962,5"
2018-05-22,"1887,5"
2018-05-23,"2025,0"
2018-05-24,"1787,5"
2018-05-25,"2200,0"
2018-05-26,"2025,0"
2018-05-27,"2050,0"
2018-05-28,"1950,0"
2018-05-29,"1737,5"
2018-05-30,"2175,0"
2018-05-31,"2125,0"
2018-06-01,"2075,0"
2018-06-02,"1900,0"
2018-06-03,"2037,5"
2018-06-04,"2287,5"
2018-06-05,"2187,5"
2018-06-06,"1837,5"
2018-06-07,"1787,5"
2018-06-08,"1812,5"
2018-06-09,"1787,5"
2018-06-10,"1587,5"
2018-06-11,"1750,0"
2018-06-12,"1812,5"
2018-06-13,"1787,5"
2018-06-14,"1912,5"
2018-06-15,"1912,5"
2018-06-16,"2075,0"
2018-06-17,"1962,5"
2018-06-18,"2050,0"
2018-06-19,"1937,5"
2018-06-20,"1937,5"
2018-06-21,"2125,0"
2018-06-22,"1887,5"
2018-06-23,"2000,0"
2018-06-24,"2137,5"
2018-06-25,"1962,5"
2018-06-26,"1825,0"
2018-06-27,"1512,5"
2018-06-28,"1962,5"
2018-06-29,"1887,5"
2018-06-30,"1762,5"
2018-07-01,"1837,5"
2018-07-02,"1762,5"
2018-07-03,"1450,0"
2018-07-04,"1675,0"
2018-07-05,"1712,5"
2018-07-06,"2000,0"
2018-07-07,"1950,0"
2018-07-08,"1975,0"
2018-07-09,"1700,0"
2018-07-10,"1862,5"
2018-07-11,"1687,5"
2018-07-12,"1762,5"
2018-07-13,"1787,5"
2018-07-14,"1662,5"
2018-07-15,"1662,5"
2018-07-16,"1500,0"
2018-07-17,"1987,5"
2018-07-18,"2175,0"
2018-07-19,"2137,5"
2018-07-20,"1925,0"
2018-07-21,"1712,5"
2018-07-22,"2275,0"
2018-07-23,"2075,0"
2018-07-24,"1987,5"
2018-07-25,"2212,5"
2018-07-26,"2062,5"
2018-07-27,"2087,5"
2018-07-28,"1812,5"
2018-07-29,"2125,0"
2018-07-30,"1675,0"
2018-07-31,"1837,5"
2018-08-01,"1875,0"
2018-08-02,"1912,5"
2018-08-03,"2075,0"
2018-08-04,"2200,0"
2018-08-05,"2000,0"
2018-08-06,"1637,5"
2018-08-07,"1887,5"
2018-08-08,"1962,5"
2018-08-09,"1862,5"
2018-08-10,"2200,0"
2018-08-11,"2125,0"
2018-08-12,"1937,5"
2018-08-13,"1875,0"
2018-08-14,"1700,0"
2018-08-15,"2012,5"
2018-08-16,"1975,0"
2018-08-17,"1900,0"
2018-08-18,"2000,0"
2018-08-19,"1812,5"
2018-08-20,"1875,0"
2018-08-21,"1850,0"
2018-08-22,"2000,0"
2018-08-23,"1862,5"
2018-08-24,"1825,0"
2018-08-25,"1687,5"
2018-08-26,"2162,5"
2018-08-27,"2312,5"
2018-08-28,"1912,5"
2018-08-29,"1737,5"
2018-08-30,"1925,0"
2018-08-31,"1937,5"
2018-09-01,"1887,5"
2018-09-02,"1800,0"
2018-09-03,"1800,0"
2018-09-04,"1575,0"
2018-09-05,"1650,0"
2018-09-06,"1875,0"
2018-09-07,"1900,0"
2018-09-08,"1875,0"
2018-09-09,"2037,5"
2018-09-10,"1687,5"
2018-09-11,"1762,5"
2018-09-12,"2100,0"
2018-09-13,"1850,0"
2018-09-14,"1650,0"
2018-09-15,"1750,0"
2018-09-16,"1737,5"
2018-09-17,"1687,5"
2018-09-18,"1775,0"
2018-09-19,"1950,0"
2018-09-20,"1925,0"
2018-09-21,"1800,0"
2018-09-22,"1937,5"
2018-09-23,"1875,0"
2018-09-24,"1850,0"
2018-09-25,"2112,5"
2018-09-26,"1737,5"
2018-09-27,"1787,5"
2018-09-28,"1925,0"
2018-09-29,"1900,0"
2018-09-30,"2037,5"
2018-10-01,"1975,0"
2018-10-02,"1712,5"
2018-10-03,"1812,5"
2018-10-04,"1875,0"
2018-10-05,"1625,0"
2018-10-06,"1562,5"
2018-10-07,"1775,0"
2018-10-08,"1687,5"
2018-10-09,"1625,0"
2018-10-10,"1800,0"
2018-10-11,"1987,5"
2018-10-12,"1650,0"
2018-10-13,"1762,5"
2018-10-14,"1425,0"
2018-10-15,"2025,0"
2018-10-16,"1687,5"
2018-10-17,"1725,0"
2018-10-18,"1725,0"
2018-10-19,"1775,0"
2018-10-20,"1787,5"
2018-10-21,"1725,0"
2018-10-22,"1937,5"
2018-10-23,"1925,0"
2018-10-24,"1412,5"
2018-10-25,"1712,5"
2018-10-26,"1787,5"
2018-10-27,"1700,0"
2018-10-28,"1750,0"
2018-10-29,"1825,0"
2018-10-30,"1925,0"
2018-10-31,"2037,5"
2018-11-01,"1925,0"
2018-11-02,"1787,5"
2018-11-03,"2012,5"
2018-11-04,"1537,5"
2018-11-05,"1800,0"
2018-11-06,"1600,0"
2018-11-07,"1625,0"
2018-11-08,"1512,5"
2018-11-09,"1587,5"
2018-11-10,"1637,5"
2018-11-11,"1825,0"
2018-11-12,"1750,0"
2018-11-13,"1500,0"
2018-11-14,"1687,5"
2018-11-15,"1587,5"
2018-11-16,"1575,0"
2018-11-17,"1812,5"
2018-11-18,"1537,5"
2018-11-19,"1575,0"
2018-11-20,"1650,0"
2018-11-21,"1312,5"
2018-11-22,"1525,0"
2018-11-23,"1562,5"
2018-11-24,"1787,5"
2018-11-25,"1587,5"
2018-11-26,"1387,5"
2018-11-27,"1637,5"
2018-11-28,"1475,0"
2018-11-29,"1312,5"
2018-11-30,"1262,5"
2018-12-01,"1550,0"
2018-12-02,"1425,0"
2018-12-03,"1425,0"
2018-12-04,"1725,0"
2018-12-05,"1625,0"
2018-12-06,"1687,5"
2018-12-07,"1425,0"
2018-12-08,"1587,5"
2018-12-09,"1600,0"
2018-12-10,"1550,0"
2018-12-11,"1562,5"
2018-12-12,"1500,0"
2018-12-13,"1637,5"
2018-12-14,"1825,0"
2018-12-15,"1862,5"
2018-12-16,"1437,5"
2018-12-17,"2000,0"
2018-12-18,"1600,0"
2018-12-19,"1862,5"
2018-12-20,"1687,5"
2018-12-21,"1750,0"
2018-12-22,"2187,5"
2018-12-23,"2200,0"
2018-12-24,"1900,0"
2018-12-25,"1987,5"
2018-12-26,"1962,5"
2018-12-27,"2175,0"
2018-12-28,"2087,5"
2018-12-29,"1725,0"
2018-12-30,"2200,0"
2018-12-31,"1937,5"
2019-01-01,"1862,5"
2019-01-02,"1887,5"
2019-01-03,"1937,5"
2019-01-04,"1862,5"
2019-01-05,"2037,5"
2019-01-06,"1762,5"
2019-01-07,"1762,5"
2019-01-08,"2112,5"
2019-01-09,"2050,0"
2019-01-10,"1950,0"
2019-01-11,"1850,0"
2019-01-12,"1725,0"
2019-01-13,"1712,5"
2019-01-14,"1862,5"
2019-01-15,"1650,0"
2019-01-16,"1662,5"
2019-01-17,"1587,5"
2019-01-18,"1725,0"
2019-01-19,"1662,5"
2019-01-20,"1962,5"
2019-01-21,"1875,0"
2019-01-22,"1625,0"
2019-01-23,"1825,0"
2019-01-24,"2025,0"
2019-01-25,"1725,0"
2019-01-26,"1875,0"
2019-01-27,"1712,5"
2019-01-28,"1812,5"
2019-01-29,"1825,0"
2019-01-30,"1700,0"
2019-01-31,"1937,5"
2019-02-01,"1975,0"
2019-02-02,"1800,0"
2019-02-03,"1725,0"
2019-02-04,"1837,5"
2019-02-05,"1837,5"
2019-02-06,"2050,0"
2019-02-07,"2175,0"
2019-02-08,"2037,5"
2019-02-09,"1875,0"
2019-02-10,"1750,0"
2019-02-11,"1812,5"
2019-02-12,"1600,0"
2019-02-13,"1912,5"
2019-02-14,"1762,5"
2019-02-15,"1587,5"
2019-02-16,"1875,0"
2019-02-17,"1987,5"
2019-02-18,"1937,5"
2019-02-19,"1950,0"
2019-02-20,"1625,0"
2019-02-21,"1487,5"
2019-02-22,"2025,0"
2019-02-23,"1787,5"
2019-02-24,"1712,5"
2019-02-25,"1787,5"
2019-02-26,"2012,5"
2019-02-27,"1762,5"
2019-02-28,"1875,0"
2019-03-01,"2025,0"
2019-03-02,"1650,0"
2019-03-03,"1825,0"
2019-03-04,"1712,5"
2019-03-05,"1862,5"
2019-03-06,"1600,0"
2019-03-07,"1775,0"
2019-03-08,"1825,0"
2019-03-09,"1725,0"
2019-03-10,"1700,0"
2019-03-11,"1775,0"
2019-03-12,"1787,5"
2019-03-13,"1687,5"
2019-03-14,"1937,5"
2019-03-15,"1912,5"
2019-03-16,"2037,5"
2019-03-17,"1825,0"
2019-03-18,"2012,5"
2019-03-19,"2175,0"
2019-03-20,"2012,5"
2019-03-21,"1787,5"
2019-03-22,"2012,5"
2019-03-23,"1812,5"
2019-03-24,"1875,0"
2019-03-25,"1850,0"
2019-03-26,"1675,0"
2019-03-27,"1862,5"
2019-03-28,"1825,0"
2019-03-29,"1837,5"
2019-03-30,"1737,5"
2019-03-31,"1737,5"
2019-04-01,"1700,0"
2019-04-02,"1962,5"
2019-04-03,"1775,0"
2019-04-04,"1750,0"
2019-04-05,"1975,0"
2019-04-06,"1737,5"
2019-04-07,"1762,5"
2019-04-08,"1850,0"
2019-04-09,"1650,0"
2019-04-10,"1850,0"
2019-04-11,"1962,5"
2019-04-12,"1887,5"
2019-04-13,"1687,5"
2019-04-14,"1525,0"
2019-04-15,"1812,5"
2019-04-16,"1812,5"
2019-04-17,"1725,0"
2019-04-18,"1862,5"
2019-04-19,"1900,0"
2019-04-20,"1637,5"
2019-04-21,"2025,0"
2019-04-22,"1675,0"
2019-04-23,"1450,0"
2019-04-24,"2037,5"
2019-04-25,"1787,5"
2019-04-26,"1887,5"
2019-04-27,"1712,5"
2019-04-28,"2037,5"
2019-04-29,"2037,5"
2019-04-30,"1750,0"
2019-05-01,"2137,5"
2019-05-02,"2300,0"
2019-05-03,"1900,0"
2019-05-04,"1650,0"
2019-05-05,"1612,5"
2019-05-06,"1887,5"
2019-05-07,"1587,5"
2019-05-08,"1900,0"
2019-05-09,"1875,0"
2019-05-10,"1562,5"
2019-05-11,"1625,0"
2019-05-12,"1975,0"
2019-05-13,"2087,5"
2019-05-14,"1900,0"
2019-05-15,"1862,5"
2019-05-16,"1825,0"
2019-05-17,"1887,5"
2019-05-18,"1912,5"
2019-05-19,"2037,5"
2019-05-20,"2012,5"
2019-05-21,"1912,5"
2019-05-22,"2087,5"
2019-05-23,"1975,0"
2019-05-24,"1912,5"
2019-05-25,"1750,0"
2019-05-26,"2062,5"
2019-05-27,"2087,5"
2019-05-28,"2050,0"
2019-05-29,"2175,0"
2019-05-30,"2000,0"
2019-05-31,"1462,5"
2019-06-01,"1887,5"
2019-06-02,"1637,5"
2019-06-03,"1487,5"
2019-06-04,"1925,0"
2019-06-05,"2000,0"
2019-06-06,"1962,5"
2019-06-07,"1975,0"
2019-06-08,"1550,0"
2019-06-09,"1837,5"
2019-06-10,"1962,5"
2019-06-11,"1787,5"
2019-06-12,"1637,5"
2019-06-13,"1887,5"
2019-06-14,"2112,5"
2019-06-15,"1825,0"
2019-06-16,"1625,0"
2019-06-17,"1662,5"
2019-06-18,"2037,5"
2019-06-19,"2212,5"
2019-06-20,"1800,0"
2019-06-21,"1662,5"
2019-06-22,"1762,5"
2019-06-23,"2262,5"
2019-06-24,"2212,5"
2019-06-25,"1825,0"
2019-06-26,"2062,5"
2019-06-27,"1775,0"
2019-06-28,"2037,5"
2019-06-29,"2175,0"
2019-06-30,"1900,0"
2019-07-01,"1787,5"
2019-07-02,"1975,0"
2019-07-03,"2150,0"
2019-07-04,"2087,5"
2019-07-05,"2362,5"
2019-07-06,"2225,0"
2019-07-07,"1912,5"
2019-07-08,"2225,0"
2019-07-09,"1925,0"
2019-07-10,"1612,5"
2019-07-11,"1612,5"
2019-07-12,"2050,0"
2019-07-13,"1762,5"
2019-07-14,"1812,5"
2019-07-15,"1825,0"
2019-07-16,"2025,0"
2019-07-17,"1662,5"
2019-07-18,"1512,5"
2019-07-19,"1475,0"
2019-07-20,"2212,5"
2019-07-21,"1862,5"
2019-07-22,"1975,0"
2019-07-23,"1787,5"
2019-07-24,"1737,5"
2019-07-25,"1875,0"
2019-07-26,"2075,0"
2019-07-27,"1900,0"
2019-07-28,"2187,5"
2019-07-29,"2100,0"
2019-07-30,"1775,0"
2019-07-31,"2137,5"
2019-08-01,"1775,0"
2019-08-02,"2112,5"
2019-08-03,"2162,5"
2019-08-04,"2087,5"
2019-08-05,"1787,5"
2019-08-06,"2012,5"
2019-08-07,"1912,5"
2019-08-08,"1775,0"
2019-08-09,"1837,5"
2019-08-10,"1887,5"
2019-08-11,"1912,5"
2019-08-12,"1662,5"
2019-08-13,"1962,5"
2019-08-14,"1900,0"
2019-08-15,"1962,5"
2019-08-16,"1837,5"
2019-08-17,"1600,0"
2019-08-18,"1575,0"
2019-08-19,"2037,5"
2019-08-20,"1912,5"
2019-08-21,"1700,0"
2019-08-22,"1762,5"
2019-08-23,"1912,5"
2019-08-24,"2000,0"
2019-08-25,"1937,5"
2019-08-26,"1712,5"
2019-08-27,"1687,5"
2019-08-28,"1887,5"
2019-08-29,"2062,5"
2019-08-30,"2000,0"
2019-08-31,"2075,0"
2019-09-01,"1787,5"
2019-09-02,"1862,5"
2019-09-03,"2050,0"
2019-09-04,"1700,0"
2019-09-05,"2062,5"
2019-09-06,"1975,0"
2019-09-07,"1875,0"
2019-09-08,"2212,5"
2019-09-09,"1825,0"
2019-09-10,"2275,0"
2019-09-11,"2300,0"
2019-09-12,"1975,0"
2019-09-13,"1875,0"
2019-09-14,"1937,5"
2019-09-15,"1837,5"
2019-09-16,"2037,5"
2019-09-17,"1850,0"
2019-09-18,"2175,0"
2019-09-19,"1850,0"
2019-09-20,"1887,5"
2019-09-21,"2075,0"
2019-09-22,"2075,0"
2019-09-23,"1425,0"
2019-09-24,"1962,5"
2019-09-25,"1950,0"
2019-09-26,"2137,5"
2019-09-27,"1650,0"
2019-09-28,"1987,5"
2019-09-29,"1700,0"
2019-09-30,"1625,0"
2019-10-01,"1787,5"
2019-10-02,"1850,0"
2019-10-03,"1837,5"
2019-10-04,"1837,5"
2019-10-05,"1975,0"
2019-10-06,"1862,5"
2019-10-07,"1937,5"
2019-10-08,"2025,0"
2019-10-09,"1725,0"
2019-10-10,"2025,0"
2019-10-11,"1950,0"
2019-10-12,"1662,5"
2019-10-13,"1775,0"
2019-10-14,"1687,5"
2019-10-15,"1912,5"
2019-10-16,"1787,5"
2019-10-17,"1875,0"
2019-10-18,"2000,0"
2019-10-19,"1775,0"
2019-10-20,"1825,0"
2019-10-21,"1987,5"
2019-10-22,"2112,5"
2019-10-23,"2100,0"
2019-10-24,"1662,5"
2019-10-25,"1725,0"
2019-10-26,"1750,0"
2019-10-27,"1437,5"
2019-10-28,"1675,0"
2019-10-29,"1662,5"
2019-10-30,"1675,0"
2019-10-31,"1650,0"
2019-11-01,"1625,0"
2019-11-02,"1675,0"
2019-11-03,"1725,0"
2019-11-04,"1650,0"
2019-11-05,"1800,0"
2019-11-06,"1650,0"
2019-11-07,"1687,5"
2019-11-08,"1600,0"
2019-11-09,"1800,0"
2019-11-10,"2075,0"
2019-11-11,"1887,5"
2019-11-12,"1687,5"
2019-11-13,"1687,5"
2019-11-14,"2112,5"
2019-11-15,"1975,0"
2019-11-16,"1850,0"
2019-11-17,"1925,0"
2019-11-18,"1750,0"
2019-11-19,"1837,5"
2019-11-20,"1775,0"
2019-11-21,"1712,5"
2019-11-22,"1650,0"
2019-11-23,"2162,5"
2019-11-24,"1637,5"
2019-11-25,"1562,5"
2019-11-26,"1525,0"
2019-11-27,"1737,5"
2019-11-28,"2037,5"
2019-11-29,"1700,0"
2019-11-30,"1575,0"
2019-12-01,"1737,5"
2019-12-02,"1812,5"
2019-12-03,"1975,0"
2019-12-04,"2087,5"
2019-12-05,"1812,5"
2019-12-06,"1812,5"
2019-12-07,"1937,5"
2019-12-08,"1850,0"
2019-12-09,"1850,0"
2019-12-10,"1850,0"
2019-12-11,"1650,0"
2019-12-12,"1662,5"
2019-12-13,"1900,0"
2019-12-14,"1887,5"
2019-12-15,"1550,0"
2019-12-16,"1962,5"
2019-12-17,"1762,5"
2019-12-18,"1675,0"
2019-12-19,"1962,5"
2019-12-20,"1950,0"
2019-12-21,"2200,0"
2019-12-22,"2112,5"
2019-12-23,"1787,5"
2019-12-24,"1562,5"
2019-12-25,"1600,0"
2019-12-26,"2087,5"
2019-12-27,"1812,5"
2019-12-28,"1862,5"
2019-12-29,"1937,5"
2019-12-30,"2075,0"
2019-12-31,"1812,5"
2020-01-01,"2175,0"
2020-01-02,"1762,5"
2020-01-03,"2112,5"
2020-01-04,"2100,0"
2020-01-05,"2037,5"
2020-01-06,"1687,5"
2020-01-07,"2200,0"
2020-01-08,"1775,0"
2020-01-09,"1962,5"
2020-01-10,"1862,5"
2020-01-11,"2037,5"
2020-01-12,"1887,5"
2020-01-13,"1787,5"
2020-01-14,"1812,5"
2020-01-15,"1887,5"
2020-01-16,"1987,5"
2020-01-17,"1987,5"
2020-01-18,"1650,0"
2020-01-19,"1875,0"
2020-01-20,"1900,0"
2020-01-21,"1912,5"
2020-01-22,"1950,0"
2020-01-23,"1987,5"
2020-01-24,"1900,0"
2020-01-25,"2050,0"
2020-01-26,"1787,5"
2020-01-27,"1612,5"
2020-01-28,"1775,0"
2020-01-29,"2000,0"
2020-01-30,"1950,0"
2020-01-31,"1800,0"
2020-02-01,"1887,5"
2020-02-02,"1787,5"
2020-02-03,"1850,0"
2020-02-04,"1650,0"
2020-02-05,"1987,5"
2020-02-06,"1687,5"
2020-02-07,"1737,5"
2020-02-08,"1737,5"
2020-02-09,"1912,5"
2020-02-10,"1525,0"
2020-02-11,"1850,0"
2020-02-12,"1775,0"
2020-02-13,"1762,5"
2020-02-14,"1687,5"
2020-02-15,"1775,0"
2020-02-16,"1775,0"
2020-02-17,"1962,5"
2020-02-18,"1875,0"
2020-02-19,"1762,5"
2020-02-20,"1575,0"
2020-02-21,"1925,0"
2020-02-22,"1850,0"
2020-02-23,"1775,0"
2020-02-24,"1762,5"
2020-02-25,"1800,0"
2020-02-26,"1700,0"
2020-02-27,"1837,5"
2020-02-28,"1975,0"
2020-02-29,"1737,5"
2020-03-01,"2212,5"
2020-03-02,"1862,5"
2020-03-03,"1912,5"
2020-03-04,"2087,5"
2020-03-05,"2037,5"
2020-03-06,"1937,5"
2020-03-07,"1962,5"
2020-03-08,"1975,0"
2020-03-09,"1875,0"
2020-03-10,"1650,0"
2020-03-11,"1487,5"
2020-03-12,"1887,5"
2020-03-13,"1562,5"
2020-03-14,"1600,0"
2020-03-15,"1487,5"
2020-03-16,"1487,5"
2020-03-17,"1537,5"
2020-03-18,"1250,0"
2020-03-19,"1337,5"
2020-03-20,"1362,5"
2020-03-21,"1550,0"
2020-03-22,"1587,5"
2020-03-23,"1400,0"
2020-03-24,"1650,0"
2020-03-25,"1150,0"
2020-03-26,"2000,0"
2020-03-27,"1937,5"
2020-03-28,"1687,5"
2020-03-29,"1887,5"
2020-03-30,"1837,5"
2020-03-31,"1987,5"
2020-04-01,"1912,5"
2020-04-02,"1912,5"
2020-04-03,"1650,0"
2020-04-04,"1962,5"
2020-04-05,"2187,5"
2020-04-06,"1600,0"
2020-04-07,"2100,0"
2020-04-08,"1800,0"
2020-04-09,"1925,0"
2020-04-10,"2037,5"
2020-04-11,"1987,5"
2020-04-12,"1912,5"
2020-04-13,"2137,5"
2020-04-14,"2100,0"
2020-04-15,"2112,5"
2020-04-16,"1925,0"
2020-04-17,"1587,5"
2020-04-18,"1975,0"
2020-04-19,"1900,0"
2020-04-20,"2012,5"
2020-04-21,"1862,5"
2020-04-22,"1637,5"
2020-04-23,"1775,0"
2020-04-24,"1800,0"
2020-04-25,"1700,0"
2020-04-26,"1712,5"
2020-04-27,"1762,5"
2020-04-28,"1925,0"
2020-04-29,"1812,5"
2020-04-30,"1687,5"
2020-05-01,"1762,5"
2020-05-02,"1850,0"
2020-05-03,"2100,0"
2020-05-04,"1975,0"
2020-05-05,"1975,0"
2020-05-06,"1925,0"
2020-05-07,"1837,5"
2020-05-08,"1712,5"
2020-05-09,"1700,0"
2020-05-10,"2125,0"
2020-05-11,"1812,5"
2020-05-12,"912,5"
2020-05-13,"743,75"
2020-05-14,"712,5"
2020-05-15,"781,25"
2020-05-16,"787,5"
2020-05-17,"637,5"
2020-05-18,"800,0"
2020-05-19,"718,75"
2020-05-20,"718,75"
2020-05-21,"818,75"
2020-05-22,"693,75"
2020-05-23,"743,75"
2020-05-24,"725,0"
2020-05-25,"781,25"
2020-05-26,"775,0"
2020-05-27,"862,5"
2020-05-28,"818,75"
2020-05-29,"793,75"
2020-05-30,"975,0"
2020-05-31,"937,5"
2020-06-01,"837,5"
2020-06-02,"806,25"
2020-06-03,"868,75"
2020-06-04,"943,75"
2020-06-05,"1118,75"
2020-06-06,"1225,0"
2020-06-07,"993,75"
2020-06-08,"1012,5"
2020-06-09,"1000,0"
2020-06-10,"1025,0"
2020-06-11,"1156,25"
2020-06-12,"1018,75"
2020-06-13,"987,5"
2020-06-14,"1062,5"
2020-06-15,"862,5"
2020-06-16,"937,5"
2020-06-17,"862,5"
2020-06-18,"768,75"
2020-06-19,"893,75"
2020-06-20,"856,25"
2020-06-21,"912,5"
2020-06-22,"893,75"
2020-06-23,"987,5"
2020-06-24,"868,75"
2020-06-25,"881,25"
2020-06-26,"1025,0"
2020-06-27,"862,5"
2020-06-28,"937,5"
2020-06-29,"906,25"
2020-06-30,"918,75"
2020-07-01,"1012,5"
2020-07-02,"1025,0"
2020-07-03,"1018,75"
2020-07-04,"981,25"
2020-07-05,"1018,75"
2020-07-06,"962,5"
2020-07-07,"1006,25"
2020-07-08,"943,75"
2020-07-09,"1025,0"
2020-07-10,"1006,25"
2020-07-11,"975,0"
2020-07-12,"950,0"
2020-07-13,"918,75"
2020-07-14,"900,0"
2020-07-15,"862,5"
2020-07-16,"850,0"
2020-07-17,"737,5"
2020-07-18,"812,5"
2020-07-19,"818,75"
2020-07-20,"881,25"
2020-07-21,"781,25"
2020-07-22,"900,0"
2020-07-23,"850,0"
2020-07-24,"1006,25"
2020-07-25,"887,5"
2020-07-26,"987,5"
2020-07-27,"931,25"
2020-07-28,"906,25"
2020-07-29,"925,0"
2020-07-30,"843,75"
2020-07-31,"956,25"
2020-08-01,"856,25"
2020-08-02,"881,25"
2020-08-03,"1012,5"
2020-08-04,"906,25"
2020-08-05,"806,25"
2020-08-06,"975,0"
2020-08-07,"950,0"
2020-08-08,"887,5"
2020-08-09,"975,0"
2020-08-10,"856,25"
2020-08-11,"962,5"
2020-08-12,"981,25"
2020-08-13,"918,75"
2020-08-14,"1043,75"
2020-08-15,"975,0"
2020-08-16,"950,0"
2020-08-17,"781,25"
2020-08-18,"875,0"
2020-08-19,"868,75"
2020-08-20,"912,5"
2020-08-21,"968,75"
2020-08-22,"850,0"
2020-08-23,"981,25"
2020-08-24,"931,25"
2020-08-25,"800,0"
2020-08-26,"887,5"
2020-08-27,"806,25"
2020-08-28,"1018,75"
2020-08-29,"912,5"
2020-08-30,"793,75"
2020-08-31,"937,5"
2020-09-01,"962,5"
2020-09-02,"900,0"
2020-09-03,"806,25"
2020-09-04,"843,75"
2020-09-05,"881,25"
2020-09-06,"937,5"
2020-09-07,"1093,75"
2020-09-08,"968,75"
2020-09-09,"931,25"
2020-09-10,"987,5"
2020-09-11,"862,5"
2020-09-12,"1062,5"
2020-09-13,"1012,5"
2020-09-14,"1100,0"
2020-09-15,"975,0"
2020-09-16,"968,75"
2020-09-17,"1112,5"
2020-09-18,"1031,25"
2020-09-19,"931,25"
2020-09-20,"887,5"
2020-09-21,"906,25"
2020-09-22,"806,25"
2020-09-23,"887,5"
2020-09-24,"856,25"
2020-09-25,"1056,25"
2020-09-26,"937,5"
2020-09-27,"950,0"
2020-09-28,"806,25"
2020-09-29,"881,25"
2020-09-30,"975,0"
2020-10-01,"775,0"
2020-10-02,"850,0"
2020-10-03,"943,75"
2020-10-04,"987,5"
2020-10-05,"875,0"
2020-10-06,"812,5"
2020-10-07,"943,75"
2020-10-08,"1012,5"
2020-10-09,"887,5"
2020-10-10,"893,75"
2020-10-11,"875,0"
2020-10-12,"931,25"
2020-10-13,"1037,5"
2020-10-14,"931,25"
2020-10-15,"943,75"
2020-10-16,"968,75"
2020-10-17,"981,25"
2020-10-18,"750,0"
2020-10-19,"781,25"
2020-10-20,"900,0"
2020-10-21,"812,5"
2020-10-22,"856,25"
2020-10-23,"818,75"
2020-10-24,"950,0"
2020-10-25,"731,25"
2020-10-26,"687,5"
2020-10-27,"618,75"
2020-10-28,"625,0"
2020-10-29,"675,0"
2020-10-30,"693,75"
2020-10-31,"706,25"
2020-11-01,"781,25"
2020-11-02,"593,75"
2020-11-03,"875,0"
2020-11-04,"993,75"
2020-11-05,"918,75"
2020-11-06,"956,25"
2020-11-07,"912,5"
2020-11-08,"862,5"
2020-11-09,"1156,25"
2020-11-10,"918,75"
2020-11-11,"918,75"
2020-11-12,"1000,0"
2020-11-13,"868,75"
2020-11-14,"887,5"
2020-11-15,"937,5"
2020-11-16,"1000,0"
2020-11-17,"981,25"
2020-11-18,"1056,25"
2020-11-19,"856,25"
2020-11-20,"1050,0"
2020-11-21,"1056,25"
2020-11-22,"1087,5"
2020-11-23,"918,75"
2020-11-24,"850,0"
2020-11-25,"968,75"
2020-11-26,"937,5"
2020-11-27,"962,5"
2020-11-28,"962,5"
2020-11-29,"937,5"
2020-11-30,"706,25"
2020-12-01,"950,0"
2020-12-02,"818,75"
2020-12-03,"981,25"
2020-12-04,"900,0"
2020-12-05,"900,0"
2020-12-06,"850,0"
2020-12-07,"937,5"
2020-12-08,"900,0"
2020-12-09,"868,75"
2020-12-10,"812,5"
2020-12-11,"862,5"
2020-12-12,"825,0"
2020-12-13,"975,0"
2020-12-14,"906,25"
2020-12-15,"875,0"
2020-12-16,"893,75"
2020-12-17,"806,25"
2020-12-18,"981,25"
2020-12-19,"987,5"
2020-12-20,"943,75"
2020-12-21,"850,0"
2020-12-22,"893,75"
2020-12-23,"962,5"
2020-12-24,"787,5"
2020-12-25,"900,0"
2020-12-26,"856,25"
2020-12-27,"925,0"
2020-12-28,"1000,0"
2020-12-29,"950,0"
