Date,addresses/min_point_1_count
2009-01-03,"1,0"
2009-01-04,"1,0"
2009-01-05,"1,0"
2009-01-06,"1,0"
2009-01-07,"1,0"
2009-01-08,"1,0"
2009-01-09,"15,0"
2009-01-10,"76,0"
2009-01-11,"169,0"
2009-01-12,"268,0"
2009-01-13,"391,0"
2009-01-14,"518,0"
2009-01-15,"643,0"
2009-01-16,"749,0"
2009-01-17,"858,0"
2009-01-18,"963,0"
2009-01-19,"1063,0"
2009-01-20,"1170,0"
2009-01-21,"1271,0"
2009-01-22,"1352,0"
2009-01-23,"1428,0"
2009-01-24,"1620,0"
2009-01-25,"1811,0"
2009-01-26,"1887,0"
2009-01-27,"1982,0"
2009-01-28,"2094,0"
2009-01-29,"2203,0"
2009-01-30,"2320,0"
2009-01-31,"2439,0"
2009-02-01,"2551,0"
2009-02-02,"2679,0"
2009-02-03,"2820,0"
2009-02-04,"2939,0"
2009-02-05,"3065,0"
2009-02-06,"3187,0"
2009-02-07,"3297,0"
2009-02-08,"3429,0"
2009-02-09,"3519,0"
2009-02-10,"3639,0"
2009-02-11,"3763,0"
2009-02-12,"3882,0"
2009-02-13,"4006,0"
2009-02-14,"4142,0"
2009-02-15,"4260,0"
2009-02-16,"4352,0"
2009-02-17,"4469,0"
2009-02-18,"4587,0"
2009-02-19,"4695,0"
2009-02-20,"4817,0"
2009-02-21,"4931,0"
2009-02-22,"5045,0"
2009-02-23,"5153,0"
2009-02-24,"5259,0"
2009-02-25,"5364,0"
2009-02-26,"5471,0"
2009-02-27,"5550,0"
2009-02-28,"5642,0"
2009-03-01,"5747,0"
2009-03-02,"5855,0"
2009-03-03,"5952,0"
2009-03-04,"6032,0"
2009-03-05,"6136,0"
2009-03-06,"6253,0"
2009-03-07,"6362,0"
2009-03-08,"6453,0"
2009-03-09,"6561,0"
2009-03-10,"6668,0"
2009-03-11,"6782,0"
2009-03-12,"6898,0"
2009-03-13,"6998,0"
2009-03-14,"7108,0"
2009-03-15,"7231,0"
2009-03-16,"7304,0"
2009-03-17,"7418,0"
2009-03-18,"7518,0"
2009-03-19,"7640,0"
2009-03-20,"7746,0"
2009-03-21,"7796,0"
2009-03-22,"7904,0"
2009-03-23,"8034,0"
2009-03-24,"8139,0"
2009-03-25,"8256,0"
2009-03-26,"8345,0"
2009-03-27,"8451,0"
2009-03-28,"8550,0"
2009-03-29,"8666,0"
2009-03-30,"8786,0"
2009-03-31,"8864,0"
2009-04-01,"8978,0"
2009-04-02,"9093,0"
2009-04-03,"9209,0"
2009-04-04,"9322,0"
2009-04-05,"9435,0"
2009-04-06,"9544,0"
2009-04-07,"9644,0"
2009-04-08,"9749,0"
2009-04-09,"9848,0"
2009-04-10,"9956,0"
2009-04-11,"10070,0"
2009-04-12,"10181,0"
2009-04-13,"10297,0"
2009-04-14,"10421,0"
2009-04-15,"10534,0"
2009-04-16,"10657,0"
2009-04-17,"10769,0"
2009-04-18,"10895,0"
2009-04-19,"11006,0"
2009-04-20,"11011,0"
2009-04-21,"11134,0"
2009-04-22,"11255,0"
2009-04-23,"11330,0"
2009-04-24,"11445,0"
2009-04-25,"11563,0"
2009-04-26,"11660,0"
2009-04-27,"11764,0"
2009-04-28,"11881,0"
2009-04-29,"11989,0"
2009-04-30,"12120,0"
2009-05-01,"12241,0"
2009-05-02,"12355,0"
2009-05-03,"12462,0"
2009-05-04,"12560,0"
2009-05-05,"12685,0"
2009-05-06,"12820,0"
2009-05-07,"12942,0"
2009-05-08,"13049,0"
2009-05-09,"13127,0"
2009-05-10,"13212,0"
2009-05-11,"13332,0"
2009-05-12,"13462,0"
2009-05-13,"13573,0"
2009-05-14,"13710,0"
2009-05-15,"13836,0"
2009-05-16,"13955,0"
2009-05-17,"14082,0"
2009-05-18,"14200,0"
2009-05-19,"14286,0"
2009-05-20,"14406,0"
2009-05-21,"14488,0"
2009-05-22,"14549,0"
2009-05-23,"14581,0"
2009-05-24,"14681,0"
2009-05-25,"14790,0"
2009-05-26,"14915,0"
2009-05-27,"15034,0"
2009-05-28,"15129,0"
2009-05-29,"15175,0"
2009-05-30,"15284,0"
2009-05-31,"15380,0"
2009-06-01,"15451,0"
2009-06-02,"15562,0"
2009-06-03,"15633,0"
2009-06-04,"15699,0"
2009-06-05,"15729,0"
2009-06-06,"15757,0"
2009-06-07,"15773,0"
2009-06-08,"15855,0"
2009-06-09,"15946,0"
2009-06-10,"16028,0"
2009-06-11,"16117,0"
2009-06-12,"16203,0"
2009-06-13,"16281,0"
2009-06-14,"16353,0"
2009-06-15,"16437,0"
2009-06-16,"16508,0"
2009-06-17,"16587,0"
2009-06-18,"16667,0"
2009-06-19,"16754,0"
2009-06-20,"16832,0"
2009-06-21,"16913,0"
2009-06-22,"16929,0"
2009-06-23,"17005,0"
2009-06-24,"17099,0"
2009-06-25,"17147,0"
2009-06-26,"17237,0"
2009-06-27,"17321,0"
2009-06-28,"17368,0"
2009-06-29,"17452,0"
2009-06-30,"17534,0"
2009-07-01,"17606,0"
2009-07-02,"17690,0"
2009-07-03,"17772,0"
2009-07-04,"17861,0"
2009-07-05,"17940,0"
2009-07-06,"18024,0"
2009-07-07,"18093,0"
2009-07-08,"18167,0"
2009-07-09,"18253,0"
2009-07-10,"18334,0"
2009-07-11,"18417,0"
2009-07-12,"18494,0"
2009-07-13,"18572,0"
2009-07-14,"18641,0"
2009-07-15,"18686,0"
2009-07-16,"18757,0"
2009-07-17,"18804,0"
2009-07-18,"18808,0"
2009-07-19,"18878,0"
2009-07-20,"18828,0"
2009-07-21,"18910,0"
2009-07-22,"18970,0"
2009-07-23,"19046,0"
2009-07-24,"19119,0"
2009-07-25,"19151,0"
2009-07-26,"19172,0"
2009-07-27,"19246,0"
2009-07-28,"19287,0"
2009-07-29,"19305,0"
2009-07-30,"19321,0"
2009-07-31,"19338,0"
2009-08-01,"19366,0"
2009-08-02,"19389,0"
2009-08-03,"19401,0"
2009-08-04,"19482,0"
2009-08-05,"19569,0"
2009-08-06,"19659,0"
2009-08-07,"19629,0"
2009-08-08,"19709,0"
2009-08-09,"19810,0"
2009-08-10,"19885,0"
2009-08-11,"19955,0"
2009-08-12,"20018,0"
2009-08-13,"20103,0"
2009-08-14,"20166,0"
2009-08-15,"20192,0"
2009-08-16,"20211,0"
2009-08-17,"20228,0"
2009-08-18,"20238,0"
2009-08-19,"20256,0"
2009-08-20,"20278,0"
2009-08-21,"20292,0"
2009-08-22,"20299,0"
2009-08-23,"20314,0"
2009-08-24,"20329,0"
2009-08-25,"20379,0"
2009-08-26,"20382,0"
2009-08-27,"20411,0"
2009-08-28,"20486,0"
2009-08-29,"20564,0"
2009-08-30,"20661,0"
2009-08-31,"20741,0"
2009-09-01,"20819,0"
2009-09-02,"20885,0"
2009-09-03,"20932,0"
2009-09-04,"20996,0"
2009-09-05,"21072,0"
2009-09-06,"21140,0"
2009-09-07,"21205,0"
2009-09-08,"21274,0"
2009-09-09,"21328,0"
2009-09-10,"21395,0"
2009-09-11,"21462,0"
2009-09-12,"21531,0"
2009-09-13,"21606,0"
2009-09-14,"21680,0"
2009-09-15,"21724,0"
2009-09-16,"21795,0"
2009-09-17,"21779,0"
2009-09-18,"21857,0"
2009-09-19,"21931,0"
2009-09-20,"22009,0"
2009-09-21,"22070,0"
2009-09-22,"22055,0"
2009-09-23,"22091,0"
2009-09-24,"22188,0"
2009-09-25,"22253,0"
2009-09-26,"22353,0"
2009-09-27,"22424,0"
2009-09-28,"22509,0"
2009-09-29,"22554,0"
2009-09-30,"22639,0"
2009-10-01,"22721,0"
2009-10-02,"22783,0"
2009-10-03,"22841,0"
2009-10-04,"22894,0"
2009-10-05,"22949,0"
2009-10-06,"22979,0"
2009-10-07,"23039,0"
2009-10-08,"23109,0"
2009-10-09,"23188,0"
2009-10-10,"23265,0"
2009-10-11,"23339,0"
2009-10-12,"23325,0"
2009-10-13,"23382,0"
2009-10-14,"23451,0"
2009-10-15,"23522,0"
2009-10-16,"23503,0"
2009-10-17,"23560,0"
2009-10-18,"23627,0"
2009-10-19,"23739,0"
2009-10-20,"23734,0"
2009-10-21,"23796,0"
2009-10-22,"23848,0"
2009-10-23,"23937,0"
2009-10-24,"23993,0"
2009-10-25,"24069,0"
2009-10-26,"24140,0"
2009-10-27,"24189,0"
2009-10-28,"24255,0"
2009-10-29,"24260,0"
2009-10-30,"24320,0"
2009-10-31,"24366,0"
2009-11-01,"24391,0"
2009-11-02,"24424,0"
2009-11-03,"24486,0"
2009-11-04,"24509,0"
2009-11-05,"24566,0"
2009-11-06,"24628,0"
2009-11-07,"24697,0"
2009-11-08,"24770,0"
2009-11-09,"24834,0"
2009-11-10,"24912,0"
2009-11-11,"24926,0"
2009-11-12,"24992,0"
2009-11-13,"25062,0"
2009-11-14,"25141,0"
2009-11-15,"25237,0"
2009-11-16,"25334,0"
2009-11-17,"25426,0"
2009-11-18,"25505,0"
2009-11-19,"25495,0"
2009-11-20,"25581,0"
2009-11-21,"25654,0"
2009-11-22,"25760,0"
2009-11-23,"25856,0"
2009-11-24,"25949,0"
2009-11-25,"26039,0"
2009-11-26,"26123,0"
2009-11-27,"26197,0"
2009-11-28,"26268,0"
2009-11-29,"26328,0"
2009-11-30,"26403,0"
2009-12-01,"26314,0"
2009-12-02,"26408,0"
2009-12-03,"26496,0"
2009-12-04,"26532,0"
2009-12-05,"26580,0"
2009-12-06,"26682,0"
2009-12-07,"26794,0"
2009-12-08,"26869,0"
2009-12-09,"26961,0"
2009-12-10,"27065,0"
2009-12-11,"27177,0"
2009-12-12,"27221,0"
2009-12-13,"27335,0"
2009-12-14,"27111,0"
2009-12-15,"27217,0"
2009-12-16,"27337,0"
2009-12-17,"27505,0"
2009-12-18,"27730,0"
2009-12-19,"27927,0"
2009-12-20,"28102,0"
2009-12-21,"28277,0"
2009-12-22,"28439,0"
2009-12-23,"28593,0"
2009-12-24,"28747,0"
2009-12-25,"28897,0"
2009-12-26,"29071,0"
2009-12-27,"29234,0"
2009-12-28,"29371,0"
2009-12-29,"29542,0"
2009-12-30,"29683,0"
2009-12-31,"29821,0"
2010-01-01,"29953,0"
2010-01-02,"30079,0"
2010-01-03,"30265,0"
2010-01-04,"30366,0"
2010-01-05,"30564,0"
2010-01-06,"30727,0"
2010-01-07,"30881,0"
2010-01-08,"31034,0"
2010-01-09,"31185,0"
2010-01-10,"31375,0"
2010-01-11,"31534,0"
2010-01-12,"31479,0"
2010-01-13,"31645,0"
2010-01-14,"31781,0"
2010-01-15,"31917,0"
2010-01-16,"32037,0"
2010-01-17,"32168,0"
2010-01-18,"32294,0"
2010-01-19,"32418,0"
2010-01-20,"32576,0"
2010-01-21,"32748,0"
2010-01-22,"32878,0"
2010-01-23,"33038,0"
2010-01-24,"33191,0"
2010-01-25,"33349,0"
2010-01-26,"33530,0"
2010-01-27,"33674,0"
2010-01-28,"33830,0"
2010-01-29,"34009,0"
2010-01-30,"34188,0"
2010-01-31,"34336,0"
2010-02-01,"34511,0"
2010-02-02,"34635,0"
2010-02-03,"34899,0"
2010-02-04,"35090,0"
2010-02-05,"35073,0"
2010-02-06,"35237,0"
2010-02-07,"35449,0"
2010-02-08,"35531,0"
2010-02-09,"35324,0"
2010-02-10,"34887,0"
2010-02-11,"34982,0"
2010-02-12,"35130,0"
2010-02-13,"35279,0"
2010-02-14,"35438,0"
2010-02-15,"35529,0"
2010-02-16,"35712,0"
2010-02-17,"35932,0"
2010-02-18,"36085,0"
2010-02-19,"36277,0"
2010-02-20,"36473,0"
2010-02-21,"36572,0"
2010-02-22,"36568,0"
2010-02-23,"36818,0"
2010-02-24,"36885,0"
2010-02-25,"36898,0"
2010-02-26,"37052,0"
2010-02-27,"37215,0"
2010-02-28,"37266,0"
2010-03-01,"37430,0"
2010-03-02,"37579,0"
2010-03-03,"37627,0"
2010-03-04,"37426,0"
2010-03-05,"37597,0"
2010-03-06,"37683,0"
2010-03-07,"37749,0"
2010-03-08,"37696,0"
2010-03-09,"37762,0"
2010-03-10,"37890,0"
2010-03-11,"37960,0"
2010-03-12,"38074,0"
2010-03-13,"38192,0"
2010-03-14,"38309,0"
2010-03-15,"38447,0"
2010-03-16,"38551,0"
2010-03-17,"38664,0"
2010-03-18,"38731,0"
2010-03-19,"38763,0"
2010-03-20,"38896,0"
2010-03-21,"39072,0"
2010-03-22,"39213,0"
2010-03-23,"39349,0"
2010-03-24,"39495,0"
2010-03-25,"39348,0"
2010-03-26,"39472,0"
2010-03-27,"39629,0"
2010-03-28,"39799,0"
2010-03-29,"39927,0"
2010-03-30,"40132,0"
2010-03-31,"40320,0"
2010-04-01,"40462,0"
2010-04-02,"40598,0"
2010-04-03,"40738,0"
2010-04-04,"40843,0"
2010-04-05,"40879,0"
2010-04-06,"40947,0"
2010-04-07,"41043,0"
2010-04-08,"41211,0"
2010-04-09,"41333,0"
2010-04-10,"41341,0"
2010-04-11,"41427,0"
2010-04-12,"41513,0"
2010-04-13,"41671,0"
2010-04-14,"41779,0"
2010-04-15,"41371,0"
2010-04-16,"41382,0"
2010-04-17,"41545,0"
2010-04-18,"41697,0"
2010-04-19,"41662,0"
2010-04-20,"41680,0"
2010-04-21,"41771,0"
2010-04-22,"41901,0"
2010-04-23,"42016,0"
2010-04-24,"42100,0"
2010-04-25,"42111,0"
2010-04-26,"42216,0"
2010-04-27,"42358,0"
2010-04-28,"42440,0"
2010-04-29,"42552,0"
2010-04-30,"42674,0"
2010-05-01,"42802,0"
2010-05-02,"42923,0"
2010-05-03,"42982,0"
2010-05-04,"42965,0"
2010-05-05,"42976,0"
2010-05-06,"42857,0"
2010-05-07,"42912,0"
2010-05-08,"42803,0"
2010-05-09,"42878,0"
2010-05-10,"42867,0"
2010-05-11,"42947,0"
2010-05-12,"42969,0"
2010-05-13,"43008,0"
2010-05-14,"43045,0"
2010-05-15,"43085,0"
2010-05-16,"43158,0"
2010-05-17,"43182,0"
2010-05-18,"43253,0"
2010-05-19,"43327,0"
2010-05-20,"43475,0"
2010-05-21,"43534,0"
2010-05-22,"43612,0"
2010-05-23,"43726,0"
2010-05-24,"43841,0"
2010-05-25,"43962,0"
2010-05-26,"44080,0"
2010-05-27,"44152,0"
2010-05-28,"44325,0"
2010-05-29,"44408,0"
2010-05-30,"44515,0"
2010-05-31,"44602,0"
2010-06-01,"44670,0"
2010-06-02,"44776,0"
2010-06-03,"44781,0"
2010-06-04,"44880,0"
2010-06-05,"44964,0"
2010-06-06,"45063,0"
2010-06-07,"44968,0"
2010-06-08,"45052,0"
2010-06-09,"45116,0"
2010-06-10,"45235,0"
2010-06-11,"45332,0"
2010-06-12,"45417,0"
2010-06-13,"45507,0"
2010-06-14,"45535,0"
2010-06-15,"45668,0"
2010-06-16,"45741,0"
2010-06-17,"45851,0"
2010-06-18,"45931,0"
2010-06-19,"45953,0"
2010-06-20,"46084,0"
2010-06-21,"46191,0"
2010-06-22,"46267,0"
2010-06-23,"46401,0"
2010-06-24,"46481,0"
2010-06-25,"46618,0"
2010-06-26,"46747,0"
2010-06-27,"46850,0"
2010-06-28,"46941,0"
2010-06-29,"46969,0"
2010-06-30,"46983,0"
2010-07-01,"47070,0"
2010-07-02,"47102,0"
2010-07-03,"47217,0"
2010-07-04,"47165,0"
2010-07-05,"47199,0"
2010-07-06,"47309,0"
2010-07-07,"47335,0"
2010-07-08,"47437,0"
2010-07-09,"47577,0"
2010-07-10,"47625,0"
2010-07-11,"47800,0"
2010-07-12,"49421,0"
2010-07-13,"50301,0"
2010-07-14,"50889,0"
2010-07-15,"51143,0"
2010-07-16,"51505,0"
2010-07-17,"51454,0"
2010-07-18,"51320,0"
2010-07-19,"51347,0"
2010-07-20,"51446,0"
2010-07-21,"51454,0"
2010-07-22,"51591,0"
2010-07-23,"51718,0"
2010-07-24,"51770,0"
2010-07-25,"51822,0"
2010-07-26,"51423,0"
2010-07-27,"51442,0"
2010-07-28,"51476,0"
2010-07-29,"51635,0"
2010-07-30,"51676,0"
2010-07-31,"51786,0"
2010-08-01,"51884,0"
2010-08-02,"51973,0"
2010-08-03,"51997,0"
2010-08-04,"52157,0"
2010-08-05,"52254,0"
2010-08-06,"52302,0"
2010-08-07,"52305,0"
2010-08-08,"52392,0"
2010-08-09,"52441,0"
2010-08-10,"52489,0"
2010-08-11,"52528,0"
2010-08-12,"52703,0"
2010-08-13,"52794,0"
2010-08-14,"52987,0"
2010-08-15,"53085,0"
2010-08-16,"53155,0"
2010-08-17,"53270,0"
2010-08-18,"53267,0"
2010-08-19,"53356,0"
2010-08-20,"53410,0"
2010-08-21,"53510,0"
2010-08-22,"53555,0"
2010-08-23,"53587,0"
2010-08-24,"53638,0"
2010-08-25,"53771,0"
2010-08-26,"53758,0"
2010-08-27,"53809,0"
2010-08-28,"53884,0"
2010-08-29,"54003,0"
2010-08-30,"54049,0"
2010-08-31,"54029,0"
2010-09-01,"54099,0"
2010-09-02,"54102,0"
2010-09-03,"54201,0"
2010-09-04,"54267,0"
2010-09-05,"54317,0"
2010-09-06,"54344,0"
2010-09-07,"54418,0"
2010-09-08,"54513,0"
2010-09-09,"54591,0"
2010-09-10,"54684,0"
2010-09-11,"54784,0"
2010-09-12,"54733,0"
2010-09-13,"54785,0"
2010-09-14,"54861,0"
2010-09-15,"54934,0"
2010-09-16,"54941,0"
2010-09-17,"54544,0"
2010-09-18,"54658,0"
2010-09-19,"54629,0"
2010-09-20,"54718,0"
2010-09-21,"54732,0"
2010-09-22,"54802,0"
2010-09-23,"54892,0"
2010-09-24,"55017,0"
2010-09-25,"55079,0"
2010-09-26,"55140,0"
2010-09-27,"54873,0"
2010-09-28,"53935,0"
2010-09-29,"53974,0"
2010-09-30,"54064,0"
2010-10-01,"54145,0"
2010-10-02,"54202,0"
2010-10-03,"54289,0"
2010-10-04,"54259,0"
2010-10-05,"54313,0"
2010-10-06,"54387,0"
2010-10-07,"54393,0"
2010-10-08,"54302,0"
2010-10-09,"54325,0"
2010-10-10,"54433,0"
2010-10-11,"54510,0"
2010-10-12,"54580,0"
2010-10-13,"54407,0"
2010-10-14,"54496,0"
2010-10-15,"54590,0"
2010-10-16,"54517,0"
2010-10-17,"54641,0"
2010-10-18,"54759,0"
2010-10-19,"54980,0"
2010-10-20,"55114,0"
2010-10-21,"55149,0"
2010-10-22,"55227,0"
2010-10-23,"55366,0"
2010-10-24,"55530,0"
2010-10-25,"55597,0"
2010-10-26,"55816,0"
2010-10-27,"55869,0"
2010-10-28,"55883,0"
2010-10-29,"55918,0"
2010-10-30,"56015,0"
2010-10-31,"56019,0"
2010-11-01,"56087,0"
2010-11-02,"56179,0"
2010-11-03,"56255,0"
2010-11-04,"56298,0"
2010-11-05,"56247,0"
2010-11-06,"56360,0"
2010-11-07,"56472,0"
2010-11-08,"55806,0"
2010-11-09,"55870,0"
2010-11-10,"55990,0"
2010-11-11,"56114,0"
2010-11-12,"56195,0"
2010-11-13,"56284,0"
2010-11-14,"56127,0"
2010-11-15,"56179,0"
2010-11-16,"56180,0"
2010-11-17,"56313,0"
2010-11-18,"56443,0"
2010-11-19,"56453,0"
2010-11-20,"56604,0"
2010-11-21,"56690,0"
2010-11-22,"56761,0"
2010-11-23,"56743,0"
2010-11-24,"56745,0"
2010-11-25,"56835,0"
2010-11-26,"56897,0"
2010-11-27,"56930,0"
2010-11-28,"57051,0"
2010-11-29,"57062,0"
2010-11-30,"57152,0"
2010-12-01,"57021,0"
2010-12-02,"57025,0"
2010-12-03,"56926,0"
2010-12-04,"57076,0"
2010-12-05,"57206,0"
2010-12-06,"57379,0"
2010-12-07,"57353,0"
2010-12-08,"57472,0"
2010-12-09,"57574,0"
2010-12-10,"57690,0"
2010-12-11,"57843,0"
2010-12-12,"57930,0"
2010-12-13,"57517,0"
2010-12-14,"57622,0"
2010-12-15,"57760,0"
2010-12-16,"57839,0"
2010-12-17,"57970,0"
2010-12-18,"58117,0"
2010-12-19,"58101,0"
2010-12-20,"58107,0"
2010-12-21,"58232,0"
2010-12-22,"58229,0"
2010-12-23,"58371,0"
2010-12-24,"58472,0"
2010-12-25,"58759,0"
2010-12-26,"58956,0"
2010-12-27,"58782,0"
2010-12-28,"58951,0"
2010-12-29,"58982,0"
2010-12-30,"59031,0"
2010-12-31,"59153,0"
2011-01-01,"59278,0"
2011-01-02,"59323,0"
2011-01-03,"59284,0"
2011-01-04,"59375,0"
2011-01-05,"59295,0"
2011-01-06,"59275,0"
2011-01-07,"59344,0"
2011-01-08,"59468,0"
2011-01-09,"59549,0"
2011-01-10,"59662,0"
2011-01-11,"59747,0"
2011-01-12,"59855,0"
2011-01-13,"59685,0"
2011-01-14,"59536,0"
2011-01-15,"59669,0"
2011-01-16,"59707,0"
2011-01-17,"59876,0"
2011-01-18,"59889,0"
2011-01-19,"59913,0"
2011-01-20,"60061,0"
2011-01-21,"60032,0"
2011-01-22,"60073,0"
2011-01-23,"59970,0"
2011-01-24,"60097,0"
2011-01-25,"60187,0"
2011-01-26,"60231,0"
2011-01-27,"60082,0"
2011-01-28,"60172,0"
2011-01-29,"60278,0"
2011-01-30,"60350,0"
2011-01-31,"60361,0"
2011-02-01,"60286,0"
2011-02-02,"60348,0"
2011-02-03,"60430,0"
2011-02-04,"60539,0"
2011-02-05,"60478,0"
2011-02-06,"60572,0"
2011-02-07,"60664,0"
2011-02-08,"60759,0"
2011-02-09,"60961,0"
2011-02-10,"61333,0"
2011-02-11,"61328,0"
2011-02-12,"61503,0"
2011-02-13,"61542,0"
2011-02-14,"61276,0"
2011-02-15,"61484,0"
2011-02-16,"61654,0"
2011-02-17,"61893,0"
2011-02-18,"61951,0"
2011-02-19,"62046,0"
2011-02-20,"62190,0"
2011-02-21,"62324,0"
2011-02-22,"62412,0"
2011-02-23,"62582,0"
2011-02-24,"62666,0"
2011-02-25,"62732,0"
2011-02-26,"62753,0"
2011-02-27,"62864,0"
2011-02-28,"62975,0"
2011-03-01,"63091,0"
2011-03-02,"63254,0"
2011-03-03,"63465,0"
2011-03-04,"63649,0"
2011-03-05,"63661,0"
2011-03-06,"63749,0"
2011-03-07,"63827,0"
2011-03-08,"64030,0"
2011-03-09,"64137,0"
2011-03-10,"64270,0"
2011-03-11,"64324,0"
2011-03-12,"64426,0"
2011-03-13,"64512,0"
2011-03-14,"64321,0"
2011-03-15,"64351,0"
2011-03-16,"64265,0"
2011-03-17,"64372,0"
2011-03-18,"64337,0"
2011-03-19,"64446,0"
2011-03-20,"64542,0"
2011-03-21,"64640,0"
2011-03-22,"64760,0"
2011-03-23,"64803,0"
2011-03-24,"65019,0"
2011-03-25,"65292,0"
2011-03-26,"65403,0"
2011-03-27,"65585,0"
2011-03-28,"65761,0"
2011-03-29,"65903,0"
2011-03-30,"66084,0"
2011-03-31,"66247,0"
2011-04-01,"66386,0"
2011-04-02,"66583,0"
2011-04-03,"66772,0"
2011-04-04,"66817,0"
2011-04-05,"67049,0"
2011-04-06,"67143,0"
2011-04-07,"67268,0"
2011-04-08,"67371,0"
2011-04-09,"67545,0"
2011-04-10,"67655,0"
2011-04-11,"67678,0"
2011-04-12,"67587,0"
2011-04-13,"67557,0"
2011-04-14,"67651,0"
2011-04-15,"67785,0"
2011-04-16,"67841,0"
2011-04-17,"68116,0"
2011-04-18,"68232,0"
2011-04-19,"68283,0"
2011-04-20,"68364,0"
2011-04-21,"68598,0"
2011-04-22,"68723,0"
2011-04-23,"68772,0"
2011-04-24,"68895,0"
2011-04-25,"69078,0"
2011-04-26,"69219,0"
2011-04-27,"69231,0"
2011-04-28,"69368,0"
2011-04-29,"69537,0"
2011-04-30,"69674,0"
2011-05-01,"69826,0"
2011-05-02,"69951,0"
2011-05-03,"70080,0"
2011-05-04,"70007,0"
2011-05-05,"70202,0"
2011-05-06,"70553,0"
2011-05-07,"70700,0"
2011-05-08,"70916,0"
2011-05-09,"70990,0"
2011-05-10,"71157,0"
2011-05-11,"71165,0"
2011-05-12,"71521,0"
2011-05-13,"71484,0"
2011-05-14,"71880,0"
2011-05-15,"72320,0"
2011-05-16,"72587,0"
2011-05-17,"73283,0"
2011-05-18,"73755,0"
2011-05-19,"74041,0"
2011-05-20,"74456,0"
2011-05-21,"75327,0"
2011-05-22,"76079,0"
2011-05-23,"76588,0"
2011-05-24,"77075,0"
2011-05-25,"77987,0"
2011-05-26,"79018,0"
2011-05-27,"79590,0"
2011-05-28,"79898,0"
2011-05-29,"79890,0"
2011-05-30,"80485,0"
2011-05-31,"80870,0"
2011-06-01,"81556,0"
2011-06-02,"81861,0"
2011-06-03,"82545,0"
2011-06-04,"83456,0"
2011-06-05,"84683,0"
2011-06-06,"85599,0"
2011-06-07,"86329,0"
2011-06-08,"86833,0"
2011-06-09,"88446,0"
2011-06-10,"89835,0"
2011-06-11,"90906,0"
2011-06-12,"91884,0"
2011-06-13,"92825,0"
2011-06-14,"94454,0"
2011-06-15,"95629,0"
2011-06-16,"96658,0"
2011-06-17,"98024,0"
2011-06-18,"99181,0"
2011-06-19,"99980,0"
2011-06-20,"101774,0"
2011-06-21,"103115,0"
2011-06-22,"105000,0"
2011-06-23,"106471,0"
2011-06-24,"107496,0"
2011-06-25,"108846,0"
2011-06-26,"109471,0"
2011-06-27,"110297,0"
2011-06-28,"111043,0"
2011-06-29,"112291,0"
2011-06-30,"113040,0"
2011-07-01,"113852,0"
2011-07-02,"114571,0"
2011-07-03,"115239,0"
2011-07-04,"116206,0"
2011-07-05,"116889,0"
2011-07-06,"117557,0"
2011-07-07,"118693,0"
2011-07-08,"119777,0"
2011-07-09,"120404,0"
2011-07-10,"121169,0"
2011-07-11,"122210,0"
2011-07-12,"122948,0"
2011-07-13,"123784,0"
2011-07-14,"124740,0"
2011-07-15,"125427,0"
2011-07-16,"126035,0"
2011-07-17,"126461,0"
2011-07-18,"125059,0"
2011-07-19,"125791,0"
2011-07-20,"126121,0"
2011-07-21,"126152,0"
2011-07-22,"126731,0"
2011-07-23,"127165,0"
2011-07-24,"127786,0"
2011-07-25,"128637,0"
2011-07-26,"128727,0"
2011-07-27,"129324,0"
2011-07-28,"128892,0"
2011-07-29,"129552,0"
2011-07-30,"129906,0"
2011-07-31,"130422,0"
2011-08-01,"130870,0"
2011-08-02,"131436,0"
2011-08-03,"131561,0"
2011-08-04,"131618,0"
2011-08-05,"132079,0"
2011-08-06,"132063,0"
2011-08-07,"132744,0"
2011-08-08,"130693,0"
2011-08-09,"131606,0"
2011-08-10,"132220,0"
2011-08-11,"132532,0"
2011-08-12,"132341,0"
2011-08-13,"132507,0"
2011-08-14,"132753,0"
2011-08-15,"133139,0"
2011-08-16,"133484,0"
2011-08-17,"133210,0"
2011-08-18,"133657,0"
2011-08-19,"133993,0"
2011-08-20,"134628,0"
2011-08-21,"135057,0"
2011-08-22,"135509,0"
2011-08-23,"135945,0"
2011-08-24,"136231,0"
2011-08-25,"136321,0"
2011-08-26,"135559,0"
2011-08-27,"135097,0"
2011-08-28,"135241,0"
2011-08-29,"135626,0"
2011-08-30,"136035,0"
2011-08-31,"136380,0"
2011-09-01,"136253,0"
2011-09-02,"136551,0"
2011-09-03,"136842,0"
2011-09-04,"137100,0"
2011-09-05,"137049,0"
2011-09-06,"137174,0"
2011-09-07,"137529,0"
2011-09-08,"137598,0"
2011-09-09,"136502,0"
2011-09-10,"136104,0"
2011-09-11,"136387,0"
2011-09-12,"136271,0"
2011-09-13,"136628,0"
2011-09-14,"136719,0"
2011-09-15,"136935,0"
2011-09-16,"136999,0"
2011-09-17,"137092,0"
2011-09-18,"137355,0"
2011-09-19,"137334,0"
2011-09-20,"137410,0"
2011-09-21,"137377,0"
2011-09-22,"137353,0"
2011-09-23,"137702,0"
2011-09-24,"137555,0"
2011-09-25,"137757,0"
2011-09-26,"137993,0"
2011-09-27,"138104,0"
2011-09-28,"138403,0"
2011-09-29,"138629,0"
2011-09-30,"138750,0"
2011-10-01,"138582,0"
2011-10-02,"138747,0"
2011-10-03,"138869,0"
2011-10-04,"138796,0"
2011-10-05,"139006,0"
2011-10-06,"138858,0"
2011-10-07,"138906,0"
2011-10-08,"139107,0"
2011-10-09,"139555,0"
2011-10-10,"139797,0"
2011-10-11,"140192,0"
2011-10-12,"140351,0"
2011-10-13,"140746,0"
2011-10-14,"140414,0"
2011-10-15,"140641,0"
2011-10-16,"140657,0"
2011-10-17,"140778,0"
2011-10-18,"140984,0"
2011-10-19,"140910,0"
2011-10-20,"141212,0"
2011-10-21,"141577,0"
2011-10-22,"142013,0"
2011-10-23,"142527,0"
2011-10-24,"142687,0"
2011-10-25,"143107,0"
2011-10-26,"143289,0"
2011-10-27,"143513,0"
2011-10-28,"143479,0"
2011-10-29,"143517,0"
2011-10-30,"143640,0"
2011-10-31,"143789,0"
2011-11-01,"144202,0"
2011-11-02,"144259,0"
2011-11-03,"144132,0"
2011-11-04,"144283,0"
2011-11-05,"144535,0"
2011-11-06,"144954,0"
2011-11-07,"145279,0"
2011-11-08,"145240,0"
2011-11-09,"145482,0"
2011-11-10,"145650,0"
2011-11-11,"145564,0"
2011-11-12,"145585,0"
2011-11-13,"146083,0"
2011-11-14,"145822,0"
2011-11-15,"145826,0"
2011-11-16,"145774,0"
2011-11-17,"145417,0"
2011-11-18,"145439,0"
2011-11-19,"145440,0"
2011-11-20,"145291,0"
2011-11-21,"145553,0"
2011-11-22,"145681,0"
2011-11-23,"145608,0"
2011-11-24,"145525,0"
2011-11-25,"145715,0"
2011-11-26,"145864,0"
2011-11-27,"146073,0"
2011-11-28,"146113,0"
2011-11-29,"145960,0"
2011-11-30,"145641,0"
2011-12-01,"146015,0"
2011-12-02,"146615,0"
2011-12-03,"146405,0"
2011-12-04,"146821,0"
2011-12-05,"147160,0"
2011-12-06,"147725,0"
2011-12-07,"148251,0"
2011-12-08,"147137,0"
2011-12-09,"147380,0"
2011-12-10,"147702,0"
2011-12-11,"147844,0"
2011-12-12,"148152,0"
2011-12-13,"149515,0"
2011-12-14,"149893,0"
2011-12-15,"150046,0"
2011-12-16,"150277,0"
2011-12-17,"150490,0"
2011-12-18,"150798,0"
2011-12-19,"150823,0"
2011-12-20,"150795,0"
2011-12-21,"151176,0"
2011-12-22,"151549,0"
2011-12-23,"151904,0"
2011-12-24,"152264,0"
2011-12-25,"152557,0"
2011-12-26,"153053,0"
2011-12-27,"153476,0"
2011-12-28,"153636,0"
2011-12-29,"153993,0"
2011-12-30,"154196,0"
2011-12-31,"154281,0"
2012-01-01,"154467,0"
2012-01-02,"154721,0"
2012-01-03,"154969,0"
2012-01-04,"155066,0"
2012-01-05,"155475,0"
2012-01-06,"155635,0"
2012-01-07,"155770,0"
2012-01-08,"155768,0"
2012-01-09,"155424,0"
2012-01-10,"155005,0"
2012-01-11,"155541,0"
2012-01-12,"155871,0"
2012-01-13,"156112,0"
2012-01-14,"156465,0"
2012-01-15,"156706,0"
2012-01-16,"157056,0"
2012-01-17,"157554,0"
2012-01-18,"158026,0"
2012-01-19,"158485,0"
2012-01-20,"158937,0"
2012-01-21,"159091,0"
2012-01-22,"159425,0"
2012-01-23,"160004,0"
2012-01-24,"160165,0"
2012-01-25,"160527,0"
2012-01-26,"160688,0"
2012-01-27,"161188,0"
2012-01-28,"161489,0"
2012-01-29,"161412,0"
2012-01-30,"161696,0"
2012-01-31,"162206,0"
2012-02-01,"162562,0"
2012-02-02,"162934,0"
2012-02-03,"163435,0"
2012-02-04,"163624,0"
2012-02-05,"163901,0"
2012-02-06,"164047,0"
2012-02-07,"164077,0"
2012-02-08,"164439,0"
2012-02-09,"164922,0"
2012-02-10,"164981,0"
2012-02-11,"164858,0"
2012-02-12,"164934,0"
2012-02-13,"164963,0"
2012-02-14,"165105,0"
2012-02-15,"165487,0"
2012-02-16,"166015,0"
2012-02-17,"166229,0"
2012-02-18,"166563,0"
2012-02-19,"167252,0"
2012-02-20,"167745,0"
2012-02-21,"168027,0"
2012-02-22,"168307,0"
2012-02-23,"168556,0"
2012-02-24,"168510,0"
2012-02-25,"167761,0"
2012-02-26,"167977,0"
2012-02-27,"168383,0"
2012-02-28,"168585,0"
2012-02-29,"168977,0"
2012-03-01,"169070,0"
2012-03-02,"168758,0"
2012-03-03,"168888,0"
2012-03-04,"169690,0"
2012-03-05,"170146,0"
2012-03-06,"170306,0"
2012-03-07,"170833,0"
2012-03-08,"171155,0"
2012-03-09,"171241,0"
2012-03-10,"171402,0"
2012-03-11,"171660,0"
2012-03-12,"171874,0"
2012-03-13,"172175,0"
2012-03-14,"172301,0"
2012-03-15,"172589,0"
2012-03-16,"173161,0"
2012-03-17,"173621,0"
2012-03-18,"174170,0"
2012-03-19,"174301,0"
2012-03-20,"174786,0"
2012-03-21,"175318,0"
2012-03-22,"175584,0"
2012-03-23,"175705,0"
2012-03-24,"176143,0"
2012-03-25,"175721,0"
2012-03-26,"175707,0"
2012-03-27,"175629,0"
2012-03-28,"175858,0"
2012-03-29,"175892,0"
2012-03-30,"176128,0"
2012-03-31,"176233,0"
2012-04-01,"176291,0"
2012-04-02,"176311,0"
2012-04-03,"175570,0"
2012-04-04,"175661,0"
2012-04-05,"175822,0"
2012-04-06,"175238,0"
2012-04-07,"175290,0"
2012-04-08,"175515,0"
2012-04-09,"175634,0"
2012-04-10,"176021,0"
2012-04-11,"176293,0"
2012-04-12,"176235,0"
2012-04-13,"176372,0"
2012-04-14,"176675,0"
2012-04-15,"176856,0"
2012-04-16,"176746,0"
2012-04-17,"176292,0"
2012-04-18,"176302,0"
2012-04-19,"176194,0"
2012-04-20,"176323,0"
2012-04-21,"176489,0"
2012-04-22,"176756,0"
2012-04-23,"176721,0"
2012-04-24,"177028,0"
2012-04-25,"177263,0"
2012-04-26,"176900,0"
2012-04-27,"176993,0"
2012-04-28,"177221,0"
2012-04-29,"177348,0"
2012-04-30,"177485,0"
2012-05-01,"177684,0"
2012-05-02,"177871,0"
2012-05-03,"178143,0"
2012-05-04,"178256,0"
2012-05-05,"178527,0"
2012-05-06,"175489,0"
2012-05-07,"175199,0"
2012-05-08,"175505,0"
2012-05-09,"175613,0"
2012-05-10,"175660,0"
2012-05-11,"175345,0"
2012-05-12,"175499,0"
2012-05-13,"175807,0"
2012-05-14,"176427,0"
2012-05-15,"176386,0"
2012-05-16,"175838,0"
2012-05-17,"175864,0"
2012-05-18,"175965,0"
2012-05-19,"176013,0"
2012-05-20,"176197,0"
2012-05-21,"176254,0"
2012-05-22,"176282,0"
2012-05-23,"176192,0"
2012-05-24,"176273,0"
2012-05-25,"176316,0"
2012-05-26,"176533,0"
2012-05-27,"176506,0"
2012-05-28,"176679,0"
2012-05-29,"176655,0"
2012-05-30,"176596,0"
2012-05-31,"176937,0"
2012-06-01,"177065,0"
2012-06-02,"177215,0"
2012-06-03,"177438,0"
2012-06-04,"177537,0"
2012-06-05,"177771,0"
2012-06-06,"177997,0"
2012-06-07,"177607,0"
2012-06-08,"177596,0"
2012-06-09,"177611,0"
2012-06-10,"177977,0"
2012-06-11,"178075,0"
2012-06-12,"178167,0"
2012-06-13,"178570,0"
2012-06-14,"178630,0"
2012-06-15,"178803,0"
2012-06-16,"179286,0"
2012-06-17,"179392,0"
2012-06-18,"179570,0"
2012-06-19,"179483,0"
2012-06-20,"179653,0"
2012-06-21,"179607,0"
2012-06-22,"179767,0"
2012-06-23,"180098,0"
2012-06-24,"180144,0"
2012-06-25,"180185,0"
2012-06-26,"180342,0"
2012-06-27,"180030,0"
2012-06-28,"180100,0"
2012-06-29,"180411,0"
2012-06-30,"180872,0"
2012-07-01,"180896,0"
2012-07-02,"180907,0"
2012-07-03,"180056,0"
2012-07-04,"179502,0"
2012-07-05,"179420,0"
2012-07-06,"179273,0"
2012-07-07,"179503,0"
2012-07-08,"179316,0"
2012-07-09,"179481,0"
2012-07-10,"179678,0"
2012-07-11,"179529,0"
2012-07-12,"179474,0"
2012-07-13,"179174,0"
2012-07-14,"179432,0"
2012-07-15,"179726,0"
2012-07-16,"179602,0"
2012-07-17,"179850,0"
2012-07-18,"179698,0"
2012-07-19,"179410,0"
2012-07-20,"179352,0"
2012-07-21,"179685,0"
2012-07-22,"180296,0"
2012-07-23,"180546,0"
2012-07-24,"180266,0"
2012-07-25,"180304,0"
2012-07-26,"180095,0"
2012-07-27,"180564,0"
2012-07-28,"181121,0"
2012-07-29,"181381,0"
2012-07-30,"181480,0"
2012-07-31,"181956,0"
2012-08-01,"181783,0"
2012-08-02,"181458,0"
2012-08-03,"181599,0"
2012-08-04,"181904,0"
2012-08-05,"181738,0"
2012-08-06,"182195,0"
2012-08-07,"182665,0"
2012-08-08,"182437,0"
2012-08-09,"182537,0"
2012-08-10,"182601,0"
2012-08-11,"183189,0"
2012-08-12,"183925,0"
2012-08-13,"184469,0"
2012-08-14,"185281,0"
2012-08-15,"186335,0"
2012-08-16,"187790,0"
2012-08-17,"188706,0"
2012-08-18,"189498,0"
2012-08-19,"188540,0"
2012-08-20,"188794,0"
2012-08-21,"189185,0"
2012-08-22,"189094,0"
2012-08-23,"189450,0"
2012-08-24,"189469,0"
2012-08-25,"189728,0"
2012-08-26,"190595,0"
2012-08-27,"191232,0"
2012-08-28,"192153,0"
2012-08-29,"192967,0"
2012-08-30,"193872,0"
2012-08-31,"194968,0"
2012-09-01,"195992,0"
2012-09-02,"196547,0"
2012-09-03,"196781,0"
2012-09-04,"197826,0"
2012-09-05,"198389,0"
2012-09-06,"199403,0"
2012-09-07,"199981,0"
2012-09-08,"200396,0"
2012-09-09,"199569,0"
2012-09-10,"199640,0"
2012-09-11,"200513,0"
2012-09-12,"201627,0"
2012-09-13,"202229,0"
2012-09-14,"202949,0"
2012-09-15,"203737,0"
2012-09-16,"204637,0"
2012-09-17,"205325,0"
2012-09-18,"206311,0"
2012-09-19,"207383,0"
2012-09-20,"208220,0"
2012-09-21,"208435,0"
2012-09-22,"208760,0"
2012-09-23,"209428,0"
2012-09-24,"209659,0"
2012-09-25,"210455,0"
2012-09-26,"210933,0"
2012-09-27,"211085,0"
2012-09-28,"210947,0"
2012-09-29,"209704,0"
2012-09-30,"208306,0"
2012-10-01,"209123,0"
2012-10-02,"207327,0"
2012-10-03,"202676,0"
2012-10-04,"201272,0"
2012-10-05,"201612,0"
2012-10-06,"201979,0"
2012-10-07,"202396,0"
2012-10-08,"203108,0"
2012-10-09,"203493,0"
2012-10-10,"203956,0"
2012-10-11,"204140,0"
2012-10-12,"203751,0"
2012-10-13,"203748,0"
2012-10-14,"204023,0"
2012-10-15,"204599,0"
2012-10-16,"204613,0"
2012-10-17,"204962,0"
2012-10-18,"204784,0"
2012-10-19,"204905,0"
2012-10-20,"204340,0"
2012-10-21,"204127,0"
2012-10-22,"203189,0"
2012-10-23,"202690,0"
2012-10-24,"203125,0"
2012-10-25,"203374,0"
2012-10-26,"203188,0"
2012-10-27,"203690,0"
2012-10-28,"204640,0"
2012-10-29,"205221,0"
2012-10-30,"205200,0"
2012-10-31,"205444,0"
2012-11-01,"205781,0"
2012-11-02,"206662,0"
2012-11-03,"207181,0"
2012-11-04,"207778,0"
2012-11-05,"208300,0"
2012-11-06,"208568,0"
2012-11-07,"208795,0"
2012-11-08,"209304,0"
2012-11-09,"209429,0"
2012-11-10,"210181,0"
2012-11-11,"211210,0"
2012-11-12,"211997,0"
2012-11-13,"212656,0"
2012-11-14,"213425,0"
2012-11-15,"213340,0"
2012-11-16,"212801,0"
2012-11-17,"213366,0"
2012-11-18,"214047,0"
2012-11-19,"214624,0"
2012-11-20,"215228,0"
2012-11-21,"215049,0"
2012-11-22,"215460,0"
2012-11-23,"215366,0"
2012-11-24,"215880,0"
2012-11-25,"216157,0"
2012-11-26,"218500,0"
2012-11-27,"217823,0"
2012-11-28,"218412,0"
2012-11-29,"218398,0"
2012-11-30,"218108,0"
2012-12-01,"217700,0"
2012-12-02,"217979,0"
2012-12-03,"217406,0"
2012-12-04,"217709,0"
2012-12-05,"217803,0"
2012-12-06,"217870,0"
2012-12-07,"217526,0"
2012-12-08,"217715,0"
2012-12-09,"217572,0"
2012-12-10,"217831,0"
2012-12-11,"218186,0"
2012-12-12,"218100,0"
2012-12-13,"217156,0"
2012-12-14,"217344,0"
2012-12-15,"217180,0"
2012-12-16,"217574,0"
2012-12-17,"218071,0"
2012-12-18,"218275,0"
2012-12-19,"218177,0"
2012-12-20,"218212,0"
2012-12-21,"218530,0"
2012-12-22,"219124,0"
2012-12-23,"218769,0"
2012-12-24,"219107,0"
2012-12-25,"219598,0"
2012-12-26,"219335,0"
2012-12-27,"219853,0"
2012-12-28,"219982,0"
2012-12-29,"220360,0"
2012-12-30,"220672,0"
2012-12-31,"221404,0"
2013-01-01,"222065,0"
2013-01-02,"222412,0"
2013-01-03,"222801,0"
2013-01-04,"222743,0"
2013-01-05,"222701,0"
2013-01-06,"222906,0"
2013-01-07,"223440,0"
2013-01-08,"223144,0"
2013-01-09,"223855,0"
2013-01-10,"224382,0"
2013-01-11,"224689,0"
2013-01-12,"224647,0"
2013-01-13,"224979,0"
2013-01-14,"225358,0"
2013-01-15,"225778,0"
2013-01-16,"226293,0"
2013-01-17,"225011,0"
2013-01-18,"225164,0"
2013-01-19,"225428,0"
2013-01-20,"225688,0"
2013-01-21,"225562,0"
2013-01-22,"225796,0"
2013-01-23,"225380,0"
2013-01-24,"225766,0"
2013-01-25,"225588,0"
2013-01-26,"223854,0"
2013-01-27,"225290,0"
2013-01-28,"226355,0"
2013-01-29,"228203,0"
2013-01-30,"229847,0"
2013-01-31,"230627,0"
2013-02-01,"230742,0"
2013-02-02,"229296,0"
2013-02-03,"227663,0"
2013-02-04,"227619,0"
2013-02-05,"226926,0"
2013-02-06,"226974,0"
2013-02-07,"227572,0"
2013-02-08,"228203,0"
2013-02-09,"228008,0"
2013-02-10,"228545,0"
2013-02-11,"228841,0"
2013-02-12,"229236,0"
2013-02-13,"229421,0"
2013-02-14,"230151,0"
2013-02-15,"229759,0"
2013-02-16,"229888,0"
2013-02-17,"230022,0"
2013-02-18,"230542,0"
2013-02-19,"231153,0"
2013-02-20,"231761,0"
2013-02-21,"231705,0"
2013-02-22,"231883,0"
2013-02-23,"232283,0"
2013-02-24,"232771,0"
2013-02-25,"232793,0"
2013-02-26,"233472,0"
2013-02-27,"234504,0"
2013-02-28,"236227,0"
2013-03-01,"236585,0"
2013-03-02,"236043,0"
2013-03-03,"236791,0"
2013-03-04,"237076,0"
2013-03-05,"238548,0"
2013-03-06,"239351,0"
2013-03-07,"239770,0"
2013-03-08,"240522,0"
2013-03-09,"241378,0"
2013-03-10,"241881,0"
2013-03-11,"242820,0"
2013-03-12,"242270,0"
2013-03-13,"243606,0"
2013-03-14,"244456,0"
2013-03-15,"246218,0"
2013-03-16,"247253,0"
2013-03-17,"247647,0"
2013-03-18,"249563,0"
2013-03-19,"251138,0"
2013-03-20,"252308,0"
2013-03-21,"253609,0"
2013-03-22,"254807,0"
2013-03-23,"252932,0"
2013-03-24,"254315,0"
2013-03-25,"255709,0"
2013-03-26,"256642,0"
2013-03-27,"258369,0"
2013-03-28,"258561,0"
2013-03-29,"258864,0"
2013-03-30,"259669,0"
2013-03-31,"257415,0"
2013-04-01,"257415,0"
2013-04-02,"258998,0"
2013-04-03,"260267,0"
2013-04-04,"261076,0"
2013-04-05,"264212,0"
2013-04-06,"264415,0"
2013-04-07,"265815,0"
2013-04-08,"269060,0"
2013-04-09,"272172,0"
2013-04-10,"275368,0"
2013-04-11,"274839,0"
2013-04-12,"275463,0"
2013-04-13,"277480,0"
2013-04-14,"279075,0"
2013-04-15,"281141,0"
2013-04-16,"283126,0"
2013-04-17,"283105,0"
2013-04-18,"283764,0"
2013-04-19,"285790,0"
2013-04-20,"286689,0"
2013-04-21,"288134,0"
2013-04-22,"290722,0"
2013-04-23,"292116,0"
2013-04-24,"292316,0"
2013-04-25,"294621,0"
2013-04-26,"298070,0"
2013-04-27,"298431,0"
2013-04-28,"297660,0"
2013-04-29,"300219,0"
2013-04-30,"300353,0"
2013-05-01,"303680,0"
2013-05-02,"303497,0"
2013-05-03,"303261,0"
2013-05-04,"304677,0"
2013-05-05,"305505,0"
2013-05-06,"305794,0"
2013-05-07,"306950,0"
2013-05-08,"306975,0"
2013-05-09,"309224,0"
2013-05-10,"311091,0"
2013-05-11,"310099,0"
2013-05-12,"311691,0"
2013-05-13,"314340,0"
2013-05-14,"315933,0"
2013-05-15,"316390,0"
2013-05-16,"317734,0"
2013-05-17,"318477,0"
2013-05-18,"319505,0"
2013-05-19,"319233,0"
2013-05-20,"320113,0"
2013-05-21,"322036,0"
2013-05-22,"323625,0"
2013-05-23,"324444,0"
2013-05-24,"323280,0"
2013-05-25,"319850,0"
2013-05-26,"317650,0"
2013-05-27,"319649,0"
2013-05-28,"320706,0"
2013-05-29,"322153,0"
2013-05-30,"322242,0"
2013-05-31,"323730,0"
2013-06-01,"324486,0"
2013-06-02,"322229,0"
2013-06-03,"319110,0"
2013-06-04,"318841,0"
2013-06-05,"318675,0"
2013-06-06,"319380,0"
2013-06-07,"318045,0"
2013-06-08,"317334,0"
2013-06-09,"316834,0"
2013-06-10,"317629,0"
2013-06-11,"320061,0"
2013-06-12,"321458,0"
2013-06-13,"323261,0"
2013-06-14,"324118,0"
2013-06-15,"323662,0"
2013-06-16,"323577,0"
2013-06-17,"326112,0"
2013-06-18,"327432,0"
2013-06-19,"328990,0"
2013-06-20,"327846,0"
2013-06-21,"326729,0"
2013-06-22,"326113,0"
2013-06-23,"324701,0"
2013-06-24,"325732,0"
2013-06-25,"326656,0"
2013-06-26,"328504,0"
2013-06-27,"330212,0"
2013-06-28,"329863,0"
2013-06-29,"330471,0"
2013-06-30,"331021,0"
2013-07-01,"332471,0"
2013-07-02,"332999,0"
2013-07-03,"334915,0"
2013-07-04,"336033,0"
2013-07-05,"337638,0"
2013-07-06,"334066,0"
2013-07-07,"333170,0"
2013-07-08,"335196,0"
2013-07-09,"335503,0"
2013-07-10,"338135,0"
2013-07-11,"339443,0"
2013-07-12,"340263,0"
2013-07-13,"338508,0"
2013-07-14,"338296,0"
2013-07-15,"338087,0"
2013-07-16,"340140,0"
2013-07-17,"342696,0"
2013-07-18,"342953,0"
2013-07-19,"345640,0"
2013-07-20,"344861,0"
2013-07-21,"345123,0"
2013-07-22,"346681,0"
2013-07-23,"349058,0"
2013-07-24,"349655,0"
2013-07-25,"350355,0"
2013-07-26,"351716,0"
2013-07-27,"350161,0"
2013-07-28,"350392,0"
2013-07-29,"351557,0"
2013-07-30,"351960,0"
2013-07-31,"351326,0"
2013-08-01,"352847,0"
2013-08-02,"354109,0"
2013-08-03,"354251,0"
2013-08-04,"351969,0"
2013-08-05,"353859,0"
2013-08-06,"356139,0"
2013-08-07,"359492,0"
2013-08-08,"360450,0"
2013-08-09,"361285,0"
2013-08-10,"362805,0"
2013-08-11,"361469,0"
2013-08-12,"360338,0"
2013-08-13,"362469,0"
2013-08-14,"364469,0"
2013-08-15,"366992,0"
2013-08-16,"366634,0"
2013-08-17,"366978,0"
2013-08-18,"366677,0"
2013-08-19,"370209,0"
2013-08-20,"371058,0"
2013-08-21,"372023,0"
2013-08-22,"373306,0"
2013-08-23,"368758,0"
2013-08-24,"368703,0"
2013-08-25,"360490,0"
2013-08-26,"358882,0"
2013-08-27,"348669,0"
2013-08-28,"351080,0"
2013-08-29,"353662,0"
2013-08-30,"353851,0"
2013-08-31,"355469,0"
2013-09-01,"355779,0"
2013-09-02,"357755,0"
2013-09-03,"360269,0"
2013-09-04,"360313,0"
2013-09-05,"362151,0"
2013-09-06,"362653,0"
2013-09-07,"363693,0"
2013-09-08,"361881,0"
2013-09-09,"360921,0"
2013-09-10,"362850,0"
2013-09-11,"364281,0"
2013-09-12,"364338,0"
2013-09-13,"367057,0"
2013-09-14,"368565,0"
2013-09-15,"368619,0"
2013-09-16,"369806,0"
2013-09-17,"371346,0"
2013-09-18,"369841,0"
2013-09-19,"370372,0"
2013-09-20,"371417,0"
2013-09-21,"372616,0"
2013-09-22,"371287,0"
2013-09-23,"372616,0"
2013-09-24,"374741,0"
2013-09-25,"375699,0"
2013-09-26,"377508,0"
2013-09-27,"376051,0"
2013-09-28,"377241,0"
2013-09-29,"377823,0"
2013-09-30,"379428,0"
2013-10-01,"380632,0"
2013-10-02,"368400,0"
2013-10-03,"365434,0"
2013-10-04,"367948,0"
2013-10-05,"367757,0"
2013-10-06,"368475,0"
2013-10-07,"370889,0"
2013-10-08,"372350,0"
2013-10-09,"374953,0"
2013-10-10,"376679,0"
2013-10-11,"378025,0"
2013-10-12,"378500,0"
2013-10-13,"378927,0"
2013-10-14,"379639,0"
2013-10-15,"380634,0"
2013-10-16,"381728,0"
2013-10-17,"381338,0"
2013-10-18,"381381,0"
2013-10-19,"380285,0"
2013-10-20,"381456,0"
2013-10-21,"382904,0"
2013-10-22,"383525,0"
2013-10-23,"384010,0"
2013-10-24,"385155,0"
2013-10-25,"383332,0"
2013-10-26,"384972,0"
2013-10-27,"386085,0"
2013-10-28,"386151,0"
2013-10-29,"387961,0"
2013-10-30,"388882,0"
2013-10-31,"388700,0"
2013-11-01,"389582,0"
2013-11-02,"390791,0"
2013-11-03,"390626,0"
2013-11-04,"390747,0"
2013-11-05,"390334,0"
2013-11-06,"391341,0"
2013-11-07,"393854,0"
2013-11-08,"394689,0"
2013-11-09,"395404,0"
2013-11-10,"394493,0"
2013-11-11,"387622,0"
2013-11-12,"389367,0"
2013-11-13,"389704,0"
2013-11-14,"392445,0"
2013-11-15,"394861,0"
2013-11-16,"397125,0"
2013-11-17,"398970,0"
2013-11-18,"404026,0"
2013-11-19,"403438,0"
2013-11-20,"406133,0"
2013-11-21,"398972,0"
2013-11-22,"400298,0"
2013-11-23,"403466,0"
2013-11-24,"404210,0"
2013-11-25,"406426,0"
2013-11-26,"410407,0"
2013-11-27,"415254,0"
2013-11-28,"423109,0"
2013-11-29,"429564,0"
2013-11-30,"436767,0"
2013-12-01,"437271,0"
2013-12-02,"435864,0"
2013-12-03,"439562,0"
2013-12-04,"440387,0"
2013-12-05,"443030,0"
2013-12-06,"443413,0"
2013-12-07,"446344,0"
2013-12-08,"446693,0"
2013-12-09,"451518,0"
2013-12-10,"452560,0"
2013-12-11,"454103,0"
2013-12-12,"454324,0"
2013-12-13,"455579,0"
2013-12-14,"453619,0"
2013-12-15,"443012,0"
2013-12-16,"446616,0"
2013-12-17,"447489,0"
2013-12-18,"450936,0"
2013-12-19,"450392,0"
2013-12-20,"453260,0"
2013-12-21,"452507,0"
2013-12-22,"450752,0"
2013-12-23,"450610,0"
2013-12-24,"454330,0"
2013-12-25,"456323,0"
2013-12-26,"458442,0"
2013-12-27,"461552,0"
2013-12-28,"460702,0"
2013-12-29,"461342,0"
2013-12-30,"461902,0"
2013-12-31,"462912,0"
2014-01-01,"464780,0"
2014-01-02,"468445,0"
2014-01-03,"469011,0"
2014-01-04,"470959,0"
2014-01-05,"470699,0"
2014-01-06,"468601,0"
2014-01-07,"471526,0"
2014-01-08,"473555,0"
2014-01-09,"476342,0"
2014-01-10,"477461,0"
2014-01-11,"477277,0"
2014-01-12,"479699,0"
2014-01-13,"481170,0"
2014-01-14,"480667,0"
2014-01-15,"483651,0"
2014-01-16,"483836,0"
2014-01-17,"486627,0"
2014-01-18,"488685,0"
2014-01-19,"490190,0"
2014-01-20,"490195,0"
2014-01-21,"491990,0"
2014-01-22,"494968,0"
2014-01-23,"494944,0"
2014-01-24,"497474,0"
2014-01-25,"496684,0"
2014-01-26,"499361,0"
2014-01-27,"502807,0"
2014-01-28,"503689,0"
2014-01-29,"506031,0"
2014-01-30,"506634,0"
2014-01-31,"509148,0"
2014-02-01,"512346,0"
2014-02-02,"513412,0"
2014-02-03,"513301,0"
2014-02-04,"514203,0"
2014-02-05,"516268,0"
2014-02-06,"518498,0"
2014-02-07,"518453,0"
2014-02-08,"519900,0"
2014-02-09,"521082,0"
2014-02-10,"524508,0"
2014-02-11,"524414,0"
2014-02-12,"512375,0"
2014-02-13,"513879,0"
2014-02-14,"513666,0"
2014-02-15,"514151,0"
2014-02-16,"515666,0"
2014-02-17,"517443,0"
2014-02-18,"519684,0"
2014-02-19,"520189,0"
2014-02-20,"521820,0"
2014-02-21,"524342,0"
2014-02-22,"524618,0"
2014-02-23,"525782,0"
2014-02-24,"528175,0"
2014-02-25,"532073,0"
2014-02-26,"533968,0"
2014-02-27,"534806,0"
2014-02-28,"537913,0"
2014-03-01,"538756,0"
2014-03-02,"539506,0"
2014-03-03,"542343,0"
2014-03-04,"543373,0"
2014-03-05,"542842,0"
2014-03-06,"542606,0"
2014-03-07,"544972,0"
2014-03-08,"551401,0"
2014-03-09,"557781,0"
2014-03-10,"555979,0"
2014-03-11,"555498,0"
2014-03-12,"553700,0"
2014-03-13,"553243,0"
2014-03-14,"549135,0"
2014-03-15,"548645,0"
2014-03-16,"550258,0"
2014-03-17,"551048,0"
2014-03-18,"554214,0"
2014-03-19,"555689,0"
2014-03-20,"555664,0"
2014-03-21,"556339,0"
2014-03-22,"554489,0"
2014-03-23,"556793,0"
2014-03-24,"557317,0"
2014-03-25,"557971,0"
2014-03-26,"558919,0"
2014-03-27,"560011,0"
2014-03-28,"560670,0"
2014-03-29,"562282,0"
2014-03-30,"564210,0"
2014-03-31,"565070,0"
2014-04-01,"566896,0"
2014-04-02,"568367,0"
2014-04-03,"563927,0"
2014-04-04,"564675,0"
2014-04-05,"566141,0"
2014-04-06,"567752,0"
2014-04-07,"569357,0"
2014-04-08,"569742,0"
2014-04-09,"568672,0"
2014-04-10,"569403,0"
2014-04-11,"570298,0"
2014-04-12,"571125,0"
2014-04-13,"573228,0"
2014-04-14,"573028,0"
2014-04-15,"567720,0"
2014-04-16,"566868,0"
2014-04-17,"567124,0"
2014-04-18,"569007,0"
2014-04-19,"569334,0"
2014-04-20,"569806,0"
2014-04-21,"570963,0"
2014-04-22,"572667,0"
2014-04-23,"574730,0"
2014-04-24,"574908,0"
2014-04-25,"575166,0"
2014-04-26,"576653,0"
2014-04-27,"576529,0"
2014-04-28,"578385,0"
2014-04-29,"578876,0"
2014-04-30,"580174,0"
2014-05-01,"581273,0"
2014-05-02,"582558,0"
2014-05-03,"582635,0"
2014-05-04,"582852,0"
2014-05-05,"586250,0"
2014-05-06,"587508,0"
2014-05-07,"588833,0"
2014-05-08,"588408,0"
2014-05-09,"588275,0"
2014-05-10,"589730,0"
2014-05-11,"590574,0"
2014-05-12,"592713,0"
2014-05-13,"592581,0"
2014-05-14,"592427,0"
2014-05-15,"591804,0"
2014-05-16,"591877,0"
2014-05-17,"592641,0"
2014-05-18,"593870,0"
2014-05-19,"591140,0"
2014-05-20,"591262,0"
2014-05-21,"591260,0"
2014-05-22,"591092,0"
2014-05-23,"591955,0"
2014-05-24,"591761,0"
2014-05-25,"592350,0"
2014-05-26,"592050,0"
2014-05-27,"592322,0"
2014-05-28,"591735,0"
2014-05-29,"592288,0"
2014-05-30,"593453,0"
2014-05-31,"592676,0"
2014-06-01,"592688,0"
2014-06-02,"593197,0"
2014-06-03,"592572,0"
2014-06-04,"594300,0"
2014-06-05,"594615,0"
2014-06-06,"592267,0"
2014-06-07,"593885,0"
2014-06-08,"592632,0"
2014-06-09,"591725,0"
2014-06-10,"590961,0"
2014-06-11,"591868,0"
2014-06-12,"592781,0"
2014-06-13,"589553,0"
2014-06-14,"589475,0"
2014-06-15,"590550,0"
2014-06-16,"590307,0"
2014-06-17,"591661,0"
2014-06-18,"593116,0"
2014-06-19,"591866,0"
2014-06-20,"592289,0"
2014-06-21,"591730,0"
2014-06-22,"593279,0"
2014-06-23,"593930,0"
2014-06-24,"593788,0"
2014-06-25,"595826,0"
2014-06-26,"596771,0"
2014-06-27,"596812,0"
2014-06-28,"596382,0"
2014-06-29,"596821,0"
2014-06-30,"597592,0"
2014-07-01,"597805,0"
2014-07-02,"598781,0"
2014-07-03,"598678,0"
2014-07-04,"599179,0"
2014-07-05,"599912,0"
2014-07-06,"600859,0"
2014-07-07,"602693,0"
2014-07-08,"601617,0"
2014-07-09,"600987,0"
2014-07-10,"601248,0"
2014-07-11,"601021,0"
2014-07-12,"601866,0"
2014-07-13,"601244,0"
2014-07-14,"603603,0"
2014-07-15,"605527,0"
2014-07-16,"606607,0"
2014-07-17,"607283,0"
2014-07-18,"605833,0"
2014-07-19,"605961,0"
2014-07-20,"608460,0"
2014-07-21,"607545,0"
2014-07-22,"607060,0"
2014-07-23,"608153,0"
2014-07-24,"604839,0"
2014-07-25,"604974,0"
2014-07-26,"605806,0"
2014-07-27,"606430,0"
2014-07-28,"607511,0"
2014-07-29,"608475,0"
2014-07-30,"609983,0"
2014-07-31,"607806,0"
2014-08-01,"608271,0"
2014-08-02,"608852,0"
2014-08-03,"610378,0"
2014-08-04,"610715,0"
2014-08-05,"611622,0"
2014-08-06,"610873,0"
2014-08-07,"607939,0"
2014-08-08,"607285,0"
2014-08-09,"608380,0"
2014-08-10,"609553,0"
2014-08-11,"611281,0"
2014-08-12,"612553,0"
2014-08-13,"611419,0"
2014-08-14,"611371,0"
2014-08-15,"610703,0"
2014-08-16,"611082,0"
2014-08-17,"612048,0"
2014-08-18,"614081,0"
2014-08-19,"617123,0"
2014-08-20,"620195,0"
2014-08-21,"620584,0"
2014-08-22,"621156,0"
2014-08-23,"620882,0"
2014-08-24,"621350,0"
2014-08-25,"622769,0"
2014-08-26,"625266,0"
2014-08-27,"623860,0"
2014-08-28,"625179,0"
2014-08-29,"624878,0"
2014-08-30,"624315,0"
2014-08-31,"625923,0"
2014-09-01,"627906,0"
2014-09-02,"627550,0"
2014-09-03,"628076,0"
2014-09-04,"629392,0"
2014-09-05,"628091,0"
2014-09-06,"629648,0"
2014-09-07,"630331,0"
2014-09-08,"633608,0"
2014-09-09,"630830,0"
2014-09-10,"631048,0"
2014-09-11,"631526,0"
2014-09-12,"633837,0"
2014-09-13,"633658,0"
2014-09-14,"632741,0"
2014-09-15,"632281,0"
2014-09-16,"633035,0"
2014-09-17,"633962,0"
2014-09-18,"635932,0"
2014-09-19,"637723,0"
2014-09-20,"635814,0"
2014-09-21,"636595,0"
2014-09-22,"638303,0"
2014-09-23,"636497,0"
2014-09-24,"638509,0"
2014-09-25,"638936,0"
2014-09-26,"640568,0"
2014-09-27,"638704,0"
2014-09-28,"640753,0"
2014-09-29,"641106,0"
2014-09-30,"639279,0"
2014-10-01,"641663,0"
2014-10-02,"643005,0"
2014-10-03,"641799,0"
2014-10-04,"639588,0"
2014-10-05,"641430,0"
2014-10-06,"643628,0"
2014-10-07,"645034,0"
2014-10-08,"647452,0"
2014-10-09,"649116,0"
2014-10-10,"650151,0"
2014-10-11,"650947,0"
2014-10-12,"650662,0"
2014-10-13,"651305,0"
2014-10-14,"650504,0"
2014-10-15,"652128,0"
2014-10-16,"653254,0"
2014-10-17,"653277,0"
2014-10-18,"652739,0"
2014-10-19,"653674,0"
2014-10-20,"653244,0"
2014-10-21,"649095,0"
2014-10-22,"649286,0"
2014-10-23,"650249,0"
2014-10-24,"649256,0"
2014-10-25,"650847,0"
2014-10-26,"648905,0"
2014-10-27,"650095,0"
2014-10-28,"652757,0"
2014-10-29,"654698,0"
2014-10-30,"653900,0"
2014-10-31,"652979,0"
2014-11-01,"655078,0"
2014-11-02,"656912,0"
2014-11-03,"660337,0"
2014-11-04,"660598,0"
2014-11-05,"661827,0"
2014-11-06,"660437,0"
2014-11-07,"661599,0"
2014-11-08,"661788,0"
2014-11-09,"661595,0"
2014-11-10,"664345,0"
2014-11-11,"665061,0"
2014-11-12,"665946,0"
2014-11-13,"666984,0"
2014-11-14,"669765,0"
2014-11-15,"669741,0"
2014-11-16,"669868,0"
2014-11-17,"667576,0"
2014-11-18,"670727,0"
2014-11-19,"673308,0"
2014-11-20,"669475,0"
2014-11-21,"670880,0"
2014-11-22,"672049,0"
2014-11-23,"673382,0"
2014-11-24,"673524,0"
2014-11-25,"670928,0"
2014-11-26,"672651,0"
2014-11-27,"672606,0"
2014-11-28,"675461,0"
2014-11-29,"673911,0"
2014-11-30,"670607,0"
2014-12-01,"673548,0"
2014-12-02,"672566,0"
2014-12-03,"673333,0"
2014-12-04,"669644,0"
2014-12-05,"671696,0"
2014-12-06,"670686,0"
2014-12-07,"671365,0"
2014-12-08,"671319,0"
2014-12-09,"673509,0"
2014-12-10,"675709,0"
2014-12-11,"675492,0"
2014-12-12,"676119,0"
2014-12-13,"676116,0"
2014-12-14,"676442,0"
2014-12-15,"677330,0"
2014-12-16,"679146,0"
2014-12-17,"680534,0"
2014-12-18,"678189,0"
2014-12-19,"679253,0"
2014-12-20,"679495,0"
2014-12-21,"680884,0"
2014-12-22,"682221,0"
2014-12-23,"680618,0"
2014-12-24,"681299,0"
2014-12-25,"681439,0"
2014-12-26,"683351,0"
2014-12-27,"682933,0"
2014-12-28,"684531,0"
2014-12-29,"685081,0"
2014-12-30,"686645,0"
2014-12-31,"688092,0"
2015-01-01,"688262,0"
2015-01-02,"688671,0"
2015-01-03,"688030,0"
2015-01-04,"687859,0"
2015-01-05,"690107,0"
2015-01-06,"691100,0"
2015-01-07,"693419,0"
2015-01-08,"695095,0"
2015-01-09,"696401,0"
2015-01-10,"698027,0"
2015-01-11,"698283,0"
2015-01-12,"700055,0"
2015-01-13,"697661,0"
2015-01-14,"700598,0"
2015-01-15,"703043,0"
2015-01-16,"702377,0"
2015-01-17,"704642,0"
2015-01-18,"705724,0"
2015-01-19,"703641,0"
2015-01-20,"706748,0"
2015-01-21,"706755,0"
2015-01-22,"709318,0"
2015-01-23,"711187,0"
2015-01-24,"705684,0"
2015-01-25,"704311,0"
2015-01-26,"706170,0"
2015-01-27,"708171,0"
2015-01-28,"708133,0"
2015-01-29,"710313,0"
2015-01-30,"712461,0"
2015-01-31,"713664,0"
2015-02-01,"712870,0"
2015-02-02,"714872,0"
2015-02-03,"713674,0"
2015-02-04,"716311,0"
2015-02-05,"713455,0"
2015-02-06,"715950,0"
2015-02-07,"716769,0"
2015-02-08,"717790,0"
2015-02-09,"720960,0"
2015-02-10,"721364,0"
2015-02-11,"715872,0"
2015-02-12,"717510,0"
2015-02-13,"717559,0"
2015-02-14,"715133,0"
2015-02-15,"711946,0"
2015-02-16,"715394,0"
2015-02-17,"719502,0"
2015-02-18,"721924,0"
2015-02-19,"724045,0"
2015-02-20,"719250,0"
2015-02-21,"721813,0"
2015-02-22,"721101,0"
2015-02-23,"722019,0"
2015-02-24,"725628,0"
2015-02-25,"727202,0"
2015-02-26,"730014,0"
2015-02-27,"732521,0"
2015-02-28,"728961,0"
2015-03-01,"727221,0"
2015-03-02,"727982,0"
2015-03-03,"729799,0"
2015-03-04,"730737,0"
2015-03-05,"730755,0"
2015-03-06,"730859,0"
2015-03-07,"732631,0"
2015-03-08,"731369,0"
2015-03-09,"732941,0"
2015-03-10,"735042,0"
2015-03-11,"737681,0"
2015-03-12,"738545,0"
2015-03-13,"734024,0"
2015-03-14,"735915,0"
2015-03-15,"735894,0"
2015-03-16,"739508,0"
2015-03-17,"745475,0"
2015-03-18,"739743,0"
2015-03-19,"739640,0"
2015-03-20,"741966,0"
2015-03-21,"744252,0"
2015-03-22,"744670,0"
2015-03-23,"745294,0"
2015-03-24,"747637,0"
2015-03-25,"750105,0"
2015-03-26,"749916,0"
2015-03-27,"751988,0"
2015-03-28,"753091,0"
2015-03-29,"752888,0"
2015-03-30,"751118,0"
2015-03-31,"754830,0"
2015-04-01,"756099,0"
2015-04-02,"757433,0"
2015-04-03,"759836,0"
2015-04-04,"761494,0"
2015-04-05,"760005,0"
2015-04-06,"758067,0"
2015-04-07,"759170,0"
2015-04-08,"761292,0"
2015-04-09,"762383,0"
2015-04-10,"764792,0"
2015-04-11,"765522,0"
2015-04-12,"766425,0"
2015-04-13,"766347,0"
2015-04-14,"765979,0"
2015-04-15,"768724,0"
2015-04-16,"771614,0"
2015-04-17,"773437,0"
2015-04-18,"775186,0"
2015-04-19,"776322,0"
2015-04-20,"779257,0"
2015-04-21,"781318,0"
2015-04-22,"784447,0"
2015-04-23,"781686,0"
2015-04-24,"777098,0"
2015-04-25,"779185,0"
2015-04-26,"780486,0"
2015-04-27,"783049,0"
2015-04-28,"784966,0"
2015-04-29,"785393,0"
2015-04-30,"787826,0"
2015-05-01,"789157,0"
2015-05-02,"790208,0"
2015-05-03,"790460,0"
2015-05-04,"792951,0"
2015-05-05,"795377,0"
2015-05-06,"797631,0"
2015-05-07,"799704,0"
2015-05-08,"800927,0"
2015-05-09,"799470,0"
2015-05-10,"788521,0"
2015-05-11,"788326,0"
2015-05-12,"788860,0"
2015-05-13,"791987,0"
2015-05-14,"792839,0"
2015-05-15,"793708,0"
2015-05-16,"794599,0"
2015-05-17,"791916,0"
2015-05-18,"795609,0"
2015-05-19,"797592,0"
2015-05-20,"799176,0"
2015-05-21,"801076,0"
2015-05-22,"802943,0"
2015-05-23,"802039,0"
2015-05-24,"800874,0"
2015-05-25,"802933,0"
2015-05-26,"803355,0"
2015-05-27,"805591,0"
2015-05-28,"807407,0"
2015-05-29,"807586,0"
2015-05-30,"809099,0"
2015-05-31,"807033,0"
2015-06-01,"808398,0"
2015-06-02,"807286,0"
2015-06-03,"809691,0"
2015-06-04,"810685,0"
2015-06-05,"811774,0"
2015-06-06,"813375,0"
2015-06-07,"815154,0"
2015-06-08,"813848,0"
2015-06-09,"817338,0"
2015-06-10,"817311,0"
2015-06-11,"817139,0"
2015-06-12,"816930,0"
2015-06-13,"814336,0"
2015-06-14,"813063,0"
2015-06-15,"815750,0"
2015-06-16,"818997,0"
2015-06-17,"810630,0"
2015-06-18,"806050,0"
2015-06-19,"803926,0"
2015-06-20,"804239,0"
2015-06-21,"804508,0"
2015-06-22,"805018,0"
2015-06-23,"806318,0"
2015-06-24,"808427,0"
2015-06-25,"804718,0"
2015-06-26,"804517,0"
2015-06-27,"805199,0"
2015-06-28,"806468,0"
2015-06-29,"806698,0"
2015-06-30,"800130,0"
2015-07-01,"800942,0"
2015-07-02,"801569,0"
2015-07-03,"800315,0"
2015-07-04,"799525,0"
2015-07-05,"800753,0"
2015-07-06,"803133,0"
2015-07-07,"808685,0"
2015-07-08,"812255,0"
2015-07-09,"807669,0"
2015-07-10,"807921,0"
2015-07-11,"808746,0"
2015-07-12,"806185,0"
2015-07-13,"808984,0"
2015-07-14,"809133,0"
2015-07-15,"810936,0"
2015-07-16,"808668,0"
2015-07-17,"808320,0"
2015-07-18,"809698,0"
2015-07-19,"809234,0"
2015-07-20,"811085,0"
2015-07-21,"811053,0"
2015-07-22,"809888,0"
2015-07-23,"809811,0"
2015-07-24,"808101,0"
2015-07-25,"808738,0"
2015-07-26,"808402,0"
2015-07-27,"810612,0"
2015-07-28,"810447,0"
2015-07-29,"811313,0"
2015-07-30,"812994,0"
2015-07-31,"808792,0"
2015-08-01,"810661,0"
2015-08-02,"810917,0"
2015-08-03,"811312,0"
2015-08-04,"817064,0"
2015-08-05,"817421,0"
2015-08-06,"817868,0"
2015-08-07,"815715,0"
2015-08-08,"818675,0"
2015-08-09,"817990,0"
2015-08-10,"817951,0"
2015-08-11,"819345,0"
2015-08-12,"822001,0"
2015-08-13,"821775,0"
2015-08-14,"821764,0"
2015-08-15,"823817,0"
2015-08-16,"825222,0"
2015-08-17,"828788,0"
2015-08-18,"825966,0"
2015-08-19,"829209,0"
2015-08-20,"830341,0"
2015-08-21,"831816,0"
2015-08-22,"834984,0"
2015-08-23,"835192,0"
2015-08-24,"835258,0"
2015-08-25,"840125,0"
2015-08-26,"844707,0"
2015-08-27,"848443,0"
2015-08-28,"846990,0"
2015-08-29,"848695,0"
2015-08-30,"850164,0"
2015-08-31,"850283,0"
2015-09-01,"850840,0"
2015-09-02,"856775,0"
2015-09-03,"857104,0"
2015-09-04,"857802,0"
2015-09-05,"858928,0"
2015-09-06,"860459,0"
2015-09-07,"859701,0"
2015-09-08,"862627,0"
2015-09-09,"863943,0"
2015-09-10,"865958,0"
2015-09-11,"869502,0"
2015-09-12,"870191,0"
2015-09-13,"869304,0"
2015-09-14,"868309,0"
2015-09-15,"869082,0"
2015-09-16,"870597,0"
2015-09-17,"874543,0"
2015-09-18,"874037,0"
2015-09-19,"876667,0"
2015-09-20,"877391,0"
2015-09-21,"874871,0"
2015-09-22,"878222,0"
2015-09-23,"880531,0"
2015-09-24,"881869,0"
2015-09-25,"882027,0"
2015-09-26,"866092,0"
2015-09-27,"864669,0"
2015-09-28,"866866,0"
2015-09-29,"869114,0"
2015-09-30,"870498,0"
2015-10-01,"873603,0"
2015-10-02,"869153,0"
2015-10-03,"872424,0"
2015-10-04,"872932,0"
2015-10-05,"875058,0"
2015-10-06,"875740,0"
2015-10-07,"874342,0"
2015-10-08,"876370,0"
2015-10-09,"878788,0"
2015-10-10,"881354,0"
2015-10-11,"880241,0"
2015-10-12,"879988,0"
2015-10-13,"881747,0"
2015-10-14,"883623,0"
2015-10-15,"882805,0"
2015-10-16,"881725,0"
2015-10-17,"880909,0"
2015-10-18,"879441,0"
2015-10-19,"878500,0"
2015-10-20,"881738,0"
2015-10-21,"882822,0"
2015-10-22,"885799,0"
2015-10-23,"888405,0"
2015-10-24,"891414,0"
2015-10-25,"887044,0"
2015-10-26,"886735,0"
2015-10-27,"891516,0"
2015-10-28,"892765,0"
2015-10-29,"893102,0"
2015-10-30,"895684,0"
2015-10-31,"897524,0"
2015-11-01,"893707,0"
2015-11-02,"896006,0"
2015-11-03,"897640,0"
2015-11-04,"896210,0"
2015-11-05,"894197,0"
2015-11-06,"894773,0"
2015-11-07,"898489,0"
2015-11-08,"899724,0"
2015-11-09,"901540,0"
2015-11-10,"904550,0"
2015-11-11,"905618,0"
2015-11-12,"910107,0"
2015-11-13,"914135,0"
2015-11-14,"918598,0"
2015-11-15,"919512,0"
2015-11-16,"917838,0"
2015-11-17,"919449,0"
2015-11-18,"918938,0"
2015-11-19,"920370,0"
2015-11-20,"924113,0"
2015-11-21,"926096,0"
2015-11-22,"921986,0"
2015-11-23,"924850,0"
2015-11-24,"928336,0"
2015-11-25,"929512,0"
2015-11-26,"926940,0"
2015-11-27,"926442,0"
2015-11-28,"929568,0"
2015-11-29,"932590,0"
2015-11-30,"931401,0"
2015-12-01,"935919,0"
2015-12-02,"936341,0"
2015-12-03,"933502,0"
2015-12-04,"937691,0"
2015-12-05,"943594,0"
2015-12-06,"946300,0"
2015-12-07,"947646,0"
2015-12-08,"945296,0"
2015-12-09,"955797,0"
2015-12-10,"966758,0"
2015-12-11,"989184,0"
2015-12-12,"1004929,0"
2015-12-13,"1021499,0"
2015-12-14,"1035421,0"
2015-12-15,"1048613,0"
2015-12-16,"1056560,0"
2015-12-17,"1068425,0"
2015-12-18,"1083321,0"
2015-12-19,"1095711,0"
2015-12-20,"1109082,0"
2015-12-21,"1126905,0"
2015-12-22,"1139285,0"
2015-12-23,"1162699,0"
2015-12-24,"1186798,0"
2015-12-25,"1208665,0"
2015-12-26,"1214192,0"
2015-12-27,"1219305,0"
2015-12-28,"1214809,0"
2015-12-29,"1220844,0"
2015-12-30,"1219993,0"
2015-12-31,"1224464,0"
2016-01-01,"1225194,0"
2016-01-02,"1228807,0"
2016-01-03,"1231410,0"
2016-01-04,"1235237,0"
2016-01-05,"1234671,0"
2016-01-06,"1237123,0"
2016-01-07,"1240458,0"
2016-01-08,"1237977,0"
2016-01-09,"1235954,0"
2016-01-10,"1237004,0"
2016-01-11,"1237713,0"
2016-01-12,"1240146,0"
2016-01-13,"1240630,0"
2016-01-14,"1244096,0"
2016-01-15,"1246464,0"
2016-01-16,"1242614,0"
2016-01-17,"1247839,0"
2016-01-18,"1256916,0"
2016-01-19,"1258409,0"
2016-01-20,"1259440,0"
2016-01-21,"1262547,0"
2016-01-22,"1266237,0"
2016-01-23,"1267151,0"
2016-01-24,"1270153,0"
2016-01-25,"1274175,0"
2016-01-26,"1280407,0"
2016-01-27,"1278151,0"
2016-01-28,"1273905,0"
2016-01-29,"1241590,0"
2016-01-30,"1238015,0"
2016-01-31,"1231285,0"
2016-02-01,"1137107,0"
2016-02-02,"1036296,0"
2016-02-03,"1039977,0"
2016-02-04,"1050120,0"
2016-02-05,"1060242,0"
2016-02-06,"1071541,0"
2016-02-07,"1090770,0"
2016-02-08,"1096465,0"
2016-02-09,"1100158,0"
2016-02-10,"1102895,0"
2016-02-11,"1117500,0"
2016-02-12,"1131572,0"
2016-02-13,"1141428,0"
2016-02-14,"1147015,0"
2016-02-15,"1157963,0"
2016-02-16,"1174360,0"
2016-02-17,"1185128,0"
2016-02-18,"1191963,0"
2016-02-19,"1205611,0"
2016-02-20,"1214593,0"
2016-02-21,"1224828,0"
2016-02-22,"1236335,0"
2016-02-23,"1244946,0"
2016-02-24,"1248485,0"
2016-02-25,"1244888,0"
2016-02-26,"1244683,0"
2016-02-27,"1244742,0"
2016-02-28,"1270966,0"
2016-02-29,"1290933,0"
2016-03-01,"1296417,0"
2016-03-02,"1290902,0"
2016-03-03,"1271829,0"
2016-03-04,"1264350,0"
2016-03-05,"1230883,0"
2016-03-06,"1227402,0"
2016-03-07,"1230915,0"
2016-03-08,"1235498,0"
2016-03-09,"1233801,0"
2016-03-10,"1235547,0"
2016-03-11,"1235638,0"
2016-03-12,"1237443,0"
2016-03-13,"1232545,0"
2016-03-14,"1231930,0"
2016-03-15,"1234918,0"
2016-03-16,"1240668,0"
2016-03-17,"1241738,0"
2016-03-18,"1243481,0"
2016-03-19,"1246060,0"
2016-03-20,"1248032,0"
2016-03-21,"1251291,0"
2016-03-22,"1254357,0"
2016-03-23,"1254365,0"
2016-03-24,"1249984,0"
2016-03-25,"1251288,0"
2016-03-26,"1177923,0"
2016-03-27,"1152080,0"
2016-03-28,"1076951,0"
2016-03-29,"1035364,0"
2016-03-30,"1037530,0"
2016-03-31,"1040648,0"
2016-04-01,"1041814,0"
2016-04-02,"1043723,0"
2016-04-03,"1044698,0"
2016-04-04,"1044588,0"
2016-04-05,"1044447,0"
2016-04-06,"1047809,0"
2016-04-07,"1052852,0"
2016-04-08,"1058133,0"
2016-04-09,"1058174,0"
2016-04-10,"1061019,0"
2016-04-11,"1063014,0"
2016-04-12,"1061835,0"
2016-04-13,"1064767,0"
2016-04-14,"1068325,0"
2016-04-15,"1072177,0"
2016-04-16,"1074051,0"
2016-04-17,"1074145,0"
2016-04-18,"1077830,0"
2016-04-19,"1079975,0"
2016-04-20,"1082489,0"
2016-04-21,"1084102,0"
2016-04-22,"1084813,0"
2016-04-23,"1087541,0"
2016-04-24,"1087215,0"
2016-04-25,"1091799,0"
2016-04-26,"1096613,0"
2016-04-27,"1098530,0"
2016-04-28,"1101382,0"
2016-04-29,"1104552,0"
2016-04-30,"1106429,0"
2016-05-01,"1107984,0"
2016-05-02,"1108340,0"
2016-05-03,"1111786,0"
2016-05-04,"1108780,0"
2016-05-05,"1111443,0"
2016-05-06,"1116087,0"
2016-05-07,"1117493,0"
2016-05-08,"1116797,0"
2016-05-09,"1121390,0"
2016-05-10,"1123636,0"
2016-05-11,"1126785,0"
2016-05-12,"1128425,0"
2016-05-13,"1126174,0"
2016-05-14,"1126116,0"
2016-05-15,"1126799,0"
2016-05-16,"1133484,0"
2016-05-17,"1137168,0"
2016-05-18,"1141320,0"
2016-05-19,"1144276,0"
2016-05-20,"1147573,0"
2016-05-21,"1152721,0"
2016-05-22,"1149768,0"
2016-05-23,"1153640,0"
2016-05-24,"1157738,0"
2016-05-25,"1159208,0"
2016-05-26,"1159698,0"
2016-05-27,"1161689,0"
2016-05-28,"1163445,0"
2016-05-29,"1165198,0"
2016-05-30,"1155519,0"
2016-05-31,"1160440,0"
2016-06-01,"1161537,0"
2016-06-02,"1167914,0"
2016-06-03,"1164133,0"
2016-06-04,"1167795,0"
2016-06-05,"1169679,0"
2016-06-06,"1174095,0"
2016-06-07,"1180755,0"
2016-06-08,"1187485,0"
2016-06-09,"1188610,0"
2016-06-10,"1193756,0"
2016-06-11,"1190845,0"
2016-06-12,"1191699,0"
2016-06-13,"1190298,0"
2016-06-14,"1198967,0"
2016-06-15,"1196607,0"
2016-06-16,"1194019,0"
2016-06-17,"1194238,0"
2016-06-18,"1194819,0"
2016-06-19,"1193848,0"
2016-06-20,"1196622,0"
2016-06-21,"1200547,0"
2016-06-22,"1203106,0"
2016-06-23,"1204306,0"
2016-06-24,"1211825,0"
2016-06-25,"1215607,0"
2016-06-26,"1217758,0"
2016-06-27,"1220504,0"
2016-06-28,"1225689,0"
2016-06-29,"1229068,0"
2016-06-30,"1226866,0"
2016-07-01,"1224797,0"
2016-07-02,"1227270,0"
2016-07-03,"1230920,0"
2016-07-04,"1236684,0"
2016-07-05,"1242182,0"
2016-07-06,"1240808,0"
2016-07-07,"1239440,0"
2016-07-08,"1242526,0"
2016-07-09,"1244126,0"
2016-07-10,"1246937,0"
2016-07-11,"1249970,0"
2016-07-12,"1252519,0"
2016-07-13,"1253776,0"
2016-07-14,"1251239,0"
2016-07-15,"1256200,0"
2016-07-16,"1258062,0"
2016-07-17,"1257451,0"
2016-07-18,"1258912,0"
2016-07-19,"1262179,0"
2016-07-20,"1265681,0"
2016-07-21,"1269738,0"
2016-07-22,"1270819,0"
2016-07-23,"1269282,0"
2016-07-24,"1271051,0"
2016-07-25,"1274311,0"
2016-07-26,"1276743,0"
2016-07-27,"1281574,0"
2016-07-28,"1282098,0"
2016-07-29,"1277850,0"
2016-07-30,"1280944,0"
2016-07-31,"1281971,0"
2016-08-01,"1284876,0"
2016-08-02,"1283523,0"
2016-08-03,"1287803,0"
2016-08-04,"1284666,0"
2016-08-05,"1290179,0"
2016-08-06,"1296398,0"
2016-08-07,"1290870,0"
2016-08-08,"1293400,0"
2016-08-09,"1294030,0"
2016-08-10,"1295339,0"
2016-08-11,"1296119,0"
2016-08-12,"1300120,0"
2016-08-13,"1301953,0"
2016-08-14,"1299473,0"
2016-08-15,"1298888,0"
2016-08-16,"1303063,0"
2016-08-17,"1304699,0"
2016-08-18,"1304634,0"
2016-08-19,"1309275,0"
2016-08-20,"1312917,0"
2016-08-21,"1314628,0"
2016-08-22,"1316527,0"
2016-08-23,"1313885,0"
2016-08-24,"1315626,0"
2016-08-25,"1317446,0"
2016-08-26,"1318914,0"
2016-08-27,"1321400,0"
2016-08-28,"1322276,0"
2016-08-29,"1323364,0"
2016-08-30,"1325904,0"
2016-08-31,"1327853,0"
2016-09-01,"1328220,0"
2016-09-02,"1330347,0"
2016-09-03,"1330604,0"
2016-09-04,"1326976,0"
2016-09-05,"1326022,0"
2016-09-06,"1326572,0"
2016-09-07,"1323212,0"
2016-09-08,"1325886,0"
2016-09-09,"1322063,0"
2016-09-10,"1322782,0"
2016-09-11,"1324357,0"
2016-09-12,"1327506,0"
2016-09-13,"1329137,0"
2016-09-14,"1328863,0"
2016-09-15,"1333368,0"
2016-09-16,"1339846,0"
2016-09-17,"1338292,0"
2016-09-18,"1340885,0"
2016-09-19,"1342443,0"
2016-09-20,"1343688,0"
2016-09-21,"1346220,0"
2016-09-22,"1347713,0"
2016-09-23,"1349603,0"
2016-09-24,"1353346,0"
2016-09-25,"1356346,0"
2016-09-26,"1358024,0"
2016-09-27,"1358865,0"
2016-09-28,"1361447,0"
2016-09-29,"1364266,0"
2016-09-30,"1370018,0"
2016-10-01,"1370698,0"
2016-10-02,"1370908,0"
2016-10-03,"1367828,0"
2016-10-04,"1367983,0"
2016-10-05,"1371081,0"
2016-10-06,"1375039,0"
2016-10-07,"1380928,0"
2016-10-08,"1385531,0"
2016-10-09,"1390488,0"
2016-10-10,"1397246,0"
2016-10-11,"1388359,0"
2016-10-12,"1387622,0"
2016-10-13,"1391270,0"
2016-10-14,"1394895,0"
2016-10-15,"1394093,0"
2016-10-16,"1393068,0"
2016-10-17,"1398428,0"
2016-10-18,"1397505,0"
2016-10-19,"1401973,0"
2016-10-20,"1404250,0"
2016-10-21,"1405760,0"
2016-10-22,"1407916,0"
2016-10-23,"1408479,0"
2016-10-24,"1410572,0"
2016-10-25,"1417873,0"
2016-10-26,"1430432,0"
2016-10-27,"1418534,0"
2016-10-28,"1421749,0"
2016-10-29,"1421774,0"
2016-10-30,"1423394,0"
2016-10-31,"1422579,0"
2016-11-01,"1419586,0"
2016-11-02,"1422063,0"
2016-11-03,"1424979,0"
2016-11-04,"1430928,0"
2016-11-05,"1432948,0"
2016-11-06,"1439477,0"
2016-11-07,"1441300,0"
2016-11-08,"1441506,0"
2016-11-09,"1440927,0"
2016-11-10,"1441408,0"
2016-11-11,"1445524,0"
2016-11-12,"1443473,0"
2016-11-13,"1446980,0"
2016-11-14,"1449639,0"
2016-11-15,"1455402,0"
2016-11-16,"1457028,0"
2016-11-17,"1457741,0"
2016-11-18,"1461208,0"
2016-11-19,"1465929,0"
2016-11-20,"1467162,0"
2016-11-21,"1478847,0"
2016-11-22,"1491511,0"
2016-11-23,"1498693,0"
2016-11-24,"1497589,0"
2016-11-25,"1492931,0"
2016-11-26,"1486105,0"
2016-11-27,"1484287,0"
2016-11-28,"1484384,0"
2016-11-29,"1487862,0"
2016-11-30,"1493232,0"
2016-12-01,"1496490,0"
2016-12-02,"1508143,0"
2016-12-03,"1501711,0"
2016-12-04,"1491230,0"
2016-12-05,"1498278,0"
2016-12-06,"1501459,0"
2016-12-07,"1500643,0"
2016-12-08,"1500950,0"
2016-12-09,"1505458,0"
2016-12-10,"1507590,0"
2016-12-11,"1508458,0"
2016-12-12,"1510530,0"
2016-12-13,"1514750,0"
2016-12-14,"1521307,0"
2016-12-15,"1526728,0"
2016-12-16,"1528834,0"
2016-12-17,"1532529,0"
2016-12-18,"1528362,0"
2016-12-19,"1532612,0"
2016-12-20,"1532284,0"
2016-12-21,"1529418,0"
2016-12-22,"1527456,0"
2016-12-23,"1531144,0"
2016-12-24,"1531289,0"
2016-12-25,"1526847,0"
2016-12-26,"1523127,0"
2016-12-27,"1523942,0"
2016-12-28,"1527845,0"
2016-12-29,"1531744,0"
2016-12-30,"1535618,0"
2016-12-31,"1536901,0"
2017-01-01,"1539387,0"
2017-01-02,"1529213,0"
2017-01-03,"1527961,0"
2017-01-04,"1527413,0"
2017-01-05,"1532521,0"
2017-01-06,"1532631,0"
2017-01-07,"1531417,0"
2017-01-08,"1523446,0"
2017-01-09,"1532619,0"
2017-01-10,"1532833,0"
2017-01-11,"1533450,0"
2017-01-12,"1536524,0"
2017-01-13,"1547252,0"
2017-01-14,"1548641,0"
2017-01-15,"1548043,0"
2017-01-16,"1551581,0"
2017-01-17,"1554474,0"
2017-01-18,"1557424,0"
2017-01-19,"1554970,0"
2017-01-20,"1558331,0"
2017-01-21,"1558343,0"
2017-01-22,"1556348,0"
2017-01-23,"1560953,0"
2017-01-24,"1569024,0"
2017-01-25,"1570561,0"
2017-01-26,"1565900,0"
2017-01-27,"1563922,0"
2017-01-28,"1568421,0"
2017-01-29,"1567770,0"
2017-01-30,"1572191,0"
2017-01-31,"1578884,0"
2017-02-01,"1581628,0"
2017-02-02,"1585157,0"
2017-02-03,"1593740,0"
2017-02-04,"1595460,0"
2017-02-05,"1592211,0"
2017-02-06,"1583652,0"
2017-02-07,"1590270,0"
2017-02-08,"1593077,0"
2017-02-09,"1590941,0"
2017-02-10,"1589760,0"
2017-02-11,"1585144,0"
2017-02-12,"1582195,0"
2017-02-13,"1582884,0"
2017-02-14,"1586030,0"
2017-02-15,"1591129,0"
2017-02-16,"1593206,0"
2017-02-17,"1602942,0"
2017-02-18,"1601939,0"
2017-02-19,"1602388,0"
2017-02-20,"1604542,0"
2017-02-21,"1604273,0"
2017-02-22,"1610227,0"
2017-02-23,"1614822,0"
2017-02-24,"1615280,0"
2017-02-25,"1611368,0"
2017-02-26,"1602104,0"
2017-02-27,"1604540,0"
2017-02-28,"1611211,0"
2017-03-01,"1617145,0"
2017-03-02,"1621356,0"
2017-03-03,"1625435,0"
2017-03-04,"1630308,0"
2017-03-05,"1623381,0"
2017-03-06,"1631968,0"
2017-03-07,"1628284,0"
2017-03-08,"1628759,0"
2017-03-09,"1629287,0"
2017-03-10,"1624933,0"
2017-03-11,"1621411,0"
2017-03-12,"1613381,0"
2017-03-13,"1620496,0"
2017-03-14,"1623004,0"
2017-03-15,"1628053,0"
2017-03-16,"1632949,0"
2017-03-17,"1625404,0"
2017-03-18,"1623897,0"
2017-03-19,"1623220,0"
2017-03-20,"1630463,0"
2017-03-21,"1632766,0"
2017-03-22,"1627013,0"
2017-03-23,"1630532,0"
2017-03-24,"1630533,0"
2017-03-25,"1630783,0"
2017-03-26,"1632350,0"
2017-03-27,"1646632,0"
2017-03-28,"1645290,0"
2017-03-29,"1649824,0"
2017-03-30,"1644992,0"
2017-03-31,"1648776,0"
2017-04-01,"1647415,0"
2017-04-02,"1648491,0"
2017-04-03,"1653222,0"
2017-04-04,"1655607,0"
2017-04-05,"1653848,0"
2017-04-06,"1651545,0"
2017-04-07,"1649981,0"
2017-04-08,"1648132,0"
2017-04-09,"1640016,0"
2017-04-10,"1649482,0"
2017-04-11,"1651896,0"
2017-04-12,"1657282,0"
2017-04-13,"1667703,0"
2017-04-14,"1672612,0"
2017-04-15,"1667226,0"
2017-04-16,"1657494,0"
2017-04-17,"1663968,0"
2017-04-18,"1672394,0"
2017-04-19,"1677210,0"
2017-04-20,"1681735,0"
2017-04-21,"1677100,0"
2017-04-22,"1675788,0"
2017-04-23,"1669746,0"
2017-04-24,"1680403,0"
2017-04-25,"1691891,0"
2017-04-26,"1696821,0"
2017-04-27,"1696631,0"
2017-04-28,"1703887,0"
2017-04-29,"1698946,0"
2017-04-30,"1696475,0"
2017-05-01,"1697567,0"
2017-05-02,"1705647,0"
2017-05-03,"1708315,0"
2017-05-04,"1710773,0"
2017-05-05,"1723889,0"
2017-05-06,"1727498,0"
2017-05-07,"1717828,0"
2017-05-08,"1721011,0"
2017-05-09,"1729075,0"
2017-05-10,"1735518,0"
2017-05-11,"1747089,0"
2017-05-12,"1753252,0"
2017-05-13,"1753873,0"
2017-05-14,"1758705,0"
2017-05-15,"1762599,0"
2017-05-16,"1769180,0"
2017-05-17,"1775783,0"
2017-05-18,"1781023,0"
2017-05-19,"1785010,0"
2017-05-20,"1781498,0"
2017-05-21,"1788009,0"
2017-05-22,"1795728,0"
2017-05-23,"1801558,0"
2017-05-24,"1817440,0"
2017-05-25,"1830775,0"
2017-05-26,"1841903,0"
2017-05-27,"1832649,0"
2017-05-28,"1830495,0"
2017-05-29,"1831548,0"
2017-05-30,"1822393,0"
2017-05-31,"1823682,0"
2017-06-01,"1817812,0"
2017-06-02,"1822855,0"
2017-06-03,"1818735,0"
2017-06-04,"1817034,0"
2017-06-05,"1820280,0"
2017-06-06,"1822420,0"
2017-06-07,"1817624,0"
2017-06-08,"1809083,0"
2017-06-09,"1812130,0"
2017-06-10,"1814762,0"
2017-06-11,"1806719,0"
2017-06-12,"1817675,0"
2017-06-13,"1823002,0"
2017-06-14,"1830055,0"
2017-06-15,"1827836,0"
2017-06-16,"1826033,0"
2017-06-17,"1820774,0"
2017-06-18,"1813288,0"
2017-06-19,"1811883,0"
2017-06-20,"1821905,0"
2017-06-21,"1826318,0"
2017-06-22,"1827289,0"
2017-06-23,"1825316,0"
2017-06-24,"1822549,0"
2017-06-25,"1818668,0"
2017-06-26,"1821301,0"
2017-06-27,"1828317,0"
2017-06-28,"1827620,0"
2017-06-29,"1821506,0"
2017-06-30,"1817708,0"
2017-07-01,"1818298,0"
2017-07-02,"1813744,0"
2017-07-03,"1814373,0"
2017-07-04,"1821015,0"
2017-07-05,"1805096,0"
2017-07-06,"1804183,0"
2017-07-07,"1798875,0"
2017-07-08,"1789300,0"
2017-07-09,"1790065,0"
2017-07-10,"1793565,0"
2017-07-11,"1799114,0"
2017-07-12,"1800561,0"
2017-07-13,"1807384,0"
2017-07-14,"1809291,0"
2017-07-15,"1806285,0"
2017-07-16,"1800300,0"
2017-07-17,"1794660,0"
2017-07-18,"1800021,0"
2017-07-19,"1802332,0"
2017-07-20,"1802539,0"
2017-07-21,"1795271,0"
2017-07-22,"1791294,0"
2017-07-23,"1789346,0"
2017-07-24,"1789189,0"
2017-07-25,"1797166,0"
2017-07-26,"1799031,0"
2017-07-27,"1801513,0"
2017-07-28,"1807359,0"
2017-07-29,"1804549,0"
2017-07-30,"1815063,0"
2017-07-31,"1801091,0"
2017-08-01,"1788568,0"
2017-08-02,"1783109,0"
2017-08-03,"1782628,0"
2017-08-04,"1778605,0"
2017-08-05,"1769926,0"
2017-08-06,"1767128,0"
2017-08-07,"1767013,0"
2017-08-08,"1770021,0"
2017-08-09,"1777936,0"
2017-08-10,"1792458,0"
2017-08-11,"1804696,0"
2017-08-12,"1805888,0"
2017-08-13,"1801406,0"
2017-08-14,"1817420,0"
2017-08-15,"1822319,0"
2017-08-16,"1830542,0"
2017-08-17,"1832361,0"
2017-08-18,"1838781,0"
2017-08-19,"1835538,0"
2017-08-20,"1832511,0"
2017-08-21,"1840942,0"
2017-08-22,"1849046,0"
2017-08-23,"1849181,0"
2017-08-24,"1848974,0"
2017-08-25,"1862476,0"
2017-08-26,"1864002,0"
2017-08-27,"1850148,0"
2017-08-28,"1855213,0"
2017-08-29,"1860020,0"
2017-08-30,"1856404,0"
2017-08-31,"1859636,0"
2017-09-01,"1862758,0"
2017-09-02,"1859686,0"
2017-09-03,"1856259,0"
2017-09-04,"1864627,0"
2017-09-05,"1874705,0"
2017-09-06,"1875090,0"
2017-09-07,"1875787,0"
2017-09-08,"1869911,0"
2017-09-09,"1864071,0"
2017-09-10,"1860331,0"
2017-09-11,"1863495,0"
2017-09-12,"1868997,0"
2017-09-13,"1875126,0"
2017-09-14,"1885427,0"
2017-09-15,"1893702,0"
2017-09-16,"1885450,0"
2017-09-17,"1886592,0"
2017-09-18,"1900487,0"
2017-09-19,"1900019,0"
2017-09-20,"1907094,0"
2017-09-21,"1905495,0"
2017-09-22,"1912393,0"
2017-09-23,"1915664,0"
2017-09-24,"1918270,0"
2017-09-25,"1926112,0"
2017-09-26,"1925506,0"
2017-09-27,"1934513,0"
2017-09-28,"1926508,0"
2017-09-29,"1915409,0"
2017-09-30,"1917631,0"
2017-10-01,"1919981,0"
2017-10-02,"1926571,0"
2017-10-03,"1932521,0"
2017-10-04,"1939308,0"
2017-10-05,"1942432,0"
2017-10-06,"1942809,0"
2017-10-07,"1942105,0"
2017-10-08,"1938614,0"
2017-10-09,"1941592,0"
2017-10-10,"1945108,0"
2017-10-11,"1950874,0"
2017-10-12,"1953749,0"
2017-10-13,"1966379,0"
2017-10-14,"1968010,0"
2017-10-15,"1961080,0"
2017-10-16,"1968019,0"
2017-10-17,"1978433,0"
2017-10-18,"1988391,0"
2017-10-19,"1992935,0"
2017-10-20,"1999510,0"
2017-10-21,"2004105,0"
2017-10-22,"2001683,0"
2017-10-23,"2008640,0"
2017-10-24,"2017168,0"
2017-10-25,"2016593,0"
2017-10-26,"2021442,0"
2017-10-27,"2032620,0"
2017-10-28,"2039185,0"
2017-10-29,"2032645,0"
2017-10-30,"2036167,0"
2017-10-31,"2041485,0"
2017-11-01,"2053940,0"
2017-11-02,"2064394,0"
2017-11-03,"2075153,0"
2017-11-04,"2074814,0"
2017-11-05,"2070382,0"
2017-11-06,"2073141,0"
2017-11-07,"2073792,0"
2017-11-08,"2080243,0"
2017-11-09,"2086096,0"
2017-11-10,"2097014,0"
2017-11-11,"2100961,0"
2017-11-12,"2110885,0"
2017-11-13,"2114466,0"
2017-11-14,"2125432,0"
2017-11-15,"2128405,0"
2017-11-16,"2132089,0"
2017-11-17,"2128209,0"
2017-11-18,"2125581,0"
2017-11-19,"2125911,0"
2017-11-20,"2131761,0"
2017-11-21,"2142066,0"
2017-11-22,"2151415,0"
2017-11-23,"2157396,0"
2017-11-24,"2161245,0"
2017-11-25,"2163558,0"
2017-11-26,"2173228,0"
2017-11-27,"2187721,0"
2017-11-28,"2208921,0"
2017-11-29,"2234283,0"
2017-11-30,"2246050,0"
2017-12-01,"2254651,0"
2017-12-02,"2264169,0"
2017-12-03,"2268512,0"
2017-12-04,"2287855,0"
2017-12-05,"2311582,0"
2017-12-06,"2338386,0"
2017-12-07,"2374713,0"
2017-12-08,"2395404,0"
2017-12-09,"2390018,0"
2017-12-10,"2337562,0"
2017-12-11,"2335885,0"
2017-12-12,"2361343,0"
2017-12-13,"2379288,0"
2017-12-14,"2416085,0"
2017-12-15,"2432914,0"
2017-12-16,"2427549,0"
2017-12-17,"2429652,0"
2017-12-18,"2445640,0"
2017-12-19,"2479707,0"
2017-12-20,"2513826,0"
2017-12-21,"2552075,0"
2017-12-22,"2571623,0"
2017-12-23,"2572975,0"
2017-12-24,"2543904,0"
2017-12-25,"2522175,0"
2017-12-26,"2508128,0"
2017-12-27,"2501441,0"
2017-12-28,"2483796,0"
2017-12-29,"2488172,0"
2017-12-30,"2498257,0"
2017-12-31,"2485848,0"
2018-01-01,"2466166,0"
2018-01-02,"2474706,0"
2018-01-03,"2505636,0"
2018-01-04,"2560123,0"
2018-01-05,"2594795,0"
2018-01-06,"2594221,0"
2018-01-07,"2606843,0"
2018-01-08,"2602373,0"
2018-01-09,"2614893,0"
2018-01-10,"2612421,0"
2018-01-11,"2591533,0"
2018-01-12,"2571898,0"
2018-01-13,"2558354,0"
2018-01-14,"2529041,0"
2018-01-15,"2528170,0"
2018-01-16,"2534896,0"
2018-01-17,"2537237,0"
2018-01-18,"2532217,0"
2018-01-19,"2516198,0"
2018-01-20,"2484152,0"
2018-01-21,"2446241,0"
2018-01-22,"2426776,0"
2018-01-23,"2422452,0"
2018-01-24,"2420571,0"
2018-01-25,"2409236,0"
2018-01-26,"2413907,0"
2018-01-27,"2402925,0"
2018-01-28,"2406520,0"
2018-01-29,"2412039,0"
2018-01-30,"2414973,0"
2018-01-31,"2419973,0"
2018-02-01,"2416832,0"
2018-02-02,"2397423,0"
2018-02-03,"2384741,0"
2018-02-04,"2364659,0"
2018-02-05,"2359456,0"
2018-02-06,"2350967,0"
2018-02-07,"2347966,0"
2018-02-08,"2351124,0"
2018-02-09,"2355187,0"
2018-02-10,"2359450,0"
2018-02-11,"2360022,0"
2018-02-12,"2363072,0"
2018-02-13,"2369891,0"
2018-02-14,"2376303,0"
2018-02-15,"2382183,0"
2018-02-16,"2387572,0"
2018-02-17,"2391482,0"
2018-02-18,"2393437,0"
2018-02-19,"2394278,0"
2018-02-20,"2393329,0"
2018-02-21,"2393377,0"
2018-02-22,"2395225,0"
2018-02-23,"2362568,0"
2018-02-24,"2331139,0"
2018-02-25,"2330475,0"
2018-02-26,"2336331,0"
2018-02-27,"2336817,0"
2018-02-28,"2336487,0"
2018-03-01,"2329417,0"
2018-03-02,"2329306,0"
2018-03-03,"2331942,0"
2018-03-04,"2337102,0"
2018-03-05,"2342080,0"
2018-03-06,"2340801,0"
2018-03-07,"2334675,0"
2018-03-08,"2338739,0"
2018-03-09,"2342593,0"
2018-03-10,"2321875,0"
2018-03-11,"2318382,0"
2018-03-12,"2319768,0"
2018-03-13,"2319429,0"
2018-03-14,"2322733,0"
2018-03-15,"2326745,0"
2018-03-16,"2332623,0"
2018-03-17,"2335538,0"
2018-03-18,"2339438,0"
2018-03-19,"2342474,0"
2018-03-20,"2346803,0"
2018-03-21,"2348348,0"
2018-03-22,"2351423,0"
2018-03-23,"2341595,0"
2018-03-24,"2346029,0"
2018-03-25,"2348418,0"
2018-03-26,"2353365,0"
2018-03-27,"2350740,0"
2018-03-28,"2352391,0"
2018-03-29,"2351055,0"
2018-03-30,"2354527,0"
2018-03-31,"2356490,0"
2018-04-01,"2356701,0"
2018-04-02,"2361599,0"
2018-04-03,"2366686,0"
2018-04-04,"2369645,0"
2018-04-05,"2369026,0"
2018-04-06,"2371585,0"
2018-04-07,"2369583,0"
2018-04-08,"2372466,0"
2018-04-09,"2375461,0"
2018-04-10,"2377415,0"
2018-04-11,"2379379,0"
2018-04-12,"2377107,0"
2018-04-13,"2378855,0"
2018-04-14,"2382588,0"
2018-04-15,"2384530,0"
2018-04-16,"2388027,0"
2018-04-17,"2387111,0"
2018-04-18,"2388991,0"
2018-04-19,"2394242,0"
2018-04-20,"2398913,0"
2018-04-21,"2399604,0"
2018-04-22,"2404181,0"
2018-04-23,"2406550,0"
2018-04-24,"2391896,0"
2018-04-25,"2370618,0"
2018-04-26,"2371162,0"
2018-04-27,"2374539,0"
2018-04-28,"2375156,0"
2018-04-29,"2378461,0"
2018-04-30,"2381138,0"
2018-05-01,"2384975,0"
2018-05-02,"2386217,0"
2018-05-03,"2390239,0"
2018-05-04,"2392466,0"
2018-05-05,"2392605,0"
2018-05-06,"2392178,0"
2018-05-07,"2395611,0"
2018-05-08,"2399702,0"
2018-05-09,"2404802,0"
2018-05-10,"2410167,0"
2018-05-11,"2411878,0"
2018-05-12,"2406023,0"
2018-05-13,"2410237,0"
2018-05-14,"2416158,0"
2018-05-15,"2422319,0"
2018-05-16,"2426473,0"
2018-05-17,"2410233,0"
2018-05-18,"2395369,0"
2018-05-19,"2396057,0"
2018-05-20,"2402887,0"
2018-05-21,"2405222,0"
2018-05-22,"2398406,0"
2018-05-23,"2395112,0"
2018-05-24,"2395674,0"
2018-05-25,"2396875,0"
2018-05-26,"2399134,0"
2018-05-27,"2401278,0"
2018-05-28,"2395478,0"
2018-05-29,"2395269,0"
2018-05-30,"2397291,0"
2018-05-31,"2400990,0"
2018-06-01,"2404644,0"
2018-06-02,"2406128,0"
2018-06-03,"2409938,0"
2018-06-04,"2406625,0"
2018-06-05,"2407974,0"
2018-06-06,"2401765,0"
2018-06-07,"2405050,0"
2018-06-08,"2408043,0"
2018-06-09,"2409685,0"
2018-06-10,"2410649,0"
2018-06-11,"2416481,0"
2018-06-12,"2421752,0"
2018-06-13,"2408216,0"
2018-06-14,"2409548,0"
2018-06-15,"2408087,0"
2018-06-16,"2409362,0"
2018-06-17,"2408009,0"
2018-06-18,"2410978,0"
2018-06-19,"2411260,0"
2018-06-20,"2408313,0"
2018-06-21,"2408362,0"
2018-06-22,"2409823,0"
2018-06-23,"2409068,0"
2018-06-24,"2408756,0"
2018-06-25,"2409896,0"
2018-06-26,"2413121,0"
2018-06-27,"2413401,0"
2018-06-28,"2414488,0"
2018-06-29,"2415171,0"
2018-06-30,"2412821,0"
2018-07-01,"2414719,0"
2018-07-02,"2415360,0"
2018-07-03,"2412592,0"
2018-07-04,"2411622,0"
2018-07-05,"2411855,0"
2018-07-06,"2413848,0"
2018-07-07,"2415739,0"
2018-07-08,"2417432,0"
2018-07-09,"2416619,0"
2018-07-10,"2416965,0"
2018-07-11,"2414633,0"
2018-07-12,"2414411,0"
2018-07-13,"2416888,0"
2018-07-14,"2418694,0"
2018-07-15,"2419494,0"
2018-07-16,"2421703,0"
2018-07-17,"2419006,0"
2018-07-18,"2419196,0"
2018-07-19,"2419678,0"
2018-07-20,"2420901,0"
2018-07-21,"2422119,0"
2018-07-22,"2423808,0"
2018-07-23,"2423307,0"
2018-07-24,"2424728,0"
2018-07-25,"2423095,0"
2018-07-26,"2425060,0"
2018-07-27,"2427058,0"
2018-07-28,"2426169,0"
2018-07-29,"2428579,0"
2018-07-30,"2428602,0"
2018-07-31,"2431132,0"
2018-08-01,"2435569,0"
2018-08-02,"2431453,0"
2018-08-03,"2432481,0"
2018-08-04,"2433918,0"
2018-08-05,"2436450,0"
2018-08-06,"2439684,0"
2018-08-07,"2440381,0"
2018-08-08,"2442220,0"
2018-08-09,"2444313,0"
2018-08-10,"2447052,0"
2018-08-11,"2447882,0"
2018-08-12,"2450584,0"
2018-08-13,"2453250,0"
2018-08-14,"2455279,0"
2018-08-15,"2456893,0"
2018-08-16,"2458627,0"
2018-08-17,"2459651,0"
2018-08-18,"2459275,0"
2018-08-19,"2461559,0"
2018-08-20,"2461967,0"
2018-08-21,"2459285,0"
2018-08-22,"2456765,0"
2018-08-23,"2456283,0"
2018-08-24,"2456925,0"
2018-08-25,"2458179,0"
2018-08-26,"2457420,0"
2018-08-27,"2457886,0"
2018-08-28,"2460227,0"
2018-08-29,"2460817,0"
2018-08-30,"2461088,0"
2018-08-31,"2462718,0"
2018-09-01,"2461818,0"
2018-09-02,"2463604,0"
2018-09-03,"2464951,0"
2018-09-04,"2466215,0"
2018-09-05,"2463812,0"
2018-09-06,"2465432,0"
2018-09-07,"2469606,0"
2018-09-08,"2472478,0"
2018-09-09,"2473176,0"
2018-09-10,"2473268,0"
2018-09-11,"2473810,0"
2018-09-12,"2473223,0"
2018-09-13,"2472536,0"
2018-09-14,"2473501,0"
2018-09-15,"2473716,0"
2018-09-16,"2475742,0"
2018-09-17,"2475204,0"
2018-09-18,"2475030,0"
2018-09-19,"2474318,0"
2018-09-20,"2475465,0"
2018-09-21,"2474420,0"
2018-09-22,"2475707,0"
2018-09-23,"2476860,0"
2018-09-24,"2478562,0"
2018-09-25,"2479336,0"
2018-09-26,"2477820,0"
2018-09-27,"2479082,0"
2018-09-28,"2479458,0"
2018-09-29,"2480499,0"
2018-09-30,"2481702,0"
2018-10-01,"2484714,0"
2018-10-02,"2481231,0"
2018-10-03,"2481442,0"
2018-10-04,"2481923,0"
2018-10-05,"2483540,0"
2018-10-06,"2484077,0"
2018-10-07,"2485447,0"
2018-10-08,"2485315,0"
2018-10-09,"2485469,0"
2018-10-10,"2487433,0"
2018-10-11,"2487797,0"
2018-10-12,"2486189,0"
2018-10-13,"2484398,0"
2018-10-14,"2484371,0"
2018-10-15,"2482747,0"
2018-10-16,"2481150,0"
2018-10-17,"2481495,0"
2018-10-18,"2479942,0"
2018-10-19,"2477446,0"
2018-10-20,"2478254,0"
2018-10-21,"2479766,0"
2018-10-22,"2480825,0"
2018-10-23,"2481741,0"
2018-10-24,"2482039,0"
2018-10-25,"2481886,0"
2018-10-26,"2482428,0"
2018-10-27,"2483325,0"
2018-10-28,"2485264,0"
2018-10-29,"2488057,0"
2018-10-30,"2488355,0"
2018-10-31,"2490577,0"
2018-11-01,"2490384,0"
2018-11-02,"2490392,0"
2018-11-03,"2490990,0"
2018-11-04,"2492367,0"
2018-11-05,"2496064,0"
2018-11-06,"2498073,0"
2018-11-07,"2495917,0"
2018-11-08,"2493807,0"
2018-11-09,"2495555,0"
2018-11-10,"2495314,0"
2018-11-11,"2495442,0"
2018-11-12,"2494918,0"
2018-11-13,"2495199,0"
2018-11-14,"2502457,0"
2018-11-15,"2496156,0"
2018-11-16,"2494380,0"
2018-11-17,"2495404,0"
2018-11-18,"2497318,0"
2018-11-19,"2499215,0"
2018-11-20,"2494480,0"
2018-11-21,"2493245,0"
2018-11-22,"2490400,0"
2018-11-23,"2490575,0"
2018-11-24,"2488057,0"
2018-11-25,"2486006,0"
2018-11-26,"2487201,0"
2018-11-27,"2488622,0"
2018-11-28,"2493853,0"
2018-11-29,"2493152,0"
2018-11-30,"2494544,0"
2018-12-01,"2493822,0"
2018-12-02,"2496033,0"
2018-12-03,"2499157,0"
2018-12-04,"2491271,0"
2018-12-05,"2495252,0"
2018-12-06,"2495799,0"
2018-12-07,"2494691,0"
2018-12-08,"2495932,0"
2018-12-09,"2497676,0"
2018-12-10,"2498033,0"
2018-12-11,"2501691,0"
2018-12-12,"2503571,0"
2018-12-13,"2508843,0"
2018-12-14,"2508164,0"
2018-12-15,"2513126,0"
2018-12-16,"2517591,0"
2018-12-17,"2518721,0"
2018-12-18,"2521078,0"
2018-12-19,"2522596,0"
2018-12-20,"2524224,0"
2018-12-21,"2521421,0"
2018-12-22,"2524042,0"
2018-12-23,"2526491,0"
2018-12-24,"2525624,0"
2018-12-25,"2527999,0"
2018-12-26,"2530025,0"
2018-12-27,"2530607,0"
2018-12-28,"2533299,0"
2018-12-29,"2536309,0"
2018-12-30,"2537471,0"
2018-12-31,"2538688,0"
2019-01-01,"2539866,0"
2019-01-02,"2542197,0"
2019-01-03,"2543282,0"
2019-01-04,"2544161,0"
2019-01-05,"2545741,0"
2019-01-06,"2546879,0"
2019-01-07,"2547180,0"
2019-01-08,"2545325,0"
2019-01-09,"2547064,0"
2019-01-10,"2549283,0"
2019-01-11,"2551137,0"
2019-01-12,"2551969,0"
2019-01-13,"2554346,0"
2019-01-14,"2555110,0"
2019-01-15,"2554307,0"
2019-01-16,"2557862,0"
2019-01-17,"2558750,0"
2019-01-18,"2559323,0"
2019-01-19,"2558807,0"
2019-01-20,"2560548,0"
2019-01-21,"2561337,0"
2019-01-22,"2561072,0"
2019-01-23,"2564395,0"
2019-01-24,"2562423,0"
2019-01-25,"2564238,0"
2019-01-26,"2562712,0"
2019-01-27,"2564044,0"
2019-01-28,"2564436,0"
2019-01-29,"2564125,0"
2019-01-30,"2568232,0"
2019-01-31,"2569891,0"
2019-02-01,"2568510,0"
2019-02-02,"2571438,0"
2019-02-03,"2573098,0"
2019-02-04,"2573723,0"
2019-02-05,"2582467,0"
2019-02-06,"2580043,0"
2019-02-07,"2580376,0"
2019-02-08,"2582931,0"
2019-02-09,"2582473,0"
2019-02-10,"2583505,0"
2019-02-11,"2582029,0"
2019-02-12,"2583775,0"
2019-02-13,"2577798,0"
2019-02-14,"2578360,0"
2019-02-15,"2579674,0"
2019-02-16,"2578617,0"
2019-02-17,"2580364,0"
2019-02-18,"2578031,0"
2019-02-19,"2581048,0"
2019-02-20,"2579859,0"
2019-02-21,"2579133,0"
2019-02-22,"2572725,0"
2019-02-23,"2573086,0"
2019-02-24,"2575026,0"
2019-02-25,"2576583,0"
2019-02-26,"2577258,0"
2019-02-27,"2579852,0"
2019-02-28,"2579525,0"
2019-03-01,"2580498,0"
2019-03-02,"2582168,0"
2019-03-03,"2583234,0"
2019-03-04,"2585063,0"
2019-03-05,"2587475,0"
2019-03-06,"2590518,0"
2019-03-07,"2587035,0"
2019-03-08,"2587993,0"
2019-03-09,"2588764,0"
2019-03-10,"2589947,0"
2019-03-11,"2591197,0"
2019-03-12,"2593506,0"
2019-03-13,"2590501,0"
2019-03-14,"2590115,0"
2019-03-15,"2591669,0"
2019-03-16,"2591840,0"
2019-03-17,"2593142,0"
2019-03-18,"2593449,0"
2019-03-19,"2599265,0"
2019-03-20,"2598754,0"
2019-03-21,"2597223,0"
2019-03-22,"2596753,0"
2019-03-23,"2599002,0"
2019-03-24,"2601149,0"
2019-03-25,"2604755,0"
2019-03-26,"2607937,0"
2019-03-27,"2608106,0"
2019-03-28,"2613440,0"
2019-03-29,"2606241,0"
2019-03-30,"2604287,0"
2019-03-31,"2601745,0"
2019-04-01,"2607467,0"
2019-04-02,"2613055,0"
2019-04-03,"2610072,0"
2019-04-04,"2607502,0"
2019-04-05,"2597045,0"
2019-04-06,"2592428,0"
2019-04-07,"2594388,0"
2019-04-08,"2596009,0"
2019-04-09,"2602302,0"
2019-04-10,"2608431,0"
2019-04-11,"2606864,0"
2019-04-12,"2605767,0"
2019-04-13,"2608519,0"
2019-04-14,"2607594,0"
2019-04-15,"2610313,0"
2019-04-16,"2611284,0"
2019-04-17,"2610976,0"
2019-04-18,"2608109,0"
2019-04-19,"2606191,0"
2019-04-20,"2606605,0"
2019-04-21,"2605208,0"
2019-04-22,"2609744,0"
2019-04-23,"2620348,0"
2019-04-24,"2612295,0"
2019-04-25,"2617537,0"
2019-04-26,"2612830,0"
2019-04-27,"2614051,0"
2019-04-28,"2614848,0"
2019-04-29,"2621922,0"
2019-04-30,"2624780,0"
2019-05-01,"2623131,0"
2019-05-02,"2624515,0"
2019-05-03,"2622351,0"
2019-05-04,"2622740,0"
2019-05-05,"2620631,0"
2019-05-06,"2623370,0"
2019-05-07,"2628681,0"
2019-05-08,"2629921,0"
2019-05-09,"2629137,0"
2019-05-10,"2633925,0"
2019-05-11,"2640256,0"
2019-05-12,"2629740,0"
2019-05-13,"2629704,0"
2019-05-14,"2638411,0"
2019-05-15,"2653400,0"
2019-05-16,"2665353,0"
2019-05-17,"2666710,0"
2019-05-18,"2659715,0"
2019-05-19,"2660946,0"
2019-05-20,"2665597,0"
2019-05-21,"2669877,0"
2019-05-22,"2672271,0"
2019-05-23,"2674501,0"
2019-05-24,"2673048,0"
2019-05-25,"2676573,0"
2019-05-26,"2676217,0"
2019-05-27,"2671127,0"
2019-05-28,"2680187,0"
2019-05-29,"2685433,0"
2019-05-30,"2688613,0"
2019-05-31,"2698177,0"
2019-06-01,"2682131,0"
2019-06-02,"2667644,0"
2019-06-03,"2667284,0"
2019-06-04,"2679565,0"
2019-06-05,"2673950,0"
2019-06-06,"2672074,0"
2019-06-07,"2666636,0"
2019-06-08,"2673243,0"
2019-06-09,"2680126,0"
2019-06-10,"2686423,0"
2019-06-11,"2690836,0"
2019-06-12,"2694002,0"
2019-06-13,"2698692,0"
2019-06-14,"2691183,0"
2019-06-15,"2681186,0"
2019-06-16,"2686367,0"
2019-06-17,"2693531,0"
2019-06-18,"2697732,0"
2019-06-19,"2698450,0"
2019-06-20,"2707361,0"
2019-06-21,"2719196,0"
2019-06-22,"2719377,0"
2019-06-23,"2711895,0"
2019-06-24,"2683051,0"
2019-06-25,"2688296,0"
2019-06-26,"2699748,0"
2019-06-27,"2709299,0"
2019-06-28,"2713259,0"
2019-06-29,"2702721,0"
2019-06-30,"2704910,0"
2019-07-01,"2707088,0"
2019-07-02,"2703610,0"
2019-07-03,"2702329,0"
2019-07-04,"2701919,0"
2019-07-05,"2699587,0"
2019-07-06,"2701629,0"
2019-07-07,"2703693,0"
2019-07-08,"2702743,0"
2019-07-09,"2706785,0"
2019-07-10,"2711278,0"
2019-07-11,"2714719,0"
2019-07-12,"2710933,0"
2019-07-13,"2713045,0"
2019-07-14,"2716333,0"
2019-07-15,"2720080,0"
2019-07-16,"2723836,0"
2019-07-17,"2728402,0"
2019-07-18,"2737673,0"
2019-07-19,"2738385,0"
2019-07-20,"2734489,0"
2019-07-21,"2736392,0"
2019-07-22,"2741948,0"
2019-07-23,"2744352,0"
2019-07-24,"2748376,0"
2019-07-25,"2748790,0"
2019-07-26,"2749206,0"
2019-07-27,"2752517,0"
2019-07-28,"2754794,0"
2019-07-29,"2755151,0"
2019-07-30,"2756606,0"
2019-07-31,"2757964,0"
2019-08-01,"2762328,0"
2019-08-02,"2758629,0"
2019-08-03,"2759200,0"
2019-08-04,"2760234,0"
2019-08-05,"2762171,0"
2019-08-06,"2762915,0"
2019-08-07,"2765168,0"
2019-08-08,"2764285,0"
2019-08-09,"2762913,0"
2019-08-10,"2765298,0"
2019-08-11,"2768527,0"
2019-08-12,"2770861,0"
2019-08-13,"2768516,0"
2019-08-14,"2770614,0"
2019-08-15,"2772225,0"
2019-08-16,"2775120,0"
2019-08-17,"2783062,0"
2019-08-18,"2787165,0"
2019-08-19,"2789217,0"
2019-08-20,"2790700,0"
2019-08-21,"2794766,0"
2019-08-22,"2779830,0"
2019-08-23,"2776958,0"
2019-08-24,"2777932,0"
2019-08-25,"2777230,0"
2019-08-26,"2776323,0"
2019-08-27,"2774833,0"
2019-08-28,"2775996,0"
2019-08-29,"2780908,0"
2019-08-30,"2781899,0"
2019-08-31,"2783249,0"
2019-09-01,"2785147,0"
2019-09-02,"2786635,0"
2019-09-03,"2785300,0"
2019-09-04,"2786023,0"
2019-09-05,"2787865,0"
2019-09-06,"2786956,0"
2019-09-07,"2788939,0"
2019-09-08,"2792102,0"
2019-09-09,"2792531,0"
2019-09-10,"2795721,0"
2019-09-11,"2797930,0"
2019-09-12,"2799194,0"
2019-09-13,"2798439,0"
2019-09-14,"2799452,0"
2019-09-15,"2802001,0"
2019-09-16,"2802968,0"
2019-09-17,"2804342,0"
2019-09-18,"2804401,0"
2019-09-19,"2806884,0"
2019-09-20,"2807306,0"
2019-09-21,"2809394,0"
2019-09-22,"2810707,0"
2019-09-23,"2815608,0"
2019-09-24,"2815514,0"
2019-09-25,"2818622,0"
2019-09-26,"2819179,0"
2019-09-27,"2820307,0"
2019-09-28,"2822991,0"
2019-09-29,"2824696,0"
2019-09-30,"2829409,0"
2019-10-01,"2831282,0"
2019-10-02,"2834562,0"
2019-10-03,"2835898,0"
2019-10-04,"2836647,0"
2019-10-05,"2839177,0"
2019-10-06,"2840719,0"
2019-10-07,"2843203,0"
2019-10-08,"2842136,0"
2019-10-09,"2842695,0"
2019-10-10,"2844268,0"
2019-10-11,"2844061,0"
2019-10-12,"2844687,0"
2019-10-13,"2846211,0"
2019-10-14,"2847161,0"
2019-10-15,"2848130,0"
2019-10-16,"2849189,0"
2019-10-17,"2851066,0"
2019-10-18,"2849366,0"
2019-10-19,"2849965,0"
2019-10-20,"2850496,0"
2019-10-21,"2851493,0"
2019-10-22,"2850647,0"
2019-10-23,"2850965,0"
2019-10-24,"2851915,0"
2019-10-25,"2845369,0"
2019-10-26,"2836572,0"
2019-10-27,"2830537,0"
2019-10-28,"2822096,0"
2019-10-29,"2815461,0"
2019-10-30,"2812802,0"
2019-10-31,"2812387,0"
2019-11-01,"2805936,0"
2019-11-02,"2803748,0"
2019-11-03,"2801791,0"
2019-11-04,"2800806,0"
2019-11-05,"2800217,0"
2019-11-06,"2799864,0"
2019-11-07,"2800252,0"
2019-11-08,"2800634,0"
2019-11-09,"2801487,0"
2019-11-10,"2801500,0"
2019-11-11,"2801240,0"
2019-11-12,"2802146,0"
2019-11-13,"2798504,0"
2019-11-14,"2800078,0"
2019-11-15,"2801324,0"
2019-11-16,"2800653,0"
2019-11-17,"2800393,0"
2019-11-18,"2803381,0"
2019-11-19,"2800984,0"
2019-11-20,"2799212,0"
2019-11-21,"2801464,0"
2019-11-22,"2803686,0"
2019-11-23,"2801379,0"
2019-11-24,"2804361,0"
2019-11-25,"2810506,0"
2019-11-26,"2811963,0"
2019-11-27,"2810703,0"
2019-11-28,"2809319,0"
2019-11-29,"2810701,0"
2019-11-30,"2808990,0"
2019-12-01,"2812051,0"
2019-12-02,"2813802,0"
2019-12-03,"2814311,0"
2019-12-04,"2810971,0"
2019-12-05,"2813093,0"
2019-12-06,"2815280,0"
2019-12-07,"2815876,0"
2019-12-08,"2815682,0"
2019-12-09,"2816970,0"
2019-12-10,"2816595,0"
2019-12-11,"2815677,0"
2019-12-12,"2817805,0"
2019-12-13,"2819189,0"
2019-12-14,"2819551,0"
2019-12-15,"2819910,0"
2019-12-16,"2817267,0"
2019-12-17,"2820436,0"
2019-12-18,"2822819,0"
2019-12-19,"2820667,0"
2019-12-20,"2821149,0"
2019-12-21,"2822473,0"
2019-12-22,"2823625,0"
2019-12-23,"2821798,0"
2019-12-24,"2819641,0"
2019-12-25,"2820495,0"
2019-12-26,"2822070,0"
2019-12-27,"2824102,0"
2019-12-28,"2825483,0"
2019-12-29,"2825166,0"
2019-12-30,"2824476,0"
2019-12-31,"2821265,0"
2020-01-01,"2822926,0"
2020-01-02,"2822796,0"
2020-01-03,"2823396,0"
2020-01-04,"2824468,0"
2020-01-05,"2825834,0"
2020-01-06,"2824181,0"
2020-01-07,"2823798,0"
2020-01-08,"2825879,0"
2020-01-09,"2818854,0"
2020-01-10,"2822464,0"
2020-01-11,"2824704,0"
2020-01-12,"2825322,0"
2020-01-13,"2826076,0"
2020-01-14,"2822992,0"
2020-01-15,"2822585,0"
2020-01-16,"2823382,0"
2020-01-17,"2824195,0"
2020-01-18,"2826658,0"
2020-01-19,"2825855,0"
2020-01-20,"2826020,0"
2020-01-21,"2827330,0"
2020-01-22,"2829880,0"
2020-01-23,"2831736,0"
2020-01-24,"2831915,0"
2020-01-25,"2834123,0"
2020-01-26,"2835785,0"
2020-01-27,"2838512,0"
2020-01-28,"2835549,0"
2020-01-29,"2836205,0"
2020-01-30,"2836135,0"
2020-01-31,"2837116,0"
2020-02-01,"2839642,0"
2020-02-02,"2841637,0"
2020-02-03,"2841481,0"
2020-02-04,"2840753,0"
2020-02-05,"2840004,0"
2020-02-06,"2840341,0"
2020-02-07,"2838829,0"
2020-02-08,"2838019,0"
2020-02-09,"2837579,0"
2020-02-10,"2841428,0"
2020-02-11,"2839259,0"
2020-02-12,"2839930,0"
2020-02-13,"2836948,0"
2020-02-14,"2838120,0"
2020-02-15,"2836561,0"
2020-02-16,"2836417,0"
2020-02-17,"2838575,0"
2020-02-18,"2839586,0"
2020-02-19,"2841413,0"
2020-02-20,"2845479,0"
2020-02-21,"2846213,0"
2020-02-22,"2849049,0"
2020-02-23,"2850509,0"
2020-02-24,"2849225,0"
2020-02-25,"2852100,0"
2020-02-26,"2854517,0"
2020-02-27,"2858057,0"
2020-02-28,"2860267,0"
2020-02-29,"2864332,0"
2020-03-01,"2865124,0"
2020-03-02,"2865598,0"
2020-03-03,"2868317,0"
2020-03-04,"2871745,0"
2020-03-05,"2873963,0"
2020-03-06,"2872754,0"
2020-03-07,"2872907,0"
2020-03-08,"2877339,0"
2020-03-09,"2880816,0"
2020-03-10,"2886443,0"
2020-03-11,"2890216,0"
2020-03-12,"2890188,0"
2020-03-13,"2897937,0"
2020-03-14,"2898936,0"
2020-03-15,"2901471,0"
2020-03-16,"2904783,0"
2020-03-17,"2911926,0"
2020-03-18,"2919189,0"
2020-03-19,"2925415,0"
2020-03-20,"2927740,0"
2020-03-21,"2924553,0"
2020-03-22,"2925292,0"
2020-03-23,"2928933,0"
2020-03-24,"2930189,0"
2020-03-25,"2938271,0"
2020-03-26,"2936647,0"
2020-03-27,"2938653,0"
2020-03-28,"2945661,0"
2020-03-29,"2947299,0"
2020-03-30,"2952572,0"
2020-03-31,"2955694,0"
2020-04-01,"2959615,0"
2020-04-02,"2962268,0"
2020-04-03,"2964743,0"
2020-04-04,"2968343,0"
2020-04-05,"2971862,0"
2020-04-06,"2970441,0"
2020-04-07,"2971046,0"
2020-04-08,"2968572,0"
2020-04-09,"2970162,0"
2020-04-10,"2973393,0"
2020-04-11,"2974954,0"
2020-04-12,"2977193,0"
2020-04-13,"2977861,0"
2020-04-14,"2978683,0"
2020-04-15,"2983901,0"
2020-04-16,"2981498,0"
2020-04-17,"2981296,0"
2020-04-18,"2980789,0"
2020-04-19,"2983489,0"
2020-04-20,"2988888,0"
2020-04-21,"2994006,0"
2020-04-22,"3002618,0"
2020-04-23,"3005522,0"
2020-04-24,"3007296,0"
2020-04-25,"3007074,0"
2020-04-26,"3009811,0"
2020-04-27,"3014747,0"
2020-04-28,"3004740,0"
2020-04-29,"3013487,0"
2020-04-30,"3014390,0"
2020-05-01,"3013296,0"
2020-05-02,"3012529,0"
2020-05-03,"3003688,0"
2020-05-04,"3008834,0"
2020-05-05,"3011504,0"
2020-05-06,"3011293,0"
2020-05-07,"3013710,0"
2020-05-08,"3011456,0"
2020-05-09,"3007220,0"
2020-05-10,"3002700,0"
2020-05-11,"3009013,0"
2020-05-12,"3014850,0"
2020-05-13,"3018993,0"
2020-05-14,"3028588,0"
2020-05-15,"3030932,0"
2020-05-16,"3031333,0"
2020-05-17,"3034308,0"
2020-05-18,"3040396,0"
2020-05-19,"3048841,0"
2020-05-20,"3051595,0"
2020-05-21,"3052413,0"
2020-05-22,"3049601,0"
2020-05-23,"3050960,0"
2020-05-24,"3045007,0"
2020-05-25,"3044083,0"
2020-05-26,"3050022,0"
2020-05-27,"3048747,0"
2020-05-28,"3049025,0"
2020-05-29,"3049971,0"
2020-05-30,"3047439,0"
2020-05-31,"3045797,0"
2020-06-01,"3042725,0"
2020-06-02,"3042074,0"
2020-06-03,"3044683,0"
2020-06-04,"3042424,0"
2020-06-05,"3042464,0"
2020-06-06,"3041386,0"
2020-06-07,"3040356,0"
2020-06-08,"3045411,0"
2020-06-09,"3045916,0"
2020-06-10,"3049947,0"
2020-06-11,"3047980,0"
2020-06-12,"3053140,0"
2020-06-13,"3053883,0"
2020-06-14,"3056535,0"
2020-06-15,"3063095,0"
2020-06-16,"3064011,0"
2020-06-17,"3068532,0"
2020-06-18,"3071384,0"
2020-06-19,"3072239,0"
2020-06-20,"3071656,0"
2020-06-21,"3071895,0"
2020-06-22,"3076061,0"
2020-06-23,"3071390,0"
2020-06-24,"3073858,0"
2020-06-25,"3076901,0"
2020-06-26,"3079125,0"
2020-06-27,"3079253,0"
2020-06-28,"3080399,0"
2020-06-29,"3083235,0"
2020-06-30,"3089539,0"
2020-07-01,"3089731,0"
2020-07-02,"3090854,0"
2020-07-03,"3090567,0"
2020-07-04,"3088605,0"
2020-07-05,"3091468,0"
2020-07-06,"3095635,0"
2020-07-07,"3100942,0"
2020-07-08,"3101074,0"
2020-07-09,"3101319,0"
2020-07-10,"3103685,0"
2020-07-11,"3104022,0"
2020-07-12,"3100667,0"
2020-07-13,"3103114,0"
2020-07-14,"3110773,0"
2020-07-15,"3117207,0"
2020-07-16,"3120961,0"
2020-07-17,"3130291,0"
2020-07-18,"3125244,0"
2020-07-19,"3118720,0"
2020-07-20,"3119266,0"
2020-07-21,"3131267,0"
2020-07-22,"3130417,0"
2020-07-23,"3130282,0"
2020-07-24,"3129968,0"
2020-07-25,"3119069,0"
2020-07-26,"3112641,0"
2020-07-27,"3114176,0"
2020-07-28,"3111686,0"
2020-07-29,"3111756,0"
2020-07-30,"3109151,0"
2020-07-31,"3108199,0"
2020-08-01,"3101782,0"
2020-08-02,"3101032,0"
2020-08-03,"3101505,0"
2020-08-04,"3103702,0"
2020-08-05,"3109248,0"
2020-08-06,"3107365,0"
2020-08-07,"3100266,0"
2020-08-08,"3096607,0"
2020-08-09,"3096841,0"
2020-08-10,"3097880,0"
2020-08-11,"3101924,0"
2020-08-12,"3102423,0"
2020-08-13,"3103279,0"
2020-08-14,"3103940,0"
2020-08-15,"3101483,0"
2020-08-16,"3103950,0"
2020-08-17,"3113452,0"
2020-08-18,"3114360,0"
2020-08-19,"3118554,0"
2020-08-20,"3120279,0"
2020-08-21,"3116005,0"
2020-08-22,"3110887,0"
2020-08-23,"3107673,0"
2020-08-24,"3110827,0"
2020-08-25,"3120163,0"
2020-08-26,"3125641,0"
2020-08-27,"3131126,0"
2020-08-28,"3124661,0"
2020-08-29,"3117491,0"
2020-08-30,"3117767,0"
2020-08-31,"3124599,0"
2020-09-01,"3128162,0"
2020-09-02,"3129060,0"
2020-09-03,"3132390,0"
2020-09-04,"3139207,0"
2020-09-05,"3135389,0"
2020-09-06,"3124437,0"
2020-09-07,"3125898,0"
2020-09-08,"3130380,0"
2020-09-09,"3134510,0"
2020-09-10,"3132082,0"
2020-09-11,"3134000,0"
2020-09-12,"3131161,0"
2020-09-13,"3133217,0"
2020-09-14,"3136469,0"
2020-09-15,"3142810,0"
2020-09-16,"3143681,0"
2020-09-17,"3144371,0"
2020-09-18,"3141131,0"
2020-09-19,"3125363,0"
2020-09-20,"3126914,0"
2020-09-21,"3133243,0"
2020-09-22,"3140399,0"
2020-09-23,"3138538,0"
2020-09-24,"3142442,0"
2020-09-25,"3127535,0"
2020-09-26,"3126246,0"
2020-09-27,"3126351,0"
2020-09-28,"3125620,0"
2020-09-29,"3134218,0"
2020-09-30,"3135258,0"
2020-10-01,"3142906,0"
2020-10-02,"3147661,0"
2020-10-03,"3143067,0"
2020-10-04,"3140404,0"
2020-10-05,"3147177,0"
2020-10-06,"3152816,0"
2020-10-07,"3149200,0"
2020-10-08,"3151921,0"
2020-10-09,"3151430,0"
2020-10-10,"3147190,0"
2020-10-11,"3147608,0"
2020-10-12,"3148136,0"
2020-10-13,"3151080,0"
2020-10-14,"3152032,0"
2020-10-15,"3154202,0"
2020-10-16,"3153937,0"
2020-10-17,"3154890,0"
2020-10-18,"3157547,0"
2020-10-19,"3162295,0"
2020-10-20,"3167067,0"
2020-10-21,"3169201,0"
2020-10-22,"3167311,0"
2020-10-23,"3165837,0"
2020-10-24,"3159518,0"
2020-10-25,"3161755,0"
2020-10-26,"3168132,0"
2020-10-27,"3177761,0"
2020-10-28,"3184973,0"
2020-10-29,"3186455,0"
2020-10-30,"3175199,0"
2020-10-31,"3175918,0"
2020-11-01,"3172530,0"
2020-11-02,"3180313,0"
2020-11-03,"3181144,0"
2020-11-04,"3181783,0"
2020-11-05,"3174525,0"
2020-11-06,"3170104,0"
2020-11-07,"3164518,0"
2020-11-08,"3159582,0"
2020-11-09,"3151713,0"
2020-11-10,"3154150,0"
2020-11-11,"3150972,0"
2020-11-12,"3146334,0"
2020-11-13,"3148179,0"
2020-11-14,"3136060,0"
2020-11-15,"3126946,0"
2020-11-16,"3124999,0"
2020-11-17,"3127510,0"
2020-11-18,"3123601,0"
2020-11-19,"3125440,0"
2020-11-20,"3124259,0"
2020-11-21,"3122410,0"
2020-11-22,"3122121,0"
2020-11-23,"3128562,0"
2020-11-24,"3132337,0"
2020-11-25,"3131042,0"
2020-11-26,"3123572,0"
2020-11-27,"3121227,0"
2020-11-28,"3118114,0"
2020-11-29,"3111465,0"
2020-11-30,"3117495,0"
2020-12-01,"3115114,0"
2020-12-02,"3117775,0"
2020-12-03,"3119881,0"
2020-12-04,"3119122,0"
2020-12-05,"3118339,0"
2020-12-06,"3115429,0"
2020-12-07,"3118013,0"
2020-12-08,"3122540,0"
2020-12-09,"3125127,0"
2020-12-10,"3128929,0"
2020-12-11,"3132127,0"
2020-12-12,"3131321,0"
2020-12-13,"3130026,0"
2020-12-14,"3132393,0"
2020-12-15,"3137130,0"
2020-12-16,"3140055,0"
2020-12-17,"3143395,0"
2020-12-18,"3136115,0"
2020-12-19,"3132236,0"
2020-12-20,"3128579,0"
2020-12-21,"3133729,0"
2020-12-22,"3139132,0"
2020-12-23,"3133057,0"
2020-12-24,"3134905,0"
2020-12-25,"3130986,0"
2020-12-26,"3122900,0"
2020-12-27,"3120657,0"
2020-12-28,"3121921,0"
2020-12-29,"3120133,0"
