Date,addresses/non_zero_count
2009-01-03,"1,0"
2009-01-04,"1,0"
2009-01-05,"1,0"
2009-01-06,"1,0"
2009-01-07,"1,0"
2009-01-08,"1,0"
2009-01-09,"15,0"
2009-01-10,"76,0"
2009-01-11,"169,0"
2009-01-12,"268,0"
2009-01-13,"391,0"
2009-01-14,"518,0"
2009-01-15,"643,0"
2009-01-16,"749,0"
2009-01-17,"858,0"
2009-01-18,"963,0"
2009-01-19,"1063,0"
2009-01-20,"1170,0"
2009-01-21,"1271,0"
2009-01-22,"1352,0"
2009-01-23,"1428,0"
2009-01-24,"1620,0"
2009-01-25,"1811,0"
2009-01-26,"1887,0"
2009-01-27,"1982,0"
2009-01-28,"2094,0"
2009-01-29,"2203,0"
2009-01-30,"2320,0"
2009-01-31,"2439,0"
2009-02-01,"2551,0"
2009-02-02,"2679,0"
2009-02-03,"2827,0"
2009-02-04,"2946,0"
2009-02-05,"3072,0"
2009-02-06,"3194,0"
2009-02-07,"3304,0"
2009-02-08,"3436,0"
2009-02-09,"3526,0"
2009-02-10,"3646,0"
2009-02-11,"3767,0"
2009-02-12,"3886,0"
2009-02-13,"4010,0"
2009-02-14,"4146,0"
2009-02-15,"4264,0"
2009-02-16,"4356,0"
2009-02-17,"4473,0"
2009-02-18,"4591,0"
2009-02-19,"4699,0"
2009-02-20,"4821,0"
2009-02-21,"4935,0"
2009-02-22,"5049,0"
2009-02-23,"5157,0"
2009-02-24,"5263,0"
2009-02-25,"5368,0"
2009-02-26,"5475,0"
2009-02-27,"5554,0"
2009-02-28,"5646,0"
2009-03-01,"5751,0"
2009-03-02,"5859,0"
2009-03-03,"5956,0"
2009-03-04,"6036,0"
2009-03-05,"6140,0"
2009-03-06,"6257,0"
2009-03-07,"6366,0"
2009-03-08,"6457,0"
2009-03-09,"6565,0"
2009-03-10,"6672,0"
2009-03-11,"6786,0"
2009-03-12,"6902,0"
2009-03-13,"7002,0"
2009-03-14,"7112,0"
2009-03-15,"7235,0"
2009-03-16,"7308,0"
2009-03-17,"7422,0"
2009-03-18,"7522,0"
2009-03-19,"7644,0"
2009-03-20,"7750,0"
2009-03-21,"7800,0"
2009-03-22,"7908,0"
2009-03-23,"8038,0"
2009-03-24,"8143,0"
2009-03-25,"8260,0"
2009-03-26,"8349,0"
2009-03-27,"8455,0"
2009-03-28,"8554,0"
2009-03-29,"8670,0"
2009-03-30,"8790,0"
2009-03-31,"8868,0"
2009-04-01,"8982,0"
2009-04-02,"9097,0"
2009-04-03,"9213,0"
2009-04-04,"9326,0"
2009-04-05,"9439,0"
2009-04-06,"9548,0"
2009-04-07,"9648,0"
2009-04-08,"9753,0"
2009-04-09,"9852,0"
2009-04-10,"9960,0"
2009-04-11,"10074,0"
2009-04-12,"10185,0"
2009-04-13,"10301,0"
2009-04-14,"10425,0"
2009-04-15,"10538,0"
2009-04-16,"10661,0"
2009-04-17,"10773,0"
2009-04-18,"10899,0"
2009-04-19,"11010,0"
2009-04-20,"11015,0"
2009-04-21,"11139,0"
2009-04-22,"11260,0"
2009-04-23,"11335,0"
2009-04-24,"11450,0"
2009-04-25,"11568,0"
2009-04-26,"11665,0"
2009-04-27,"11769,0"
2009-04-28,"11886,0"
2009-04-29,"11994,0"
2009-04-30,"12125,0"
2009-05-01,"12246,0"
2009-05-02,"12361,0"
2009-05-03,"12468,0"
2009-05-04,"12566,0"
2009-05-05,"12691,0"
2009-05-06,"12826,0"
2009-05-07,"12948,0"
2009-05-08,"13055,0"
2009-05-09,"13133,0"
2009-05-10,"13218,0"
2009-05-11,"13338,0"
2009-05-12,"13468,0"
2009-05-13,"13580,0"
2009-05-14,"13718,0"
2009-05-15,"13844,0"
2009-05-16,"13963,0"
2009-05-17,"14090,0"
2009-05-18,"14208,0"
2009-05-19,"14294,0"
2009-05-20,"14414,0"
2009-05-21,"14496,0"
2009-05-22,"14557,0"
2009-05-23,"14589,0"
2009-05-24,"14689,0"
2009-05-25,"14798,0"
2009-05-26,"14923,0"
2009-05-27,"15042,0"
2009-05-28,"15137,0"
2009-05-29,"15183,0"
2009-05-30,"15292,0"
2009-05-31,"15388,0"
2009-06-01,"15460,0"
2009-06-02,"15571,0"
2009-06-03,"15642,0"
2009-06-04,"15708,0"
2009-06-05,"15738,0"
2009-06-06,"15766,0"
2009-06-07,"15782,0"
2009-06-08,"15864,0"
2009-06-09,"15955,0"
2009-06-10,"16037,0"
2009-06-11,"16126,0"
2009-06-12,"16212,0"
2009-06-13,"16290,0"
2009-06-14,"16362,0"
2009-06-15,"16446,0"
2009-06-16,"16517,0"
2009-06-17,"16596,0"
2009-06-18,"16676,0"
2009-06-19,"16763,0"
2009-06-20,"16841,0"
2009-06-21,"16922,0"
2009-06-22,"16938,0"
2009-06-23,"17014,0"
2009-06-24,"17108,0"
2009-06-25,"17156,0"
2009-06-26,"17246,0"
2009-06-27,"17330,0"
2009-06-28,"17377,0"
2009-06-29,"17461,0"
2009-06-30,"17543,0"
2009-07-01,"17615,0"
2009-07-02,"17699,0"
2009-07-03,"17781,0"
2009-07-04,"17870,0"
2009-07-05,"17949,0"
2009-07-06,"18033,0"
2009-07-07,"18102,0"
2009-07-08,"18176,0"
2009-07-09,"18262,0"
2009-07-10,"18343,0"
2009-07-11,"18426,0"
2009-07-12,"18503,0"
2009-07-13,"18581,0"
2009-07-14,"18650,0"
2009-07-15,"18695,0"
2009-07-16,"18766,0"
2009-07-17,"18813,0"
2009-07-18,"18817,0"
2009-07-19,"18887,0"
2009-07-20,"18837,0"
2009-07-21,"18919,0"
2009-07-22,"18979,0"
2009-07-23,"19055,0"
2009-07-24,"19128,0"
2009-07-25,"19160,0"
2009-07-26,"19181,0"
2009-07-27,"19255,0"
2009-07-28,"19296,0"
2009-07-29,"19314,0"
2009-07-30,"19330,0"
2009-07-31,"19347,0"
2009-08-01,"19375,0"
2009-08-02,"19398,0"
2009-08-03,"19410,0"
2009-08-04,"19491,0"
2009-08-05,"19578,0"
2009-08-06,"19668,0"
2009-08-07,"19638,0"
2009-08-08,"19718,0"
2009-08-09,"19819,0"
2009-08-10,"19894,0"
2009-08-11,"19964,0"
2009-08-12,"20027,0"
2009-08-13,"20112,0"
2009-08-14,"20175,0"
2009-08-15,"20201,0"
2009-08-16,"20220,0"
2009-08-17,"20237,0"
2009-08-18,"20247,0"
2009-08-19,"20265,0"
2009-08-20,"20287,0"
2009-08-21,"20301,0"
2009-08-22,"20308,0"
2009-08-23,"20323,0"
2009-08-24,"20338,0"
2009-08-25,"20388,0"
2009-08-26,"20391,0"
2009-08-27,"20420,0"
2009-08-28,"20495,0"
2009-08-29,"20573,0"
2009-08-30,"20669,0"
2009-08-31,"20749,0"
2009-09-01,"20827,0"
2009-09-02,"20893,0"
2009-09-03,"20940,0"
2009-09-04,"21004,0"
2009-09-05,"21080,0"
2009-09-06,"21148,0"
2009-09-07,"21213,0"
2009-09-08,"21282,0"
2009-09-09,"21336,0"
2009-09-10,"21403,0"
2009-09-11,"21470,0"
2009-09-12,"21539,0"
2009-09-13,"21614,0"
2009-09-14,"21688,0"
2009-09-15,"21732,0"
2009-09-16,"21803,0"
2009-09-17,"21787,0"
2009-09-18,"21865,0"
2009-09-19,"21939,0"
2009-09-20,"22017,0"
2009-09-21,"22078,0"
2009-09-22,"22063,0"
2009-09-23,"22099,0"
2009-09-24,"22196,0"
2009-09-25,"22261,0"
2009-09-26,"22361,0"
2009-09-27,"22432,0"
2009-09-28,"22517,0"
2009-09-29,"22562,0"
2009-09-30,"22647,0"
2009-10-01,"22729,0"
2009-10-02,"22791,0"
2009-10-03,"22849,0"
2009-10-04,"22902,0"
2009-10-05,"22957,0"
2009-10-06,"22987,0"
2009-10-07,"23047,0"
2009-10-08,"23117,0"
2009-10-09,"23196,0"
2009-10-10,"23273,0"
2009-10-11,"23347,0"
2009-10-12,"23333,0"
2009-10-13,"23390,0"
2009-10-14,"23459,0"
2009-10-15,"23530,0"
2009-10-16,"23511,0"
2009-10-17,"23568,0"
2009-10-18,"23635,0"
2009-10-19,"23747,0"
2009-10-20,"23742,0"
2009-10-21,"23804,0"
2009-10-22,"23856,0"
2009-10-23,"23945,0"
2009-10-24,"24001,0"
2009-10-25,"24077,0"
2009-10-26,"24148,0"
2009-10-27,"24197,0"
2009-10-28,"24263,0"
2009-10-29,"24268,0"
2009-10-30,"24328,0"
2009-10-31,"24374,0"
2009-11-01,"24399,0"
2009-11-02,"24432,0"
2009-11-03,"24494,0"
2009-11-04,"24517,0"
2009-11-05,"24574,0"
2009-11-06,"24636,0"
2009-11-07,"24705,0"
2009-11-08,"24778,0"
2009-11-09,"24842,0"
2009-11-10,"24920,0"
2009-11-11,"24934,0"
2009-11-12,"25000,0"
2009-11-13,"25070,0"
2009-11-14,"25149,0"
2009-11-15,"25245,0"
2009-11-16,"25342,0"
2009-11-17,"25434,0"
2009-11-18,"25513,0"
2009-11-19,"25503,0"
2009-11-20,"25589,0"
2009-11-21,"25662,0"
2009-11-22,"25768,0"
2009-11-23,"25864,0"
2009-11-24,"25957,0"
2009-11-25,"26047,0"
2009-11-26,"26131,0"
2009-11-27,"26205,0"
2009-11-28,"26276,0"
2009-11-29,"26336,0"
2009-11-30,"26411,0"
2009-12-01,"26322,0"
2009-12-02,"26416,0"
2009-12-03,"26504,0"
2009-12-04,"26540,0"
2009-12-05,"26588,0"
2009-12-06,"26690,0"
2009-12-07,"26802,0"
2009-12-08,"26877,0"
2009-12-09,"26969,0"
2009-12-10,"27073,0"
2009-12-11,"27185,0"
2009-12-12,"27229,0"
2009-12-13,"27343,0"
2009-12-14,"27119,0"
2009-12-15,"27225,0"
2009-12-16,"27345,0"
2009-12-17,"27511,0"
2009-12-18,"27736,0"
2009-12-19,"27933,0"
2009-12-20,"28108,0"
2009-12-21,"28283,0"
2009-12-22,"28445,0"
2009-12-23,"28599,0"
2009-12-24,"28753,0"
2009-12-25,"28903,0"
2009-12-26,"29077,0"
2009-12-27,"29240,0"
2009-12-28,"29377,0"
2009-12-29,"29548,0"
2009-12-30,"29689,0"
2009-12-31,"29827,0"
2010-01-01,"29959,0"
2010-01-02,"30085,0"
2010-01-03,"30271,0"
2010-01-04,"30372,0"
2010-01-05,"30570,0"
2010-01-06,"30733,0"
2010-01-07,"30887,0"
2010-01-08,"31040,0"
2010-01-09,"31191,0"
2010-01-10,"31381,0"
2010-01-11,"31540,0"
2010-01-12,"31485,0"
2010-01-13,"31651,0"
2010-01-14,"31787,0"
2010-01-15,"31923,0"
2010-01-16,"32043,0"
2010-01-17,"32174,0"
2010-01-18,"32300,0"
2010-01-19,"32424,0"
2010-01-20,"32582,0"
2010-01-21,"32754,0"
2010-01-22,"32884,0"
2010-01-23,"33044,0"
2010-01-24,"33197,0"
2010-01-25,"33355,0"
2010-01-26,"33536,0"
2010-01-27,"33680,0"
2010-01-28,"33836,0"
2010-01-29,"34015,0"
2010-01-30,"34194,0"
2010-01-31,"34342,0"
2010-02-01,"34517,0"
2010-02-02,"34641,0"
2010-02-03,"34905,0"
2010-02-04,"35097,0"
2010-02-05,"35080,0"
2010-02-06,"35244,0"
2010-02-07,"35456,0"
2010-02-08,"35538,0"
2010-02-09,"35331,0"
2010-02-10,"34894,0"
2010-02-11,"34989,0"
2010-02-12,"35137,0"
2010-02-13,"35286,0"
2010-02-14,"35445,0"
2010-02-15,"35537,0"
2010-02-16,"35720,0"
2010-02-17,"35940,0"
2010-02-18,"36093,0"
2010-02-19,"36286,0"
2010-02-20,"36482,0"
2010-02-21,"36581,0"
2010-02-22,"36577,0"
2010-02-23,"36827,0"
2010-02-24,"36893,0"
2010-02-25,"36906,0"
2010-02-26,"37060,0"
2010-02-27,"37223,0"
2010-02-28,"37274,0"
2010-03-01,"37438,0"
2010-03-02,"37587,0"
2010-03-03,"37635,0"
2010-03-04,"37434,0"
2010-03-05,"37605,0"
2010-03-06,"37691,0"
2010-03-07,"37757,0"
2010-03-08,"37705,0"
2010-03-09,"37771,0"
2010-03-10,"37899,0"
2010-03-11,"37969,0"
2010-03-12,"38083,0"
2010-03-13,"38201,0"
2010-03-14,"38318,0"
2010-03-15,"38456,0"
2010-03-16,"38560,0"
2010-03-17,"38673,0"
2010-03-18,"38740,0"
2010-03-19,"38772,0"
2010-03-20,"38905,0"
2010-03-21,"39081,0"
2010-03-22,"39222,0"
2010-03-23,"39358,0"
2010-03-24,"39504,0"
2010-03-25,"39357,0"
2010-03-26,"39481,0"
2010-03-27,"39638,0"
2010-03-28,"39808,0"
2010-03-29,"39936,0"
2010-03-30,"40141,0"
2010-03-31,"40329,0"
2010-04-01,"40471,0"
2010-04-02,"40607,0"
2010-04-03,"40747,0"
2010-04-04,"40852,0"
2010-04-05,"40890,0"
2010-04-06,"40958,0"
2010-04-07,"41055,0"
2010-04-08,"41223,0"
2010-04-09,"41346,0"
2010-04-10,"41356,0"
2010-04-11,"41441,0"
2010-04-12,"41527,0"
2010-04-13,"41686,0"
2010-04-14,"41794,0"
2010-04-15,"41385,0"
2010-04-16,"41395,0"
2010-04-17,"41558,0"
2010-04-18,"41710,0"
2010-04-19,"41675,0"
2010-04-20,"41693,0"
2010-04-21,"41784,0"
2010-04-22,"41914,0"
2010-04-23,"42030,0"
2010-04-24,"42114,0"
2010-04-25,"42125,0"
2010-04-26,"42230,0"
2010-04-27,"42373,0"
2010-04-28,"42454,0"
2010-04-29,"42566,0"
2010-04-30,"42688,0"
2010-05-01,"42816,0"
2010-05-02,"42937,0"
2010-05-03,"42996,0"
2010-05-04,"42979,0"
2010-05-05,"42989,0"
2010-05-06,"42871,0"
2010-05-07,"42925,0"
2010-05-08,"42816,0"
2010-05-09,"42892,0"
2010-05-10,"42883,0"
2010-05-11,"42964,0"
2010-05-12,"42985,0"
2010-05-13,"43023,0"
2010-05-14,"43060,0"
2010-05-15,"43100,0"
2010-05-16,"43173,0"
2010-05-17,"43196,0"
2010-05-18,"43267,0"
2010-05-19,"43341,0"
2010-05-20,"43490,0"
2010-05-21,"43549,0"
2010-05-22,"43627,0"
2010-05-23,"43741,0"
2010-05-24,"43856,0"
2010-05-25,"43977,0"
2010-05-26,"44095,0"
2010-05-27,"44168,0"
2010-05-28,"44343,0"
2010-05-29,"44426,0"
2010-05-30,"44533,0"
2010-05-31,"44620,0"
2010-06-01,"44688,0"
2010-06-02,"44794,0"
2010-06-03,"44803,0"
2010-06-04,"44902,0"
2010-06-05,"44986,0"
2010-06-06,"45085,0"
2010-06-07,"44990,0"
2010-06-08,"45074,0"
2010-06-09,"45140,0"
2010-06-10,"45259,0"
2010-06-11,"45357,0"
2010-06-12,"45442,0"
2010-06-13,"45531,0"
2010-06-14,"45559,0"
2010-06-15,"45692,0"
2010-06-16,"45766,0"
2010-06-17,"45876,0"
2010-06-18,"45956,0"
2010-06-19,"45978,0"
2010-06-20,"46109,0"
2010-06-21,"46216,0"
2010-06-22,"46293,0"
2010-06-23,"46427,0"
2010-06-24,"46507,0"
2010-06-25,"46644,0"
2010-06-26,"46773,0"
2010-06-27,"46876,0"
2010-06-28,"46968,0"
2010-06-29,"46997,0"
2010-06-30,"47011,0"
2010-07-01,"47099,0"
2010-07-02,"47131,0"
2010-07-03,"47246,0"
2010-07-04,"47194,0"
2010-07-05,"47228,0"
2010-07-06,"47338,0"
2010-07-07,"47364,0"
2010-07-08,"47465,0"
2010-07-09,"47605,0"
2010-07-10,"47653,0"
2010-07-11,"47830,0"
2010-07-12,"49460,0"
2010-07-13,"50353,0"
2010-07-14,"51174,0"
2010-07-15,"51682,0"
2010-07-16,"52238,0"
2010-07-17,"52252,0"
2010-07-18,"52189,0"
2010-07-19,"52307,0"
2010-07-20,"52468,0"
2010-07-21,"52515,0"
2010-07-22,"52714,0"
2010-07-23,"52878,0"
2010-07-24,"52961,0"
2010-07-25,"53044,0"
2010-07-26,"52697,0"
2010-07-27,"52761,0"
2010-07-28,"52831,0"
2010-07-29,"53015,0"
2010-07-30,"53092,0"
2010-07-31,"53226,0"
2010-08-01,"53360,0"
2010-08-02,"53475,0"
2010-08-03,"53534,0"
2010-08-04,"53701,0"
2010-08-05,"53818,0"
2010-08-06,"53860,0"
2010-08-07,"53876,0"
2010-08-08,"53989,0"
2010-08-09,"54071,0"
2010-08-10,"54147,0"
2010-08-11,"54210,0"
2010-08-12,"54404,0"
2010-08-13,"54461,0"
2010-08-14,"54643,0"
2010-08-15,"54741,0"
2010-08-16,"54796,0"
2010-08-17,"54906,0"
2010-08-18,"54914,0"
2010-08-19,"55029,0"
2010-08-20,"55101,0"
2010-08-21,"55221,0"
2010-08-22,"55293,0"
2010-08-23,"55358,0"
2010-08-24,"55444,0"
2010-08-25,"55594,0"
2010-08-26,"55596,0"
2010-08-27,"55668,0"
2010-08-28,"55769,0"
2010-08-29,"55907,0"
2010-08-30,"55988,0"
2010-08-31,"55994,0"
2010-09-01,"56080,0"
2010-09-02,"56116,0"
2010-09-03,"56244,0"
2010-09-04,"56340,0"
2010-09-05,"56395,0"
2010-09-06,"56448,0"
2010-09-07,"56539,0"
2010-09-08,"56637,0"
2010-09-09,"56728,0"
2010-09-10,"56833,0"
2010-09-11,"56936,0"
2010-09-12,"56909,0"
2010-09-13,"56980,0"
2010-09-14,"57070,0"
2010-09-15,"57160,0"
2010-09-16,"57176,0"
2010-09-17,"56796,0"
2010-09-18,"56924,0"
2010-09-19,"56937,0"
2010-09-20,"57049,0"
2010-09-21,"57080,0"
2010-09-22,"57191,0"
2010-09-23,"57261,0"
2010-09-24,"57378,0"
2010-09-25,"57429,0"
2010-09-26,"57506,0"
2010-09-27,"57246,0"
2010-09-28,"56331,0"
2010-09-29,"56379,0"
2010-09-30,"56489,0"
2010-10-01,"56562,0"
2010-10-02,"56619,0"
2010-10-03,"56688,0"
2010-10-04,"56640,0"
2010-10-05,"56693,0"
2010-10-06,"56767,0"
2010-10-07,"56776,0"
2010-10-08,"56688,0"
2010-10-09,"56698,0"
2010-10-10,"56805,0"
2010-10-11,"56883,0"
2010-10-12,"56952,0"
2010-10-13,"56777,0"
2010-10-14,"56863,0"
2010-10-15,"56961,0"
2010-10-16,"56891,0"
2010-10-17,"57018,0"
2010-10-18,"57138,0"
2010-10-19,"57370,0"
2010-10-20,"57493,0"
2010-10-21,"57521,0"
2010-10-22,"57594,0"
2010-10-23,"57728,0"
2010-10-24,"57896,0"
2010-10-25,"57965,0"
2010-10-26,"58189,0"
2010-10-27,"58239,0"
2010-10-28,"58258,0"
2010-10-29,"58292,0"
2010-10-30,"58405,0"
2010-10-31,"58427,0"
2010-11-01,"58503,0"
2010-11-02,"58615,0"
2010-11-03,"58709,0"
2010-11-04,"58769,0"
2010-11-05,"58717,0"
2010-11-06,"58854,0"
2010-11-07,"58979,0"
2010-11-08,"58354,0"
2010-11-09,"58447,0"
2010-11-10,"58585,0"
2010-11-11,"58746,0"
2010-11-12,"58847,0"
2010-11-13,"58928,0"
2010-11-14,"58796,0"
2010-11-15,"58943,0"
2010-11-16,"59014,0"
2010-11-17,"59179,0"
2010-11-18,"59337,0"
2010-11-19,"59370,0"
2010-11-20,"59533,0"
2010-11-21,"59665,0"
2010-11-22,"59776,0"
2010-11-23,"59803,0"
2010-11-24,"59841,0"
2010-11-25,"60002,0"
2010-11-26,"60153,0"
2010-11-27,"60251,0"
2010-11-28,"60413,0"
2010-11-29,"60440,0"
2010-11-30,"60614,0"
2010-12-01,"60627,0"
2010-12-02,"60717,0"
2010-12-03,"60657,0"
2010-12-04,"60871,0"
2010-12-05,"61072,0"
2010-12-06,"61313,0"
2010-12-07,"61399,0"
2010-12-08,"61605,0"
2010-12-09,"61775,0"
2010-12-10,"61972,0"
2010-12-11,"62283,0"
2010-12-12,"62633,0"
2010-12-13,"62466,0"
2010-12-14,"62763,0"
2010-12-15,"63043,0"
2010-12-16,"63238,0"
2010-12-17,"63420,0"
2010-12-18,"63669,0"
2010-12-19,"63778,0"
2010-12-20,"63857,0"
2010-12-21,"64059,0"
2010-12-22,"64177,0"
2010-12-23,"64406,0"
2010-12-24,"64589,0"
2010-12-25,"64882,0"
2010-12-26,"65091,0"
2010-12-27,"65003,0"
2010-12-28,"65251,0"
2010-12-29,"65339,0"
2010-12-30,"65450,0"
2010-12-31,"65621,0"
2011-01-01,"65809,0"
2011-01-02,"65907,0"
2011-01-03,"65965,0"
2011-01-04,"66156,0"
2011-01-05,"66111,0"
2011-01-06,"66163,0"
2011-01-07,"66305,0"
2011-01-08,"66489,0"
2011-01-09,"66633,0"
2011-01-10,"66817,0"
2011-01-11,"66958,0"
2011-01-12,"67134,0"
2011-01-13,"67022,0"
2011-01-14,"66936,0"
2011-01-15,"67135,0"
2011-01-16,"67249,0"
2011-01-17,"67467,0"
2011-01-18,"67578,0"
2011-01-19,"67684,0"
2011-01-20,"67878,0"
2011-01-21,"67977,0"
2011-01-22,"68111,0"
2011-01-23,"68101,0"
2011-01-24,"68285,0"
2011-01-25,"68459,0"
2011-01-26,"68561,0"
2011-01-27,"68505,0"
2011-01-28,"68695,0"
2011-01-29,"68831,0"
2011-01-30,"68942,0"
2011-01-31,"69029,0"
2011-02-01,"69031,0"
2011-02-02,"69083,0"
2011-02-03,"69153,0"
2011-02-04,"69242,0"
2011-02-05,"69191,0"
2011-02-06,"69279,0"
2011-02-07,"69365,0"
2011-02-08,"69452,0"
2011-02-09,"69760,0"
2011-02-10,"70404,0"
2011-02-11,"71288,0"
2011-02-12,"72036,0"
2011-02-13,"72424,0"
2011-02-14,"72184,0"
2011-02-15,"72527,0"
2011-02-16,"72784,0"
2011-02-17,"73520,0"
2011-02-18,"73984,0"
2011-02-19,"74303,0"
2011-02-20,"74781,0"
2011-02-21,"75399,0"
2011-02-22,"75960,0"
2011-02-23,"76600,0"
2011-02-24,"77062,0"
2011-02-25,"77619,0"
2011-02-26,"77915,0"
2011-02-27,"78371,0"
2011-02-28,"78812,0"
2011-03-01,"79769,0"
2011-03-02,"80040,0"
2011-03-03,"80784,0"
2011-03-04,"81204,0"
2011-03-05,"81479,0"
2011-03-06,"81905,0"
2011-03-07,"82277,0"
2011-03-08,"82699,0"
2011-03-09,"82931,0"
2011-03-10,"83217,0"
2011-03-11,"83399,0"
2011-03-12,"83557,0"
2011-03-13,"83738,0"
2011-03-14,"83644,0"
2011-03-15,"83801,0"
2011-03-16,"83817,0"
2011-03-17,"84050,0"
2011-03-18,"84114,0"
2011-03-19,"84318,0"
2011-03-20,"84536,0"
2011-03-21,"85329,0"
2011-03-22,"85811,0"
2011-03-23,"87136,0"
2011-03-24,"87881,0"
2011-03-25,"88300,0"
2011-03-26,"88644,0"
2011-03-27,"89389,0"
2011-03-28,"89391,0"
2011-03-29,"89668,0"
2011-03-30,"89960,0"
2011-03-31,"90303,0"
2011-04-01,"90522,0"
2011-04-02,"90836,0"
2011-04-03,"91294,0"
2011-04-04,"91689,0"
2011-04-05,"92126,0"
2011-04-06,"92498,0"
2011-04-07,"92730,0"
2011-04-08,"93019,0"
2011-04-09,"93395,0"
2011-04-10,"93737,0"
2011-04-11,"93942,0"
2011-04-12,"94070,0"
2011-04-13,"94167,0"
2011-04-14,"95489,0"
2011-04-15,"95544,0"
2011-04-16,"94349,0"
2011-04-17,"94612,0"
2011-04-18,"94853,0"
2011-04-19,"95322,0"
2011-04-20,"95462,0"
2011-04-21,"95911,0"
2011-04-22,"96198,0"
2011-04-23,"96374,0"
2011-04-24,"96621,0"
2011-04-25,"97097,0"
2011-04-26,"97408,0"
2011-04-27,"97677,0"
2011-04-28,"98139,0"
2011-04-29,"98571,0"
2011-04-30,"99089,0"
2011-05-01,"99582,0"
2011-05-02,"99886,0"
2011-05-03,"100276,0"
2011-05-04,"100477,0"
2011-05-05,"100937,0"
2011-05-06,"101585,0"
2011-05-07,"101850,0"
2011-05-08,"102515,0"
2011-05-09,"102820,0"
2011-05-10,"103120,0"
2011-05-11,"103550,0"
2011-05-12,"103931,0"
2011-05-13,"104015,0"
2011-05-14,"104874,0"
2011-05-15,"105819,0"
2011-05-16,"108820,0"
2011-05-17,"110617,0"
2011-05-18,"112497,0"
2011-05-19,"114942,0"
2011-05-20,"116641,0"
2011-05-21,"117769,0"
2011-05-22,"118842,0"
2011-05-23,"119797,0"
2011-05-24,"121863,0"
2011-05-25,"124473,0"
2011-05-26,"125802,0"
2011-05-27,"126669,0"
2011-05-28,"127995,0"
2011-05-29,"128505,0"
2011-05-30,"130553,0"
2011-05-31,"132151,0"
2011-06-01,"133109,0"
2011-06-02,"133765,0"
2011-06-03,"134883,0"
2011-06-04,"137449,0"
2011-06-05,"139058,0"
2011-06-06,"140536,0"
2011-06-07,"141839,0"
2011-06-08,"141424,0"
2011-06-09,"143532,0"
2011-06-10,"145499,0"
2011-06-11,"147085,0"
2011-06-12,"148498,0"
2011-06-13,"150245,0"
2011-06-14,"152587,0"
2011-06-15,"154479,0"
2011-06-16,"156412,0"
2011-06-17,"158353,0"
2011-06-18,"161356,0"
2011-06-19,"164061,0"
2011-06-20,"167433,0"
2011-06-21,"171424,0"
2011-06-22,"175567,0"
2011-06-23,"178844,0"
2011-06-24,"181300,0"
2011-06-25,"183503,0"
2011-06-26,"185659,0"
2011-06-27,"188988,0"
2011-06-28,"191335,0"
2011-06-29,"194774,0"
2011-06-30,"196974,0"
2011-07-01,"205655,0"
2011-07-02,"220200,0"
2011-07-03,"224122,0"
2011-07-04,"227069,0"
2011-07-05,"229027,0"
2011-07-06,"232596,0"
2011-07-07,"236960,0"
2011-07-08,"242624,0"
2011-07-09,"247958,0"
2011-07-10,"258923,0"
2011-07-11,"263553,0"
2011-07-12,"268401,0"
2011-07-13,"275663,0"
2011-07-14,"285086,0"
2011-07-15,"291799,0"
2011-07-16,"296738,0"
2011-07-17,"303267,0"
2011-07-18,"305043,0"
2011-07-19,"310575,0"
2011-07-20,"315842,0"
2011-07-21,"322618,0"
2011-07-22,"327729,0"
2011-07-23,"333046,0"
2011-07-24,"338769,0"
2011-07-25,"345314,0"
2011-07-26,"349608,0"
2011-07-27,"355453,0"
2011-07-28,"361473,0"
2011-07-29,"367605,0"
2011-07-30,"373414,0"
2011-07-31,"380055,0"
2011-08-01,"386061,0"
2011-08-02,"388614,0"
2011-08-03,"389305,0"
2011-08-04,"389923,0"
2011-08-05,"395398,0"
2011-08-06,"400148,0"
2011-08-07,"405485,0"
2011-08-08,"406888,0"
2011-08-09,"411488,0"
2011-08-10,"412583,0"
2011-08-11,"413706,0"
2011-08-12,"414102,0"
2011-08-13,"416496,0"
2011-08-14,"420653,0"
2011-08-15,"421816,0"
2011-08-16,"422843,0"
2011-08-17,"425513,0"
2011-08-18,"429263,0"
2011-08-19,"434988,0"
2011-08-20,"440560,0"
2011-08-21,"446963,0"
2011-08-22,"454630,0"
2011-08-23,"460920,0"
2011-08-24,"466327,0"
2011-08-25,"472655,0"
2011-08-26,"475835,0"
2011-08-27,"478751,0"
2011-08-28,"483920,0"
2011-08-29,"486511,0"
2011-08-30,"487164,0"
2011-08-31,"487830,0"
2011-09-01,"488076,0"
2011-09-02,"488662,0"
2011-09-03,"489320,0"
2011-09-04,"490863,0"
2011-09-05,"492478,0"
2011-09-06,"492727,0"
2011-09-07,"493293,0"
2011-09-08,"493709,0"
2011-09-09,"492754,0"
2011-09-10,"491605,0"
2011-09-11,"492090,0"
2011-09-12,"492250,0"
2011-09-13,"492806,0"
2011-09-14,"493195,0"
2011-09-15,"493657,0"
2011-09-16,"494042,0"
2011-09-17,"494415,0"
2011-09-18,"494962,0"
2011-09-19,"495218,0"
2011-09-20,"499994,0"
2011-09-21,"499027,0"
2011-09-22,"502651,0"
2011-09-23,"509192,0"
2011-09-24,"515177,0"
2011-09-25,"522075,0"
2011-09-26,"527231,0"
2011-09-27,"532229,0"
2011-09-28,"532793,0"
2011-09-29,"533337,0"
2011-09-30,"533667,0"
2011-10-01,"533767,0"
2011-10-02,"534104,0"
2011-10-03,"534510,0"
2011-10-04,"534919,0"
2011-10-05,"535475,0"
2011-10-06,"535531,0"
2011-10-07,"535889,0"
2011-10-08,"536270,0"
2011-10-09,"536895,0"
2011-10-10,"537357,0"
2011-10-11,"538061,0"
2011-10-12,"538493,0"
2011-10-13,"539217,0"
2011-10-14,"539070,0"
2011-10-15,"539516,0"
2011-10-16,"539706,0"
2011-10-17,"539949,0"
2011-10-18,"540402,0"
2011-10-19,"540619,0"
2011-10-20,"541106,0"
2011-10-21,"541727,0"
2011-10-22,"542328,0"
2011-10-23,"543081,0"
2011-10-24,"543537,0"
2011-10-25,"544325,0"
2011-10-26,"544708,0"
2011-10-27,"545108,0"
2011-10-28,"545215,0"
2011-10-29,"545507,0"
2011-10-30,"545859,0"
2011-10-31,"546265,0"
2011-11-01,"547001,0"
2011-11-02,"547327,0"
2011-11-03,"547499,0"
2011-11-04,"547029,0"
2011-11-05,"547268,0"
2011-11-06,"547917,0"
2011-11-07,"548354,0"
2011-11-08,"548575,0"
2011-11-09,"549051,0"
2011-11-10,"549477,0"
2011-11-11,"549612,0"
2011-11-12,"549848,0"
2011-11-13,"550431,0"
2011-11-14,"550431,0"
2011-11-15,"550330,0"
2011-11-16,"550526,0"
2011-11-17,"550436,0"
2011-11-18,"550803,0"
2011-11-19,"551048,0"
2011-11-20,"550608,0"
2011-11-21,"551065,0"
2011-11-22,"551354,0"
2011-11-23,"551514,0"
2011-11-24,"551477,0"
2011-11-25,"552113,0"
2011-11-26,"552507,0"
2011-11-27,"553139,0"
2011-11-28,"553761,0"
2011-11-29,"554294,0"
2011-11-30,"553247,0"
2011-12-01,"554448,0"
2011-12-02,"555322,0"
2011-12-03,"555181,0"
2011-12-04,"556008,0"
2011-12-05,"556960,0"
2011-12-06,"557800,0"
2011-12-07,"558508,0"
2011-12-08,"556879,0"
2011-12-09,"557586,0"
2011-12-10,"557861,0"
2011-12-11,"557612,0"
2011-12-12,"557802,0"
2011-12-13,"559253,0"
2011-12-14,"559760,0"
2011-12-15,"560140,0"
2011-12-16,"560489,0"
2011-12-17,"560810,0"
2011-12-18,"561389,0"
2011-12-19,"561752,0"
2011-12-20,"561914,0"
2011-12-21,"562254,0"
2011-12-22,"562821,0"
2011-12-23,"563815,0"
2011-12-24,"564434,0"
2011-12-25,"565146,0"
2011-12-26,"566134,0"
2011-12-27,"566837,0"
2011-12-28,"567101,0"
2011-12-29,"567709,0"
2011-12-30,"568110,0"
2011-12-31,"568173,0"
2012-01-01,"568489,0"
2012-01-02,"568849,0"
2012-01-03,"568570,0"
2012-01-04,"568934,0"
2012-01-05,"569556,0"
2012-01-06,"569721,0"
2012-01-07,"569929,0"
2012-01-08,"570274,0"
2012-01-09,"570133,0"
2012-01-10,"570245,0"
2012-01-11,"569205,0"
2012-01-12,"569731,0"
2012-01-13,"570225,0"
2012-01-14,"570927,0"
2012-01-15,"571174,0"
2012-01-16,"571830,0"
2012-01-17,"572570,0"
2012-01-18,"573307,0"
2012-01-19,"573936,0"
2012-01-20,"574711,0"
2012-01-21,"575126,0"
2012-01-22,"575654,0"
2012-01-23,"576494,0"
2012-01-24,"577060,0"
2012-01-25,"577774,0"
2012-01-26,"578271,0"
2012-01-27,"578703,0"
2012-01-28,"579277,0"
2012-01-29,"578842,0"
2012-01-30,"579697,0"
2012-01-31,"580449,0"
2012-02-01,"581055,0"
2012-02-02,"581740,0"
2012-02-03,"582398,0"
2012-02-04,"582566,0"
2012-02-05,"582908,0"
2012-02-06,"583167,0"
2012-02-07,"583515,0"
2012-02-08,"584266,0"
2012-02-09,"585213,0"
2012-02-10,"585545,0"
2012-02-11,"585637,0"
2012-02-12,"585948,0"
2012-02-13,"586322,0"
2012-02-14,"586784,0"
2012-02-15,"587772,0"
2012-02-16,"588821,0"
2012-02-17,"589579,0"
2012-02-18,"590463,0"
2012-02-19,"591796,0"
2012-02-20,"592916,0"
2012-02-21,"593615,0"
2012-02-22,"594243,0"
2012-02-23,"594962,0"
2012-02-24,"595485,0"
2012-02-25,"595173,0"
2012-02-26,"595882,0"
2012-02-27,"596692,0"
2012-02-28,"597052,0"
2012-02-29,"597836,0"
2012-03-01,"598074,0"
2012-03-02,"598109,0"
2012-03-03,"598659,0"
2012-03-04,"599932,0"
2012-03-05,"600759,0"
2012-03-06,"601560,0"
2012-03-07,"602790,0"
2012-03-08,"603787,0"
2012-03-09,"604178,0"
2012-03-10,"604854,0"
2012-03-11,"605607,0"
2012-03-12,"606204,0"
2012-03-13,"607166,0"
2012-03-14,"607704,0"
2012-03-15,"608826,0"
2012-03-16,"609750,0"
2012-03-17,"610919,0"
2012-03-18,"612414,0"
2012-03-19,"612853,0"
2012-03-20,"614039,0"
2012-03-21,"615151,0"
2012-03-22,"615974,0"
2012-03-23,"616636,0"
2012-03-24,"617711,0"
2012-03-25,"618042,0"
2012-03-26,"618389,0"
2012-03-27,"618915,0"
2012-03-28,"619756,0"
2012-03-29,"620284,0"
2012-03-30,"620932,0"
2012-03-31,"621687,0"
2012-04-01,"622166,0"
2012-04-02,"622684,0"
2012-04-03,"622782,0"
2012-04-04,"623710,0"
2012-04-05,"624383,0"
2012-04-06,"624475,0"
2012-04-07,"625213,0"
2012-04-08,"626144,0"
2012-04-09,"626799,0"
2012-04-10,"628153,0"
2012-04-11,"629032,0"
2012-04-12,"629851,0"
2012-04-13,"630485,0"
2012-04-14,"631667,0"
2012-04-15,"632794,0"
2012-04-16,"633302,0"
2012-04-17,"633521,0"
2012-04-18,"634115,0"
2012-04-19,"634328,0"
2012-04-20,"634726,0"
2012-04-21,"635255,0"
2012-04-22,"636057,0"
2012-04-23,"636817,0"
2012-04-24,"637657,0"
2012-04-25,"638580,0"
2012-04-26,"640334,0"
2012-04-27,"640862,0"
2012-04-28,"641691,0"
2012-04-29,"642478,0"
2012-04-30,"643293,0"
2012-05-01,"644087,0"
2012-05-02,"645081,0"
2012-05-03,"646782,0"
2012-05-04,"647624,0"
2012-05-05,"648818,0"
2012-05-06,"646249,0"
2012-05-07,"646598,0"
2012-05-08,"647722,0"
2012-05-09,"648329,0"
2012-05-10,"648858,0"
2012-05-11,"649343,0"
2012-05-12,"650142,0"
2012-05-13,"651399,0"
2012-05-14,"652395,0"
2012-05-15,"652964,0"
2012-05-16,"652161,0"
2012-05-17,"653086,0"
2012-05-18,"654097,0"
2012-05-19,"655004,0"
2012-05-20,"656117,0"
2012-05-21,"657773,0"
2012-05-22,"659444,0"
2012-05-23,"660630,0"
2012-05-24,"662371,0"
2012-05-25,"663449,0"
2012-05-26,"664460,0"
2012-05-27,"666422,0"
2012-05-28,"668137,0"
2012-05-29,"667805,0"
2012-05-30,"668959,0"
2012-05-31,"670657,0"
2012-06-01,"672119,0"
2012-06-02,"672750,0"
2012-06-03,"675777,0"
2012-06-04,"675181,0"
2012-06-05,"678143,0"
2012-06-06,"679629,0"
2012-06-07,"678650,0"
2012-06-08,"679827,0"
2012-06-09,"681011,0"
2012-06-10,"684328,0"
2012-06-11,"686859,0"
2012-06-12,"687374,0"
2012-06-13,"692720,0"
2012-06-14,"694639,0"
2012-06-15,"693840,0"
2012-06-16,"696171,0"
2012-06-17,"698590,0"
2012-06-18,"700996,0"
2012-06-19,"701662,0"
2012-06-20,"702689,0"
2012-06-21,"704184,0"
2012-06-22,"705978,0"
2012-06-23,"706412,0"
2012-06-24,"708075,0"
2012-06-25,"709530,0"
2012-06-26,"711669,0"
2012-06-27,"711917,0"
2012-06-28,"713350,0"
2012-06-29,"715244,0"
2012-06-30,"717793,0"
2012-07-01,"720506,0"
2012-07-02,"722855,0"
2012-07-03,"724357,0"
2012-07-04,"724430,0"
2012-07-05,"725364,0"
2012-07-06,"727477,0"
2012-07-07,"730086,0"
2012-07-08,"731879,0"
2012-07-09,"732987,0"
2012-07-10,"735888,0"
2012-07-11,"737586,0"
2012-07-12,"738962,0"
2012-07-13,"739463,0"
2012-07-14,"741139,0"
2012-07-15,"742300,0"
2012-07-16,"742945,0"
2012-07-17,"744722,0"
2012-07-18,"745652,0"
2012-07-19,"743848,0"
2012-07-20,"745789,0"
2012-07-21,"748245,0"
2012-07-22,"751887,0"
2012-07-23,"753673,0"
2012-07-24,"752871,0"
2012-07-25,"754584,0"
2012-07-26,"756735,0"
2012-07-27,"758702,0"
2012-07-28,"764107,0"
2012-07-29,"764394,0"
2012-07-30,"764196,0"
2012-07-31,"767199,0"
2012-08-01,"768311,0"
2012-08-02,"769616,0"
2012-08-03,"771453,0"
2012-08-04,"773249,0"
2012-08-05,"775785,0"
2012-08-06,"779386,0"
2012-08-07,"783013,0"
2012-08-08,"784233,0"
2012-08-09,"784287,0"
2012-08-10,"787349,0"
2012-08-11,"790213,0"
2012-08-12,"795016,0"
2012-08-13,"802136,0"
2012-08-14,"805295,0"
2012-08-15,"805348,0"
2012-08-16,"807859,0"
2012-08-17,"810482,0"
2012-08-18,"814242,0"
2012-08-19,"803315,0"
2012-08-20,"801030,0"
2012-08-21,"802482,0"
2012-08-22,"804252,0"
2012-08-23,"808322,0"
2012-08-24,"810709,0"
2012-08-25,"813146,0"
2012-08-26,"814603,0"
2012-08-27,"817301,0"
2012-08-28,"820783,0"
2012-08-29,"824135,0"
2012-08-30,"826411,0"
2012-08-31,"828507,0"
2012-09-01,"832874,0"
2012-09-02,"835049,0"
2012-09-03,"836800,0"
2012-09-04,"834342,0"
2012-09-05,"837554,0"
2012-09-06,"839133,0"
2012-09-07,"839085,0"
2012-09-08,"841031,0"
2012-09-09,"844043,0"
2012-09-10,"846347,0"
2012-09-11,"849434,0"
2012-09-12,"853376,0"
2012-09-13,"854573,0"
2012-09-14,"856205,0"
2012-09-15,"858613,0"
2012-09-16,"860791,0"
2012-09-17,"862206,0"
2012-09-18,"866181,0"
2012-09-19,"871532,0"
2012-09-20,"877444,0"
2012-09-21,"879216,0"
2012-09-22,"880483,0"
2012-09-23,"882805,0"
2012-09-24,"884569,0"
2012-09-25,"890171,0"
2012-09-26,"892227,0"
2012-09-27,"896085,0"
2012-09-28,"900033,0"
2012-09-29,"901252,0"
2012-09-30,"902604,0"
2012-10-01,"906173,0"
2012-10-02,"907862,0"
2012-10-03,"906934,0"
2012-10-04,"908332,0"
2012-10-05,"912160,0"
2012-10-06,"916651,0"
2012-10-07,"919237,0"
2012-10-08,"924453,0"
2012-10-09,"926482,0"
2012-10-10,"929514,0"
2012-10-11,"933902,0"
2012-10-12,"940681,0"
2012-10-13,"941614,0"
2012-10-14,"947430,0"
2012-10-15,"948355,0"
2012-10-16,"949185,0"
2012-10-17,"955674,0"
2012-10-18,"953013,0"
2012-10-19,"948956,0"
2012-10-20,"948033,0"
2012-10-21,"949589,0"
2012-10-22,"952032,0"
2012-10-23,"950867,0"
2012-10-24,"953762,0"
2012-10-25,"953474,0"
2012-10-26,"952944,0"
2012-10-27,"953047,0"
2012-10-28,"954258,0"
2012-10-29,"948543,0"
2012-10-30,"950782,0"
2012-10-31,"953163,0"
2012-11-01,"953563,0"
2012-11-02,"956302,0"
2012-11-03,"960183,0"
2012-11-04,"960928,0"
2012-11-05,"962229,0"
2012-11-06,"964470,0"
2012-11-07,"967136,0"
2012-11-08,"969007,0"
2012-11-09,"970810,0"
2012-11-10,"969511,0"
2012-11-11,"972989,0"
2012-11-12,"974911,0"
2012-11-13,"978360,0"
2012-11-14,"981707,0"
2012-11-15,"984313,0"
2012-11-16,"983610,0"
2012-11-17,"993405,0"
2012-11-18,"995843,0"
2012-11-19,"998317,0"
2012-11-20,"1000855,0"
2012-11-21,"1000530,0"
2012-11-22,"1003993,0"
2012-11-23,"1005113,0"
2012-11-24,"1006579,0"
2012-11-25,"1008957,0"
2012-11-26,"1012468,0"
2012-11-27,"1013614,0"
2012-11-28,"1014890,0"
2012-11-29,"1015333,0"
2012-11-30,"1018186,0"
2012-12-01,"1020542,0"
2012-12-02,"1021204,0"
2012-12-03,"1022296,0"
2012-12-04,"1020080,0"
2012-12-05,"1021247,0"
2012-12-06,"1023686,0"
2012-12-07,"1024792,0"
2012-12-08,"1028304,0"
2012-12-09,"1028126,0"
2012-12-10,"1027666,0"
2012-12-11,"1029145,0"
2012-12-12,"1028718,0"
2012-12-13,"1030328,0"
2012-12-14,"1032781,0"
2012-12-15,"1035374,0"
2012-12-16,"1038022,0"
2012-12-17,"1041733,0"
2012-12-18,"1046758,0"
2012-12-19,"1049144,0"
2012-12-20,"1052181,0"
2012-12-21,"1054934,0"
2012-12-22,"1063147,0"
2012-12-23,"1064763,0"
2012-12-24,"1066973,0"
2012-12-25,"1070298,0"
2012-12-26,"1064645,0"
2012-12-27,"1065521,0"
2012-12-28,"1068592,0"
2012-12-29,"1067817,0"
2012-12-30,"1076774,0"
2012-12-31,"1080324,0"
2013-01-01,"1082974,0"
2013-01-02,"1087026,0"
2013-01-03,"1093818,0"
2013-01-04,"1098477,0"
2013-01-05,"1104763,0"
2013-01-06,"1107709,0"
2013-01-07,"1108809,0"
2013-01-08,"1111704,0"
2013-01-09,"1115500,0"
2013-01-10,"1115966,0"
2013-01-11,"1120864,0"
2013-01-12,"1122903,0"
2013-01-13,"1124403,0"
2013-01-14,"1125096,0"
2013-01-15,"1131697,0"
2013-01-16,"1136119,0"
2013-01-17,"1136697,0"
2013-01-18,"1139479,0"
2013-01-19,"1143211,0"
2013-01-20,"1146987,0"
2013-01-21,"1146372,0"
2013-01-22,"1145994,0"
2013-01-23,"1147491,0"
2013-01-24,"1141569,0"
2013-01-25,"1145622,0"
2013-01-26,"1147373,0"
2013-01-27,"1155466,0"
2013-01-28,"1157148,0"
2013-01-29,"1156566,0"
2013-01-30,"1158382,0"
2013-01-31,"1161470,0"
2013-02-01,"1166554,0"
2013-02-02,"1172450,0"
2013-02-03,"1176876,0"
2013-02-04,"1180099,0"
2013-02-05,"1183321,0"
2013-02-06,"1188163,0"
2013-02-07,"1192205,0"
2013-02-08,"1193615,0"
2013-02-09,"1196260,0"
2013-02-10,"1200056,0"
2013-02-11,"1199625,0"
2013-02-12,"1201580,0"
2013-02-13,"1201383,0"
2013-02-14,"1201067,0"
2013-02-15,"1202771,0"
2013-02-16,"1205661,0"
2013-02-17,"1208677,0"
2013-02-18,"1212981,0"
2013-02-19,"1216613,0"
2013-02-20,"1218672,0"
2013-02-21,"1222454,0"
2013-02-22,"1226747,0"
2013-02-23,"1231485,0"
2013-02-24,"1237585,0"
2013-02-25,"1241028,0"
2013-02-26,"1245348,0"
2013-02-27,"1248407,0"
2013-02-28,"1251856,0"
2013-03-01,"1256759,0"
2013-03-02,"1259357,0"
2013-03-03,"1261556,0"
2013-03-04,"1263786,0"
2013-03-05,"1268632,0"
2013-03-06,"1272650,0"
2013-03-07,"1274365,0"
2013-03-08,"1277186,0"
2013-03-09,"1278877,0"
2013-03-10,"1283998,0"
2013-03-11,"1284057,0"
2013-03-12,"1282856,0"
2013-03-13,"1285032,0"
2013-03-14,"1285415,0"
2013-03-15,"1289210,0"
2013-03-16,"1292950,0"
2013-03-17,"1298129,0"
2013-03-18,"1302275,0"
2013-03-19,"1304469,0"
2013-03-20,"1309136,0"
2013-03-21,"1309089,0"
2013-03-22,"1311947,0"
2013-03-23,"1311025,0"
2013-03-24,"1316413,0"
2013-03-25,"1321228,0"
2013-03-26,"1324924,0"
2013-03-27,"1330785,0"
2013-03-28,"1324349,0"
2013-03-29,"1328995,0"
2013-03-30,"1334630,0"
2013-03-31,"1339219,0"
2013-04-01,"1340995,0"
2013-04-02,"1344830,0"
2013-04-03,"1352161,0"
2013-04-04,"1356188,0"
2013-04-05,"1364879,0"
2013-04-06,"1369396,0"
2013-04-07,"1374785,0"
2013-04-08,"1391064,0"
2013-04-09,"1399835,0"
2013-04-10,"1413274,0"
2013-04-11,"1419797,0"
2013-04-12,"1424177,0"
2013-04-13,"1430759,0"
2013-04-14,"1435929,0"
2013-04-15,"1446737,0"
2013-04-16,"1452753,0"
2013-04-17,"1461928,0"
2013-04-18,"1465013,0"
2013-04-19,"1470341,0"
2013-04-20,"1474391,0"
2013-04-21,"1478853,0"
2013-04-22,"1489024,0"
2013-04-23,"1494555,0"
2013-04-24,"1498880,0"
2013-04-25,"1504674,0"
2013-04-26,"1511467,0"
2013-04-27,"1521442,0"
2013-04-28,"1569241,0"
2013-04-29,"1574428,0"
2013-04-30,"1575864,0"
2013-05-01,"1582011,0"
2013-05-02,"1585072,0"
2013-05-03,"1587719,0"
2013-05-04,"1592548,0"
2013-05-05,"1596748,0"
2013-05-06,"1599330,0"
2013-05-07,"1608756,0"
2013-05-08,"1615943,0"
2013-05-09,"1620858,0"
2013-05-10,"1626061,0"
2013-05-11,"1627064,0"
2013-05-12,"1632383,0"
2013-05-13,"1637480,0"
2013-05-14,"1641951,0"
2013-05-15,"1644774,0"
2013-05-16,"1651727,0"
2013-05-17,"1653468,0"
2013-05-18,"1657083,0"
2013-05-19,"1659703,0"
2013-05-20,"1662376,0"
2013-05-21,"1665525,0"
2013-05-22,"1669549,0"
2013-05-23,"1672808,0"
2013-05-24,"1673457,0"
2013-05-25,"1672423,0"
2013-05-26,"1671132,0"
2013-05-27,"1673997,0"
2013-05-28,"1677158,0"
2013-05-29,"1679554,0"
2013-05-30,"1681527,0"
2013-05-31,"1684014,0"
2013-06-01,"1685749,0"
2013-06-02,"1685813,0"
2013-06-03,"1684752,0"
2013-06-04,"1685436,0"
2013-06-05,"1686670,0"
2013-06-06,"1688525,0"
2013-06-07,"1688802,0"
2013-06-08,"1689553,0"
2013-06-09,"1690039,0"
2013-06-10,"1692229,0"
2013-06-11,"1697166,0"
2013-06-12,"1699666,0"
2013-06-13,"1702870,0"
2013-06-14,"1704510,0"
2013-06-15,"1704987,0"
2013-06-16,"1706079,0"
2013-06-17,"1709731,0"
2013-06-18,"1712640,0"
2013-06-19,"1715260,0"
2013-06-20,"1715756,0"
2013-06-21,"1716449,0"
2013-06-22,"1717485,0"
2013-06-23,"1717448,0"
2013-06-24,"1718963,0"
2013-06-25,"1721900,0"
2013-06-26,"1725053,0"
2013-06-27,"1728351,0"
2013-06-28,"1729296,0"
2013-06-29,"1731321,0"
2013-06-30,"1733516,0"
2013-07-01,"1735364,0"
2013-07-02,"1736334,0"
2013-07-03,"1739728,0"
2013-07-04,"1742541,0"
2013-07-05,"1745283,0"
2013-07-06,"1742796,0"
2013-07-07,"1743537,0"
2013-07-08,"1746720,0"
2013-07-09,"1748075,0"
2013-07-10,"1751937,0"
2013-07-11,"1754804,0"
2013-07-12,"1757028,0"
2013-07-13,"1756591,0"
2013-07-14,"1757655,0"
2013-07-15,"1758148,0"
2013-07-16,"1761173,0"
2013-07-17,"1764586,0"
2013-07-18,"1766128,0"
2013-07-19,"1769922,0"
2013-07-20,"1772138,0"
2013-07-21,"1773452,0"
2013-07-22,"1776817,0"
2013-07-23,"1779926,0"
2013-07-24,"1781357,0"
2013-07-25,"1781251,0"
2013-07-26,"1782639,0"
2013-07-27,"1781288,0"
2013-07-28,"1783311,0"
2013-07-29,"1785101,0"
2013-07-30,"1786469,0"
2013-07-31,"1785576,0"
2013-08-01,"1820730,0"
2013-08-02,"1823854,0"
2013-08-03,"1825452,0"
2013-08-04,"1823465,0"
2013-08-05,"1825709,0"
2013-08-06,"1829340,0"
2013-08-07,"1834554,0"
2013-08-08,"1836966,0"
2013-08-09,"1839031,0"
2013-08-10,"1841783,0"
2013-08-11,"1841652,0"
2013-08-12,"1841276,0"
2013-08-13,"1845029,0"
2013-08-14,"1848096,0"
2013-08-15,"1852870,0"
2013-08-16,"1853757,0"
2013-08-17,"1855161,0"
2013-08-18,"1855886,0"
2013-08-19,"1861689,0"
2013-08-20,"1863499,0"
2013-08-21,"1865815,0"
2013-08-22,"1868678,0"
2013-08-23,"1866351,0"
2013-08-24,"1867574,0"
2013-08-25,"1861288,0"
2013-08-26,"1861362,0"
2013-08-27,"1854431,0"
2013-08-28,"1858620,0"
2013-08-29,"1863202,0"
2013-08-30,"1862795,0"
2013-08-31,"1882435,0"
2013-09-01,"1884078,0"
2013-09-02,"1886478,0"
2013-09-03,"1886619,0"
2013-09-04,"1887037,0"
2013-09-05,"1890252,0"
2013-09-06,"1889266,0"
2013-09-07,"1889484,0"
2013-09-08,"1888802,0"
2013-09-09,"1887160,0"
2013-09-10,"1885548,0"
2013-09-11,"1887446,0"
2013-09-12,"1887961,0"
2013-09-13,"1892489,0"
2013-09-14,"1895489,0"
2013-09-15,"1896565,0"
2013-09-16,"1899190,0"
2013-09-17,"1902171,0"
2013-09-18,"1902120,0"
2013-09-19,"1904776,0"
2013-09-20,"1909018,0"
2013-09-21,"1913097,0"
2013-09-22,"1913965,0"
2013-09-23,"1916796,0"
2013-09-24,"1920919,0"
2013-09-25,"1924397,0"
2013-09-26,"1928572,0"
2013-09-27,"1929114,0"
2013-09-28,"1930747,0"
2013-09-29,"1928893,0"
2013-09-30,"1932822,0"
2013-10-01,"1934305,0"
2013-10-02,"1926017,0"
2013-10-03,"1919874,0"
2013-10-04,"1922808,0"
2013-10-05,"1924266,0"
2013-10-06,"1926300,0"
2013-10-07,"1928723,0"
2013-10-08,"1933108,0"
2013-10-09,"1938778,0"
2013-10-10,"1944187,0"
2013-10-11,"1947458,0"
2013-10-12,"1951740,0"
2013-10-13,"1955539,0"
2013-10-14,"1960384,0"
2013-10-15,"1967395,0"
2013-10-16,"1973623,0"
2013-10-17,"1977478,0"
2013-10-18,"1981446,0"
2013-10-19,"1983483,0"
2013-10-20,"1991390,0"
2013-10-21,"1994200,0"
2013-10-22,"2000453,0"
2013-10-23,"2001305,0"
2013-10-24,"2001692,0"
2013-10-25,"2001961,0"
2013-10-26,"2005171,0"
2013-10-27,"2008696,0"
2013-10-28,"2010085,0"
2013-10-29,"2015068,0"
2013-10-30,"2018971,0"
2013-10-31,"2021599,0"
2013-11-01,"2025161,0"
2013-11-02,"2029895,0"
2013-11-03,"2029751,0"
2013-11-04,"2033220,0"
2013-11-05,"2035528,0"
2013-11-06,"2025250,0"
2013-11-07,"2032572,0"
2013-11-08,"2036190,0"
2013-11-09,"2040973,0"
2013-11-10,"2043160,0"
2013-11-11,"2038582,0"
2013-11-12,"2045476,0"
2013-11-13,"2049807,0"
2013-11-14,"2056868,0"
2013-11-15,"2064533,0"
2013-11-16,"2072470,0"
2013-11-17,"2077607,0"
2013-11-18,"2089599,0"
2013-11-19,"2095962,0"
2013-11-20,"2104763,0"
2013-11-21,"2077325,0"
2013-11-22,"2083866,0"
2013-11-23,"2094201,0"
2013-11-24,"2097606,0"
2013-11-25,"2107522,0"
2013-11-26,"2120872,0"
2013-11-27,"2133326,0"
2013-11-28,"2150643,0"
2013-11-29,"2167354,0"
2013-11-30,"2186237,0"
2013-12-01,"2188858,0"
2013-12-02,"2202465,0"
2013-12-03,"2216359,0"
2013-12-04,"2225065,0"
2013-12-05,"2236761,0"
2013-12-06,"2246821,0"
2013-12-07,"2257047,0"
2013-12-08,"2263540,0"
2013-12-09,"2279416,0"
2013-12-10,"2287060,0"
2013-12-11,"2294710,0"
2013-12-12,"2301485,0"
2013-12-13,"2309158,0"
2013-12-14,"2304015,0"
2013-12-15,"2294453,0"
2013-12-16,"2300169,0"
2013-12-17,"2304244,0"
2013-12-18,"2308961,0"
2013-12-19,"2315337,0"
2013-12-20,"2314967,0"
2013-12-21,"2316974,0"
2013-12-22,"2314314,0"
2013-12-23,"2332010,0"
2013-12-24,"2340573,0"
2013-12-25,"2345474,0"
2013-12-26,"2351545,0"
2013-12-27,"2360118,0"
2013-12-28,"2357827,0"
2013-12-29,"2349855,0"
2013-12-30,"2361793,0"
2013-12-31,"2364900,0"
2014-01-01,"2370151,0"
2014-01-02,"2374458,0"
2014-01-03,"2379222,0"
2014-01-04,"2384959,0"
2014-01-05,"2389111,0"
2014-01-06,"2395758,0"
2014-01-07,"2404967,0"
2014-01-08,"2422152,0"
2014-01-09,"2430361,0"
2014-01-10,"2434834,0"
2014-01-11,"2438197,0"
2014-01-12,"2444273,0"
2014-01-13,"2456774,0"
2014-01-14,"2461206,0"
2014-01-15,"2470511,0"
2014-01-16,"2471325,0"
2014-01-17,"2481966,0"
2014-01-18,"2487894,0"
2014-01-19,"2493316,0"
2014-01-20,"2497109,0"
2014-01-21,"2503182,0"
2014-01-22,"2511022,0"
2014-01-23,"2512804,0"
2014-01-24,"2520493,0"
2014-01-25,"2523819,0"
2014-01-26,"2530827,0"
2014-01-27,"2543647,0"
2014-01-28,"2548867,0"
2014-01-29,"2557307,0"
2014-01-30,"2563653,0"
2014-01-31,"2571264,0"
2014-02-01,"2579168,0"
2014-02-02,"2581668,0"
2014-02-03,"2590259,0"
2014-02-04,"2596547,0"
2014-02-05,"2602329,0"
2014-02-06,"2610772,0"
2014-02-07,"2615550,0"
2014-02-08,"2621661,0"
2014-02-09,"2625912,0"
2014-02-10,"2638950,0"
2014-02-11,"2644091,0"
2014-02-12,"2580948,0"
2014-02-13,"2573552,0"
2014-02-14,"2573437,0"
2014-02-15,"2575026,0"
2014-02-16,"2577367,0"
2014-02-17,"2580004,0"
2014-02-18,"2582631,0"
2014-02-19,"2586438,0"
2014-02-20,"2593527,0"
2014-02-21,"2599250,0"
2014-02-22,"2602461,0"
2014-02-23,"2607400,0"
2014-02-24,"2617756,0"
2014-02-25,"2624437,0"
2014-02-26,"2629667,0"
2014-02-27,"2637584,0"
2014-02-28,"2626614,0"
2014-03-01,"2629858,0"
2014-03-02,"2633203,0"
2014-03-03,"2647822,0"
2014-03-04,"2655239,0"
2014-03-05,"2657881,0"
2014-03-06,"2663543,0"
2014-03-07,"2670071,0"
2014-03-08,"2680095,0"
2014-03-09,"2691645,0"
2014-03-10,"2692729,0"
2014-03-11,"2691399,0"
2014-03-12,"2691580,0"
2014-03-13,"2698914,0"
2014-03-14,"2677320,0"
2014-03-15,"2677376,0"
2014-03-16,"2682610,0"
2014-03-17,"2695794,0"
2014-03-18,"2703367,0"
2014-03-19,"2716363,0"
2014-03-20,"2718903,0"
2014-03-21,"2718038,0"
2014-03-22,"2712752,0"
2014-03-23,"2716211,0"
2014-03-24,"2726179,0"
2014-03-25,"2731683,0"
2014-03-26,"2737040,0"
2014-03-27,"2742533,0"
2014-03-28,"2749470,0"
2014-03-29,"2756824,0"
2014-03-30,"2768170,0"
2014-03-31,"2772627,0"
2014-04-01,"2779491,0"
2014-04-02,"2785223,0"
2014-04-03,"2770906,0"
2014-04-04,"2775182,0"
2014-04-05,"2775461,0"
2014-04-06,"2789185,0"
2014-04-07,"2791693,0"
2014-04-08,"2796884,0"
2014-04-09,"2798639,0"
2014-04-10,"2803050,0"
2014-04-11,"2807151,0"
2014-04-12,"2806554,0"
2014-04-13,"2818738,0"
2014-04-14,"2821766,0"
2014-04-15,"2816109,0"
2014-04-16,"2809474,0"
2014-04-17,"2810183,0"
2014-04-18,"2813446,0"
2014-04-19,"2811947,0"
2014-04-20,"2821014,0"
2014-04-21,"2822656,0"
2014-04-22,"2831236,0"
2014-04-23,"2839019,0"
2014-04-24,"2839459,0"
2014-04-25,"2843039,0"
2014-04-26,"2847107,0"
2014-04-27,"2851978,0"
2014-04-28,"2858967,0"
2014-04-29,"2858877,0"
2014-04-30,"2860920,0"
2014-05-01,"2866328,0"
2014-05-02,"2871158,0"
2014-05-03,"2874070,0"
2014-05-04,"2881186,0"
2014-05-05,"2887707,0"
2014-05-06,"2893590,0"
2014-05-07,"2898938,0"
2014-05-08,"2900310,0"
2014-05-09,"2902220,0"
2014-05-10,"2906579,0"
2014-05-11,"2915912,0"
2014-05-12,"2919308,0"
2014-05-13,"2922245,0"
2014-05-14,"2926504,0"
2014-05-15,"2930998,0"
2014-05-16,"2928563,0"
2014-05-17,"2918538,0"
2014-05-18,"2921756,0"
2014-05-19,"2901240,0"
2014-05-20,"2900906,0"
2014-05-21,"2903788,0"
2014-05-22,"2907666,0"
2014-05-23,"2913386,0"
2014-05-24,"2917085,0"
2014-05-25,"2927467,0"
2014-05-26,"2930996,0"
2014-05-27,"2934900,0"
2014-05-28,"2936623,0"
2014-05-29,"2939711,0"
2014-05-30,"2944685,0"
2014-05-31,"2947137,0"
2014-06-01,"2956192,0"
2014-06-02,"2959021,0"
2014-06-03,"2963733,0"
2014-06-04,"2971586,0"
2014-06-05,"2972585,0"
2014-06-06,"2969029,0"
2014-06-07,"2974338,0"
2014-06-08,"2982152,0"
2014-06-09,"2980860,0"
2014-06-10,"2974820,0"
2014-06-11,"2975692,0"
2014-06-12,"2976939,0"
2014-06-13,"2976084,0"
2014-06-14,"2977757,0"
2014-06-15,"2989807,0"
2014-06-16,"2990086,0"
2014-06-17,"2997293,0"
2014-06-18,"3001607,0"
2014-06-19,"3002298,0"
2014-06-20,"3007663,0"
2014-06-21,"3009746,0"
2014-06-22,"3021259,0"
2014-06-23,"3023059,0"
2014-06-24,"3023624,0"
2014-06-25,"3027808,0"
2014-06-26,"3032351,0"
2014-06-27,"3035866,0"
2014-06-28,"3036109,0"
2014-06-29,"3046372,0"
2014-06-30,"3050329,0"
2014-07-01,"3051451,0"
2014-07-02,"3053305,0"
2014-07-03,"3058115,0"
2014-07-04,"3064968,0"
2014-07-05,"3072677,0"
2014-07-06,"3086040,0"
2014-07-07,"3092638,0"
2014-07-08,"3095445,0"
2014-07-09,"3101096,0"
2014-07-10,"3104530,0"
2014-07-11,"3106873,0"
2014-07-12,"3114747,0"
2014-07-13,"3125018,0"
2014-07-14,"3130775,0"
2014-07-15,"3135633,0"
2014-07-16,"3142804,0"
2014-07-17,"3144353,0"
2014-07-18,"3141503,0"
2014-07-19,"3148099,0"
2014-07-20,"3162849,0"
2014-07-21,"3162402,0"
2014-07-22,"3165106,0"
2014-07-23,"3170437,0"
2014-07-24,"3172386,0"
2014-07-25,"3175939,0"
2014-07-26,"3180367,0"
2014-07-27,"3189081,0"
2014-07-28,"3192138,0"
2014-07-29,"3197126,0"
2014-07-30,"3200496,0"
2014-07-31,"3196691,0"
2014-08-01,"3202127,0"
2014-08-02,"3205534,0"
2014-08-03,"3216171,0"
2014-08-04,"3208429,0"
2014-08-05,"3215386,0"
2014-08-06,"3218718,0"
2014-08-07,"3219270,0"
2014-08-08,"3222400,0"
2014-08-09,"3227332,0"
2014-08-10,"3234057,0"
2014-08-11,"3238724,0"
2014-08-12,"3244946,0"
2014-08-13,"3249142,0"
2014-08-14,"3249116,0"
2014-08-15,"3247700,0"
2014-08-16,"3247327,0"
2014-08-17,"3261603,0"
2014-08-18,"3267493,0"
2014-08-19,"3272177,0"
2014-08-20,"3281286,0"
2014-08-21,"3288800,0"
2014-08-22,"3293867,0"
2014-08-23,"3297724,0"
2014-08-24,"3307651,0"
2014-08-25,"3310690,0"
2014-08-26,"3317390,0"
2014-08-27,"3316965,0"
2014-08-28,"3325332,0"
2014-08-29,"3328262,0"
2014-08-30,"3331381,0"
2014-08-31,"3343044,0"
2014-09-01,"3354934,0"
2014-09-02,"3353451,0"
2014-09-03,"3357818,0"
2014-09-04,"3364936,0"
2014-09-05,"3372292,0"
2014-09-06,"3380240,0"
2014-09-07,"3406741,0"
2014-09-08,"3411814,0"
2014-09-09,"3386625,0"
2014-09-10,"3347941,0"
2014-09-11,"3355750,0"
2014-09-12,"3364005,0"
2014-09-13,"3371546,0"
2014-09-14,"3391288,0"
2014-09-15,"3393081,0"
2014-09-16,"3398547,0"
2014-09-17,"3402933,0"
2014-09-18,"3410323,0"
2014-09-19,"3416117,0"
2014-09-20,"3417482,0"
2014-09-21,"3433699,0"
2014-09-22,"3434387,0"
2014-09-23,"3430917,0"
2014-09-24,"3443309,0"
2014-09-25,"3447402,0"
2014-09-26,"3454384,0"
2014-09-27,"3453885,0"
2014-09-28,"3468816,0"
2014-09-29,"3471139,0"
2014-09-30,"3475558,0"
2014-10-01,"3495921,0"
2014-10-02,"3503193,0"
2014-10-03,"3521945,0"
2014-10-04,"3532736,0"
2014-10-05,"3550667,0"
2014-10-06,"3558487,0"
2014-10-07,"3562137,0"
2014-10-08,"3568628,0"
2014-10-09,"3575777,0"
2014-10-10,"3585123,0"
2014-10-11,"3588157,0"
2014-10-12,"3588989,0"
2014-10-13,"3598957,0"
2014-10-14,"3591294,0"
2014-10-15,"3596761,0"
2014-10-16,"3603917,0"
2014-10-17,"3610154,0"
2014-10-18,"3612651,0"
2014-10-19,"3625965,0"
2014-10-20,"3627148,0"
2014-10-21,"3626807,0"
2014-10-22,"3629032,0"
2014-10-23,"3626692,0"
2014-10-24,"3628575,0"
2014-10-25,"3640949,0"
2014-10-26,"3643398,0"
2014-10-27,"3645231,0"
2014-10-28,"3650608,0"
2014-10-29,"3658167,0"
2014-10-30,"3662403,0"
2014-10-31,"3663750,0"
2014-11-01,"3664951,0"
2014-11-02,"3686556,0"
2014-11-03,"3684713,0"
2014-11-04,"3689118,0"
2014-11-05,"3695276,0"
2014-11-06,"3683495,0"
2014-11-07,"3654554,0"
2014-11-08,"3648439,0"
2014-11-09,"3669371,0"
2014-11-10,"3667298,0"
2014-11-11,"3669072,0"
2014-11-12,"3676626,0"
2014-11-13,"3682439,0"
2014-11-14,"3694168,0"
2014-11-15,"3699204,0"
2014-11-16,"3717038,0"
2014-11-17,"3715189,0"
2014-11-18,"3722694,0"
2014-11-19,"3729458,0"
2014-11-20,"3731057,0"
2014-11-21,"3735954,0"
2014-11-22,"3741101,0"
2014-11-23,"3761850,0"
2014-11-24,"3761907,0"
2014-11-25,"3763003,0"
2014-11-26,"3770065,0"
2014-11-27,"3774791,0"
2014-11-28,"3784003,0"
2014-11-29,"3785073,0"
2014-11-30,"3789099,0"
2014-12-01,"3797285,0"
2014-12-02,"3794940,0"
2014-12-03,"3796258,0"
2014-12-04,"3795981,0"
2014-12-05,"3807372,0"
2014-12-06,"3809098,0"
2014-12-07,"3836100,0"
2014-12-08,"3828317,0"
2014-12-09,"3832305,0"
2014-12-10,"3833403,0"
2014-12-11,"3834615,0"
2014-12-12,"3843754,0"
2014-12-13,"3846542,0"
2014-12-14,"3868640,0"
2014-12-15,"3867303,0"
2014-12-16,"3872842,0"
2014-12-17,"3878243,0"
2014-12-18,"3878568,0"
2014-12-19,"3882449,0"
2014-12-20,"3893479,0"
2014-12-21,"3902958,0"
2014-12-22,"3891365,0"
2014-12-23,"3881145,0"
2014-12-24,"3885413,0"
2014-12-25,"3885417,0"
2014-12-26,"3895200,0"
2014-12-27,"3898904,0"
2014-12-28,"3913391,0"
2014-12-29,"3910588,0"
2014-12-30,"3917504,0"
2014-12-31,"3921684,0"
2015-01-01,"3925385,0"
2015-01-02,"3933664,0"
2015-01-03,"3943161,0"
2015-01-04,"3950735,0"
2015-01-05,"3948173,0"
2015-01-06,"3949107,0"
2015-01-07,"3955438,0"
2015-01-08,"3962724,0"
2015-01-09,"3967666,0"
2015-01-10,"3989724,0"
2015-01-11,"3989569,0"
2015-01-12,"3991136,0"
2015-01-13,"3989734,0"
2015-01-14,"4003924,0"
2015-01-15,"4011995,0"
2015-01-16,"4018272,0"
2015-01-17,"4041811,0"
2015-01-18,"4048787,0"
2015-01-19,"4042631,0"
2015-01-20,"4048963,0"
2015-01-21,"4052728,0"
2015-01-22,"4059945,0"
2015-01-23,"4065145,0"
2015-01-24,"4065612,0"
2015-01-25,"4082353,0"
2015-01-26,"4085746,0"
2015-01-27,"4088714,0"
2015-01-28,"4086087,0"
2015-01-29,"4092213,0"
2015-01-30,"4098657,0"
2015-01-31,"4119825,0"
2015-02-01,"4126764,0"
2015-02-02,"4122124,0"
2015-02-03,"4128410,0"
2015-02-04,"4135840,0"
2015-02-05,"4132519,0"
2015-02-06,"4145529,0"
2015-02-07,"4143249,0"
2015-02-08,"4162951,0"
2015-02-09,"4164219,0"
2015-02-10,"4167023,0"
2015-02-11,"4168000,0"
2015-02-12,"4189388,0"
2015-02-13,"4223763,0"
2015-02-14,"4221128,0"
2015-02-15,"4234254,0"
2015-02-16,"4245023,0"
2015-02-17,"4257901,0"
2015-02-18,"4258556,0"
2015-02-19,"4263035,0"
2015-02-20,"4258987,0"
2015-02-21,"4269671,0"
2015-02-22,"4278117,0"
2015-02-23,"4282577,0"
2015-02-24,"4287100,0"
2015-02-25,"4292471,0"
2015-02-26,"4298488,0"
2015-02-27,"4304017,0"
2015-02-28,"4318274,0"
2015-03-01,"4318462,0"
2015-03-02,"4307116,0"
2015-03-03,"4303288,0"
2015-03-04,"4306074,0"
2015-03-05,"4309911,0"
2015-03-06,"4309231,0"
2015-03-07,"4324212,0"
2015-03-08,"4323854,0"
2015-03-09,"4328734,0"
2015-03-10,"4330575,0"
2015-03-11,"4338296,0"
2015-03-12,"4329678,0"
2015-03-13,"4328031,0"
2015-03-14,"4348684,0"
2015-03-15,"4361149,0"
2015-03-16,"4362210,0"
2015-03-17,"4372703,0"
2015-03-18,"4358266,0"
2015-03-19,"4328629,0"
2015-03-20,"4337676,0"
2015-03-21,"4357536,0"
2015-03-22,"4363029,0"
2015-03-23,"4373343,0"
2015-03-24,"4377217,0"
2015-03-25,"4385573,0"
2015-03-26,"4388373,0"
2015-03-27,"4396141,0"
2015-03-28,"4412798,0"
2015-03-29,"4414192,0"
2015-03-30,"4412130,0"
2015-03-31,"4422393,0"
2015-04-01,"4428051,0"
2015-04-02,"4432871,0"
2015-04-03,"4436421,0"
2015-04-04,"4455533,0"
2015-04-05,"4455001,0"
2015-04-06,"4455266,0"
2015-04-07,"4459485,0"
2015-04-08,"4466926,0"
2015-04-09,"4472265,0"
2015-04-10,"4481045,0"
2015-04-11,"4500861,0"
2015-04-12,"4512754,0"
2015-04-13,"4506937,0"
2015-04-14,"4509099,0"
2015-04-15,"4514108,0"
2015-04-16,"4524244,0"
2015-04-17,"4531149,0"
2015-04-18,"4550481,0"
2015-04-19,"4549308,0"
2015-04-20,"4555914,0"
2015-04-21,"4558535,0"
2015-04-22,"4565477,0"
2015-04-23,"4570542,0"
2015-04-24,"4561175,0"
2015-04-25,"4585323,0"
2015-04-26,"4585131,0"
2015-04-27,"4593146,0"
2015-04-28,"4592698,0"
2015-04-29,"4598118,0"
2015-04-30,"4603372,0"
2015-05-01,"4610593,0"
2015-05-02,"4635466,0"
2015-05-03,"4646477,0"
2015-05-04,"4644066,0"
2015-05-05,"4647825,0"
2015-05-06,"4649588,0"
2015-05-07,"4658210,0"
2015-05-08,"4684274,0"
2015-05-09,"4683805,0"
2015-05-10,"4674181,0"
2015-05-11,"4677283,0"
2015-05-12,"4672520,0"
2015-05-13,"4682767,0"
2015-05-14,"4688822,0"
2015-05-15,"4696600,0"
2015-05-16,"4715057,0"
2015-05-17,"4713513,0"
2015-05-18,"4723031,0"
2015-05-19,"4727648,0"
2015-05-20,"4733749,0"
2015-05-21,"4740798,0"
2015-05-22,"4745892,0"
2015-05-23,"4751974,0"
2015-05-24,"4763426,0"
2015-05-25,"4767592,0"
2015-05-26,"4770643,0"
2015-05-27,"4772342,0"
2015-05-28,"4778359,0"
2015-05-29,"4795428,0"
2015-05-30,"4813938,0"
2015-05-31,"4823995,0"
2015-06-01,"4827683,0"
2015-06-02,"4826496,0"
2015-06-03,"4832599,0"
2015-06-04,"4835120,0"
2015-06-05,"4839687,0"
2015-06-06,"4855784,0"
2015-06-07,"4859157,0"
2015-06-08,"4866698,0"
2015-06-09,"4873126,0"
2015-06-10,"4855726,0"
2015-06-11,"4857400,0"
2015-06-12,"4866483,0"
2015-06-13,"4871232,0"
2015-06-14,"4877927,0"
2015-06-15,"4886085,0"
2015-06-16,"4893280,0"
2015-06-17,"4884047,0"
2015-06-18,"4882728,0"
2015-06-19,"4905755,0"
2015-06-20,"4920276,0"
2015-06-21,"4923015,0"
2015-06-22,"4931223,0"
2015-06-23,"4937942,0"
2015-06-24,"4945214,0"
2015-06-25,"4947167,0"
2015-06-26,"4953525,0"
2015-06-27,"4964410,0"
2015-06-28,"4974640,0"
2015-06-29,"4976797,0"
2015-06-30,"4979470,0"
2015-07-01,"4985718,0"
2015-07-02,"4995122,0"
2015-07-03,"4999007,0"
2015-07-04,"5009005,0"
2015-07-05,"5021422,0"
2015-07-06,"5029299,0"
2015-07-07,"5045826,0"
2015-07-08,"5063049,0"
2015-07-09,"5065777,0"
2015-07-10,"5063799,0"
2015-07-11,"5077259,0"
2015-07-12,"5084018,0"
2015-07-13,"5088351,0"
2015-07-14,"5086418,0"
2015-07-15,"5095646,0"
2015-07-16,"5096737,0"
2015-07-17,"5098031,0"
2015-07-18,"5107116,0"
2015-07-19,"5119943,0"
2015-07-20,"5128049,0"
2015-07-21,"5144006,0"
2015-07-22,"5157115,0"
2015-07-23,"5159148,0"
2015-07-24,"5161085,0"
2015-07-25,"5164349,0"
2015-07-26,"5180806,0"
2015-07-27,"5189671,0"
2015-07-28,"5191501,0"
2015-07-29,"5196260,0"
2015-07-30,"5203984,0"
2015-07-31,"5206074,0"
2015-08-01,"5210105,0"
2015-08-02,"5224128,0"
2015-08-03,"5224909,0"
2015-08-04,"5243472,0"
2015-08-05,"5243035,0"
2015-08-06,"5246668,0"
2015-08-07,"5247191,0"
2015-08-08,"5262346,0"
2015-08-09,"5266636,0"
2015-08-10,"5265328,0"
2015-08-11,"5268720,0"
2015-08-12,"5279346,0"
2015-08-13,"5285314,0"
2015-08-14,"5294294,0"
2015-08-15,"5305871,0"
2015-08-16,"5315884,0"
2015-08-17,"5322113,0"
2015-08-18,"5324858,0"
2015-08-19,"5331788,0"
2015-08-20,"5336360,0"
2015-08-21,"5344225,0"
2015-08-22,"5360400,0"
2015-08-23,"5374005,0"
2015-08-24,"5373263,0"
2015-08-25,"5383507,0"
2015-08-26,"5393323,0"
2015-08-27,"5409803,0"
2015-08-28,"5415799,0"
2015-08-29,"5429631,0"
2015-08-30,"5444853,0"
2015-08-31,"5443326,0"
2015-09-01,"5447450,0"
2015-09-02,"5455181,0"
2015-09-03,"5460280,0"
2015-09-04,"5469243,0"
2015-09-05,"5489431,0"
2015-09-06,"5502669,0"
2015-09-07,"5525468,0"
2015-09-08,"5546214,0"
2015-09-09,"5569017,0"
2015-09-10,"5584442,0"
2015-09-11,"5631698,0"
2015-09-12,"5651167,0"
2015-09-13,"5668309,0"
2015-09-14,"5668195,0"
2015-09-15,"5673811,0"
2015-09-16,"5679578,0"
2015-09-17,"5697398,0"
2015-09-18,"5702896,0"
2015-09-19,"5706156,0"
2015-09-20,"5756808,0"
2015-09-21,"5794420,0"
2015-09-22,"5836609,0"
2015-09-23,"5846048,0"
2015-09-24,"5853026,0"
2015-09-25,"5856266,0"
2015-09-26,"5845289,0"
2015-09-27,"5832775,0"
2015-09-28,"5829590,0"
2015-09-29,"5802168,0"
2015-09-30,"5800470,0"
2015-10-01,"5808746,0"
2015-10-02,"5805008,0"
2015-10-03,"5812408,0"
2015-10-04,"5838451,0"
2015-10-05,"5840131,0"
2015-10-06,"5826755,0"
2015-10-07,"5834060,0"
2015-10-08,"5843026,0"
2015-10-09,"5850334,0"
2015-10-10,"5874736,0"
2015-10-11,"5889253,0"
2015-10-12,"5881890,0"
2015-10-13,"5881490,0"
2015-10-14,"5885176,0"
2015-10-15,"5891081,0"
2015-10-16,"5893352,0"
2015-10-17,"5901060,0"
2015-10-18,"5907745,0"
2015-10-19,"5903442,0"
2015-10-20,"5886274,0"
2015-10-21,"5890782,0"
2015-10-22,"5902798,0"
2015-10-23,"5881419,0"
2015-10-24,"5905800,0"
2015-10-25,"5894035,0"
2015-10-26,"5843864,0"
2015-10-27,"5866747,0"
2015-10-28,"5878850,0"
2015-10-29,"5859972,0"
2015-10-30,"5866323,0"
2015-10-31,"5890317,0"
2015-11-01,"5900653,0"
2015-11-02,"5884088,0"
2015-11-03,"5909667,0"
2015-11-04,"5916062,0"
2015-11-05,"5917948,0"
2015-11-06,"5936476,0"
2015-11-07,"5954631,0"
2015-11-08,"5986716,0"
2015-11-09,"5970432,0"
2015-11-10,"5967695,0"
2015-11-11,"5974981,0"
2015-11-12,"5993554,0"
2015-11-13,"6014637,0"
2015-11-14,"6050749,0"
2015-11-15,"6058496,0"
2015-11-16,"6043156,0"
2015-11-17,"6046376,0"
2015-11-18,"6052259,0"
2015-11-19,"6063943,0"
2015-11-20,"6076803,0"
2015-11-21,"6087811,0"
2015-11-22,"6110749,0"
2015-11-23,"6115407,0"
2015-11-24,"6135016,0"
2015-11-25,"6136579,0"
2015-11-26,"6135703,0"
2015-11-27,"6144939,0"
2015-11-28,"6182428,0"
2015-11-29,"6173940,0"
2015-11-30,"6176374,0"
2015-12-01,"6193096,0"
2015-12-02,"6212465,0"
2015-12-03,"6208580,0"
2015-12-04,"6215439,0"
2015-12-05,"6246868,0"
2015-12-06,"6275138,0"
2015-12-07,"6260799,0"
2015-12-08,"6277787,0"
2015-12-09,"6284074,0"
2015-12-10,"6305011,0"
2015-12-11,"6347837,0"
2015-12-12,"6384964,0"
2015-12-13,"6419323,0"
2015-12-14,"6398648,0"
2015-12-15,"6434542,0"
2015-12-16,"6447005,0"
2015-12-17,"6469123,0"
2015-12-18,"6489212,0"
2015-12-19,"6545584,0"
2015-12-20,"6582504,0"
2015-12-21,"6592910,0"
2015-12-22,"6624527,0"
2015-12-23,"6640914,0"
2015-12-24,"6671842,0"
2015-12-25,"6710106,0"
2015-12-26,"6737021,0"
2015-12-27,"6752875,0"
2015-12-28,"6767435,0"
2015-12-29,"6765386,0"
2015-12-30,"6797784,0"
2015-12-31,"6793548,0"
2016-01-01,"6810666,0"
2016-01-02,"6795517,0"
2016-01-03,"6814427,0"
2016-01-04,"6822805,0"
2016-01-05,"6830653,0"
2016-01-06,"6840668,0"
2016-01-07,"6864539,0"
2016-01-08,"6862118,0"
2016-01-09,"6884952,0"
2016-01-10,"6908046,0"
2016-01-11,"6915764,0"
2016-01-12,"6936933,0"
2016-01-13,"6939085,0"
2016-01-14,"6947432,0"
2016-01-15,"6959470,0"
2016-01-16,"6962699,0"
2016-01-17,"6988156,0"
2016-01-18,"6988025,0"
2016-01-19,"6991563,0"
2016-01-20,"6908020,0"
2016-01-21,"6909860,0"
2016-01-22,"6889516,0"
2016-01-23,"6904117,0"
2016-01-24,"6938843,0"
2016-01-25,"6942376,0"
2016-01-26,"6955163,0"
2016-01-27,"6961265,0"
2016-01-28,"6961913,0"
2016-01-29,"6931692,0"
2016-01-30,"6938101,0"
2016-01-31,"6954651,0"
2016-02-01,"6865489,0"
2016-02-02,"6769891,0"
2016-02-03,"6681549,0"
2016-02-04,"6713051,0"
2016-02-05,"6726755,0"
2016-02-06,"6764361,0"
2016-02-07,"6826022,0"
2016-02-08,"6845512,0"
2016-02-09,"6854232,0"
2016-02-10,"6868138,0"
2016-02-11,"6898771,0"
2016-02-12,"6936075,0"
2016-02-13,"6968131,0"
2016-02-14,"6998000,0"
2016-02-15,"7021585,0"
2016-02-16,"7049513,0"
2016-02-17,"7078999,0"
2016-02-18,"7116595,0"
2016-02-19,"7119601,0"
2016-02-20,"7146703,0"
2016-02-21,"7171530,0"
2016-02-22,"7227478,0"
2016-02-23,"7240333,0"
2016-02-24,"7255946,0"
2016-02-25,"7254201,0"
2016-02-26,"7268828,0"
2016-02-27,"7280220,0"
2016-02-28,"7349128,0"
2016-02-29,"7387624,0"
2016-03-01,"7426849,0"
2016-03-02,"7436662,0"
2016-03-03,"7443069,0"
2016-03-04,"7390059,0"
2016-03-05,"7374331,0"
2016-03-06,"7384486,0"
2016-03-07,"7394336,0"
2016-03-08,"7405840,0"
2016-03-09,"7328335,0"
2016-03-10,"7353688,0"
2016-03-11,"7376938,0"
2016-03-12,"7401268,0"
2016-03-13,"7419247,0"
2016-03-14,"7436091,0"
2016-03-15,"7457824,0"
2016-03-16,"7481006,0"
2016-03-17,"7501867,0"
2016-03-18,"7524115,0"
2016-03-19,"7556920,0"
2016-03-20,"7583326,0"
2016-03-21,"7591485,0"
2016-03-22,"7619438,0"
2016-03-23,"7648212,0"
2016-03-24,"7654896,0"
2016-03-25,"7678512,0"
2016-03-26,"7626207,0"
2016-03-27,"7628694,0"
2016-03-28,"7557522,0"
2016-03-29,"7378755,0"
2016-03-30,"7341347,0"
2016-03-31,"7354278,0"
2016-04-01,"7338289,0"
2016-04-02,"7311207,0"
2016-04-03,"7315813,0"
2016-04-04,"7331670,0"
2016-04-05,"7343507,0"
2016-04-06,"7366765,0"
2016-04-07,"7397960,0"
2016-04-08,"7425305,0"
2016-04-09,"7452063,0"
2016-04-10,"7506068,0"
2016-04-11,"7523725,0"
2016-04-12,"7546708,0"
2016-04-13,"7547079,0"
2016-04-14,"7556267,0"
2016-04-15,"7584259,0"
2016-04-16,"7599472,0"
2016-04-17,"7614938,0"
2016-04-18,"7633829,0"
2016-04-19,"7654761,0"
2016-04-20,"7658634,0"
2016-04-21,"7686359,0"
2016-04-22,"7699462,0"
2016-04-23,"7732485,0"
2016-04-24,"7751380,0"
2016-04-25,"7769373,0"
2016-04-26,"7790212,0"
2016-04-27,"7806105,0"
2016-04-28,"7823124,0"
2016-04-29,"7841059,0"
2016-04-30,"7859753,0"
2016-05-01,"7889048,0"
2016-05-02,"7902198,0"
2016-05-03,"7915678,0"
2016-05-04,"7916953,0"
2016-05-05,"7929036,0"
2016-05-06,"7945551,0"
2016-05-07,"7958864,0"
2016-05-08,"7977480,0"
2016-05-09,"8002233,0"
2016-05-10,"8022295,0"
2016-05-11,"8036881,0"
2016-05-12,"8056834,0"
2016-05-13,"8079821,0"
2016-05-14,"8092124,0"
2016-05-15,"8109859,0"
2016-05-16,"8151637,0"
2016-05-17,"8175481,0"
2016-05-18,"8196268,0"
2016-05-19,"8216726,0"
2016-05-20,"8230982,0"
2016-05-21,"8201132,0"
2016-05-22,"8187268,0"
2016-05-23,"8214703,0"
2016-05-24,"8225555,0"
2016-05-25,"8237122,0"
2016-05-26,"8258911,0"
2016-05-27,"8256662,0"
2016-05-28,"8261395,0"
2016-05-29,"8280971,0"
2016-05-30,"8266081,0"
2016-05-31,"8291255,0"
2016-06-01,"8313528,0"
2016-06-02,"8335283,0"
2016-06-03,"8358560,0"
2016-06-04,"8388151,0"
2016-06-05,"8411003,0"
2016-06-06,"8432002,0"
2016-06-07,"8471006,0"
2016-06-08,"8502780,0"
2016-06-09,"8535811,0"
2016-06-10,"8556467,0"
2016-06-11,"8580246,0"
2016-06-12,"8588866,0"
2016-06-13,"8592578,0"
2016-06-14,"8622314,0"
2016-06-15,"8633233,0"
2016-06-16,"8671104,0"
2016-06-17,"8678897,0"
2016-06-18,"8668474,0"
2016-06-19,"8679647,0"
2016-06-20,"8726525,0"
2016-06-21,"8734599,0"
2016-06-22,"8731755,0"
2016-06-23,"8757971,0"
2016-06-24,"8784408,0"
2016-06-25,"8778955,0"
2016-06-26,"8771818,0"
2016-06-27,"8785779,0"
2016-06-28,"8799358,0"
2016-06-29,"8820865,0"
2016-06-30,"8841827,0"
2016-07-01,"8837872,0"
2016-07-02,"8846482,0"
2016-07-03,"8881858,0"
2016-07-04,"8906900,0"
2016-07-05,"8913554,0"
2016-07-06,"8939220,0"
2016-07-07,"8956737,0"
2016-07-08,"8974787,0"
2016-07-09,"9007591,0"
2016-07-10,"9037648,0"
2016-07-11,"9056462,0"
2016-07-12,"9081280,0"
2016-07-13,"9114157,0"
2016-07-14,"9118078,0"
2016-07-15,"9143852,0"
2016-07-16,"9147380,0"
2016-07-17,"9149439,0"
2016-07-18,"9161687,0"
2016-07-19,"9178965,0"
2016-07-20,"9196280,0"
2016-07-21,"9219784,0"
2016-07-22,"9240554,0"
2016-07-23,"9237113,0"
2016-07-24,"9256610,0"
2016-07-25,"9269218,0"
2016-07-26,"9296056,0"
2016-07-27,"9307824,0"
2016-07-28,"9319050,0"
2016-07-29,"9323920,0"
2016-07-30,"9361317,0"
2016-07-31,"9325890,0"
2016-08-01,"9336364,0"
2016-08-02,"9346154,0"
2016-08-03,"9363335,0"
2016-08-04,"9376867,0"
2016-08-05,"9401731,0"
2016-08-06,"9431486,0"
2016-08-07,"9431097,0"
2016-08-08,"9439218,0"
2016-08-09,"9475807,0"
2016-08-10,"9488078,0"
2016-08-11,"9503108,0"
2016-08-12,"9521477,0"
2016-08-13,"9568720,0"
2016-08-14,"9600622,0"
2016-08-15,"9572646,0"
2016-08-16,"9591987,0"
2016-08-17,"9605810,0"
2016-08-18,"9607639,0"
2016-08-19,"9626229,0"
2016-08-20,"9666096,0"
2016-08-21,"9697139,0"
2016-08-22,"9705826,0"
2016-08-23,"9717988,0"
2016-08-24,"9746171,0"
2016-08-25,"9781581,0"
2016-08-26,"9805998,0"
2016-08-27,"9832918,0"
2016-08-28,"9844942,0"
2016-08-29,"9836288,0"
2016-08-30,"9849595,0"
2016-08-31,"9859623,0"
2016-09-01,"9874874,0"
2016-09-02,"9902728,0"
2016-09-03,"9918487,0"
2016-09-04,"9942607,0"
2016-09-05,"9957934,0"
2016-09-06,"9982639,0"
2016-09-07,"9990205,0"
2016-09-08,"10017080,0"
2016-09-09,"10029565,0"
2016-09-10,"10057964,0"
2016-09-11,"10104534,0"
2016-09-12,"10113932,0"
2016-09-13,"10115422,0"
2016-09-14,"10137171,0"
2016-09-15,"10168121,0"
2016-09-16,"10192438,0"
2016-09-17,"10211024,0"
2016-09-18,"10228175,0"
2016-09-19,"10251540,0"
2016-09-20,"10284674,0"
2016-09-21,"10315822,0"
2016-09-22,"10339638,0"
2016-09-23,"10372107,0"
2016-09-24,"10393125,0"
2016-09-25,"10426872,0"
2016-09-26,"10444270,0"
2016-09-27,"10458442,0"
2016-09-28,"10480970,0"
2016-09-29,"10507724,0"
2016-09-30,"10535872,0"
2016-10-01,"10563114,0"
2016-10-02,"10586624,0"
2016-10-03,"10600416,0"
2016-10-04,"10635388,0"
2016-10-05,"10661998,0"
2016-10-06,"10695149,0"
2016-10-07,"10734367,0"
2016-10-08,"10773095,0"
2016-10-09,"10808894,0"
2016-10-10,"10836790,0"
2016-10-11,"10846138,0"
2016-10-12,"10852885,0"
2016-10-13,"10832375,0"
2016-10-14,"10864222,0"
2016-10-15,"10885003,0"
2016-10-16,"10905907,0"
2016-10-17,"10923512,0"
2016-10-18,"10938727,0"
2016-10-19,"10952807,0"
2016-10-20,"10962523,0"
2016-10-21,"10988944,0"
2016-10-22,"10993101,0"
2016-10-23,"10980630,0"
2016-10-24,"10966403,0"
2016-10-25,"10956602,0"
2016-10-26,"10933979,0"
2016-10-27,"10948399,0"
2016-10-28,"10984293,0"
2016-10-29,"11019744,0"
2016-10-30,"11044598,0"
2016-10-31,"11076192,0"
2016-11-01,"11064139,0"
2016-11-02,"11097845,0"
2016-11-03,"11137611,0"
2016-11-04,"11180195,0"
2016-11-05,"11227355,0"
2016-11-06,"11266019,0"
2016-11-07,"11299742,0"
2016-11-08,"11333243,0"
2016-11-09,"11354579,0"
2016-11-10,"11392155,0"
2016-11-11,"11433879,0"
2016-11-12,"11472044,0"
2016-11-13,"11506832,0"
2016-11-14,"11536326,0"
2016-11-15,"11580191,0"
2016-11-16,"11617109,0"
2016-11-17,"11649880,0"
2016-11-18,"11696286,0"
2016-11-19,"11750692,0"
2016-11-20,"11787959,0"
2016-11-21,"11848502,0"
2016-11-22,"11907684,0"
2016-11-23,"11919733,0"
2016-11-24,"11941878,0"
2016-11-25,"11971317,0"
2016-11-26,"11982809,0"
2016-11-27,"12002625,0"
2016-11-28,"12016927,0"
2016-11-29,"12041448,0"
2016-11-30,"12089021,0"
2016-12-01,"12058576,0"
2016-12-02,"12130047,0"
2016-12-03,"12133280,0"
2016-12-04,"12092544,0"
2016-12-05,"12122014,0"
2016-12-06,"12169468,0"
2016-12-07,"12171015,0"
2016-12-08,"12193980,0"
2016-12-09,"12224379,0"
2016-12-10,"12247002,0"
2016-12-11,"12276270,0"
2016-12-12,"12307471,0"
2016-12-13,"12335326,0"
2016-12-14,"12392203,0"
2016-12-15,"12438781,0"
2016-12-16,"12474534,0"
2016-12-17,"12518819,0"
2016-12-18,"12522749,0"
2016-12-19,"12548098,0"
2016-12-20,"12583794,0"
2016-12-21,"12604748,0"
2016-12-22,"12630008,0"
2016-12-23,"12670737,0"
2016-12-24,"12686338,0"
2016-12-25,"12698896,0"
2016-12-26,"12717976,0"
2016-12-27,"12755216,0"
2016-12-28,"12793570,0"
2016-12-29,"12833287,0"
2016-12-30,"12859246,0"
2016-12-31,"12899561,0"
2017-01-01,"12920338,0"
2017-01-02,"12924541,0"
2017-01-03,"12970232,0"
2017-01-04,"13014419,0"
2017-01-05,"13041659,0"
2017-01-06,"13095478,0"
2017-01-07,"13125040,0"
2017-01-08,"13135621,0"
2017-01-09,"13177366,0"
2017-01-10,"13210192,0"
2017-01-11,"13241422,0"
2017-01-12,"13273133,0"
2017-01-13,"13328038,0"
2017-01-14,"13344439,0"
2017-01-15,"13359751,0"
2017-01-16,"13370281,0"
2017-01-17,"13396439,0"
2017-01-18,"13435649,0"
2017-01-19,"13448405,0"
2017-01-20,"13485281,0"
2017-01-21,"13500914,0"
2017-01-22,"13516310,0"
2017-01-23,"13489240,0"
2017-01-24,"13483850,0"
2017-01-25,"13487238,0"
2017-01-26,"13469180,0"
2017-01-27,"13448579,0"
2017-01-28,"13453900,0"
2017-01-29,"13434016,0"
2017-01-30,"13426811,0"
2017-01-31,"13469311,0"
2017-02-01,"13491009,0"
2017-02-02,"13486363,0"
2017-02-03,"13556519,0"
2017-02-04,"13580818,0"
2017-02-05,"13589853,0"
2017-02-06,"13567573,0"
2017-02-07,"13622250,0"
2017-02-08,"13660100,0"
2017-02-09,"13686576,0"
2017-02-10,"13715726,0"
2017-02-11,"13729370,0"
2017-02-12,"13731014,0"
2017-02-13,"13743822,0"
2017-02-14,"13789347,0"
2017-02-15,"13834615,0"
2017-02-16,"13824636,0"
2017-02-17,"13878358,0"
2017-02-18,"13887190,0"
2017-02-19,"13911380,0"
2017-02-20,"13929643,0"
2017-02-21,"13951822,0"
2017-02-22,"13991056,0"
2017-02-23,"14046324,0"
2017-02-24,"14084841,0"
2017-02-25,"14103145,0"
2017-02-26,"14073948,0"
2017-02-27,"14105193,0"
2017-02-28,"14151551,0"
2017-03-01,"14196837,0"
2017-03-02,"14232826,0"
2017-03-03,"14296923,0"
2017-03-04,"14333986,0"
2017-03-05,"14351919,0"
2017-03-06,"14401804,0"
2017-03-07,"14442650,0"
2017-03-08,"14462865,0"
2017-03-09,"14493576,0"
2017-03-10,"14504532,0"
2017-03-11,"14511343,0"
2017-03-12,"14494495,0"
2017-03-13,"14504258,0"
2017-03-14,"14517546,0"
2017-03-15,"14548456,0"
2017-03-16,"14606615,0"
2017-03-17,"14609668,0"
2017-03-18,"14612019,0"
2017-03-19,"14628515,0"
2017-03-20,"14674315,0"
2017-03-21,"14713190,0"
2017-03-22,"14721545,0"
2017-03-23,"14752364,0"
2017-03-24,"14756332,0"
2017-03-25,"14805715,0"
2017-03-26,"14845302,0"
2017-03-27,"14870065,0"
2017-03-28,"14887368,0"
2017-03-29,"14937963,0"
2017-03-30,"14941149,0"
2017-03-31,"14975814,0"
2017-04-01,"15008904,0"
2017-04-02,"15027177,0"
2017-04-03,"15050811,0"
2017-04-04,"15095138,0"
2017-04-05,"15126927,0"
2017-04-06,"15156811,0"
2017-04-07,"15159531,0"
2017-04-08,"15201482,0"
2017-04-09,"15202696,0"
2017-04-10,"15265210,0"
2017-04-11,"15296489,0"
2017-04-12,"15353612,0"
2017-04-13,"15362567,0"
2017-04-14,"15420162,0"
2017-04-15,"15448244,0"
2017-04-16,"15439665,0"
2017-04-17,"15483402,0"
2017-04-18,"15535701,0"
2017-04-19,"15590084,0"
2017-04-20,"15584553,0"
2017-04-21,"15619315,0"
2017-04-22,"15660634,0"
2017-04-23,"15684368,0"
2017-04-24,"15694364,0"
2017-04-25,"15752513,0"
2017-04-26,"15820444,0"
2017-04-27,"15853395,0"
2017-04-28,"15928349,0"
2017-04-29,"15960268,0"
2017-04-30,"15951726,0"
2017-05-01,"15991289,0"
2017-05-02,"16037664,0"
2017-05-03,"16103406,0"
2017-05-04,"16174820,0"
2017-05-05,"16226208,0"
2017-05-06,"16288909,0"
2017-05-07,"16291860,0"
2017-05-08,"16342139,0"
2017-05-09,"16397813,0"
2017-05-10,"16454258,0"
2017-05-11,"16527174,0"
2017-05-12,"16596345,0"
2017-05-13,"16648885,0"
2017-05-14,"16713805,0"
2017-05-15,"16752314,0"
2017-05-16,"16721742,0"
2017-05-17,"16753949,0"
2017-05-18,"16769687,0"
2017-05-19,"16800206,0"
2017-05-20,"16841486,0"
2017-05-21,"16899981,0"
2017-05-22,"16974012,0"
2017-05-23,"17040460,0"
2017-05-24,"17118921,0"
2017-05-25,"17198377,0"
2017-05-26,"17283447,0"
2017-05-27,"17306021,0"
2017-05-28,"17276564,0"
2017-05-29,"17336805,0"
2017-05-30,"17388529,0"
2017-05-31,"17437041,0"
2017-06-01,"17463912,0"
2017-06-02,"17483307,0"
2017-06-03,"17432793,0"
2017-06-04,"17445280,0"
2017-06-05,"17460642,0"
2017-06-06,"17521878,0"
2017-06-07,"17554448,0"
2017-06-08,"17570232,0"
2017-06-09,"17597893,0"
2017-06-10,"17620686,0"
2017-06-11,"17608629,0"
2017-06-12,"17639959,0"
2017-06-13,"17720573,0"
2017-06-14,"17764529,0"
2017-06-15,"17768533,0"
2017-06-16,"17787501,0"
2017-06-17,"17789452,0"
2017-06-18,"17763748,0"
2017-06-19,"17768772,0"
2017-06-20,"17853510,0"
2017-06-21,"17920222,0"
2017-06-22,"17913381,0"
2017-06-23,"17911956,0"
2017-06-24,"17915418,0"
2017-06-25,"17912888,0"
2017-06-26,"17915323,0"
2017-06-27,"17984886,0"
2017-06-28,"17991216,0"
2017-06-29,"18017433,0"
2017-06-30,"18029262,0"
2017-07-01,"18008604,0"
2017-07-02,"17979894,0"
2017-07-03,"17991348,0"
2017-07-04,"18037529,0"
2017-07-05,"18060456,0"
2017-07-06,"18081201,0"
2017-07-07,"18140943,0"
2017-07-08,"18133376,0"
2017-07-09,"18148309,0"
2017-07-10,"18190051,0"
2017-07-11,"18213082,0"
2017-07-12,"18193362,0"
2017-07-13,"18215353,0"
2017-07-14,"18242308,0"
2017-07-15,"18229890,0"
2017-07-16,"18202717,0"
2017-07-17,"18185670,0"
2017-07-18,"18164810,0"
2017-07-19,"18165278,0"
2017-07-20,"18178177,0"
2017-07-21,"18182783,0"
2017-07-22,"18146252,0"
2017-07-23,"18124474,0"
2017-07-24,"18118169,0"
2017-07-25,"18149555,0"
2017-07-26,"18138346,0"
2017-07-27,"18085693,0"
2017-07-28,"18086910,0"
2017-07-29,"18036984,0"
2017-07-30,"18025260,0"
2017-07-31,"18011689,0"
2017-08-01,"18002770,0"
2017-08-02,"17994670,0"
2017-08-03,"18004278,0"
2017-08-04,"18008264,0"
2017-08-05,"18006904,0"
2017-08-06,"18041644,0"
2017-08-07,"18081274,0"
2017-08-08,"18110058,0"
2017-08-09,"18145714,0"
2017-08-10,"18173377,0"
2017-08-11,"18226366,0"
2017-08-12,"18266336,0"
2017-08-13,"18274168,0"
2017-08-14,"18346331,0"
2017-08-15,"18432440,0"
2017-08-16,"18499164,0"
2017-08-17,"18501930,0"
2017-08-18,"18567198,0"
2017-08-19,"18587749,0"
2017-08-20,"18592201,0"
2017-08-21,"18662405,0"
2017-08-22,"18735399,0"
2017-08-23,"18756574,0"
2017-08-24,"18801758,0"
2017-08-25,"18898396,0"
2017-08-26,"18951918,0"
2017-08-27,"18917969,0"
2017-08-28,"18963527,0"
2017-08-29,"18977519,0"
2017-08-30,"18958270,0"
2017-08-31,"18969636,0"
2017-09-01,"19009462,0"
2017-09-02,"19059829,0"
2017-09-03,"19066520,0"
2017-09-04,"19083959,0"
2017-09-05,"19119874,0"
2017-09-06,"19145277,0"
2017-09-07,"19107093,0"
2017-09-08,"19116208,0"
2017-09-09,"19118707,0"
2017-09-10,"19128940,0"
2017-09-11,"19142389,0"
2017-09-12,"19180381,0"
2017-09-13,"19211469,0"
2017-09-14,"19215257,0"
2017-09-15,"19261945,0"
2017-09-16,"19285659,0"
2017-09-17,"19309332,0"
2017-09-18,"19334468,0"
2017-09-19,"19334597,0"
2017-09-20,"19383623,0"
2017-09-21,"19411217,0"
2017-09-22,"19468959,0"
2017-09-23,"19494055,0"
2017-09-24,"19502646,0"
2017-09-25,"19542235,0"
2017-09-26,"19561011,0"
2017-09-27,"19616913,0"
2017-09-28,"19640764,0"
2017-09-29,"19692120,0"
2017-09-30,"19717513,0"
2017-10-01,"19716016,0"
2017-10-02,"19742764,0"
2017-10-03,"19771351,0"
2017-10-04,"19820960,0"
2017-10-05,"19868870,0"
2017-10-06,"19891703,0"
2017-10-07,"19937448,0"
2017-10-08,"19931834,0"
2017-10-09,"19946484,0"
2017-10-10,"19967938,0"
2017-10-11,"20030567,0"
2017-10-12,"20077602,0"
2017-10-13,"20196587,0"
2017-10-14,"20240554,0"
2017-10-15,"20232654,0"
2017-10-16,"20284756,0"
2017-10-17,"20347363,0"
2017-10-18,"20438837,0"
2017-10-19,"20487579,0"
2017-10-20,"20554933,0"
2017-10-21,"20606629,0"
2017-10-22,"20595406,0"
2017-10-23,"20632775,0"
2017-10-24,"20681948,0"
2017-10-25,"20666812,0"
2017-10-26,"20725150,0"
2017-10-27,"20843445,0"
2017-10-28,"20927306,0"
2017-10-29,"20970056,0"
2017-10-30,"21051851,0"
2017-10-31,"21096233,0"
2017-11-01,"21181708,0"
2017-11-02,"21279260,0"
2017-11-03,"21429404,0"
2017-11-04,"21484466,0"
2017-11-05,"21481415,0"
2017-11-06,"21536760,0"
2017-11-07,"21609163,0"
2017-11-08,"21674475,0"
2017-11-09,"21759727,0"
2017-11-10,"21857407,0"
2017-11-11,"21941918,0"
2017-11-12,"22027922,0"
2017-11-13,"22119371,0"
2017-11-14,"22179066,0"
2017-11-15,"22237453,0"
2017-11-16,"22289032,0"
2017-11-17,"22278461,0"
2017-11-18,"22304143,0"
2017-11-19,"22243136,0"
2017-11-20,"22279836,0"
2017-11-21,"22347539,0"
2017-11-22,"22411718,0"
2017-11-23,"22494250,0"
2017-11-24,"22552472,0"
2017-11-25,"22586069,0"
2017-11-26,"22655262,0"
2017-11-27,"22760291,0"
2017-11-28,"22893135,0"
2017-11-29,"23045187,0"
2017-11-30,"23170843,0"
2017-12-01,"23281442,0"
2017-12-02,"23307310,0"
2017-12-03,"23384291,0"
2017-12-04,"23493878,0"
2017-12-05,"23635781,0"
2017-12-06,"23814280,0"
2017-12-07,"24029760,0"
2017-12-08,"24242890,0"
2017-12-09,"24361147,0"
2017-12-10,"24401292,0"
2017-12-11,"24546678,0"
2017-12-12,"24733958,0"
2017-12-13,"24870367,0"
2017-12-14,"25119322,0"
2017-12-15,"25276874,0"
2017-12-16,"25306988,0"
2017-12-17,"25398251,0"
2017-12-18,"25520066,0"
2017-12-19,"25773873,0"
2017-12-20,"25995294,0"
2017-12-21,"26225863,0"
2017-12-22,"26392749,0"
2017-12-23,"26490262,0"
2017-12-24,"26448519,0"
2017-12-25,"26409546,0"
2017-12-26,"26397247,0"
2017-12-27,"26458320,0"
2017-12-28,"26515575,0"
2017-12-29,"26613537,0"
2017-12-30,"26750106,0"
2017-12-31,"26730957,0"
2018-01-01,"26641786,0"
2018-01-02,"26716131,0"
2018-01-03,"26940707,0"
2018-01-04,"27221649,0"
2018-01-05,"27450920,0"
2018-01-06,"27561284,0"
2018-01-07,"27736017,0"
2018-01-08,"27871257,0"
2018-01-09,"28058091,0"
2018-01-10,"28198768,0"
2018-01-11,"28171067,0"
2018-01-12,"28120613,0"
2018-01-13,"28117584,0"
2018-01-14,"28029753,0"
2018-01-15,"28040231,0"
2018-01-16,"28078310,0"
2018-01-17,"28091833,0"
2018-01-18,"28094937,0"
2018-01-19,"27919418,0"
2018-01-20,"27787347,0"
2018-01-21,"27576040,0"
2018-01-22,"27451053,0"
2018-01-23,"27346684,0"
2018-01-24,"27251208,0"
2018-01-25,"27193735,0"
2018-01-26,"27130415,0"
2018-01-27,"27112089,0"
2018-01-28,"27077194,0"
2018-01-29,"27066879,0"
2018-01-30,"27004179,0"
2018-01-31,"27018667,0"
2018-02-01,"27026398,0"
2018-02-02,"26955617,0"
2018-02-03,"26886977,0"
2018-02-04,"26753036,0"
2018-02-05,"26562089,0"
2018-02-06,"26426352,0"
2018-02-07,"26340551,0"
2018-02-08,"26217915,0"
2018-02-09,"26145417,0"
2018-02-10,"26044328,0"
2018-02-11,"25833650,0"
2018-02-12,"25608677,0"
2018-02-13,"25420789,0"
2018-02-14,"25182247,0"
2018-02-15,"25092408,0"
2018-02-16,"24971951,0"
2018-02-17,"24834875,0"
2018-02-18,"24696649,0"
2018-02-19,"24508868,0"
2018-02-20,"24469940,0"
2018-02-21,"24459480,0"
2018-02-22,"24485912,0"
2018-02-23,"24417091,0"
2018-02-24,"24230974,0"
2018-02-25,"24229656,0"
2018-02-26,"24202675,0"
2018-02-27,"24217742,0"
2018-02-28,"24116388,0"
2018-03-01,"24050048,0"
2018-03-02,"24041634,0"
2018-03-03,"23744932,0"
2018-03-04,"23509374,0"
2018-03-05,"23322089,0"
2018-03-06,"23139901,0"
2018-03-07,"22895808,0"
2018-03-08,"22603766,0"
2018-03-09,"22401896,0"
2018-03-10,"22108438,0"
2018-03-11,"21728816,0"
2018-03-12,"21486151,0"
2018-03-13,"21314271,0"
2018-03-14,"21331629,0"
2018-03-15,"21353836,0"
2018-03-16,"21394002,0"
2018-03-17,"21429334,0"
2018-03-18,"21449138,0"
2018-03-19,"21458588,0"
2018-03-20,"21489424,0"
2018-03-21,"21515209,0"
2018-03-22,"21519617,0"
2018-03-23,"21491983,0"
2018-03-24,"21458376,0"
2018-03-25,"21462585,0"
2018-03-26,"21450912,0"
2018-03-27,"21415708,0"
2018-03-28,"21419189,0"
2018-03-29,"21445724,0"
2018-03-30,"21491984,0"
2018-03-31,"21474087,0"
2018-04-01,"21492321,0"
2018-04-02,"21522570,0"
2018-04-03,"21526112,0"
2018-04-04,"21547452,0"
2018-04-05,"21567832,0"
2018-04-06,"21589165,0"
2018-04-07,"21560904,0"
2018-04-08,"21595563,0"
2018-04-09,"21586794,0"
2018-04-10,"21603154,0"
2018-04-11,"21613415,0"
2018-04-12,"21612596,0"
2018-04-13,"21658152,0"
2018-04-14,"21689380,0"
2018-04-15,"21667086,0"
2018-04-16,"21538874,0"
2018-04-17,"21559779,0"
2018-04-18,"21596035,0"
2018-04-19,"21644669,0"
2018-04-20,"21698800,0"
2018-04-21,"21676578,0"
2018-04-22,"21721392,0"
2018-04-23,"21765160,0"
2018-04-24,"21771842,0"
2018-04-25,"21760423,0"
2018-04-26,"21771226,0"
2018-04-27,"21806670,0"
2018-04-28,"21839626,0"
2018-04-29,"21874438,0"
2018-04-30,"21894995,0"
2018-05-01,"21966784,0"
2018-05-02,"21930450,0"
2018-05-03,"21967748,0"
2018-05-04,"21994581,0"
2018-05-05,"22003726,0"
2018-05-06,"22016615,0"
2018-05-07,"21987681,0"
2018-05-08,"21996773,0"
2018-05-09,"22025910,0"
2018-05-10,"22052768,0"
2018-05-11,"21997694,0"
2018-05-12,"22001963,0"
2018-05-13,"22015282,0"
2018-05-14,"22023526,0"
2018-05-15,"22036151,0"
2018-05-16,"22056280,0"
2018-05-17,"22019404,0"
2018-05-18,"21994002,0"
2018-05-19,"22003500,0"
2018-05-20,"22045282,0"
2018-05-21,"22034080,0"
2018-05-22,"22054058,0"
2018-05-23,"22064783,0"
2018-05-24,"22107488,0"
2018-05-25,"22121802,0"
2018-05-26,"22152586,0"
2018-05-27,"22182423,0"
2018-05-28,"22152584,0"
2018-05-29,"22155049,0"
2018-05-30,"22173066,0"
2018-05-31,"22169598,0"
2018-06-01,"22240110,0"
2018-06-02,"22253219,0"
2018-06-03,"22265867,0"
2018-06-04,"22221691,0"
2018-06-05,"22227944,0"
2018-06-06,"22236484,0"
2018-06-07,"22247102,0"
2018-06-08,"22269677,0"
2018-06-09,"22284518,0"
2018-06-10,"22287977,0"
2018-06-11,"22304377,0"
2018-06-12,"22295638,0"
2018-06-13,"22278315,0"
2018-06-14,"22295710,0"
2018-06-15,"22304686,0"
2018-06-16,"22340739,0"
2018-06-17,"22359145,0"
2018-06-18,"22366331,0"
2018-06-19,"22320706,0"
2018-06-20,"22330122,0"
2018-06-21,"22349347,0"
2018-06-22,"22355244,0"
2018-06-23,"22380608,0"
2018-06-24,"22397062,0"
2018-06-25,"22385427,0"
2018-06-26,"22399468,0"
2018-06-27,"22399137,0"
2018-06-28,"22390592,0"
2018-06-29,"22423925,0"
2018-06-30,"22404240,0"
2018-07-01,"22418470,0"
2018-07-02,"22412207,0"
2018-07-03,"22392892,0"
2018-07-04,"22413455,0"
2018-07-05,"22434886,0"
2018-07-06,"22513196,0"
2018-07-07,"22529366,0"
2018-07-08,"22534334,0"
2018-07-09,"22542629,0"
2018-07-10,"22515282,0"
2018-07-11,"22503309,0"
2018-07-12,"22108833,0"
2018-07-13,"21809472,0"
2018-07-14,"21514661,0"
2018-07-15,"21476016,0"
2018-07-16,"21481724,0"
2018-07-17,"21462664,0"
2018-07-18,"21432508,0"
2018-07-19,"21431280,0"
2018-07-20,"21446961,0"
2018-07-21,"21456317,0"
2018-07-22,"21495346,0"
2018-07-23,"21443490,0"
2018-07-24,"21483037,0"
2018-07-25,"21485890,0"
2018-07-26,"21519507,0"
2018-07-27,"21564623,0"
2018-07-28,"21549011,0"
2018-07-29,"21585116,0"
2018-07-30,"21593784,0"
2018-07-31,"21591873,0"
2018-08-01,"21607961,0"
2018-08-02,"21603014,0"
2018-08-03,"21633972,0"
2018-08-04,"21657175,0"
2018-08-05,"21670612,0"
2018-08-06,"21663102,0"
2018-08-07,"21651240,0"
2018-08-08,"21670636,0"
2018-08-09,"21660312,0"
2018-08-10,"21662860,0"
2018-08-11,"21657703,0"
2018-08-12,"21667300,0"
2018-08-13,"21668125,0"
2018-08-14,"21692214,0"
2018-08-15,"21720732,0"
2018-08-16,"21743415,0"
2018-08-17,"21755943,0"
2018-08-18,"21785357,0"
2018-08-19,"21796596,0"
2018-08-20,"21786534,0"
2018-08-21,"21803557,0"
2018-08-22,"21819622,0"
2018-08-23,"21850128,0"
2018-08-24,"21857534,0"
2018-08-25,"21860036,0"
2018-08-26,"21846445,0"
2018-08-27,"21803792,0"
2018-08-28,"21783802,0"
2018-08-29,"21793949,0"
2018-08-30,"21789164,0"
2018-08-31,"21804210,0"
2018-09-01,"21812984,0"
2018-09-02,"21844249,0"
2018-09-03,"21837377,0"
2018-09-04,"21842187,0"
2018-09-05,"21842551,0"
2018-09-06,"21838105,0"
2018-09-07,"21856598,0"
2018-09-08,"21861571,0"
2018-09-09,"21871568,0"
2018-09-10,"21867739,0"
2018-09-11,"21852743,0"
2018-09-12,"21863489,0"
2018-09-13,"21867424,0"
2018-09-14,"21882344,0"
2018-09-15,"21895003,0"
2018-09-16,"21922402,0"
2018-09-17,"21942347,0"
2018-09-18,"21940596,0"
2018-09-19,"21945985,0"
2018-09-20,"21964198,0"
2018-09-21,"21979879,0"
2018-09-22,"22002276,0"
2018-09-23,"22033616,0"
2018-09-24,"22052617,0"
2018-09-25,"22058943,0"
2018-09-26,"22064076,0"
2018-09-27,"22070996,0"
2018-09-28,"22100400,0"
2018-09-29,"22127450,0"
2018-09-30,"22154364,0"
2018-10-01,"22127623,0"
2018-10-02,"22100932,0"
2018-10-03,"22207721,0"
2018-10-04,"22266145,0"
2018-10-05,"22308773,0"
2018-10-06,"22322146,0"
2018-10-07,"22303166,0"
2018-10-08,"22299007,0"
2018-10-09,"22316990,0"
2018-10-10,"22353285,0"
2018-10-11,"22357906,0"
2018-10-12,"22342945,0"
2018-10-13,"22344136,0"
2018-10-14,"22353548,0"
2018-10-15,"22354599,0"
2018-10-16,"22349936,0"
2018-10-17,"22352810,0"
2018-10-18,"22365980,0"
2018-10-19,"22375076,0"
2018-10-20,"22385291,0"
2018-10-21,"22405326,0"
2018-10-22,"22412877,0"
2018-10-23,"22413932,0"
2018-10-24,"22434467,0"
2018-10-25,"22444895,0"
2018-10-26,"22437806,0"
2018-10-27,"22440459,0"
2018-10-28,"22456504,0"
2018-10-29,"22439792,0"
2018-10-30,"22440845,0"
2018-10-31,"22450322,0"
2018-11-01,"22457068,0"
2018-11-02,"22460542,0"
2018-11-03,"22452259,0"
2018-11-04,"22395316,0"
2018-11-05,"22421321,0"
2018-11-06,"22443695,0"
2018-11-07,"22453654,0"
2018-11-08,"22436415,0"
2018-11-09,"22460053,0"
2018-11-10,"22481057,0"
2018-11-11,"22487898,0"
2018-11-12,"22512298,0"
2018-11-13,"22544141,0"
2018-11-14,"22554153,0"
2018-11-15,"22552101,0"
2018-11-16,"22567606,0"
2018-11-17,"22574703,0"
2018-11-18,"22569879,0"
2018-11-19,"22551389,0"
2018-11-20,"22525877,0"
2018-11-21,"22542555,0"
2018-11-22,"22514044,0"
2018-11-23,"22514895,0"
2018-11-24,"22496006,0"
2018-11-25,"22495673,0"
2018-11-26,"22498260,0"
2018-11-27,"22489525,0"
2018-11-28,"22504634,0"
2018-11-29,"22519105,0"
2018-11-30,"22547444,0"
2018-12-01,"22538816,0"
2018-12-02,"22539673,0"
2018-12-03,"22559036,0"
2018-12-04,"22550397,0"
2018-12-05,"22555080,0"
2018-12-06,"22553856,0"
2018-12-07,"22557014,0"
2018-12-08,"22554748,0"
2018-12-09,"22549068,0"
2018-12-10,"22547514,0"
2018-12-11,"22521606,0"
2018-12-12,"22502385,0"
2018-12-13,"22469348,0"
2018-12-14,"22397931,0"
2018-12-15,"22353700,0"
2018-12-16,"22318810,0"
2018-12-17,"22266065,0"
2018-12-18,"22252841,0"
2018-12-19,"22219820,0"
2018-12-20,"22223284,0"
2018-12-21,"22230205,0"
2018-12-22,"22204598,0"
2018-12-23,"22198099,0"
2018-12-24,"22193710,0"
2018-12-25,"22200429,0"
2018-12-26,"22208911,0"
2018-12-27,"22189290,0"
2018-12-28,"22202253,0"
2018-12-29,"22216700,0"
2018-12-30,"22224560,0"
2018-12-31,"22207431,0"
2019-01-01,"22209252,0"
2019-01-02,"22188374,0"
2019-01-03,"22193427,0"
2019-01-04,"22211471,0"
2019-01-05,"22227054,0"
2019-01-06,"22246410,0"
2019-01-07,"22248122,0"
2019-01-08,"22261586,0"
2019-01-09,"22278102,0"
2019-01-10,"22288259,0"
2019-01-11,"22308350,0"
2019-01-12,"22332789,0"
2019-01-13,"22354068,0"
2019-01-14,"22386903,0"
2019-01-15,"22403048,0"
2019-01-16,"22420768,0"
2019-01-17,"22439690,0"
2019-01-18,"22473557,0"
2019-01-19,"22493638,0"
2019-01-20,"22494825,0"
2019-01-21,"22513878,0"
2019-01-22,"22526867,0"
2019-01-23,"22502916,0"
2019-01-24,"22508489,0"
2019-01-25,"22542887,0"
2019-01-26,"22563296,0"
2019-01-27,"22582038,0"
2019-01-28,"22592429,0"
2019-01-29,"22613040,0"
2019-01-30,"22630698,0"
2019-01-31,"22653302,0"
2019-02-01,"22660641,0"
2019-02-02,"22672727,0"
2019-02-03,"22684553,0"
2019-02-04,"22702004,0"
2019-02-05,"22756579,0"
2019-02-06,"22735147,0"
2019-02-07,"22747204,0"
2019-02-08,"22756692,0"
2019-02-09,"22766228,0"
2019-02-10,"22796189,0"
2019-02-11,"22747182,0"
2019-02-12,"22608626,0"
2019-02-13,"22593331,0"
2019-02-14,"22628197,0"
2019-02-15,"22651105,0"
2019-02-16,"22662839,0"
2019-02-17,"22681472,0"
2019-02-18,"22686190,0"
2019-02-19,"22716542,0"
2019-02-20,"22736768,0"
2019-02-21,"22770543,0"
2019-02-22,"22759976,0"
2019-02-23,"22797752,0"
2019-02-24,"22820912,0"
2019-02-25,"22831681,0"
2019-02-26,"22855425,0"
2019-02-27,"22873925,0"
2019-02-28,"22883339,0"
2019-03-01,"22908113,0"
2019-03-02,"22940780,0"
2019-03-03,"22957380,0"
2019-03-04,"22962297,0"
2019-03-05,"22983577,0"
2019-03-06,"22965995,0"
2019-03-07,"22988895,0"
2019-03-08,"23009731,0"
2019-03-09,"23053809,0"
2019-03-10,"23080614,0"
2019-03-11,"23102305,0"
2019-03-12,"23137524,0"
2019-03-13,"23126099,0"
2019-03-14,"23133186,0"
2019-03-15,"23168759,0"
2019-03-16,"23199200,0"
2019-03-17,"23237386,0"
2019-03-18,"23256651,0"
2019-03-19,"23272140,0"
2019-03-20,"23270409,0"
2019-03-21,"23293443,0"
2019-03-22,"23311761,0"
2019-03-23,"23345063,0"
2019-03-24,"23358344,0"
2019-03-25,"23371539,0"
2019-03-26,"23416734,0"
2019-03-27,"23440305,0"
2019-03-28,"23475135,0"
2019-03-29,"23508614,0"
2019-03-30,"23530330,0"
2019-03-31,"23540277,0"
2019-04-01,"23588612,0"
2019-04-02,"23641497,0"
2019-04-03,"23663040,0"
2019-04-04,"23705107,0"
2019-04-05,"23696229,0"
2019-04-06,"23678509,0"
2019-04-07,"23691479,0"
2019-04-08,"23729311,0"
2019-04-09,"23746666,0"
2019-04-10,"23789190,0"
2019-04-11,"23844486,0"
2019-04-12,"23861875,0"
2019-04-13,"23906213,0"
2019-04-14,"23907236,0"
2019-04-15,"23920981,0"
2019-04-16,"23920489,0"
2019-04-17,"23937802,0"
2019-04-18,"23974507,0"
2019-04-19,"24023970,0"
2019-04-20,"23975220,0"
2019-04-21,"23887622,0"
2019-04-22,"23936616,0"
2019-04-23,"23998277,0"
2019-04-24,"24001751,0"
2019-04-25,"24052914,0"
2019-04-26,"24094574,0"
2019-04-27,"24127674,0"
2019-04-28,"24159495,0"
2019-04-29,"24175134,0"
2019-04-30,"24174581,0"
2019-05-01,"24195478,0"
2019-05-02,"24205485,0"
2019-05-03,"24238270,0"
2019-05-04,"24278435,0"
2019-05-05,"24307768,0"
2019-05-06,"24331689,0"
2019-05-07,"24390533,0"
2019-05-08,"24426393,0"
2019-05-09,"24466279,0"
2019-05-10,"24560521,0"
2019-05-11,"24590255,0"
2019-05-12,"24536390,0"
2019-05-13,"24563388,0"
2019-05-14,"24622489,0"
2019-05-15,"24713125,0"
2019-05-16,"24798456,0"
2019-05-17,"24828208,0"
2019-05-18,"24792246,0"
2019-05-19,"24779876,0"
2019-05-20,"24818120,0"
2019-05-21,"24846355,0"
2019-05-22,"24863268,0"
2019-05-23,"24902726,0"
2019-05-24,"24915242,0"
2019-05-25,"24919192,0"
2019-05-26,"24925276,0"
2019-05-27,"24945439,0"
2019-05-28,"24951154,0"
2019-05-29,"25002025,0"
2019-05-30,"25041767,0"
2019-05-31,"25125974,0"
2019-06-01,"25077413,0"
2019-06-02,"25077066,0"
2019-06-03,"25125088,0"
2019-06-04,"25174161,0"
2019-06-05,"25167934,0"
2019-06-06,"25183252,0"
2019-06-07,"25169558,0"
2019-06-08,"25194472,0"
2019-06-09,"25231090,0"
2019-06-10,"25267406,0"
2019-06-11,"25287493,0"
2019-06-12,"25323059,0"
2019-06-13,"25347961,0"
2019-06-14,"25314412,0"
2019-06-15,"25304003,0"
2019-06-16,"25329815,0"
2019-06-17,"25409177,0"
2019-06-18,"25420064,0"
2019-06-19,"25431649,0"
2019-06-20,"25489415,0"
2019-06-21,"25547637,0"
2019-06-22,"25609137,0"
2019-06-23,"25561440,0"
2019-06-24,"25511254,0"
2019-06-25,"25566111,0"
2019-06-26,"25639217,0"
2019-06-27,"25748196,0"
2019-06-28,"25749405,0"
2019-06-29,"25702418,0"
2019-06-30,"25712220,0"
2019-07-01,"25754456,0"
2019-07-02,"25782049,0"
2019-07-03,"25784352,0"
2019-07-04,"25791745,0"
2019-07-05,"25823877,0"
2019-07-06,"25884303,0"
2019-07-07,"25901044,0"
2019-07-08,"25935967,0"
2019-07-09,"25979192,0"
2019-07-10,"26042170,0"
2019-07-11,"26090262,0"
2019-07-12,"26076489,0"
2019-07-13,"26080052,0"
2019-07-14,"26089354,0"
2019-07-15,"26132376,0"
2019-07-16,"26166432,0"
2019-07-17,"26209708,0"
2019-07-18,"26280079,0"
2019-07-19,"26312917,0"
2019-07-20,"26286496,0"
2019-07-21,"26302879,0"
2019-07-22,"26333076,0"
2019-07-23,"26353781,0"
2019-07-24,"26307464,0"
2019-07-25,"26309772,0"
2019-07-26,"26341154,0"
2019-07-27,"26369372,0"
2019-07-28,"26381458,0"
2019-07-29,"26374683,0"
2019-07-30,"26389237,0"
2019-07-31,"26394251,0"
2019-08-01,"26397905,0"
2019-08-02,"26406791,0"
2019-08-03,"26430894,0"
2019-08-04,"26435509,0"
2019-08-05,"26457129,0"
2019-08-06,"26460805,0"
2019-08-07,"26468988,0"
2019-08-08,"26427257,0"
2019-08-09,"26447462,0"
2019-08-10,"26460569,0"
2019-08-11,"26483898,0"
2019-08-12,"26496080,0"
2019-08-13,"26416890,0"
2019-08-14,"26407043,0"
2019-08-15,"26423300,0"
2019-08-16,"26458170,0"
2019-08-17,"26493340,0"
2019-08-18,"26525820,0"
2019-08-19,"26540823,0"
2019-08-20,"26555514,0"
2019-08-21,"26607913,0"
2019-08-22,"26623881,0"
2019-08-23,"26630112,0"
2019-08-24,"26549862,0"
2019-08-25,"26581947,0"
2019-08-26,"26590445,0"
2019-08-27,"26597659,0"
2019-08-28,"26608330,0"
2019-08-29,"26616540,0"
2019-08-30,"26623566,0"
2019-08-31,"26652645,0"
2019-09-01,"26670795,0"
2019-09-02,"26676533,0"
2019-09-03,"26704532,0"
2019-09-04,"26707874,0"
2019-09-05,"26727019,0"
2019-09-06,"26753680,0"
2019-09-07,"26784904,0"
2019-09-08,"26821466,0"
2019-09-09,"26792679,0"
2019-09-10,"26764821,0"
2019-09-11,"26735636,0"
2019-09-12,"26768253,0"
2019-09-13,"26765367,0"
2019-09-14,"26789560,0"
2019-09-15,"26815851,0"
2019-09-16,"26815358,0"
2019-09-17,"26813032,0"
2019-09-18,"26742227,0"
2019-09-19,"26774882,0"
2019-09-20,"26806607,0"
2019-09-21,"26834429,0"
2019-09-22,"26878649,0"
2019-09-23,"26907821,0"
2019-09-24,"26886370,0"
2019-09-25,"26863403,0"
2019-09-26,"26868048,0"
2019-09-27,"26894123,0"
2019-09-28,"26912384,0"
2019-09-29,"26946684,0"
2019-09-30,"26954498,0"
2019-10-01,"26968065,0"
2019-10-02,"26993198,0"
2019-10-03,"27014610,0"
2019-10-04,"27052394,0"
2019-10-05,"27080980,0"
2019-10-06,"27119623,0"
2019-10-07,"27121032,0"
2019-10-08,"27134706,0"
2019-10-09,"27165096,0"
2019-10-10,"27187106,0"
2019-10-11,"27212951,0"
2019-10-12,"27254022,0"
2019-10-13,"27299207,0"
2019-10-14,"27321144,0"
2019-10-15,"27347396,0"
2019-10-16,"27358418,0"
2019-10-17,"27347736,0"
2019-10-18,"27382206,0"
2019-10-19,"27431571,0"
2019-10-20,"27469158,0"
2019-10-21,"27493874,0"
2019-10-22,"27516431,0"
2019-10-23,"27525003,0"
2019-10-24,"27531431,0"
2019-10-25,"27535611,0"
2019-10-26,"27534096,0"
2019-10-27,"27565380,0"
2019-10-28,"27569364,0"
2019-10-29,"27582757,0"
2019-10-30,"27607990,0"
2019-10-31,"27614439,0"
2019-11-01,"27609940,0"
2019-11-02,"27642006,0"
2019-11-03,"27667594,0"
2019-11-04,"27696503,0"
2019-11-05,"27704150,0"
2019-11-06,"27652895,0"
2019-11-07,"27637437,0"
2019-11-08,"27664395,0"
2019-11-09,"27666006,0"
2019-11-10,"27691939,0"
2019-11-11,"27710482,0"
2019-11-12,"27740722,0"
2019-11-13,"27751167,0"
2019-11-14,"27746740,0"
2019-11-15,"27796663,0"
2019-11-16,"27822902,0"
2019-11-17,"27836570,0"
2019-11-18,"27869049,0"
2019-11-19,"27817806,0"
2019-11-20,"27851149,0"
2019-11-21,"27858981,0"
2019-11-22,"27885681,0"
2019-11-23,"27913236,0"
2019-11-24,"27968737,0"
2019-11-25,"28002612,0"
2019-11-26,"28018784,0"
2019-11-27,"27975061,0"
2019-11-28,"28009745,0"
2019-11-29,"28039193,0"
2019-11-30,"28057986,0"
2019-12-01,"28107406,0"
2019-12-02,"28135302,0"
2019-12-03,"28163592,0"
2019-12-04,"28193053,0"
2019-12-05,"28200033,0"
2019-12-06,"28188877,0"
2019-12-07,"28179012,0"
2019-12-08,"28197834,0"
2019-12-09,"28166066,0"
2019-12-10,"28119374,0"
2019-12-11,"28052393,0"
2019-12-12,"28064405,0"
2019-12-13,"28085729,0"
2019-12-14,"28107669,0"
2019-12-15,"28068728,0"
2019-12-16,"28034710,0"
2019-12-17,"27906393,0"
2019-12-18,"27933199,0"
2019-12-19,"27944889,0"
2019-12-20,"27986222,0"
2019-12-21,"28030964,0"
2019-12-22,"28049304,0"
2019-12-23,"28058260,0"
2019-12-24,"28075024,0"
2019-12-25,"28085559,0"
2019-12-26,"28100542,0"
2019-12-27,"28127533,0"
2019-12-28,"28170791,0"
2019-12-29,"28205218,0"
2019-12-30,"28218051,0"
2019-12-31,"28216304,0"
2020-01-01,"28240856,0"
2020-01-02,"28219161,0"
2020-01-03,"28219546,0"
2020-01-04,"28246801,0"
2020-01-05,"28286216,0"
2020-01-06,"28284180,0"
2020-01-07,"28301686,0"
2020-01-08,"28333889,0"
2020-01-09,"28319990,0"
2020-01-10,"28361736,0"
2020-01-11,"28418777,0"
2020-01-12,"28456961,0"
2020-01-13,"28473361,0"
2020-01-14,"28474777,0"
2020-01-15,"28504940,0"
2020-01-16,"28534105,0"
2020-01-17,"28552832,0"
2020-01-18,"28606538,0"
2020-01-19,"28633658,0"
2020-01-20,"28640723,0"
2020-01-21,"28637124,0"
2020-01-22,"28621888,0"
2020-01-23,"28606001,0"
2020-01-24,"28614361,0"
2020-01-25,"28602680,0"
2020-01-26,"28623875,0"
2020-01-27,"28622289,0"
2020-01-28,"28609080,0"
2020-01-29,"28626299,0"
2020-01-30,"28644769,0"
2020-01-31,"28655025,0"
2020-02-01,"28667534,0"
2020-02-02,"28642442,0"
2020-02-03,"28586443,0"
2020-02-04,"28597142,0"
2020-02-05,"28607304,0"
2020-02-06,"28634518,0"
2020-02-07,"28609247,0"
2020-02-08,"28627624,0"
2020-02-09,"28657804,0"
2020-02-10,"28700548,0"
2020-02-11,"28696420,0"
2020-02-12,"28728407,0"
2020-02-13,"28733920,0"
2020-02-14,"28781700,0"
2020-02-15,"28809802,0"
2020-02-16,"28823651,0"
2020-02-17,"28843665,0"
2020-02-18,"28850270,0"
2020-02-19,"28857986,0"
2020-02-20,"28864722,0"
2020-02-21,"28881068,0"
2020-02-22,"28934582,0"
2020-02-23,"28970186,0"
2020-02-24,"28983107,0"
2020-02-25,"29025377,0"
2020-02-26,"29054885,0"
2020-02-27,"29065360,0"
2020-02-28,"29095380,0"
2020-02-29,"29142091,0"
2020-03-01,"29175346,0"
2020-03-02,"29189957,0"
2020-03-03,"29180976,0"
2020-03-04,"29202005,0"
2020-03-05,"29235521,0"
2020-03-06,"29254496,0"
2020-03-07,"29303022,0"
2020-03-08,"29349471,0"
2020-03-09,"29367893,0"
2020-03-10,"29379152,0"
2020-03-11,"29407113,0"
2020-03-12,"29415802,0"
2020-03-13,"29447250,0"
2020-03-14,"29420297,0"
2020-03-15,"29381298,0"
2020-03-16,"29420540,0"
2020-03-17,"29438563,0"
2020-03-18,"29499465,0"
2020-03-19,"29551050,0"
2020-03-20,"29625228,0"
2020-03-21,"29641303,0"
2020-03-22,"29676616,0"
2020-03-23,"29721365,0"
2020-03-24,"29743162,0"
2020-03-25,"29825541,0"
2020-03-26,"29722627,0"
2020-03-27,"29635824,0"
2020-03-28,"29685172,0"
2020-03-29,"29725919,0"
2020-03-30,"29711023,0"
2020-03-31,"29670872,0"
2020-04-01,"29641552,0"
2020-04-02,"29648867,0"
2020-04-03,"29673695,0"
2020-04-04,"29702574,0"
2020-04-05,"29755721,0"
2020-04-06,"29777662,0"
2020-04-07,"29676825,0"
2020-04-08,"29688035,0"
2020-04-09,"29730005,0"
2020-04-10,"29763674,0"
2020-04-11,"29805025,0"
2020-04-12,"29829314,0"
2020-04-13,"29824976,0"
2020-04-14,"29819691,0"
2020-04-15,"29747079,0"
2020-04-16,"29777740,0"
2020-04-17,"29769883,0"
2020-04-18,"29702669,0"
2020-04-19,"29687804,0"
2020-04-20,"29708617,0"
2020-04-21,"29750473,0"
2020-04-22,"29838058,0"
2020-04-23,"29858180,0"
2020-04-24,"29900044,0"
2020-04-25,"29906794,0"
2020-04-26,"29941409,0"
2020-04-27,"29975782,0"
2020-04-28,"29960959,0"
2020-04-29,"30052183,0"
2020-04-30,"30131758,0"
2020-05-01,"30183065,0"
2020-05-02,"30058099,0"
2020-05-03,"29973531,0"
2020-05-04,"30019470,0"
2020-05-05,"30000239,0"
2020-05-06,"30001763,0"
2020-05-07,"30010323,0"
2020-05-08,"30054087,0"
2020-05-09,"30071290,0"
2020-05-10,"30032965,0"
2020-05-11,"29997062,0"
2020-05-12,"30031167,0"
2020-05-13,"30092139,0"
2020-05-14,"30112577,0"
2020-05-15,"30172962,0"
2020-05-16,"30157786,0"
2020-05-17,"30128322,0"
2020-05-18,"30065491,0"
2020-05-19,"30044089,0"
2020-05-20,"30064747,0"
2020-05-21,"30057447,0"
2020-05-22,"30114083,0"
2020-05-23,"30092952,0"
2020-05-24,"29979912,0"
2020-05-25,"29956666,0"
2020-05-26,"29969681,0"
2020-05-27,"29932344,0"
2020-05-28,"29965528,0"
2020-05-29,"29981737,0"
2020-05-30,"29895446,0"
2020-05-31,"29817337,0"
2020-06-01,"29828918,0"
2020-06-02,"29879819,0"
2020-06-03,"29878122,0"
2020-06-04,"29877316,0"
2020-06-05,"29880141,0"
2020-06-06,"29895323,0"
2020-06-07,"29915048,0"
2020-06-08,"29845350,0"
2020-06-09,"29831193,0"
2020-06-10,"29857830,0"
2020-06-11,"29826820,0"
2020-06-12,"29844712,0"
2020-06-13,"29815312,0"
2020-06-14,"29852735,0"
2020-06-15,"29891677,0"
2020-06-16,"29904348,0"
2020-06-17,"29956634,0"
2020-06-18,"29968084,0"
2020-06-19,"29991834,0"
2020-06-20,"30022597,0"
2020-06-21,"30006856,0"
2020-06-22,"30067257,0"
2020-06-23,"30051800,0"
2020-06-24,"30036525,0"
2020-06-25,"30074700,0"
2020-06-26,"30061199,0"
2020-06-27,"30075681,0"
2020-06-28,"30119837,0"
2020-06-29,"30090768,0"
2020-06-30,"30092396,0"
2020-07-01,"30101438,0"
2020-07-02,"30110543,0"
2020-07-03,"30119416,0"
2020-07-04,"30115031,0"
2020-07-05,"30081261,0"
2020-07-06,"30070410,0"
2020-07-07,"30124402,0"
2020-07-08,"30138971,0"
2020-07-09,"30128499,0"
2020-07-10,"30129302,0"
2020-07-11,"30107761,0"
2020-07-12,"30123965,0"
2020-07-13,"30167028,0"
2020-07-14,"30248829,0"
2020-07-15,"30287500,0"
2020-07-16,"30361712,0"
2020-07-17,"30454308,0"
2020-07-18,"30497165,0"
2020-07-19,"30435808,0"
2020-07-20,"30457790,0"
2020-07-21,"30530268,0"
2020-07-22,"30609150,0"
2020-07-23,"30660462,0"
2020-07-24,"30667354,0"
2020-07-25,"30616455,0"
2020-07-26,"30503004,0"
2020-07-27,"30530730,0"
2020-07-28,"30590889,0"
2020-07-29,"30628422,0"
2020-07-30,"30693835,0"
2020-07-31,"30714599,0"
2020-08-01,"30701341,0"
2020-08-02,"30649673,0"
2020-08-03,"30606174,0"
2020-08-04,"30652623,0"
2020-08-05,"30692983,0"
2020-08-06,"30688418,0"
2020-08-07,"30677172,0"
2020-08-08,"30634267,0"
2020-08-09,"30559575,0"
2020-08-10,"30612222,0"
2020-08-11,"30632020,0"
2020-08-12,"30627596,0"
2020-08-13,"30697670,0"
2020-08-14,"30716848,0"
2020-08-15,"30714291,0"
2020-08-16,"30651284,0"
2020-08-17,"30751830,0"
2020-08-18,"30846335,0"
2020-08-19,"30920284,0"
2020-08-20,"30970152,0"
2020-08-21,"30885230,0"
2020-08-22,"30894923,0"
2020-08-23,"30809720,0"
2020-08-24,"30876510,0"
2020-08-25,"30943121,0"
2020-08-26,"30953887,0"
2020-08-27,"31055883,0"
2020-08-28,"31032438,0"
2020-08-29,"30957764,0"
2020-08-30,"30940973,0"
2020-08-31,"31007665,0"
2020-09-01,"31114943,0"
2020-09-02,"31179314,0"
2020-09-03,"31246298,0"
2020-09-04,"31251109,0"
2020-09-05,"31282312,0"
2020-09-06,"31123319,0"
2020-09-07,"31009419,0"
2020-09-08,"31046954,0"
2020-09-09,"31096380,0"
2020-09-10,"31079651,0"
2020-09-11,"31120094,0"
2020-09-12,"31107034,0"
2020-09-13,"31109984,0"
2020-09-14,"31124150,0"
2020-09-15,"31221864,0"
2020-09-16,"31257276,0"
2020-09-17,"31209161,0"
2020-09-18,"31255251,0"
2020-09-19,"31270899,0"
2020-09-20,"31253016,0"
2020-09-21,"31280331,0"
2020-09-22,"31334598,0"
2020-09-23,"31407110,0"
2020-09-24,"31477604,0"
2020-09-25,"31414215,0"
2020-09-26,"31333306,0"
2020-09-27,"31340841,0"
2020-09-28,"31414046,0"
2020-09-29,"31513817,0"
2020-09-30,"31494071,0"
2020-10-01,"31580322,0"
2020-10-02,"31623554,0"
2020-10-03,"31557977,0"
2020-10-04,"31476205,0"
2020-10-05,"31491589,0"
2020-10-06,"31553910,0"
2020-10-07,"31598394,0"
2020-10-08,"31600037,0"
2020-10-09,"31638180,0"
2020-10-10,"31650820,0"
2020-10-11,"31663200,0"
2020-10-12,"31685193,0"
2020-10-13,"31696248,0"
2020-10-14,"31757961,0"
2020-10-15,"31797799,0"
2020-10-16,"31849948,0"
2020-10-17,"31871149,0"
2020-10-18,"31908804,0"
2020-10-19,"32002130,0"
2020-10-20,"32078149,0"
2020-10-21,"32121994,0"
2020-10-22,"32215262,0"
2020-10-23,"32296038,0"
2020-10-24,"32172434,0"
2020-10-25,"32138533,0"
2020-10-26,"32210715,0"
2020-10-27,"32320022,0"
2020-10-28,"32446516,0"
2020-10-29,"32563006,0"
2020-10-30,"32642515,0"
2020-10-31,"32704549,0"
2020-11-01,"32721339,0"
2020-11-02,"32784298,0"
2020-11-03,"32849437,0"
2020-11-04,"32725036,0"
2020-11-05,"32750311,0"
2020-11-06,"32779676,0"
2020-11-07,"32643365,0"
2020-11-08,"32572731,0"
2020-11-09,"32428760,0"
2020-11-10,"32424595,0"
2020-11-11,"32453384,0"
2020-11-12,"32460139,0"
2020-11-13,"32492277,0"
2020-11-14,"32497576,0"
2020-11-15,"32479715,0"
2020-11-16,"32473955,0"
2020-11-17,"32506599,0"
2020-11-18,"32525162,0"
2020-11-19,"32544167,0"
2020-11-20,"32512396,0"
2020-11-21,"32480395,0"
2020-11-22,"32493211,0"
2020-11-23,"32522917,0"
2020-11-24,"32637197,0"
2020-11-25,"32730227,0"
2020-11-26,"32720757,0"
2020-11-27,"32675862,0"
2020-11-28,"32586624,0"
2020-11-29,"32586946,0"
2020-11-30,"32659333,0"
2020-12-01,"32764603,0"
2020-12-02,"32888334,0"
2020-12-03,"32882997,0"
2020-12-04,"32889759,0"
2020-12-05,"32778352,0"
2020-12-06,"32738941,0"
2020-12-07,"32753094,0"
2020-12-08,"32798424,0"
2020-12-09,"32861238,0"
2020-12-10,"32923687,0"
2020-12-11,"32913650,0"
2020-12-12,"32922420,0"
2020-12-13,"32895566,0"
2020-12-14,"32959358,0"
2020-12-15,"32998200,0"
2020-12-16,"33057526,0"
2020-12-17,"33176605,0"
2020-12-18,"33275082,0"
2020-12-19,"33262208,0"
2020-12-20,"33157050,0"
2020-12-21,"33047778,0"
2020-12-22,"33068915,0"
2020-12-23,"33111216,0"
2020-12-24,"33117973,0"
2020-12-25,"33073258,0"
2020-12-26,"33075652,0"
2020-12-27,"33070470,0"
2020-12-28,"33024571,0"
2020-12-29,"33035139,0"
