Date,indicators/sol_1d_1w
2009-01-03,"0,0"
2009-01-04,"0,0"
2009-01-05,"0,0"
2009-01-06,"0,0"
2009-01-07,"0,0"
2009-01-08,"0,0"
2009-01-09,"0,0"
2009-01-10,"0,0"
2009-01-11,"0,0"
2009-01-12,"1,0"
2009-01-13,"0,0"
2009-01-14,"3,0"
2009-01-15,"8,0"
2009-01-16,"4,0"
2009-01-17,"0,0"
2009-01-18,"3,0"
2009-01-19,"16,0"
2009-01-20,"8,0"
2009-01-21,"2,0"
2009-01-22,"8,0"
2009-01-23,"8,0"
2009-01-24,"10,0"
2009-01-25,"1,0"
2009-01-26,"20,0"
2009-01-27,"3,0"
2009-01-28,"0,0"
2009-01-29,"12,0"
2009-01-30,"0,0"
2009-01-31,"0,0"
2009-02-01,"2,0"
2009-02-02,"0,0"
2009-02-03,"3,0"
2009-02-04,"0,0"
2009-02-05,"0,0"
2009-02-06,"0,0"
2009-02-07,"6,0"
2009-02-08,"0,0"
2009-02-09,"25,0"
2009-02-10,"0,0"
2009-02-11,"8,0"
2009-02-12,"0,0"
2009-02-13,"0,0"
2009-02-14,"0,0"
2009-02-15,"5,0"
2009-02-16,"27,0"
2009-02-17,"0,0"
2009-02-18,"0,0"
2009-02-19,"15,0"
2009-02-20,"0,0"
2009-02-21,"0,0"
2009-02-22,"7,0"
2009-02-23,"0,0"
2009-02-24,"0,0"
2009-02-25,"0,0"
2009-02-26,"0,0"
2009-02-27,"27,0"
2009-02-28,"7,0"
2009-03-01,"0,0"
2009-03-02,"0,0"
2009-03-03,"6,0"
2009-03-04,"22,0"
2009-03-05,"8,0"
2009-03-06,"0,0"
2009-03-07,"0,0"
2009-03-08,"22,0"
2009-03-09,"0,0"
2009-03-10,"0,0"
2009-03-11,"0,0"
2009-03-12,"3,0"
2009-03-13,"13,0"
2009-03-14,"0,0"
2009-03-15,"0,0"
2009-03-16,"17,0"
2009-03-17,"0,0"
2009-03-18,"13,0"
2009-03-19,"0,0"
2009-03-20,"12,0"
2009-03-21,"0,0"
2009-03-22,"7,0"
2009-03-23,"0,0"
2009-03-24,"0,0"
2009-03-25,"0,0"
2009-03-26,"28,0"
2009-03-27,"0,0"
2009-03-28,"16,0"
2009-03-29,"0,0"
2009-03-30,"0,0"
2009-03-31,"31,0"
2009-04-01,"0,0"
2009-04-02,"0,0"
2009-04-03,"0,0"
2009-04-04,"0,0"
2009-04-05,"15,0"
2009-04-06,"0,0"
2009-04-07,"0,0"
2009-04-08,"0,0"
2009-04-09,"0,0"
2009-04-10,"0,0"
2009-04-11,"7,0"
2009-04-12,"2,0"
2009-04-13,"1,0"
2009-04-14,"0,0"
2009-04-15,"0,0"
2009-04-16,"0,0"
2009-04-17,"0,0"
2009-04-18,"2,0"
2009-04-19,"3,0"
2009-04-20,"14,0"
2009-04-21,"1,0"
2009-04-22,"0,0"
2009-04-23,"0,0"
2009-04-24,"0,0"
2009-04-25,"0,0"
2009-04-26,"13,0"
2009-04-27,"0,0"
2009-04-28,"0,0"
2009-04-29,"12,0"
2009-04-30,"0,0"
2009-05-01,"0,0"
2009-05-02,"7,0"
2009-05-03,"1,0"
2009-05-04,"29,0"
2009-05-05,"10,0"
2009-05-06,"0,0"
2009-05-07,"0,0"
2009-05-08,"0,0"
2009-05-09,"0,0"
2009-05-10,"0,0"
2009-05-11,"2,0"
2009-05-12,"0,0"
2009-05-13,"2,0"
2009-05-14,"3,0"
2009-05-15,"0,0"
2009-05-16,"0,0"
2009-05-17,"0,0"
2009-05-18,"0,0"
2009-05-19,"0,0"
2009-05-20,"0,0"
2009-05-21,"0,0"
2009-05-22,"0,0"
2009-05-23,"0,0"
2009-05-24,"0,0"
2009-05-25,"0,0"
2009-05-26,"0,0"
2009-05-27,"0,0"
2009-05-28,"0,0"
2009-05-29,"18,0"
2009-05-30,"0,0"
2009-05-31,"0,0"
2009-06-01,"0,0"
2009-06-02,"0,0"
2009-06-03,"0,0"
2009-06-04,"0,0"
2009-06-05,"0,0"
2009-06-06,"0,0"
2009-06-07,"0,0"
2009-06-08,"0,0"
2009-06-09,"0,0"
2009-06-10,"0,0"
2009-06-11,"0,0"
2009-06-12,"0,0"
2009-06-13,"0,0"
2009-06-14,"0,0"
2009-06-15,"0,0"
2009-06-16,"0,0"
2009-06-17,"0,0"
2009-06-18,"0,0"
2009-06-19,"0,0"
2009-06-20,"0,0"
2009-06-21,"0,0"
2009-06-22,"7,0"
2009-06-23,"0,0"
2009-06-24,"0,0"
2009-06-25,"14,0"
2009-06-26,"0,0"
2009-06-27,"0,0"
2009-06-28,"1,0"
2009-06-29,"1,0"
2009-06-30,"2,0"
2009-07-01,"2,0"
2009-07-02,"1,0"
2009-07-03,"0,0"
2009-07-04,"0,0"
2009-07-05,"0,0"
2009-07-06,"0,0"
2009-07-07,"0,0"
2009-07-08,"0,0"
2009-07-09,"0,0"
2009-07-10,"0,0"
2009-07-11,"0,0"
2009-07-12,"0,0"
2009-07-13,"0,0"
2009-07-14,"0,0"
2009-07-15,"0,0"
2009-07-16,"0,0"
2009-07-17,"0,0"
2009-07-18,"0,0"
2009-07-19,"0,0"
2009-07-20,"16,0"
2009-07-21,"0,0"
2009-07-22,"0,0"
2009-07-23,"0,0"
2009-07-24,"0,0"
2009-07-25,"0,0"
2009-07-26,"0,0"
2009-07-27,"0,0"
2009-07-28,"0,0"
2009-07-29,"2,0"
2009-07-30,"1,0"
2009-07-31,"0,0"
2009-08-01,"0,0"
2009-08-02,"0,0"
2009-08-03,"0,0"
2009-08-04,"0,0"
2009-08-05,"0,0"
2009-08-06,"0,0"
2009-08-07,"40,0"
2009-08-08,"0,0"
2009-08-09,"0,0"
2009-08-10,"0,0"
2009-08-11,"0,0"
2009-08-12,"0,0"
2009-08-13,"0,0"
2009-08-14,"0,0"
2009-08-15,"0,0"
2009-08-16,"0,0"
2009-08-17,"0,0"
2009-08-18,"0,0"
2009-08-19,"0,0"
2009-08-20,"0,0"
2009-08-21,"0,0"
2009-08-22,"0,0"
2009-08-23,"0,0"
2009-08-24,"0,0"
2009-08-25,"0,0"
2009-08-26,"0,0"
2009-08-27,"0,0"
2009-08-28,"0,0"
2009-08-29,"0,0"
2009-08-30,"1,0"
2009-08-31,"6,0"
2009-09-01,"0,0"
2009-09-02,"0,0"
2009-09-03,"14,0"
2009-09-04,"0,0"
2009-09-05,"0,0"
2009-09-06,"0,0"
2009-09-07,"13,0"
2009-09-08,"0,0"
2009-09-09,"0,0"
2009-09-10,"0,0"
2009-09-11,"0,0"
2009-09-12,"0,0"
2009-09-13,"0,0"
2009-09-14,"0,0"
2009-09-15,"0,0"
2009-09-16,"0,0"
2009-09-17,"24,0"
2009-09-18,"0,0"
2009-09-19,"0,0"
2009-09-20,"0,0"
2009-09-21,"0,0"
2009-09-22,"25,0"
2009-09-23,"0,0"
2009-09-24,"0,0"
2009-09-25,"26,0"
2009-09-26,"0,0"
2009-09-27,"16,0"
2009-09-28,"0,0"
2009-09-29,"42,0"
2009-09-30,"0,0"
2009-10-01,"0,0"
2009-10-02,"10,0"
2009-10-03,"0,0"
2009-10-04,"0,0"
2009-10-05,"0,0"
2009-10-06,"14,0"
2009-10-07,"0,0"
2009-10-08,"0,0"
2009-10-09,"0,0"
2009-10-10,"0,0"
2009-10-11,"0,0"
2009-10-12,"2,0"
2009-10-13,"0,0"
2009-10-14,"0,0"
2009-10-15,"0,0"
2009-10-16,"41,0"
2009-10-17,"0,0"
2009-10-18,"7,0"
2009-10-19,"0,0"
2009-10-20,"25,0"
2009-10-21,"4,0"
2009-10-22,"40,0"
2009-10-23,"0,0"
2009-10-24,"7,0"
2009-10-25,"0,0"
2009-10-26,"0,0"
2009-10-27,"16,0"
2009-10-28,"0,0"
2009-10-29,"30,0"
2009-10-30,"0,0"
2009-10-31,"0,0"
2009-11-01,"0,0"
2009-11-02,"0,0"
2009-11-03,"0,0"
2009-11-04,"28,0"
2009-11-05,"0,0"
2009-11-06,"0,0"
2009-11-07,"0,0"
2009-11-08,"0,0"
2009-11-09,"0,0"
2009-11-10,"0,0"
2009-11-11,"40,0"
2009-11-12,"0,0"
2009-11-13,"11,0"
2009-11-14,"0,0"
2009-11-15,"0,0"
2009-11-16,"0,0"
2009-11-17,"0,0"
2009-11-18,"0,0"
2009-11-19,"76,0"
2009-11-20,"0,0"
2009-11-21,"0,0"
2009-11-22,"0,0"
2009-11-23,"0,0"
2009-11-24,"0,0"
2009-11-25,"0,0"
2009-11-26,"0,0"
2009-11-27,"0,0"
2009-11-28,"0,0"
2009-11-29,"0,0"
2009-11-30,"0,0"
2009-12-01,"3,0"
2009-12-02,"0,0"
2009-12-03,"0,0"
2009-12-04,"0,0"
2009-12-05,"6,0"
2009-12-06,"2,0"
2009-12-07,"0,0"
2009-12-08,"29,0"
2009-12-09,"14,0"
2009-12-10,"0,0"
2009-12-11,"0,0"
2009-12-12,"67,0"
2009-12-13,"0,0"
2009-12-14,"98,0"
2009-12-15,"8,0"
2009-12-16,"17,0"
2009-12-17,"0,0"
2009-12-18,"0,0"
2009-12-19,"1,0"
2009-12-20,"0,0"
2009-12-21,"1,0"
2009-12-22,"0,0"
2009-12-23,"0,0"
2009-12-24,"0,0"
2009-12-25,"0,0"
2009-12-26,"0,0"
2009-12-27,"4,0"
2009-12-28,"0,0"
2009-12-29,"0,0"
2009-12-30,"0,0"
2009-12-31,"0,0"
2010-01-01,"2,0"
2010-01-02,"0,0"
2010-01-03,"0,0"
2010-01-04,"0,0"
2010-01-05,"0,0"
2010-01-06,"0,0"
2010-01-07,"0,0"
2010-01-08,"0,0"
2010-01-09,"0,0"
2010-01-10,"0,0"
2010-01-11,"0,0"
2010-01-12,"27,0"
2010-01-13,"0,0"
2010-01-14,"0,0"
2010-01-15,"5,0"
2010-01-16,"6,0"
2010-01-17,"0,0"
2010-01-18,"1,0"
2010-01-19,"0,0"
2010-01-20,"0,0"
2010-01-21,"0,0"
2010-01-22,"1,0"
2010-01-23,"1,0"
2010-01-24,"1,0"
2010-01-25,"51,0"
2010-01-26,"11,0"
2010-01-27,"9,0"
2010-01-28,"11,0"
2010-01-29,"4,0"
2010-01-30,"28,0"
2010-01-31,"9,0"
2010-02-01,"7,0"
2010-02-02,"18,0"
2010-02-03,"6,0"
2010-02-04,"23,0"
2010-02-05,"43,0"
2010-02-06,"29,0"
2010-02-07,"4,0"
2010-02-08,"34,0"
2010-02-09,"62,0"
2010-02-10,"73,0"
2010-02-11,"65,0"
2010-02-12,"45,0"
2010-02-13,"50,0"
2010-02-14,"39,0"
2010-02-15,"66,0"
2010-02-16,"9,0"
2010-02-17,"8,0"
2010-02-18,"45,0"
2010-02-19,"1,0"
2010-02-20,"10,0"
2010-02-21,"108,0"
2010-02-22,"84,0"
2010-02-23,"0,0"
2010-02-24,"26,0"
2010-02-25,"129,0"
2010-02-26,"15,0"
2010-02-27,"5,0"
2010-02-28,"6,0"
2010-03-01,"21,0"
2010-03-02,"27,0"
2010-03-03,"103,0"
2010-03-04,"15,0"
2010-03-05,"0,0"
2010-03-06,"37,0"
2010-03-07,"77,0"
2010-03-08,"22,0"
2010-03-09,"34,0"
2010-03-10,"27,0"
2010-03-11,"21,0"
2010-03-12,"5,0"
2010-03-13,"6,0"
2010-03-14,"8,0"
2010-03-15,"1,0"
2010-03-16,"3,0"
2010-03-17,"2,0"
2010-03-18,"24,0"
2010-03-19,"49,0"
2010-03-20,"20,0"
2010-03-21,"4,0"
2010-03-22,"30,0"
2010-03-23,"25,0"
2010-03-24,"10,0"
2010-03-25,"125,0"
2010-03-26,"56,0"
2010-03-27,"15,0"
2010-03-28,"5,0"
2010-03-29,"53,0"
2010-03-30,"2,0"
2010-03-31,"16,0"
2010-04-01,"16,0"
2010-04-02,"15,0"
2010-04-03,"19,0"
2010-04-04,"53,0"
2010-04-05,"34,0"
2010-04-06,"38,0"
2010-04-07,"16,0"
2010-04-08,"26,0"
2010-04-09,"71,0"
2010-04-10,"22,0"
2010-04-11,"61,0"
2010-04-12,"77,0"
2010-04-13,"28,0"
2010-04-14,"67,0"
2010-04-15,"48,0"
2010-04-16,"51,0"
2010-04-17,"50,0"
2010-04-18,"82,0"
2010-04-19,"94,0"
2010-04-20,"57,0"
2010-04-21,"34,0"
2010-04-22,"18,0"
2010-04-23,"28,0"
2010-04-24,"55,0"
2010-04-25,"68,0"
2010-04-26,"39,0"
2010-04-27,"24,0"
2010-04-28,"53,0"
2010-04-29,"20,0"
2010-04-30,"14,0"
2010-05-01,"41,0"
2010-05-02,"27,0"
2010-05-03,"65,0"
2010-05-04,"74,0"
2010-05-05,"42,0"
2010-05-06,"55,0"
2010-05-07,"51,0"
2010-05-08,"46,0"
2010-05-09,"28,0"
2010-05-10,"61,0"
2010-05-11,"32,0"
2010-05-12,"75,0"
2010-05-13,"80,0"
2010-05-14,"49,0"
2010-05-15,"39,0"
2010-05-16,"31,0"
2010-05-17,"67,0"
2010-05-18,"69,0"
2010-05-19,"41,0"
2010-05-20,"33,0"
2010-05-21,"54,0"
2010-05-22,"76,0"
2010-05-23,"95,0"
2010-05-24,"39,0"
2010-05-25,"56,0"
2010-05-26,"51,0"
2010-05-27,"64,0"
2010-05-28,"46,0"
2010-05-29,"62,0"
2010-05-30,"57,0"
2010-05-31,"55,0"
2010-06-01,"70,0"
2010-06-02,"46,0"
2010-06-03,"99,0"
2010-06-04,"44,0"
2010-06-05,"54,0"
2010-06-06,"61,0"
2010-06-07,"121,0"
2010-06-08,"54,0"
2010-06-09,"62,0"
2010-06-10,"40,0"
2010-06-11,"40,0"
2010-06-12,"53,0"
2010-06-13,"81,0"
2010-06-14,"69,0"
2010-06-15,"49,0"
2010-06-16,"82,0"
2010-06-17,"55,0"
2010-06-18,"64,0"
2010-06-19,"60,0"
2010-06-20,"45,0"
2010-06-21,"64,0"
2010-06-22,"91,0"
2010-06-23,"67,0"
2010-06-24,"77,0"
2010-06-25,"33,0"
2010-06-26,"42,0"
2010-06-27,"73,0"
2010-06-28,"42,0"
2010-06-29,"79,0"
2010-06-30,"49,0"
2010-07-01,"93,0"
2010-07-02,"58,0"
2010-07-03,"49,0"
2010-07-04,"77,0"
2010-07-05,"75,0"
2010-07-06,"42,0"
2010-07-07,"65,0"
2010-07-08,"48,0"
2010-07-09,"43,0"
2010-07-10,"50,0"
2010-07-11,"78,0"
2010-07-12,"96,0"
2010-07-13,"61,0"
2010-07-14,"143,0"
2010-07-15,"201,0"
2010-07-16,"161,0"
2010-07-17,"136,0"
2010-07-18,"203,0"
2010-07-19,"183,0"
2010-07-20,"136,0"
2010-07-21,"109,0"
2010-07-22,"79,0"
2010-07-23,"90,0"
2010-07-24,"84,0"
2010-07-25,"74,0"
2010-07-26,"126,0"
2010-07-27,"83,0"
2010-07-28,"150,0"
2010-07-29,"53,0"
2010-07-30,"110,0"
2010-07-31,"62,0"
2010-08-01,"83,0"
2010-08-02,"128,0"
2010-08-03,"137,0"
2010-08-04,"63,0"
2010-08-05,"343,0"
2010-08-06,"98,0"
2010-08-07,"94,0"
2010-08-08,"66,0"
2010-08-09,"160,0"
2010-08-10,"76,0"
2010-08-11,"145,0"
2010-08-12,"37,0"
2010-08-13,"165,0"
2010-08-14,"53,0"
2010-08-15,"46,0"
2010-08-16,"201,0"
2010-08-17,"71,0"
2010-08-18,"145,0"
2010-08-19,"63,0"
2010-08-20,"119,0"
2010-08-21,"70,0"
2010-08-22,"55,0"
2010-08-23,"145,0"
2010-08-24,"106,0"
2010-08-25,"56,0"
2010-08-26,"90,0"
2010-08-27,"72,0"
2010-08-28,"111,0"
2010-08-29,"46,0"
2010-08-30,"119,0"
2010-08-31,"126,0"
2010-09-01,"105,0"
2010-09-02,"133,0"
2010-09-03,"48,0"
2010-09-04,"77,0"
2010-09-05,"68,0"
2010-09-06,"95,0"
2010-09-07,"60,0"
2010-09-08,"79,0"
2010-09-09,"83,0"
2010-09-10,"73,0"
2010-09-11,"26,0"
2010-09-12,"146,0"
2010-09-13,"141,0"
2010-09-14,"110,0"
2010-09-15,"81,0"
2010-09-16,"91,0"
2010-09-17,"64,0"
2010-09-18,"87,0"
2010-09-19,"176,0"
2010-09-20,"103,0"
2010-09-21,"96,0"
2010-09-22,"100,0"
2010-09-23,"137,0"
2010-09-24,"105,0"
2010-09-25,"128,0"
2010-09-26,"71,0"
2010-09-27,"120,0"
2010-09-28,"120,0"
2010-09-29,"120,0"
2010-09-30,"154,0"
2010-10-01,"104,0"
2010-10-02,"259,0"
2010-10-03,"93,0"
2010-10-04,"154,0"
2010-10-05,"126,0"
2010-10-06,"129,0"
2010-10-07,"121,0"
2010-10-08,"112,0"
2010-10-09,"129,0"
2010-10-10,"112,0"
2010-10-11,"123,0"
2010-10-12,"108,0"
2010-10-13,"102,0"
2010-10-14,"95,0"
2010-10-15,"64,0"
2010-10-16,"157,0"
2010-10-17,"72,0"
2010-10-18,"130,0"
2010-10-19,"122,0"
2010-10-20,"101,0"
2010-10-21,"153,0"
2010-10-22,"139,0"
2010-10-23,"94,0"
2010-10-24,"85,0"
2010-10-25,"174,0"
2010-10-26,"96,0"
2010-10-27,"214,0"
2010-10-28,"102,0"
2010-10-29,"209,0"
2010-10-30,"94,0"
2010-10-31,"96,0"
2010-11-01,"118,0"
2010-11-02,"101,0"
2010-11-03,"89,0"
2010-11-04,"127,0"
2010-11-05,"126,0"
2010-11-06,"73,0"
2010-11-07,"100,0"
2010-11-08,"297,0"
2010-11-09,"82,0"
2010-11-10,"126,0"
2010-11-11,"102,0"
2010-11-12,"109,0"
2010-11-13,"148,0"
2010-11-14,"249,0"
2010-11-15,"87,0"
2010-11-16,"88,0"
2010-11-17,"122,0"
2010-11-18,"89,0"
2010-11-19,"183,0"
2010-11-20,"79,0"
2010-11-21,"107,0"
2010-11-22,"123,0"
2010-11-23,"135,0"
2010-11-24,"164,0"
2010-11-25,"129,0"
2010-11-26,"129,0"
2010-11-27,"115,0"
2010-11-28,"88,0"
2010-11-29,"226,0"
2010-11-30,"91,0"
2010-12-01,"175,0"
2010-12-02,"103,0"
2010-12-03,"192,0"
2010-12-04,"136,0"
2010-12-05,"93,0"
2010-12-06,"90,0"
2010-12-07,"231,0"
2010-12-08,"153,0"
2010-12-09,"122,0"
2010-12-10,"94,0"
2010-12-11,"133,0"
2010-12-12,"118,0"
2010-12-13,"416,0"
2010-12-14,"129,0"
2010-12-15,"124,0"
2010-12-16,"143,0"
2010-12-17,"102,0"
2010-12-18,"106,0"
2010-12-19,"159,0"
2010-12-20,"124,0"
2010-12-21,"137,0"
2010-12-22,"194,0"
2010-12-23,"88,0"
2010-12-24,"93,0"
2010-12-25,"104,0"
2010-12-26,"115,0"
2010-12-27,"266,0"
2010-12-28,"90,0"
2010-12-29,"185,0"
2010-12-30,"132,0"
2010-12-31,"80,0"
2011-01-01,"144,0"
2011-01-02,"138,0"
2011-01-03,"129,0"
2011-01-04,"85,0"
2011-01-05,"156,0"
2011-01-06,"225,0"
2011-01-07,"253,0"
2011-01-08,"90,0"
2011-01-09,"175,0"
2011-01-10,"132,0"
2011-01-11,"223,0"
2011-01-12,"133,0"
2011-01-13,"155,0"
2011-01-14,"183,0"
2011-01-15,"208,0"
2011-01-16,"173,0"
2011-01-17,"144,0"
2011-01-18,"93,0"
2011-01-19,"160,0"
2011-01-20,"98,0"
2011-01-21,"180,0"
2011-01-22,"352,0"
2011-01-23,"214,0"
2011-01-24,"227,0"
2011-01-25,"125,0"
2011-01-26,"162,0"
2011-01-27,"233,0"
2011-01-28,"159,0"
2011-01-29,"263,0"
2011-01-30,"230,0"
2011-01-31,"302,0"
2011-02-01,"275,0"
2011-02-02,"196,0"
2011-02-03,"135,0"
2011-02-04,"180,0"
2011-02-05,"272,0"
2011-02-06,"293,0"
2011-02-07,"172,0"
2011-02-08,"170,0"
2011-02-09,"186,0"
2011-02-10,"269,0"
2011-02-11,"277,0"
2011-02-12,"279,0"
2011-02-13,"264,0"
2011-02-14,"286,0"
2011-02-15,"299,0"
2011-02-16,"281,0"
2011-02-17,"348,0"
2011-02-18,"529,0"
2011-02-19,"374,0"
2011-02-20,"216,0"
2011-02-21,"180,0"
2011-02-22,"359,0"
2011-02-23,"295,0"
2011-02-24,"429,0"
2011-02-25,"343,0"
2011-02-26,"410,0"
2011-02-27,"438,0"
2011-02-28,"364,0"
2011-03-01,"448,0"
2011-03-02,"382,0"
2011-03-03,"273,0"
2011-03-04,"412,0"
2011-03-05,"1200,0"
2011-03-06,"275,0"
2011-03-07,"386,0"
2011-03-08,"213,0"
2011-03-09,"349,0"
2011-03-10,"195,0"
2011-03-11,"257,0"
2011-03-12,"310,0"
2011-03-13,"216,0"
2011-03-14,"389,0"
2011-03-15,"247,0"
2011-03-16,"246,0"
2011-03-17,"247,0"
2011-03-18,"340,0"
2011-03-19,"350,0"
2011-03-20,"379,0"
2011-03-21,"307,0"
2011-03-22,"401,0"
2011-03-23,"977,0"
2011-03-24,"546,0"
2011-03-25,"501,0"
2011-03-26,"1338,0"
2011-03-27,"629,0"
2011-03-28,"563,0"
2011-03-29,"487,0"
2011-03-30,"443,0"
2011-03-31,"624,0"
2011-04-01,"408,0"
2011-04-02,"397,0"
2011-04-03,"364,0"
2011-04-04,"579,0"
2011-04-05,"498,0"
2011-04-06,"451,0"
2011-04-07,"367,0"
2011-04-08,"545,0"
2011-04-09,"429,0"
2011-04-10,"516,0"
2011-04-11,"670,0"
2011-04-12,"831,0"
2011-04-13,"580,0"
2011-04-14,"609,0"
2011-04-15,"872,0"
2011-04-16,"1863,0"
2011-04-17,"560,0"
2011-04-18,"818,0"
2011-04-19,"731,0"
2011-04-20,"626,0"
2011-04-21,"444,0"
2011-04-22,"586,0"
2011-04-23,"750,0"
2011-04-24,"761,0"
2011-04-25,"918,0"
2011-04-26,"681,0"
2011-04-27,"913,0"
2011-04-28,"958,0"
2011-04-29,"812,0"
2011-04-30,"1186,0"
2011-05-01,"768,0"
2011-05-02,"784,0"
2011-05-03,"928,0"
2011-05-04,"932,0"
2011-05-05,"1481,0"
2011-05-06,"807,0"
2011-05-07,"875,0"
2011-05-08,"1110,0"
2011-05-09,"1240,0"
2011-05-10,"1524,0"
2011-05-11,"1262,0"
2011-05-12,"1492,0"
2011-05-13,"1784,0"
2011-05-14,"1263,0"
2011-05-15,"1375,0"
2011-05-16,"1417,0"
2011-05-17,"1225,0"
2011-05-18,"2074,0"
2011-05-19,"1411,0"
2011-05-20,"1983,0"
2011-05-21,"1340,0"
2011-05-22,"1358,0"
2011-05-23,"1912,0"
2011-05-24,"1483,0"
2011-05-25,"2060,0"
2011-05-26,"2505,0"
2011-05-27,"1596,0"
2011-05-28,"1936,0"
2011-05-29,"1690,0"
2011-05-30,"1834,0"
2011-05-31,"2350,0"
2011-06-01,"2235,0"
2011-06-02,"2496,0"
2011-06-03,"2947,0"
2011-06-04,"2732,0"
2011-06-05,"2130,0"
2011-06-06,"3313,0"
2011-06-07,"2890,0"
2011-06-08,"4987,0"
2011-06-09,"3398,0"
2011-06-10,"3219,0"
2011-06-11,"2740,0"
2011-06-12,"4021,0"
2011-06-13,"4016,0"
2011-06-14,"3489,0"
2011-06-15,"3961,0"
2011-06-16,"3910,0"
2011-06-17,"4117,0"
2011-06-18,"3203,0"
2011-06-19,"4085,0"
2011-06-20,"3165,0"
2011-06-21,"3060,0"
2011-06-22,"2726,0"
2011-06-23,"2709,0"
2011-06-24,"3470,0"
2011-06-25,"3491,0"
2011-06-26,"4274,0"
2011-06-27,"5180,0"
2011-06-28,"3435,0"
2011-06-29,"3226,0"
2011-06-30,"2933,0"
2011-07-01,"3033,0"
2011-07-02,"2105,0"
2011-07-03,"2162,0"
2011-07-04,"2917,0"
2011-07-05,"3075,0"
2011-07-06,"4475,0"
2011-07-07,"2809,0"
2011-07-08,"2744,0"
2011-07-09,"2357,0"
2011-07-10,"3097,0"
2011-07-11,"2995,0"
2011-07-12,"2681,0"
2011-07-13,"2393,0"
2011-07-14,"2781,0"
2011-07-15,"2345,0"
2011-07-16,"2471,0"
2011-07-17,"2728,0"
2011-07-18,"5624,0"
2011-07-19,"3111,0"
2011-07-20,"2560,0"
2011-07-21,"2588,0"
2011-07-22,"2311,0"
2011-07-23,"1937,0"
2011-07-24,"2479,0"
2011-07-25,"3100,0"
2011-07-26,"2225,0"
2011-07-27,"2020,0"
2011-07-28,"1976,0"
2011-07-29,"1699,0"
2011-07-30,"1714,0"
2011-07-31,"2247,0"
2011-08-01,"2556,0"
2011-08-02,"2574,0"
2011-08-03,"2387,0"
2011-08-04,"2251,0"
2011-08-05,"1894,0"
2011-08-06,"2042,0"
2011-08-07,"1773,0"
2011-08-08,"1755,0"
2011-08-09,"3205,0"
2011-08-10,"2193,0"
2011-08-11,"2069,0"
2011-08-12,"2213,0"
2011-08-13,"1875,0"
2011-08-14,"2425,0"
2011-08-15,"2698,0"
2011-08-16,"2323,0"
2011-08-17,"2705,0"
2011-08-18,"1842,0"
2011-08-19,"2453,0"
2011-08-20,"1906,0"
2011-08-21,"2204,0"
2011-08-22,"2467,0"
2011-08-23,"2473,0"
2011-08-24,"2200,0"
2011-08-25,"2566,0"
2011-08-26,"3390,0"
2011-08-27,"3115,0"
2011-08-28,"1604,0"
2011-08-29,"1928,0"
2011-08-30,"1698,0"
2011-08-31,"1711,0"
2011-09-01,"1828,0"
2011-09-02,"1712,0"
2011-09-03,"1548,0"
2011-09-04,"1749,0"
2011-09-05,"2112,0"
2011-09-06,"2052,0"
2011-09-07,"1912,0"
2011-09-08,"1724,0"
2011-09-09,"2281,0"
2011-09-10,"1861,0"
2011-09-11,"2091,0"
2011-09-12,"2133,0"
2011-09-13,"1420,0"
2011-09-14,"1643,0"
2011-09-15,"1748,0"
2011-09-16,"1411,0"
2011-09-17,"1221,0"
2011-09-18,"1624,0"
2011-09-19,"1979,0"
2011-09-20,"2192,0"
2011-09-21,"1893,0"
2011-09-22,"1445,0"
2011-09-23,"1353,0"
2011-09-24,"1361,0"
2011-09-25,"1351,0"
2011-09-26,"1347,0"
2011-09-27,"1537,0"
2011-09-28,"1246,0"
2011-09-29,"1422,0"
2011-09-30,"1495,0"
2011-10-01,"1386,0"
2011-10-02,"1209,0"
2011-10-03,"1407,0"
2011-10-04,"1603,0"
2011-10-05,"1379,0"
2011-10-06,"1514,0"
2011-10-07,"1545,0"
2011-10-08,"1269,0"
2011-10-09,"1432,0"
2011-10-10,"1501,0"
2011-10-11,"1264,0"
2011-10-12,"1450,0"
2011-10-13,"1361,0"
2011-10-14,"2303,0"
2011-10-15,"1375,0"
2011-10-16,"1431,0"
2011-10-17,"2154,0"
2011-10-18,"1452,0"
2011-10-19,"1904,0"
2011-10-20,"1469,0"
2011-10-21,"1338,0"
2011-10-22,"1654,0"
2011-10-23,"1688,0"
2011-10-24,"1597,0"
2011-10-25,"1312,0"
2011-10-26,"1433,0"
2011-10-27,"1350,0"
2011-10-28,"1796,0"
2011-10-29,"1442,0"
2011-10-30,"1203,0"
2011-10-31,"1221,0"
2011-11-01,"1143,0"
2011-11-02,"1075,0"
2011-11-03,"1249,0"
2011-11-04,"1370,0"
2011-11-05,"1024,0"
2011-11-06,"912,0"
2011-11-07,"1589,0"
2011-11-08,"1603,0"
2011-11-09,"1574,0"
2011-11-10,"1261,0"
2011-11-11,"1263,0"
2011-11-12,"1292,0"
2011-11-13,"1201,0"
2011-11-14,"1700,0"
2011-11-15,"1804,0"
2011-11-16,"1330,0"
2011-11-17,"1168,0"
2011-11-18,"1119,0"
2011-11-19,"1084,0"
2011-11-20,"1431,0"
2011-11-21,"1198,0"
2011-11-22,"1561,0"
2011-11-23,"1423,0"
2011-11-24,"1492,0"
2011-11-25,"1429,0"
2011-11-26,"1518,0"
2011-11-27,"1490,0"
2011-11-28,"1619,0"
2011-11-29,"1838,0"
2011-11-30,"2733,0"
2011-12-01,"1696,0"
2011-12-02,"1508,0"
2011-12-03,"2197,0"
2011-12-04,"1863,0"
2011-12-05,"1950,0"
2011-12-06,"1963,0"
2011-12-07,"2008,0"
2011-12-08,"3274,0"
2011-12-09,"1783,0"
2011-12-10,"1494,0"
2011-12-11,"2270,0"
2011-12-12,"2078,0"
2011-12-13,"1936,0"
2011-12-14,"2101,0"
2011-12-15,"1619,0"
2011-12-16,"1943,0"
2011-12-17,"1763,0"
2011-12-18,"1377,0"
2011-12-19,"2532,0"
2011-12-20,"2744,0"
2011-12-21,"1803,0"
2011-12-22,"1767,0"
2011-12-23,"2167,0"
2011-12-24,"1834,0"
2011-12-25,"2207,0"
2011-12-26,"2250,0"
2011-12-27,"2477,0"
2011-12-28,"1849,0"
2011-12-29,"2038,0"
2011-12-30,"1616,0"
2011-12-31,"1982,0"
2012-01-01,"2634,0"
2012-01-02,"2299,0"
2012-01-03,"2246,0"
2012-01-04,"2180,0"
2012-01-05,"2591,0"
2012-01-06,"2447,0"
2012-01-07,"1828,0"
2012-01-08,"2397,0"
2012-01-09,"2645,0"
2012-01-10,"1954,0"
2012-01-11,"2799,0"
2012-01-12,"2515,0"
2012-01-13,"2315,0"
2012-01-14,"2339,0"
2012-01-15,"2609,0"
2012-01-16,"2673,0"
2012-01-17,"2351,0"
2012-01-18,"2559,0"
2012-01-19,"2431,0"
2012-01-20,"2571,0"
2012-01-21,"2552,0"
2012-01-22,"1736,0"
2012-01-23,"2270,0"
2012-01-24,"2396,0"
2012-01-25,"2930,0"
2012-01-26,"2628,0"
2012-01-27,"2594,0"
2012-01-28,"2259,0"
2012-01-29,"2704,0"
2012-01-30,"2374,0"
2012-01-31,"2867,0"
2012-02-01,"2339,0"
2012-02-02,"2898,0"
2012-02-03,"2560,0"
2012-02-04,"2634,0"
2012-02-05,"2710,0"
2012-02-06,"2476,0"
2012-02-07,"2359,0"
2012-02-08,"2145,0"
2012-02-09,"2322,0"
2012-02-10,"2869,0"
2012-02-11,"2706,0"
2012-02-12,"2296,0"
2012-02-13,"2869,0"
2012-02-14,"2820,0"
2012-02-15,"2180,0"
2012-02-16,"2511,0"
2012-02-17,"2320,0"
2012-02-18,"2212,0"
2012-02-19,"2107,0"
2012-02-20,"2342,0"
2012-02-21,"2752,0"
2012-02-22,"2572,0"
2012-02-23,"3321,0"
2012-02-24,"2931,0"
2012-02-25,"3011,0"
2012-02-26,"2484,0"
2012-02-27,"2967,0"
2012-02-28,"2725,0"
2012-02-29,"2664,0"
2012-03-01,"3030,0"
2012-03-02,"3009,0"
2012-03-03,"2105,0"
2012-03-04,"2288,0"
2012-03-05,"3172,0"
2012-03-06,"2985,0"
2012-03-07,"2388,0"
2012-03-08,"2704,0"
2012-03-09,"3079,0"
2012-03-10,"2222,0"
2012-03-11,"2520,0"
2012-03-12,"2365,0"
2012-03-13,"3302,0"
2012-03-14,"3017,0"
2012-03-15,"3014,0"
2012-03-16,"2695,0"
2012-03-17,"2237,0"
2012-03-18,"2576,0"
2012-03-19,"3309,0"
2012-03-20,"2947,0"
2012-03-21,"2729,0"
2012-03-22,"2411,0"
2012-03-23,"2586,0"
2012-03-24,"2242,0"
2012-03-25,"2995,0"
2012-03-26,"2911,0"
2012-03-27,"2512,0"
2012-03-28,"2859,0"
2012-03-29,"3050,0"
2012-03-30,"2291,0"
2012-03-31,"2160,0"
2012-04-01,"2629,0"
2012-04-02,"3212,0"
2012-04-03,"2968,0"
2012-04-04,"2694,0"
2012-04-05,"2984,0"
2012-04-06,"3095,0"
2012-04-07,"2472,0"
2012-04-08,"2358,0"
2012-04-09,"2579,0"
2012-04-10,"2737,0"
2012-04-11,"3064,0"
2012-04-12,"3219,0"
2012-04-13,"2682,0"
2012-04-14,"3313,0"
2012-04-15,"2701,0"
2012-04-16,"3817,0"
2012-04-17,"3894,0"
2012-04-18,"4290,0"
2012-04-19,"3041,0"
2012-04-20,"3980,0"
2012-04-21,"2793,0"
2012-04-22,"2367,0"
2012-04-23,"3129,0"
2012-04-24,"2710,0"
2012-04-25,"2930,0"
2012-04-26,"3055,0"
2012-04-27,"2773,0"
2012-04-28,"2728,0"
2012-04-29,"2408,0"
2012-04-30,"2926,0"
2012-05-01,"3569,0"
2012-05-02,"3985,0"
2012-05-03,"3235,0"
2012-05-04,"3672,0"
2012-05-05,"3182,0"
2012-05-06,"4269,0"
2012-05-07,"3827,0"
2012-05-08,"3293,0"
2012-05-09,"4349,0"
2012-05-10,"3458,0"
2012-05-11,"4023,0"
2012-05-12,"3046,0"
2012-05-13,"3250,0"
2012-05-14,"3508,0"
2012-05-15,"3341,0"
2012-05-16,"4080,0"
2012-05-17,"3317,0"
2012-05-18,"2964,0"
2012-05-19,"2978,0"
2012-05-20,"3356,0"
2012-05-21,"4191,0"
2012-05-22,"3911,0"
2012-05-23,"4235,0"
2012-05-24,"3714,0"
2012-05-25,"4169,0"
2012-05-26,"3619,0"
2012-05-27,"3602,0"
2012-05-28,"4206,0"
2012-05-29,"5329,0"
2012-05-30,"3936,0"
2012-05-31,"4707,0"
2012-06-01,"4129,0"
2012-06-02,"3415,0"
2012-06-03,"4487,0"
2012-06-04,"5479,0"
2012-06-05,"4521,0"
2012-06-06,"4392,0"
2012-06-07,"7000,0"
2012-06-08,"4756,0"
2012-06-09,"5166,0"
2012-06-10,"3803,0"
2012-06-11,"4775,0"
2012-06-12,"4881,0"
2012-06-13,"7094,0"
2012-06-14,"5674,0"
2012-06-15,"8153,0"
2012-06-16,"4777,0"
2012-06-17,"4902,0"
2012-06-18,"4823,0"
2012-06-19,"5740,0"
2012-06-20,"5356,0"
2012-06-21,"5142,0"
2012-06-22,"7698,0"
2012-06-23,"6902,0"
2012-06-24,"4545,0"
2012-06-25,"6715,0"
2012-06-26,"5872,0"
2012-06-27,"7246,0"
2012-06-28,"5994,0"
2012-06-29,"5690,0"
2012-06-30,"5075,0"
2012-07-01,"6156,0"
2012-07-02,"7503,0"
2012-07-03,"5967,0"
2012-07-04,"5679,0"
2012-07-05,"5025,0"
2012-07-06,"5440,0"
2012-07-07,"4576,0"
2012-07-08,"4326,0"
2012-07-09,"6325,0"
2012-07-10,"5832,0"
2012-07-11,"6022,0"
2012-07-12,"5407,0"
2012-07-13,"6278,0"
2012-07-14,"5063,0"
2012-07-15,"5285,0"
2012-07-16,"5982,0"
2012-07-17,"6498,0"
2012-07-18,"5333,0"
2012-07-19,"6273,0"
2012-07-20,"5267,0"
2012-07-21,"5235,0"
2012-07-22,"5729,0"
2012-07-23,"7002,0"
2012-07-24,"7921,0"
2012-07-25,"5322,0"
2012-07-26,"5685,0"
2012-07-27,"5589,0"
2012-07-28,"5914,0"
2012-07-29,"5567,0"
2012-07-30,"5948,0"
2012-07-31,"12603,0"
2012-08-01,"5037,0"
2012-08-02,"7739,0"
2012-08-03,"6841,0"
2012-08-04,"6997,0"
2012-08-05,"7182,0"
2012-08-06,"7495,0"
2012-08-07,"6045,0"
2012-08-08,"11222,0"
2012-08-09,"7755,0"
2012-08-10,"7450,0"
2012-08-11,"7113,0"
2012-08-12,"7219,0"
2012-08-13,"8234,0"
2012-08-14,"8209,0"
2012-08-15,"12227,0"
2012-08-16,"12311,0"
2012-08-17,"10467,0"
2012-08-18,"9692,0"
2012-08-19,"11971,0"
2012-08-20,"10370,0"
2012-08-21,"9683,0"
2012-08-22,"9275,0"
2012-08-23,"7355,0"
2012-08-24,"8405,0"
2012-08-25,"6093,0"
2012-08-26,"7086,0"
2012-08-27,"7054,0"
2012-08-28,"7631,0"
2012-08-29,"5413,0"
2012-08-30,"5852,0"
2012-08-31,"5924,0"
2012-09-01,"6483,0"
2012-09-02,"6475,0"
2012-09-03,"6081,0"
2012-09-04,"10302,0"
2012-09-05,"5652,0"
2012-09-06,"5488,0"
2012-09-07,"6726,0"
2012-09-08,"4554,0"
2012-09-09,"4891,0"
2012-09-10,"5571,0"
2012-09-11,"8055,0"
2012-09-12,"4585,0"
2012-09-13,"7492,0"
2012-09-14,"5775,0"
2012-09-15,"4664,0"
2012-09-16,"6496,0"
2012-09-17,"6844,0"
2012-09-18,"6307,0"
2012-09-19,"5911,0"
2012-09-20,"4550,0"
2012-09-21,"6671,0"
2012-09-22,"8259,0"
2012-09-23,"4805,0"
2012-09-24,"6221,0"
2012-09-25,"8378,0"
2012-09-26,"7865,0"
2012-09-27,"7698,0"
2012-09-28,"8844,0"
2012-09-29,"8652,0"
2012-09-30,"6643,0"
2012-10-01,"8430,0"
2012-10-02,"11588,0"
2012-10-03,"9251,0"
2012-10-04,"11065,0"
2012-10-05,"7243,0"
2012-10-06,"6798,0"
2012-10-07,"8457,0"
2012-10-08,"8242,0"
2012-10-09,"10672,0"
2012-10-10,"8424,0"
2012-10-11,"9311,0"
2012-10-12,"8770,0"
2012-10-13,"8112,0"
2012-10-14,"8736,0"
2012-10-15,"10770,0"
2012-10-16,"7892,0"
2012-10-17,"9098,0"
2012-10-18,"12254,0"
2012-10-19,"7978,0"
2012-10-20,"9800,0"
2012-10-21,"6629,0"
2012-10-22,"8801,0"
2012-10-23,"8823,0"
2012-10-24,"8395,0"
2012-10-25,"7824,0"
2012-10-26,"7903,0"
2012-10-27,"6647,0"
2012-10-28,"6871,0"
2012-10-29,"9543,0"
2012-10-30,"7096,0"
2012-10-31,"7364,0"
2012-11-01,"6956,0"
2012-11-02,"6090,0"
2012-11-03,"6049,0"
2012-11-04,"7225,0"
2012-11-05,"7994,0"
2012-11-06,"7937,0"
2012-11-07,"7011,0"
2012-11-08,"6872,0"
2012-11-09,"7586,0"
2012-11-10,"8461,0"
2012-11-11,"5414,0"
2012-11-12,"6281,0"
2012-11-13,"6785,0"
2012-11-14,"7589,0"
2012-11-15,"8515,0"
2012-11-16,"8162,0"
2012-11-17,"7246,0"
2012-11-18,"7568,0"
2012-11-19,"8226,0"
2012-11-20,"7740,0"
2012-11-21,"9863,0"
2012-11-22,"8147,0"
2012-11-23,"7624,0"
2012-11-24,"7392,0"
2012-11-25,"9089,0"
2012-11-26,"9298,0"
2012-11-27,"8929,0"
2012-11-28,"7450,0"
2012-11-29,"10415,0"
2012-11-30,"7838,0"
2012-12-01,"7568,0"
2012-12-02,"5711,0"
2012-12-03,"7457,0"
2012-12-04,"6455,0"
2012-12-05,"7737,0"
2012-12-06,"7757,0"
2012-12-07,"6966,0"
2012-12-08,"5971,0"
2012-12-09,"7633,0"
2012-12-10,"8401,0"
2012-12-11,"7437,0"
2012-12-12,"9465,0"
2012-12-13,"12104,0"
2012-12-14,"7470,0"
2012-12-15,"6286,0"
2012-12-16,"6269,0"
2012-12-17,"6770,0"
2012-12-18,"8897,0"
2012-12-19,"6843,0"
2012-12-20,"8637,0"
2012-12-21,"8487,0"
2012-12-22,"7912,0"
2012-12-23,"6542,0"
2012-12-24,"8351,0"
2012-12-25,"5224,0"
2012-12-26,"11183,0"
2012-12-27,"6787,0"
2012-12-28,"7327,0"
2012-12-29,"8214,0"
2012-12-30,"7782,0"
2012-12-31,"6363,0"
2013-01-01,"7449,0"
2013-01-02,"7775,0"
2013-01-03,"8538,0"
2013-01-04,"9469,0"
2013-01-05,"9860,0"
2013-01-06,"8441,0"
2013-01-07,"13467,0"
2013-01-08,"10944,0"
2013-01-09,"9802,0"
2013-01-10,"10124,0"
2013-01-11,"8940,0"
2013-01-12,"9386,0"
2013-01-13,"11621,0"
2013-01-14,"7528,0"
2013-01-15,"9788,0"
2013-01-16,"9648,0"
2013-01-17,"12085,0"
2013-01-18,"8085,0"
2013-01-19,"8794,0"
2013-01-20,"8489,0"
2013-01-21,"8902,0"
2013-01-22,"12294,0"
2013-01-23,"7168,0"
2013-01-24,"9804,0"
2013-01-25,"11429,0"
2013-01-26,"9817,0"
2013-01-27,"7079,0"
2013-01-28,"10385,0"
2013-01-29,"8349,0"
2013-01-30,"8056,0"
2013-01-31,"9794,0"
2013-02-01,"11427,0"
2013-02-02,"9382,0"
2013-02-03,"10630,0"
2013-02-04,"13065,0"
2013-02-05,"10601,0"
2013-02-06,"8547,0"
2013-02-07,"8558,0"
2013-02-08,"10659,0"
2013-02-09,"8388,0"
2013-02-10,"10409,0"
2013-02-11,"11532,0"
2013-02-12,"11615,0"
2013-02-13,"10488,0"
2013-02-14,"9405,0"
2013-02-15,"8775,0"
2013-02-16,"8928,0"
2013-02-17,"9561,0"
2013-02-18,"9071,0"
2013-02-19,"10564,0"
2013-02-20,"10592,0"
2013-02-21,"8240,0"
2013-02-22,"9427,0"
2013-02-23,"8350,0"
2013-02-24,"8004,0"
2013-02-25,"10265,0"
2013-02-26,"9056,0"
2013-02-27,"8099,0"
2013-02-28,"8911,0"
2013-03-01,"9169,0"
2013-03-02,"8344,0"
2013-03-03,"8857,0"
2013-03-04,"9535,0"
2013-03-05,"9516,0"
2013-03-06,"10575,0"
2013-03-07,"10544,0"
2013-03-08,"8124,0"
2013-03-09,"11938,0"
2013-03-10,"8990,0"
2013-03-11,"8306,0"
2013-03-12,"12790,0"
2013-03-13,"10434,0"
2013-03-14,"8296,0"
2013-03-15,"10025,0"
2013-03-16,"11886,0"
2013-03-17,"11637,0"
2013-03-18,"11777,0"
2013-03-19,"11906,0"
2013-03-20,"11264,0"
2013-03-21,"12600,0"
2013-03-22,"15220,0"
2013-03-23,"14853,0"
2013-03-24,"11034,0"
2013-03-25,"14352,0"
2013-03-26,"13809,0"
2013-03-27,"13789,0"
2013-03-28,"19970,0"
2013-03-29,"13791,0"
2013-03-30,"13022,0"
2013-03-31,"12259,0"
2013-04-01,"16604,0"
2013-04-02,"16427,0"
2013-04-03,"16841,0"
2013-04-04,"20589,0"
2013-04-05,"16500,0"
2013-04-06,"14599,0"
2013-04-07,"16883,0"
2013-04-08,"17665,0"
2013-04-09,"19340,0"
2013-04-10,"22608,0"
2013-04-11,"21753,0"
2013-04-12,"19061,0"
2013-04-13,"15063,0"
2013-04-14,"13620,0"
2013-04-15,"18158,0"
2013-04-16,"17879,0"
2013-04-17,"17842,0"
2013-04-18,"13111,0"
2013-04-19,"18751,0"
2013-04-20,"13680,0"
2013-04-21,"12868,0"
2013-04-22,"15219,0"
2013-04-23,"16527,0"
2013-04-24,"17703,0"
2013-04-25,"15343,0"
2013-04-26,"14223,0"
2013-04-27,"14173,0"
2013-04-28,"16077,0"
2013-04-29,"15110,0"
2013-04-30,"14176,0"
2013-05-01,"15287,0"
2013-05-02,"14124,0"
2013-05-03,"14867,0"
2013-05-04,"13119,0"
2013-05-05,"18534,0"
2013-05-06,"17522,0"
2013-05-07,"14578,0"
2013-05-08,"14503,0"
2013-05-09,"12888,0"
2013-05-10,"14085,0"
2013-05-11,"16124,0"
2013-05-12,"10928,0"
2013-05-13,"13564,0"
2013-05-14,"14021,0"
2013-05-15,"14581,0"
2013-05-16,"13849,0"
2013-05-17,"14184,0"
2013-05-18,"12054,0"
2013-05-19,"11240,0"
2013-05-20,"12497,0"
2013-05-21,"12964,0"
2013-05-22,"10307,0"
2013-05-23,"12338,0"
2013-05-24,"13106,0"
2013-05-25,"10662,0"
2013-05-26,"13622,0"
2013-05-27,"13858,0"
2013-05-28,"12873,0"
2013-05-29,"13254,0"
2013-05-30,"12113,0"
2013-05-31,"11506,0"
2013-06-01,"10880,0"
2013-06-02,"13627,0"
2013-06-03,"13847,0"
2013-06-04,"12686,0"
2013-06-05,"10436,0"
2013-06-06,"11244,0"
2013-06-07,"11013,0"
2013-06-08,"8280,0"
2013-06-09,"9963,0"
2013-06-10,"9797,0"
2013-06-11,"8780,0"
2013-06-12,"9573,0"
2013-06-13,"9490,0"
2013-06-14,"9378,0"
2013-06-15,"8477,0"
2013-06-16,"9052,0"
2013-06-17,"8460,0"
2013-06-18,"8103,0"
2013-06-19,"8836,0"
2013-06-20,"10911,0"
2013-06-21,"9531,0"
2013-06-22,"7207,0"
2013-06-23,"8400,0"
2013-06-24,"10503,0"
2013-06-25,"7856,0"
2013-06-26,"8952,0"
2013-06-27,"7844,0"
2013-06-28,"8745,0"
2013-06-29,"7946,0"
2013-06-30,"7727,0"
2013-07-01,"11203,0"
2013-07-02,"9563,0"
2013-07-03,"8266,0"
2013-07-04,"8690,0"
2013-07-05,"7763,0"
2013-07-06,"9313,0"
2013-07-07,"9380,0"
2013-07-08,"10461,0"
2013-07-09,"9649,0"
2013-07-10,"8426,0"
2013-07-11,"8381,0"
2013-07-12,"8539,0"
2013-07-13,"7657,0"
2013-07-14,"6565,0"
2013-07-15,"11896,0"
2013-07-16,"7796,0"
2013-07-17,"7941,0"
2013-07-18,"9355,0"
2013-07-19,"6205,0"
2013-07-20,"8704,0"
2013-07-21,"8135,0"
2013-07-22,"8533,0"
2013-07-23,"7709,0"
2013-07-24,"10439,0"
2013-07-25,"9219,0"
2013-07-26,"7943,0"
2013-07-27,"8139,0"
2013-07-28,"7625,0"
2013-07-29,"9113,0"
2013-07-30,"8972,0"
2013-07-31,"9472,0"
2013-08-01,"8261,0"
2013-08-02,"7590,0"
2013-08-03,"8382,0"
2013-08-04,"9621,0"
2013-08-05,"9772,0"
2013-08-06,"8210,0"
2013-08-07,"8727,0"
2013-08-08,"9334,0"
2013-08-09,"8748,0"
2013-08-10,"6843,0"
2013-08-11,"8567,0"
2013-08-12,"13666,0"
2013-08-13,"10474,0"
2013-08-14,"9921,0"
2013-08-15,"8487,0"
2013-08-16,"10458,0"
2013-08-17,"7792,0"
2013-08-18,"10305,0"
2013-08-19,"11539,0"
2013-08-20,"11474,0"
2013-08-21,"12577,0"
2013-08-22,"11265,0"
2013-08-23,"12648,0"
2013-08-24,"12579,0"
2013-08-25,"12038,0"
2013-08-26,"11037,0"
2013-08-27,"12660,0"
2013-08-28,"11704,0"
2013-08-29,"10288,0"
2013-08-30,"11759,0"
2013-08-31,"9450,0"
2013-09-01,"9765,0"
2013-09-02,"11405,0"
2013-09-03,"11985,0"
2013-09-04,"15629,0"
2013-09-05,"15975,0"
2013-09-06,"18466,0"
2013-09-07,"16287,0"
2013-09-08,"14562,0"
2013-09-09,"18116,0"
2013-09-10,"15371,0"
2013-09-11,"11885,0"
2013-09-12,"16887,0"
2013-09-13,"11663,0"
2013-09-14,"11041,0"
2013-09-15,"18087,0"
2013-09-16,"22587,0"
2013-09-17,"14130,0"
2013-09-18,"14998,0"
2013-09-19,"11732,0"
2013-09-20,"12144,0"
2013-09-21,"11660,0"
2013-09-22,"13574,0"
2013-09-23,"15879,0"
2013-09-24,"11714,0"
2013-09-25,"13256,0"
2013-09-26,"17041,0"
2013-09-27,"14091,0"
2013-09-28,"10281,0"
2013-09-29,"10836,0"
2013-09-30,"14734,0"
2013-10-01,"15164,0"
2013-10-02,"16157,0"
2013-10-03,"10698,0"
2013-10-04,"10654,0"
2013-10-05,"11875,0"
2013-10-06,"11757,0"
2013-10-07,"23378,0"
2013-10-08,"11966,0"
2013-10-09,"16247,0"
2013-10-10,"13982,0"
2013-10-11,"14884,0"
2013-10-12,"12172,0"
2013-10-13,"16281,0"
2013-10-14,"16455,0"
2013-10-15,"13760,0"
2013-10-16,"14146,0"
2013-10-17,"13612,0"
2013-10-18,"14495,0"
2013-10-19,"23720,0"
2013-10-20,"11794,0"
2013-10-21,"15455,0"
2013-10-22,"15240,0"
2013-10-23,"19156,0"
2013-10-24,"17819,0"
2013-10-25,"14958,0"
2013-10-26,"15136,0"
2013-10-27,"13786,0"
2013-10-28,"19695,0"
2013-10-29,"14261,0"
2013-10-30,"18148,0"
2013-10-31,"19797,0"
2013-11-01,"13066,0"
2013-11-02,"14420,0"
2013-11-03,"21206,0"
2013-11-04,"17250,0"
2013-11-05,"18214,0"
2013-11-06,"16425,0"
2013-11-07,"17936,0"
2013-11-08,"16967,0"
2013-11-09,"18630,0"
2013-11-10,"17977,0"
2013-11-11,"17500,0"
2013-11-12,"18919,0"
2013-11-13,"21213,0"
2013-11-14,"18586,0"
2013-11-15,"15702,0"
2013-11-16,"14897,0"
2013-11-17,"20919,0"
2013-11-18,"25000,0"
2013-11-19,"27918,0"
2013-11-20,"21519,0"
2013-11-21,"33227,0"
2013-11-22,"24959,0"
2013-11-23,"20813,0"
2013-11-24,"25955,0"
2013-11-25,"21965,0"
2013-11-26,"26601,0"
2013-11-27,"27860,0"
2013-11-28,"24620,0"
2013-11-29,"29969,0"
2013-11-30,"20819,0"
2013-12-01,"33530,0"
2013-12-02,"34247,0"
2013-12-03,"22693,0"
2013-12-04,"28729,0"
2013-12-05,"25734,0"
2013-12-06,"25044,0"
2013-12-07,"20960,0"
2013-12-08,"18713,0"
2013-12-09,"24904,0"
2013-12-10,"28101,0"
2013-12-11,"23068,0"
2013-12-12,"19106,0"
2013-12-13,"24839,0"
2013-12-14,"18952,0"
2013-12-15,"27730,0"
2013-12-16,"32038,0"
2013-12-17,"24167,0"
2013-12-18,"28304,0"
2013-12-19,"22719,0"
2013-12-20,"26002,0"
2013-12-21,"20466,0"
2013-12-22,"23348,0"
2013-12-23,"22184,0"
2013-12-24,"17358,0"
2013-12-25,"17025,0"
2013-12-26,"23986,0"
2013-12-27,"19632,0"
2013-12-28,"20529,0"
2013-12-29,"20757,0"
2013-12-30,"20227,0"
2013-12-31,"15039,0"
2014-01-01,"14049,0"
2014-01-02,"22466,0"
2014-01-03,"22161,0"
2014-01-04,"17672,0"
2014-01-05,"24636,0"
2014-01-06,"30405,0"
2014-01-07,"19706,0"
2014-01-08,"18959,0"
2014-01-09,"17401,0"
2014-01-10,"21014,0"
2014-01-11,"23433,0"
2014-01-12,"17528,0"
2014-01-13,"24659,0"
2014-01-14,"23344,0"
2014-01-15,"19681,0"
2014-01-16,"24679,0"
2014-01-17,"17806,0"
2014-01-18,"15373,0"
2014-01-19,"17358,0"
2014-01-20,"34213,0"
2014-01-21,"23054,0"
2014-01-22,"21853,0"
2014-01-23,"27182,0"
2014-01-24,"20278,0"
2014-01-25,"21992,0"
2014-01-26,"22073,0"
2014-01-27,"22892,0"
2014-01-28,"26092,0"
2014-01-29,"19444,0"
2014-01-30,"22620,0"
2014-01-31,"19199,0"
2014-02-01,"18398,0"
2014-02-02,"23734,0"
2014-02-03,"28466,0"
2014-02-04,"23879,0"
2014-02-05,"24483,0"
2014-02-06,"21511,0"
2014-02-07,"22778,0"
2014-02-08,"19066,0"
2014-02-09,"20895,0"
2014-02-10,"24166,0"
2014-02-11,"25255,0"
2014-02-12,"32603,0"
2014-02-13,"23743,0"
2014-02-14,"27240,0"
2014-02-15,"20740,0"
2014-02-16,"24144,0"
2014-02-17,"27636,0"
2014-02-18,"24834,0"
2014-02-19,"25262,0"
2014-02-20,"22849,0"
2014-02-21,"22431,0"
2014-02-22,"20019,0"
2014-02-23,"21960,0"
2014-02-24,"24405,0"
2014-02-25,"24297,0"
2014-02-26,"32532,0"
2014-02-27,"24118,0"
2014-02-28,"28472,0"
2014-03-01,"20509,0"
2014-03-02,"23020,0"
2014-03-03,"33535,0"
2014-03-04,"28063,0"
2014-03-05,"31519,0"
2014-03-06,"26666,0"
2014-03-07,"24185,0"
2014-03-08,"19697,0"
2014-03-09,"22389,0"
2014-03-10,"34961,0"
2014-03-11,"28538,0"
2014-03-12,"31556,0"
2014-03-13,"26935,0"
2014-03-14,"33887,0"
2014-03-15,"23717,0"
2014-03-16,"22206,0"
2014-03-17,"24027,0"
2014-03-18,"15932,0"
2014-03-19,"28894,0"
2014-03-20,"32083,0"
2014-03-21,"25015,0"
2014-03-22,"27533,0"
2014-03-23,"19282,0"
2014-03-24,"26034,0"
2014-03-25,"20701,0"
2014-03-26,"21032,0"
2014-03-27,"24064,0"
2014-03-28,"24800,0"
2014-03-29,"16610,0"
2014-03-30,"18319,0"
2014-03-31,"21924,0"
2014-04-01,"20565,0"
2014-04-02,"20746,0"
2014-04-03,"26727,0"
2014-04-04,"21493,0"
2014-04-05,"16014,0"
2014-04-06,"16277,0"
2014-04-07,"21490,0"
2014-04-08,"24220,0"
2014-04-09,"20929,0"
2014-04-10,"21826,0"
2014-04-11,"17081,0"
2014-04-12,"16031,0"
2014-04-13,"15782,0"
2014-04-14,"26225,0"
2014-04-15,"25103,0"
2014-04-16,"23522,0"
2014-04-17,"18104,0"
2014-04-18,"15954,0"
2014-04-19,"19004,0"
2014-04-20,"16592,0"
2014-04-21,"19479,0"
2014-04-22,"22062,0"
2014-04-23,"18537,0"
2014-04-24,"26045,0"
2014-04-25,"19971,0"
2014-04-26,"17796,0"
2014-04-27,"20376,0"
2014-04-28,"19838,0"
2014-04-29,"22890,0"
2014-04-30,"20614,0"
2014-05-01,"17111,0"
2014-05-02,"18026,0"
2014-05-03,"17375,0"
2014-05-04,"20379,0"
2014-05-05,"19962,0"
2014-05-06,"20724,0"
2014-05-07,"19254,0"
2014-05-08,"23152,0"
2014-05-09,"21203,0"
2014-05-10,"15943,0"
2014-05-11,"21013,0"
2014-05-12,"25624,0"
2014-05-13,"23713,0"
2014-05-14,"21668,0"
2014-05-15,"22778,0"
2014-05-16,"19911,0"
2014-05-17,"15281,0"
2014-05-18,"20922,0"
2014-05-19,"30233,0"
2014-05-20,"24720,0"
2014-05-21,"25463,0"
2014-05-22,"23052,0"
2014-05-23,"20305,0"
2014-05-24,"16840,0"
2014-05-25,"21771,0"
2014-05-26,"25278,0"
2014-05-27,"22974,0"
2014-05-28,"23484,0"
2014-05-29,"20234,0"
2014-05-30,"20858,0"
2014-05-31,"17576,0"
2014-06-01,"19954,0"
2014-06-02,"26361,0"
2014-06-03,"22372,0"
2014-06-04,"20295,0"
2014-06-05,"24166,0"
2014-06-06,"24210,0"
2014-06-07,"16767,0"
2014-06-08,"24558,0"
2014-06-09,"25338,0"
2014-06-10,"27148,0"
2014-06-11,"21090,0"
2014-06-12,"24571,0"
2014-06-13,"23120,0"
2014-06-14,"19196,0"
2014-06-15,"18964,0"
2014-06-16,"30571,0"
2014-06-17,"21250,0"
2014-06-18,"21729,0"
2014-06-19,"25945,0"
2014-06-20,"20071,0"
2014-06-21,"19201,0"
2014-06-22,"19503,0"
2014-06-23,"26139,0"
2014-06-24,"24757,0"
2014-06-25,"20801,0"
2014-06-26,"19689,0"
2014-06-27,"21520,0"
2014-06-28,"23118,0"
2014-06-29,"19462,0"
2014-06-30,"31074,0"
2014-07-01,"27513,0"
2014-07-02,"22247,0"
2014-07-03,"23503,0"
2014-07-04,"18856,0"
2014-07-05,"17946,0"
2014-07-06,"21804,0"
2014-07-07,"26117,0"
2014-07-08,"24972,0"
2014-07-09,"26195,0"
2014-07-10,"21718,0"
2014-07-11,"23146,0"
2014-07-12,"16655,0"
2014-07-13,"21968,0"
2014-07-14,"23390,0"
2014-07-15,"21127,0"
2014-07-16,"21399,0"
2014-07-17,"21492,0"
2014-07-18,"28195,0"
2014-07-19,"18158,0"
2014-07-20,"17816,0"
2014-07-21,"28312,0"
2014-07-22,"24562,0"
2014-07-23,"19873,0"
2014-07-24,"23785,0"
2014-07-25,"21334,0"
2014-07-26,"16152,0"
2014-07-27,"19963,0"
2014-07-28,"27153,0"
2014-07-29,"19705,0"
2014-07-30,"25198,0"
2014-07-31,"23850,0"
2014-08-01,"19367,0"
2014-08-02,"16464,0"
2014-08-03,"18722,0"
2014-08-04,"27737,0"
2014-08-05,"27423,0"
2014-08-06,"24184,0"
2014-08-07,"25248,0"
2014-08-08,"24430,0"
2014-08-09,"19315,0"
2014-08-10,"21520,0"
2014-08-11,"28198,0"
2014-08-12,"24475,0"
2014-08-13,"32111,0"
2014-08-14,"31672,0"
2014-08-15,"26411,0"
2014-08-16,"23529,0"
2014-08-17,"22087,0"
2014-08-18,"27107,0"
2014-08-19,"23769,0"
2014-08-20,"26663,0"
2014-08-21,"26605,0"
2014-08-22,"29178,0"
2014-08-23,"19887,0"
2014-08-24,"22415,0"
2014-08-25,"26455,0"
2014-08-26,"27047,0"
2014-08-27,"33959,0"
2014-08-28,"22199,0"
2014-08-29,"21568,0"
2014-08-30,"21830,0"
2014-08-31,"21010,0"
2014-09-01,"26774,0"
2014-09-02,"26407,0"
2014-09-03,"27431,0"
2014-09-04,"22258,0"
2014-09-05,"29022,0"
2014-09-06,"19112,0"
2014-09-07,"21924,0"
2014-09-08,"30770,0"
2014-09-09,"31143,0"
2014-09-10,"26914,0"
2014-09-11,"22872,0"
2014-09-12,"21218,0"
2014-09-13,"19787,0"
2014-09-14,"25145,0"
2014-09-15,"35954,0"
2014-09-16,"26524,0"
2014-09-17,"23679,0"
2014-09-18,"25195,0"
2014-09-19,"22915,0"
2014-09-20,"26529,0"
2014-09-21,"24115,0"
2014-09-22,"34427,0"
2014-09-23,"31584,0"
2014-09-24,"26116,0"
2014-09-25,"31213,0"
2014-09-26,"24987,0"
2014-09-27,"31936,0"
2014-09-28,"25414,0"
2014-09-29,"38218,0"
2014-09-30,"32793,0"
2014-10-01,"28599,0"
2014-10-02,"29753,0"
2014-10-03,"29112,0"
2014-10-04,"33936,0"
2014-10-05,"34073,0"
2014-10-06,"34960,0"
2014-10-07,"33040,0"
2014-10-08,"28190,0"
2014-10-09,"29172,0"
2014-10-10,"26299,0"
2014-10-11,"21632,0"
2014-10-12,"33611,0"
2014-10-13,"30892,0"
2014-10-14,"32858,0"
2014-10-15,"26951,0"
2014-10-16,"25693,0"
2014-10-17,"24686,0"
2014-10-18,"21798,0"
2014-10-19,"22225,0"
2014-10-20,"35939,0"
2014-10-21,"29082,0"
2014-10-22,"27681,0"
2014-10-23,"28690,0"
2014-10-24,"24636,0"
2014-10-25,"20898,0"
2014-10-26,"31417,0"
2014-10-27,"32890,0"
2014-10-28,"27309,0"
2014-10-29,"25042,0"
2014-10-30,"26450,0"
2014-10-31,"32400,0"
2014-11-01,"21685,0"
2014-11-02,"26119,0"
2014-11-03,"30174,0"
2014-11-04,"31985,0"
2014-11-05,"30298,0"
2014-11-06,"34161,0"
2014-11-07,"28160,0"
2014-11-08,"23416,0"
2014-11-09,"25391,0"
2014-11-10,"31086,0"
2014-11-11,"35684,0"
2014-11-12,"32829,0"
2014-11-13,"31436,0"
2014-11-14,"27357,0"
2014-11-15,"25137,0"
2014-11-16,"30201,0"
2014-11-17,"41398,0"
2014-11-18,"29418,0"
2014-11-19,"26698,0"
2014-11-20,"32825,0"
2014-11-21,"31444,0"
2014-11-22,"22132,0"
2014-11-23,"25383,0"
2014-11-24,"38671,0"
2014-11-25,"33740,0"
2014-11-26,"25809,0"
2014-11-27,"33456,0"
2014-11-28,"30776,0"
2014-11-29,"24786,0"
2014-11-30,"31087,0"
2014-12-01,"36853,0"
2014-12-02,"32078,0"
2014-12-03,"34526,0"
2014-12-04,"34466,0"
2014-12-05,"26707,0"
2014-12-06,"30891,0"
2014-12-07,"28079,0"
2014-12-08,"41855,0"
2014-12-09,"33100,0"
2014-12-10,"30833,0"
2014-12-11,"31392,0"
2014-12-12,"27836,0"
2014-12-13,"27214,0"
2014-12-14,"31406,0"
2014-12-15,"39568,0"
2014-12-16,"35212,0"
2014-12-17,"33617,0"
2014-12-18,"32914,0"
2014-12-19,"31426,0"
2014-12-20,"26699,0"
2014-12-21,"29206,0"
2014-12-22,"39795,0"
2014-12-23,"41606,0"
2014-12-24,"30228,0"
2014-12-25,"24263,0"
2014-12-26,"26998,0"
2014-12-27,"25361,0"
2014-12-28,"24681,0"
2014-12-29,"37450,0"
2014-12-30,"27809,0"
2014-12-31,"23407,0"
2015-01-01,"20348,0"
2015-01-02,"27381,0"
2015-01-03,"30249,0"
2015-01-04,"30564,0"
2015-01-05,"38140,0"
2015-01-06,"30057,0"
2015-01-07,"26454,0"
2015-01-08,"31036,0"
2015-01-09,"32362,0"
2015-01-10,"30800,0"
2015-01-11,"30100,0"
2015-01-12,"42699,0"
2015-01-13,"38008,0"
2015-01-14,"33574,0"
2015-01-15,"32871,0"
2015-01-16,"28971,0"
2015-01-17,"26777,0"
2015-01-18,"29070,0"
2015-01-19,"49644,0"
2015-01-20,"33207,0"
2015-01-21,"32124,0"
2015-01-22,"35544,0"
2015-01-23,"29620,0"
2015-01-24,"29521,0"
2015-01-25,"33015,0"
2015-01-26,"39987,0"
2015-01-27,"37701,0"
2015-01-28,"37989,0"
2015-01-29,"29324,0"
2015-01-30,"27492,0"
2015-01-31,"30206,0"
2015-02-01,"33166,0"
2015-02-02,"41984,0"
2015-02-03,"33678,0"
2015-02-04,"29728,0"
2015-02-05,"35135,0"
2015-02-06,"27167,0"
2015-02-07,"27944,0"
2015-02-08,"27187,0"
2015-02-09,"35646,0"
2015-02-10,"37537,0"
2015-02-11,"34520,0"
2015-02-12,"28931,0"
2015-02-13,"38580,0"
2015-02-14,"52395,0"
2015-02-15,"62699,0"
2015-02-16,"49197,0"
2015-02-17,"54355,0"
2015-02-18,"49039,0"
2015-02-19,"45447,0"
2015-02-20,"66976,0"
2015-02-21,"40921,0"
2015-02-22,"41984,0"
2015-02-23,"42919,0"
2015-02-24,"37732,0"
2015-02-25,"37592,0"
2015-02-26,"33806,0"
2015-02-27,"36277,0"
2015-02-28,"35330,0"
2015-03-01,"36370,0"
2015-03-02,"56495,0"
2015-03-03,"44576,0"
2015-03-04,"35403,0"
2015-03-05,"40697,0"
2015-03-06,"41498,0"
2015-03-07,"29295,0"
2015-03-08,"38192,0"
2015-03-09,"61591,0"
2015-03-10,"40331,0"
2015-03-11,"38242,0"
2015-03-12,"40994,0"
2015-03-13,"39091,0"
2015-03-14,"29151,0"
2015-03-15,"33563,0"
2015-03-16,"49304,0"
2015-03-17,"34217,0"
2015-03-18,"52141,0"
2015-03-19,"44818,0"
2015-03-20,"32077,0"
2015-03-21,"31027,0"
2015-03-22,"48761,0"
2015-03-23,"43176,0"
2015-03-24,"38786,0"
2015-03-25,"33862,0"
2015-03-26,"36479,0"
2015-03-27,"32076,0"
2015-03-28,"28225,0"
2015-03-29,"44805,0"
2015-03-30,"48324,0"
2015-03-31,"40542,0"
2015-04-01,"37209,0"
2015-04-02,"38782,0"
2015-04-03,"42395,0"
2015-04-04,"33975,0"
2015-04-05,"47385,0"
2015-04-06,"45115,0"
2015-04-07,"49063,0"
2015-04-08,"38109,0"
2015-04-09,"39037,0"
2015-04-10,"32885,0"
2015-04-11,"32521,0"
2015-04-12,"34197,0"
2015-04-13,"54558,0"
2015-04-14,"45598,0"
2015-04-15,"38256,0"
2015-04-16,"33421,0"
2015-04-17,"39727,0"
2015-04-18,"29103,0"
2015-04-19,"37998,0"
2015-04-20,"41494,0"
2015-04-21,"44733,0"
2015-04-22,"38488,0"
2015-04-23,"47683,0"
2015-04-24,"48779,0"
2015-04-25,"32375,0"
2015-04-26,"46575,0"
2015-04-27,"45072,0"
2015-04-28,"42554,0"
2015-04-29,"46056,0"
2015-04-30,"45376,0"
2015-05-01,"31593,0"
2015-05-02,"29126,0"
2015-05-03,"34804,0"
2015-05-04,"51604,0"
2015-05-05,"40589,0"
2015-05-06,"42645,0"
2015-05-07,"44498,0"
2015-05-08,"39464,0"
2015-05-09,"34130,0"
2015-05-10,"50873,0"
2015-05-11,"52995,0"
2015-05-12,"50067,0"
2015-05-13,"40124,0"
2015-05-14,"36509,0"
2015-05-15,"35860,0"
2015-05-16,"31676,0"
2015-05-17,"52092,0"
2015-05-18,"46880,0"
2015-05-19,"45094,0"
2015-05-20,"36076,0"
2015-05-21,"36483,0"
2015-05-22,"43078,0"
2015-05-23,"44643,0"
2015-05-24,"39286,0"
2015-05-25,"48003,0"
2015-05-26,"49752,0"
2015-05-27,"47439,0"
2015-05-28,"39397,0"
2015-05-29,"44352,0"
2015-05-30,"33653,0"
2015-05-31,"41068,0"
2015-06-01,"51945,0"
2015-06-02,"56383,0"
2015-06-03,"44648,0"
2015-06-04,"37390,0"
2015-06-05,"41078,0"
2015-06-06,"29124,0"
2015-06-07,"40764,0"
2015-06-08,"63896,0"
2015-06-09,"52013,0"
2015-06-10,"51120,0"
2015-06-11,"42629,0"
2015-06-12,"45263,0"
2015-06-13,"44727,0"
2015-06-14,"44772,0"
2015-06-15,"49443,0"
2015-06-16,"43183,0"
2015-06-17,"49820,0"
2015-06-18,"49264,0"
2015-06-19,"41373,0"
2015-06-20,"41036,0"
2015-06-21,"47649,0"
2015-06-22,"68321,0"
2015-06-23,"49466,0"
2015-06-24,"40541,0"
2015-06-25,"46010,0"
2015-06-26,"44152,0"
2015-06-27,"34265,0"
2015-06-28,"48011,0"
2015-06-29,"56467,0"
2015-06-30,"50678,0"
2015-07-01,"54302,0"
2015-07-02,"55375,0"
2015-07-03,"50552,0"
2015-07-04,"43831,0"
2015-07-05,"52913,0"
2015-07-06,"56664,0"
2015-07-07,"54098,0"
2015-07-08,"76940,0"
2015-07-09,"92095,0"
2015-07-10,"107433,0"
2015-07-11,"105226,0"
2015-07-12,"105939,0"
2015-07-13,"128295,0"
2015-07-14,"262248,0"
2015-07-15,"251707,0"
2015-07-16,"184948,0"
2015-07-17,"84126,0"
2015-07-18,"63819,0"
2015-07-19,"98917,0"
2015-07-20,"54360,0"
2015-07-21,"45705,0"
2015-07-22,"55868,0"
2015-07-23,"43633,0"
2015-07-24,"47190,0"
2015-07-25,"34565,0"
2015-07-26,"40374,0"
2015-07-27,"51934,0"
2015-07-28,"49061,0"
2015-07-29,"65240,0"
2015-07-30,"42765,0"
2015-07-31,"57175,0"
2015-08-01,"35216,0"
2015-08-02,"40955,0"
2015-08-03,"56044,0"
2015-08-04,"42011,0"
2015-08-05,"54698,0"
2015-08-06,"48992,0"
2015-08-07,"45908,0"
2015-08-08,"42581,0"
2015-08-09,"44676,0"
2015-08-10,"69875,0"
2015-08-11,"46741,0"
2015-08-12,"47869,0"
2015-08-13,"45239,0"
2015-08-14,"47001,0"
2015-08-15,"34119,0"
2015-08-16,"40296,0"
2015-08-17,"49859,0"
2015-08-18,"60073,0"
2015-08-19,"46272,0"
2015-08-20,"46084,0"
2015-08-21,"38027,0"
2015-08-22,"35913,0"
2015-08-23,"41645,0"
2015-08-24,"66363,0"
2015-08-25,"44853,0"
2015-08-26,"41990,0"
2015-08-27,"41017,0"
2015-08-28,"50085,0"
2015-08-29,"34479,0"
2015-08-30,"42315,0"
2015-08-31,"69802,0"
2015-09-01,"56753,0"
2015-09-02,"45712,0"
2015-09-03,"50364,0"
2015-09-04,"47696,0"
2015-09-05,"47722,0"
2015-09-06,"41509,0"
2015-09-07,"71894,0"
2015-09-08,"233750,0"
2015-09-09,"202160,0"
2015-09-10,"41033,0"
2015-09-11,"43456,0"
2015-09-12,"36470,0"
2015-09-13,"42097,0"
2015-09-14,"65208,0"
2015-09-15,"55219,0"
2015-09-16,"44712,0"
2015-09-17,"46876,0"
2015-09-18,"67354,0"
2015-09-19,"47094,0"
2015-09-20,"43252,0"
2015-09-21,"99933,0"
2015-09-22,"64364,0"
2015-09-23,"47358,0"
2015-09-24,"49226,0"
2015-09-25,"55497,0"
2015-09-26,"47227,0"
2015-09-27,"57306,0"
2015-09-28,"58886,0"
2015-09-29,"62020,0"
2015-09-30,"54910,0"
2015-10-01,"48049,0"
2015-10-02,"64850,0"
2015-10-03,"41397,0"
2015-10-04,"48878,0"
2015-10-05,"62914,0"
2015-10-06,"73327,0"
2015-10-07,"60477,0"
2015-10-08,"52148,0"
2015-10-09,"48896,0"
2015-10-10,"42331,0"
2015-10-11,"57278,0"
2015-10-12,"76576,0"
2015-10-13,"63513,0"
2015-10-14,"58972,0"
2015-10-15,"60208,0"
2015-10-16,"63404,0"
2015-10-17,"54256,0"
2015-10-18,"56752,0"
2015-10-19,"79456,0"
2015-10-20,"64347,0"
2015-10-21,"59292,0"
2015-10-22,"55785,0"
2015-10-23,"61281,0"
2015-10-24,"55755,0"
2015-10-25,"66595,0"
2015-10-26,"62821,0"
2015-10-27,"70345,0"
2015-10-28,"64605,0"
2015-10-29,"71859,0"
2015-10-30,"61499,0"
2015-10-31,"48519,0"
2015-11-01,"74982,0"
2015-11-02,"82734,0"
2015-11-03,"78910,0"
2015-11-04,"90736,0"
2015-11-05,"76442,0"
2015-11-06,"62010,0"
2015-11-07,"60968,0"
2015-11-08,"67525,0"
2015-11-09,"101841,0"
2015-11-10,"70752,0"
2015-11-11,"69860,0"
2015-11-12,"54092,0"
2015-11-13,"51599,0"
2015-11-14,"50476,0"
2015-11-15,"65015,0"
2015-11-16,"98538,0"
2015-11-17,"71299,0"
2015-11-18,"60368,0"
2015-11-19,"57922,0"
2015-11-20,"54826,0"
2015-11-21,"48846,0"
2015-11-22,"79450,0"
2015-11-23,"62709,0"
2015-11-24,"57207,0"
2015-11-25,"62689,0"
2015-11-26,"73051,0"
2015-11-27,"64998,0"
2015-11-28,"52119,0"
2015-11-29,"52707,0"
2015-11-30,"90014,0"
2015-12-01,"62997,0"
2015-12-02,"67848,0"
2015-12-03,"70807,0"
2015-12-04,"73115,0"
2015-12-05,"73233,0"
2015-12-06,"71970,0"
2015-12-07,"84295,0"
2015-12-08,"81185,0"
2015-12-09,"86336,0"
2015-12-10,"65965,0"
2015-12-11,"73753,0"
2015-12-12,"76388,0"
2015-12-13,"76068,0"
2015-12-14,"122548,0"
2015-12-15,"86120,0"
2015-12-16,"78252,0"
2015-12-17,"80101,0"
2015-12-18,"75878,0"
2015-12-19,"68898,0"
2015-12-20,"68361,0"
2015-12-21,"97215,0"
2015-12-22,"86526,0"
2015-12-23,"81644,0"
2015-12-24,"73046,0"
2015-12-25,"60856,0"
2015-12-26,"63249,0"
2015-12-27,"63545,0"
2015-12-28,"106923,0"
2015-12-29,"75033,0"
2015-12-30,"73290,0"
2015-12-31,"59489,0"
2016-01-01,"49786,0"
2016-01-02,"55419,0"
2016-01-03,"63124,0"
2016-01-04,"81471,0"
2016-01-05,"73964,0"
2016-01-06,"86227,0"
2016-01-07,"73147,0"
2016-01-08,"67872,0"
2016-01-09,"56992,0"
2016-01-10,"59832,0"
2016-01-11,"79499,0"
2016-01-12,"69168,0"
2016-01-13,"77972,0"
2016-01-14,"62501,0"
2016-01-15,"66690,0"
2016-01-16,"73240,0"
2016-01-17,"60438,0"
2016-01-18,"74556,0"
2016-01-19,"74350,0"
2016-01-20,"91709,0"
2016-01-21,"87481,0"
2016-01-22,"92448,0"
2016-01-23,"67606,0"
2016-01-24,"71514,0"
2016-01-25,"87726,0"
2016-01-26,"81186,0"
2016-01-27,"86948,0"
2016-01-28,"82019,0"
2016-01-29,"77123,0"
2016-01-30,"69186,0"
2016-01-31,"75338,0"
2016-02-01,"88969,0"
2016-02-02,"97539,0"
2016-02-03,"83542,0"
2016-02-04,"71287,0"
2016-02-05,"90159,0"
2016-02-06,"63467,0"
2016-02-07,"78161,0"
2016-02-08,"99296,0"
2016-02-09,"89327,0"
2016-02-10,"86701,0"
2016-02-11,"98728,0"
2016-02-12,"77339,0"
2016-02-13,"68588,0"
2016-02-14,"77740,0"
2016-02-15,"96281,0"
2016-02-16,"85042,0"
2016-02-17,"79819,0"
2016-02-18,"81996,0"
2016-02-19,"82206,0"
2016-02-20,"81396,0"
2016-02-21,"88033,0"
2016-02-22,"86377,0"
2016-02-23,"86486,0"
2016-02-24,"75830,0"
2016-02-25,"103991,0"
2016-02-26,"81687,0"
2016-02-27,"83539,0"
2016-02-28,"75889,0"
2016-02-29,"91757,0"
2016-03-01,"91786,0"
2016-03-02,"115444,0"
2016-03-03,"113980,0"
2016-03-04,"140246,0"
2016-03-05,"85129,0"
2016-03-06,"75226,0"
2016-03-07,"77959,0"
2016-03-08,"71088,0"
2016-03-09,"95371,0"
2016-03-10,"81673,0"
2016-03-11,"71990,0"
2016-03-12,"58817,0"
2016-03-13,"62589,0"
2016-03-14,"83524,0"
2016-03-15,"65972,0"
2016-03-16,"69849,0"
2016-03-17,"70744,0"
2016-03-18,"63805,0"
2016-03-19,"54010,0"
2016-03-20,"70092,0"
2016-03-21,"77391,0"
2016-03-22,"74692,0"
2016-03-23,"83861,0"
2016-03-24,"74372,0"
2016-03-25,"55600,0"
2016-03-26,"54655,0"
2016-03-27,"62111,0"
2016-03-28,"80405,0"
2016-03-29,"73470,0"
2016-03-30,"62769,0"
2016-03-31,"75988,0"
2016-04-01,"89648,0"
2016-04-02,"72743,0"
2016-04-03,"69324,0"
2016-04-04,"94533,0"
2016-04-05,"86718,0"
2016-04-06,"77699,0"
2016-04-07,"70005,0"
2016-04-08,"68257,0"
2016-04-09,"65430,0"
2016-04-10,"68620,0"
2016-04-11,"103411,0"
2016-04-12,"110405,0"
2016-04-13,"97548,0"
2016-04-14,"83398,0"
2016-04-15,"88982,0"
2016-04-16,"77986,0"
2016-04-17,"78534,0"
2016-04-18,"88737,0"
2016-04-19,"76260,0"
2016-04-20,"88372,0"
2016-04-21,"75214,0"
2016-04-22,"81802,0"
2016-04-23,"61416,0"
2016-04-24,"72985,0"
2016-04-25,"92696,0"
2016-04-26,"87485,0"
2016-04-27,"80221,0"
2016-04-28,"84933,0"
2016-04-29,"84461,0"
2016-04-30,"82569,0"
2016-05-01,"80160,0"
2016-05-02,"120939,0"
2016-05-03,"104485,0"
2016-05-04,"96319,0"
2016-05-05,"83854,0"
2016-05-06,"87005,0"
2016-05-07,"74573,0"
2016-05-08,"87277,0"
2016-05-09,"85807,0"
2016-05-10,"89629,0"
2016-05-11,"79397,0"
2016-05-12,"83362,0"
2016-05-13,"89774,0"
2016-05-14,"91245,0"
2016-05-15,"83830,0"
2016-05-16,"100579,0"
2016-05-17,"91863,0"
2016-05-18,"98032,0"
2016-05-19,"91264,0"
2016-05-20,"94198,0"
2016-05-21,"99710,0"
2016-05-22,"106006,0"
2016-05-23,"100467,0"
2016-05-24,"93159,0"
2016-05-25,"90279,0"
2016-05-26,"87230,0"
2016-05-27,"113103,0"
2016-05-28,"100008,0"
2016-05-29,"87016,0"
2016-05-30,"124989,0"
2016-05-31,"83052,0"
2016-06-01,"85016,0"
2016-06-02,"77194,0"
2016-06-03,"84735,0"
2016-06-04,"81197,0"
2016-06-05,"86028,0"
2016-06-06,"108236,0"
2016-06-07,"83077,0"
2016-06-08,"80006,0"
2016-06-09,"84456,0"
2016-06-10,"85332,0"
2016-06-11,"69617,0"
2016-06-12,"107543,0"
2016-06-13,"128920,0"
2016-06-14,"91434,0"
2016-06-15,"132592,0"
2016-06-16,"110654,0"
2016-06-17,"110937,0"
2016-06-18,"135269,0"
2016-06-19,"118907,0"
2016-06-20,"111065,0"
2016-06-21,"106853,0"
2016-06-22,"94577,0"
2016-06-23,"106356,0"
2016-06-24,"102017,0"
2016-06-25,"123014,0"
2016-06-26,"87765,0"
2016-06-27,"101050,0"
2016-06-28,"78754,0"
2016-06-29,"81945,0"
2016-06-30,"84325,0"
2016-07-01,"103797,0"
2016-07-02,"71563,0"
2016-07-03,"60282,0"
2016-07-04,"75932,0"
2016-07-05,"80600,0"
2016-07-06,"72233,0"
2016-07-07,"79407,0"
2016-07-08,"74733,0"
2016-07-09,"62023,0"
2016-07-10,"57089,0"
2016-07-11,"84852,0"
2016-07-12,"72880,0"
2016-07-13,"65732,0"
2016-07-14,"88924,0"
2016-07-15,"68004,0"
2016-07-16,"72372,0"
2016-07-17,"71965,0"
2016-07-18,"86785,0"
2016-07-19,"73662,0"
2016-07-20,"74346,0"
2016-07-21,"65252,0"
2016-07-22,"70634,0"
2016-07-23,"77367,0"
2016-07-24,"65702,0"
2016-07-25,"86998,0"
2016-07-26,"74926,0"
2016-07-27,"69188,0"
2016-07-28,"81721,0"
2016-07-29,"89094,0"
2016-07-30,"65176,0"
2016-07-31,"80516,0"
2016-08-01,"90750,0"
2016-08-02,"81946,0"
2016-08-03,"74410,0"
2016-08-04,"75228,0"
2016-08-05,"66087,0"
2016-08-06,"55830,0"
2016-08-07,"82379,0"
2016-08-08,"97499,0"
2016-08-09,"76201,0"
2016-08-10,"80774,0"
2016-08-11,"77629,0"
2016-08-12,"71110,0"
2016-08-13,"62387,0"
2016-08-14,"72570,0"
2016-08-15,"126834,0"
2016-08-16,"93506,0"
2016-08-17,"78904,0"
2016-08-18,"83861,0"
2016-08-19,"74783,0"
2016-08-20,"68110,0"
2016-08-21,"59242,0"
2016-08-22,"96811,0"
2016-08-23,"94782,0"
2016-08-24,"71682,0"
2016-08-25,"69101,0"
2016-08-26,"71767,0"
2016-08-27,"67670,0"
2016-08-28,"70338,0"
2016-08-29,"107424,0"
2016-08-30,"79970,0"
2016-08-31,"74527,0"
2016-09-01,"80146,0"
2016-09-02,"70482,0"
2016-09-03,"63872,0"
2016-09-04,"65358,0"
2016-09-05,"112835,0"
2016-09-06,"74481,0"
2016-09-07,"78904,0"
2016-09-08,"77550,0"
2016-09-09,"82676,0"
2016-09-10,"67470,0"
2016-09-11,"62047,0"
2016-09-12,"92332,0"
2016-09-13,"104330,0"
2016-09-14,"72139,0"
2016-09-15,"68741,0"
2016-09-16,"61794,0"
2016-09-17,"78449,0"
2016-09-18,"66210,0"
2016-09-19,"96177,0"
2016-09-20,"73283,0"
2016-09-21,"70136,0"
2016-09-22,"74159,0"
2016-09-23,"71072,0"
2016-09-24,"65226,0"
2016-09-25,"61385,0"
2016-09-26,"95666,0"
2016-09-27,"90134,0"
2016-09-28,"84778,0"
2016-09-29,"86168,0"
2016-09-30,"80084,0"
2016-10-01,"72670,0"
2016-10-02,"74410,0"
2016-10-03,"106927,0"
2016-10-04,"88133,0"
2016-10-05,"81589,0"
2016-10-06,"90582,0"
2016-10-07,"72551,0"
2016-10-08,"90920,0"
2016-10-09,"75877,0"
2016-10-10,"98060,0"
2016-10-11,"108165,0"
2016-10-12,"81509,0"
2016-10-13,"96055,0"
2016-10-14,"73710,0"
2016-10-15,"83662,0"
2016-10-16,"69247,0"
2016-10-17,"116578,0"
2016-10-18,"104643,0"
2016-10-19,"85436,0"
2016-10-20,"110285,0"
2016-10-21,"86892,0"
2016-10-22,"96675,0"
2016-10-23,"69443,0"
2016-10-24,"99723,0"
2016-10-25,"80774,0"
2016-10-26,"70434,0"
2016-10-27,"152178,0"
2016-10-28,"83715,0"
2016-10-29,"86285,0"
2016-10-30,"72455,0"
2016-10-31,"93399,0"
2016-11-01,"90313,0"
2016-11-02,"92287,0"
2016-11-03,"82492,0"
2016-11-04,"84956,0"
2016-11-05,"79759,0"
2016-11-06,"70405,0"
2016-11-07,"113497,0"
2016-11-08,"95824,0"
2016-11-09,"101706,0"
2016-11-10,"90861,0"
2016-11-11,"75791,0"
2016-11-12,"97871,0"
2016-11-13,"78296,0"
2016-11-14,"116938,0"
2016-11-15,"92771,0"
2016-11-16,"89073,0"
2016-11-17,"102340,0"
2016-11-18,"86646,0"
2016-11-19,"86959,0"
2016-11-20,"92338,0"
2016-11-21,"103222,0"
2016-11-22,"87462,0"
2016-11-23,"113496,0"
2016-11-24,"143871,0"
2016-11-25,"136204,0"
2016-11-26,"166066,0"
2016-11-27,"112121,0"
2016-11-28,"137826,0"
2016-11-29,"105925,0"
2016-11-30,"97174,0"
2016-12-01,"125001,0"
2016-12-02,"114469,0"
2016-12-03,"149272,0"
2016-12-04,"89085,0"
2016-12-05,"122482,0"
2016-12-06,"124919,0"
2016-12-07,"115383,0"
2016-12-08,"91168,0"
2016-12-09,"102221,0"
2016-12-10,"109914,0"
2016-12-11,"78437,0"
2016-12-12,"107038,0"
2016-12-13,"105482,0"
2016-12-14,"81629,0"
2016-12-15,"85769,0"
2016-12-16,"97885,0"
2016-12-17,"74291,0"
2016-12-18,"114357,0"
2016-12-19,"124130,0"
2016-12-20,"97112,0"
2016-12-21,"108795,0"
2016-12-22,"103890,0"
2016-12-23,"83912,0"
2016-12-24,"87262,0"
2016-12-25,"76278,0"
2016-12-26,"113738,0"
2016-12-27,"96376,0"
2016-12-28,"85721,0"
2016-12-29,"97243,0"
2016-12-30,"85226,0"
2016-12-31,"78567,0"
2017-01-01,"69238,0"
2017-01-02,"148770,0"
2017-01-03,"97533,0"
2017-01-04,"108274,0"
2017-01-05,"107955,0"
2017-01-06,"103568,0"
2017-01-07,"96728,0"
2017-01-08,"132599,0"
2017-01-09,"106426,0"
2017-01-10,"117791,0"
2017-01-11,"100141,0"
2017-01-12,"92701,0"
2017-01-13,"72264,0"
2017-01-14,"103208,0"
2017-01-15,"94838,0"
2017-01-16,"125343,0"
2017-01-17,"102324,0"
2017-01-18,"82351,0"
2017-01-19,"101428,0"
2017-01-20,"91302,0"
2017-01-21,"81072,0"
2017-01-22,"96830,0"
2017-01-23,"109121,0"
2017-01-24,"96116,0"
2017-01-25,"114930,0"
2017-01-26,"128797,0"
2017-01-27,"102229,0"
2017-01-28,"76320,0"
2017-01-29,"105816,0"
2017-01-30,"116257,0"
2017-01-31,"101242,0"
2017-02-01,"112890,0"
2017-02-02,"96409,0"
2017-02-03,"103602,0"
2017-02-04,"116261,0"
2017-02-05,"160380,0"
2017-02-06,"104324,0"
2017-02-07,"108533,0"
2017-02-08,"109285,0"
2017-02-09,"136631,0"
2017-02-10,"102972,0"
2017-02-11,"112982,0"
2017-02-12,"96225,0"
2017-02-13,"139809,0"
2017-02-14,"94677,0"
2017-02-15,"86252,0"
2017-02-16,"146425,0"
2017-02-17,"91951,0"
2017-02-18,"103535,0"
2017-02-19,"98988,0"
2017-02-20,"131884,0"
2017-02-21,"86315,0"
2017-02-22,"86020,0"
2017-02-23,"103564,0"
2017-02-24,"123053,0"
2017-02-25,"157048,0"
2017-02-26,"141587,0"
2017-02-27,"136449,0"
2017-02-28,"111510,0"
2017-03-01,"93284,0"
2017-03-02,"118553,0"
2017-03-03,"111834,0"
2017-03-04,"99679,0"
2017-03-05,"139930,0"
2017-03-06,"109848,0"
2017-03-07,"113973,0"
2017-03-08,"110116,0"
2017-03-09,"113182,0"
2017-03-10,"122840,0"
2017-03-11,"112907,0"
2017-03-12,"145411,0"
2017-03-13,"105842,0"
2017-03-14,"125160,0"
2017-03-15,"92963,0"
2017-03-16,"90064,0"
2017-03-17,"124122,0"
2017-03-18,"107306,0"
2017-03-19,"104081,0"
2017-03-20,"99734,0"
2017-03-21,"100177,0"
2017-03-22,"110625,0"
2017-03-23,"94925,0"
2017-03-24,"103492,0"
2017-03-25,"75877,0"
2017-03-26,"84375,0"
2017-03-27,"107121,0"
2017-03-28,"122519,0"
2017-03-29,"92714,0"
2017-03-30,"119923,0"
2017-03-31,"93603,0"
2017-04-01,"92926,0"
2017-04-02,"99113,0"
2017-04-03,"121491,0"
2017-04-04,"88724,0"
2017-04-05,"106533,0"
2017-04-06,"98359,0"
2017-04-07,"107875,0"
2017-04-08,"95307,0"
2017-04-09,"128643,0"
2017-04-10,"106150,0"
2017-04-11,"107454,0"
2017-04-12,"94317,0"
2017-04-13,"128082,0"
2017-04-14,"105455,0"
2017-04-15,"151361,0"
2017-04-16,"142812,0"
2017-04-17,"108181,0"
2017-04-18,"119463,0"
2017-04-19,"98952,0"
2017-04-20,"155880,0"
2017-04-21,"129469,0"
2017-04-22,"124609,0"
2017-04-23,"128297,0"
2017-04-24,"137211,0"
2017-04-25,"113090,0"
2017-04-26,"116730,0"
2017-04-27,"120865,0"
2017-04-28,"93479,0"
2017-04-29,"173159,0"
2017-04-30,"145943,0"
2017-05-01,"130764,0"
2017-05-02,"133469,0"
2017-05-03,"108284,0"
2017-05-04,"129133,0"
2017-05-05,"100694,0"
2017-05-06,"146787,0"
2017-05-07,"187561,0"
2017-05-08,"157869,0"
2017-05-09,"133214,0"
2017-05-10,"105546,0"
2017-05-11,"95120,0"
2017-05-12,"112395,0"
2017-05-13,"137748,0"
2017-05-14,"154831,0"
2017-05-15,"159247,0"
2017-05-16,"144894,0"
2017-05-17,"140295,0"
2017-05-18,"107637,0"
2017-05-19,"124005,0"
2017-05-20,"141982,0"
2017-05-21,"124118,0"
2017-05-22,"105877,0"
2017-05-23,"127748,0"
2017-05-24,"109360,0"
2017-05-25,"121378,0"
2017-05-26,"104988,0"
2017-05-27,"192597,0"
2017-05-28,"156603,0"
2017-05-29,"141176,0"
2017-05-30,"150888,0"
2017-05-31,"139581,0"
2017-06-01,"166756,0"
2017-06-02,"122634,0"
2017-06-03,"194345,0"
2017-06-04,"131562,0"
2017-06-05,"155457,0"
2017-06-06,"129028,0"
2017-06-07,"131967,0"
2017-06-08,"113003,0"
2017-06-09,"114278,0"
2017-06-10,"89466,0"
2017-06-11,"111133,0"
2017-06-12,"115622,0"
2017-06-13,"94888,0"
2017-06-14,"96677,0"
2017-06-15,"133184,0"
2017-06-16,"123139,0"
2017-06-17,"106954,0"
2017-06-18,"109283,0"
2017-06-19,"141064,0"
2017-06-20,"80595,0"
2017-06-21,"94071,0"
2017-06-22,"113312,0"
2017-06-23,"108182,0"
2017-06-24,"103983,0"
2017-06-25,"89964,0"
2017-06-26,"128224,0"
2017-06-27,"73680,0"
2017-06-28,"89669,0"
2017-06-29,"83011,0"
2017-06-30,"104911,0"
2017-07-01,"105290,0"
2017-07-02,"106488,0"
2017-07-03,"106128,0"
2017-07-04,"91803,0"
2017-07-05,"90119,0"
2017-07-06,"87908,0"
2017-07-07,"96599,0"
2017-07-08,"97443,0"
2017-07-09,"82635,0"
2017-07-10,"113791,0"
2017-07-11,"100127,0"
2017-07-12,"99435,0"
2017-07-13,"86374,0"
2017-07-14,"93159,0"
2017-07-15,"89831,0"
2017-07-16,"106177,0"
2017-07-17,"124912,0"
2017-07-18,"130285,0"
2017-07-19,"110709,0"
2017-07-20,"95004,0"
2017-07-21,"126884,0"
2017-07-22,"142587,0"
2017-07-23,"92803,0"
2017-07-24,"130032,0"
2017-07-25,"92699,0"
2017-07-26,"96056,0"
2017-07-27,"113640,0"
2017-07-28,"94846,0"
2017-07-29,"99337,0"
2017-07-30,"93882,0"
2017-07-31,"115882,0"
2017-08-01,"85732,0"
2017-08-02,"86892,0"
2017-08-03,"83837,0"
2017-08-04,"78803,0"
2017-08-05,"93964,0"
2017-08-06,"70183,0"
2017-08-07,"99038,0"
2017-08-08,"117953,0"
2017-08-09,"100859,0"
2017-08-10,"109785,0"
2017-08-11,"84899,0"
2017-08-12,"96140,0"
2017-08-13,"124415,0"
2017-08-14,"100081,0"
2017-08-15,"106259,0"
2017-08-16,"83452,0"
2017-08-17,"170495,0"
2017-08-18,"95145,0"
2017-08-19,"115157,0"
2017-08-20,"127352,0"
2017-08-21,"86579,0"
2017-08-22,"59429,0"
2017-08-23,"144936,0"
2017-08-24,"70089,0"
2017-08-25,"67437,0"
2017-08-26,"86583,0"
2017-08-27,"173425,0"
2017-08-28,"97679,0"
2017-08-29,"142064,0"
2017-08-30,"128683,0"
2017-08-31,"108615,0"
2017-09-01,"92323,0"
2017-09-02,"90373,0"
2017-09-03,"81534,0"
2017-09-04,"131018,0"
2017-09-05,"105630,0"
2017-09-06,"106790,0"
2017-09-07,"115793,0"
2017-09-08,"110218,0"
2017-09-09,"95113,0"
2017-09-10,"96471,0"
2017-09-11,"122546,0"
2017-09-12,"93346,0"
2017-09-13,"90009,0"
2017-09-14,"101344,0"
2017-09-15,"97231,0"
2017-09-16,"76635,0"
2017-09-17,"79603,0"
2017-09-18,"80364,0"
2017-09-19,"133491,0"
2017-09-20,"76376,0"
2017-09-21,"104972,0"
2017-09-22,"78674,0"
2017-09-23,"75305,0"
2017-09-24,"73923,0"
2017-09-25,"102915,0"
2017-09-26,"107749,0"
2017-09-27,"80000,0"
2017-09-28,"96058,0"
2017-09-29,"91211,0"
2017-09-30,"80050,0"
2017-10-01,"94326,0"
2017-10-02,"126046,0"
2017-10-03,"111819,0"
2017-10-04,"82216,0"
2017-10-05,"102539,0"
2017-10-06,"116175,0"
2017-10-07,"105834,0"
2017-10-08,"146825,0"
2017-10-09,"125783,0"
2017-10-10,"113807,0"
2017-10-11,"95015,0"
2017-10-12,"113279,0"
2017-10-13,"86466,0"
2017-10-14,"114889,0"
2017-10-15,"208091,0"
2017-10-16,"127819,0"
2017-10-17,"117077,0"
2017-10-18,"103943,0"
2017-10-19,"129005,0"
2017-10-20,"111124,0"
2017-10-21,"102995,0"
2017-10-22,"179873,0"
2017-10-23,"151093,0"
2017-10-24,"124400,0"
2017-10-25,"183485,0"
2017-10-26,"98127,0"
2017-10-27,"79004,0"
2017-10-28,"63896,0"
2017-10-29,"177652,0"
2017-10-30,"151156,0"
2017-10-31,"152967,0"
2017-11-01,"138059,0"
2017-11-02,"111882,0"
2017-11-03,"79220,0"
2017-11-04,"131092,0"
2017-11-05,"151238,0"
2017-11-06,"140805,0"
2017-11-07,"130127,0"
2017-11-08,"128741,0"
2017-11-09,"132385,0"
2017-11-10,"88301,0"
2017-11-11,"60073,0"
2017-11-12,"71210,0"
2017-11-13,"146239,0"
2017-11-14,"151228,0"
2017-11-15,"183783,0"
2017-11-16,"141657,0"
2017-11-17,"159815,0"
2017-11-18,"133934,0"
2017-11-19,"176136,0"
2017-11-20,"140540,0"
2017-11-21,"127049,0"
2017-11-22,"120370,0"
2017-11-23,"119453,0"
2017-11-24,"121251,0"
2017-11-25,"112973,0"
2017-11-26,"133466,0"
2017-11-27,"142874,0"
2017-11-28,"105530,0"
2017-11-29,"113801,0"
2017-11-30,"116768,0"
2017-12-01,"144497,0"
2017-12-02,"151990,0"
2017-12-03,"148554,0"
2017-12-04,"154835,0"
2017-12-05,"131735,0"
2017-12-06,"126059,0"
2017-12-07,"103920,0"
2017-12-08,"123017,0"
2017-12-09,"198044,0"
2017-12-10,"201938,0"
2017-12-11,"178721,0"
2017-12-12,"125938,0"
2017-12-13,"179287,0"
2017-12-14,"115892,0"
2017-12-15,"123944,0"
2017-12-16,"191057,0"
2017-12-17,"191461,0"
2017-12-18,"152482,0"
2017-12-19,"74039,0"
2017-12-20,"69664,0"
2017-12-21,"71562,0"
2017-12-22,"128208,0"
2017-12-23,"178091,0"
2017-12-24,"291823,0"
2017-12-25,"245021,0"
2017-12-26,"187608,0"
2017-12-27,"131458,0"
2017-12-28,"110276,0"
2017-12-29,"115758,0"
2017-12-30,"90489,0"
2017-12-31,"137405,0"
2018-01-01,"253528,0"
2018-01-02,"203280,0"
2018-01-03,"93492,0"
2018-01-04,"80837,0"
2018-01-05,"78605,0"
2018-01-06,"157490,0"
2018-01-07,"130070,0"
2018-01-08,"170058,0"
2018-01-09,"125147,0"
2018-01-10,"122590,0"
2018-01-11,"228217,0"
2018-01-12,"189721,0"
2018-01-13,"118878,0"
2018-01-14,"129562,0"
2018-01-15,"109323,0"
2018-01-16,"88750,0"
2018-01-17,"120650,0"
2018-01-18,"101989,0"
2018-01-19,"82559,0"
2018-01-20,"130780,0"
2018-01-21,"201026,0"
2018-01-22,"176434,0"
2018-01-23,"89566,0"
2018-01-24,"101484,0"
2018-01-25,"94376,0"
2018-01-26,"77271,0"
2018-01-27,"92640,0"
2018-01-28,"69564,0"
2018-01-29,"83348,0"
2018-01-30,"104208,0"
2018-01-31,"71702,0"
2018-02-01,"97095,0"
2018-02-02,"81641,0"
2018-02-03,"76841,0"
2018-02-04,"80392,0"
2018-02-05,"107922,0"
2018-02-06,"101585,0"
2018-02-07,"87728,0"
2018-02-08,"60290,0"
2018-02-09,"80643,0"
2018-02-10,"72571,0"
2018-02-11,"60436,0"
2018-02-12,"91358,0"
2018-02-13,"64695,0"
2018-02-14,"77570,0"
2018-02-15,"85517,0"
2018-02-16,"59423,0"
2018-02-17,"48760,0"
2018-02-18,"66335,0"
2018-02-19,"86784,0"
2018-02-20,"80470,0"
2018-02-21,"74524,0"
2018-02-22,"71300,0"
2018-02-23,"85249,0"
2018-02-24,"135411,0"
2018-02-25,"56246,0"
2018-02-26,"77439,0"
2018-02-27,"74515,0"
2018-02-28,"77274,0"
2018-03-01,"92103,0"
2018-03-02,"85284,0"
2018-03-03,"58391,0"
2018-03-04,"74548,0"
2018-03-05,"86125,0"
2018-03-06,"69818,0"
2018-03-07,"77494,0"
2018-03-08,"71932,0"
2018-03-09,"64966,0"
2018-03-10,"91319,0"
2018-03-11,"98304,0"
2018-03-12,"97820,0"
2018-03-13,"70897,0"
2018-03-14,"79843,0"
2018-03-15,"68141,0"
2018-03-16,"62632,0"
2018-03-17,"51745,0"
2018-03-18,"69517,0"
2018-03-19,"89340,0"
2018-03-20,"65314,0"
2018-03-21,"60509,0"
2018-03-22,"78080,0"
2018-03-23,"85624,0"
2018-03-24,"82624,0"
2018-03-25,"59894,0"
2018-03-26,"90040,0"
2018-03-27,"91789,0"
2018-03-28,"55006,0"
2018-03-29,"66656,0"
2018-03-30,"53693,0"
2018-03-31,"81335,0"
2018-04-01,"61773,0"
2018-04-02,"72277,0"
2018-04-03,"85201,0"
2018-04-04,"71926,0"
2018-04-05,"66888,0"
2018-04-06,"55889,0"
2018-04-07,"67249,0"
2018-04-08,"47329,0"
2018-04-09,"93429,0"
2018-04-10,"65943,0"
2018-04-11,"76207,0"
2018-04-12,"83150,0"
2018-04-13,"62635,0"
2018-04-14,"51044,0"
2018-04-15,"95014,0"
2018-04-16,"116515,0"
2018-04-17,"74177,0"
2018-04-18,"77556,0"
2018-04-19,"72709,0"
2018-04-20,"70554,0"
2018-04-21,"102850,0"
2018-04-22,"70666,0"
2018-04-23,"85731,0"
2018-04-24,"104046,0"
2018-04-25,"86986,0"
2018-04-26,"84665,0"
2018-04-27,"90050,0"
2018-04-28,"61173,0"
2018-04-29,"79428,0"
2018-04-30,"102505,0"
2018-05-01,"76719,0"
2018-05-02,"131345,0"
2018-05-03,"74994,0"
2018-05-04,"74963,0"
2018-05-05,"67596,0"
2018-05-06,"72793,0"
2018-05-07,"122486,0"
2018-05-08,"89180,0"
2018-05-09,"71264,0"
2018-05-10,"69322,0"
2018-05-11,"126867,0"
2018-05-12,"81227,0"
2018-05-13,"75298,0"
2018-05-14,"95813,0"
2018-05-15,"67257,0"
2018-05-16,"76956,0"
2018-05-17,"96090,0"
2018-05-18,"90367,0"
2018-05-19,"61526,0"
2018-05-20,"64267,0"
2018-05-21,"140161,0"
2018-05-22,"81228,0"
2018-05-23,"93406,0"
2018-05-24,"61414,0"
2018-05-25,"91409,0"
2018-05-26,"48508,0"
2018-05-27,"56620,0"
2018-05-28,"117042,0"
2018-05-29,"79117,0"
2018-05-30,"78232,0"
2018-05-31,"86455,0"
2018-06-01,"76402,0"
2018-06-02,"78899,0"
2018-06-03,"66822,0"
2018-06-04,"101839,0"
2018-06-05,"82919,0"
2018-06-06,"77336,0"
2018-06-07,"72178,0"
2018-06-08,"106945,0"
2018-06-09,"77708,0"
2018-06-10,"80757,0"
2018-06-11,"89452,0"
2018-06-12,"74393,0"
2018-06-13,"99713,0"
2018-06-14,"71790,0"
2018-06-15,"93096,0"
2018-06-16,"53603,0"
2018-06-17,"61755,0"
2018-06-18,"89911,0"
2018-06-19,"89941,0"
2018-06-20,"66513,0"
2018-06-21,"72878,0"
2018-06-22,"94171,0"
2018-06-23,"57024,0"
2018-06-24,"58253,0"
2018-06-25,"96996,0"
2018-06-26,"62696,0"
2018-06-27,"73239,0"
2018-06-28,"76308,0"
2018-06-29,"63988,0"
2018-06-30,"75604,0"
2018-07-01,"56308,0"
2018-07-02,"80996,0"
2018-07-03,"75208,0"
2018-07-04,"77989,0"
2018-07-05,"74819,0"
2018-07-06,"61364,0"
2018-07-07,"62676,0"
2018-07-08,"93680,0"
2018-07-09,"88948,0"
2018-07-10,"102451,0"
2018-07-11,"75875,0"
2018-07-12,"109555,0"
2018-07-13,"59429,0"
2018-07-14,"56327,0"
2018-07-15,"100353,0"
2018-07-16,"75735,0"
2018-07-17,"91825,0"
2018-07-18,"86082,0"
2018-07-19,"73005,0"
2018-07-20,"70416,0"
2018-07-21,"63973,0"
2018-07-22,"53984,0"
2018-07-23,"125231,0"
2018-07-24,"75548,0"
2018-07-25,"88437,0"
2018-07-26,"73569,0"
2018-07-27,"77334,0"
2018-07-28,"95385,0"
2018-07-29,"60983,0"
2018-07-30,"100010,0"
2018-07-31,"82164,0"
2018-08-01,"81533,0"
2018-08-02,"74517,0"
2018-08-03,"83364,0"
2018-08-04,"63042,0"
2018-08-05,"73199,0"
2018-08-06,"105892,0"
2018-08-07,"100058,0"
2018-08-08,"86681,0"
2018-08-09,"67869,0"
2018-08-10,"81605,0"
2018-08-11,"58800,0"
2018-08-12,"62291,0"
2018-08-13,"98145,0"
2018-08-14,"79076,0"
2018-08-15,"77124,0"
2018-08-16,"75585,0"
2018-08-17,"71579,0"
2018-08-18,"55443,0"
2018-08-19,"59600,0"
2018-08-20,"92960,0"
2018-08-21,"77630,0"
2018-08-22,"87571,0"
2018-08-23,"71520,0"
2018-08-24,"90797,0"
2018-08-25,"67077,0"
2018-08-26,"76338,0"
2018-08-27,"86608,0"
2018-08-28,"81082,0"
2018-08-29,"79004,0"
2018-08-30,"74991,0"
2018-08-31,"77943,0"
2018-09-01,"80400,0"
2018-09-02,"63946,0"
2018-09-03,"97644,0"
2018-09-04,"76261,0"
2018-09-05,"92561,0"
2018-09-06,"74773,0"
2018-09-07,"70839,0"
2018-09-08,"61048,0"
2018-09-09,"75936,0"
2018-09-10,"98012,0"
2018-09-11,"89640,0"
2018-09-12,"71131,0"
2018-09-13,"87682,0"
2018-09-14,"72428,0"
2018-09-15,"68319,0"
2018-09-16,"57955,0"
2018-09-17,"93651,0"
2018-09-18,"92161,0"
2018-09-19,"78771,0"
2018-09-20,"68554,0"
2018-09-21,"85430,0"
2018-09-22,"67336,0"
2018-09-23,"59199,0"
2018-09-24,"92959,0"
2018-09-25,"92369,0"
2018-09-26,"90288,0"
2018-09-27,"80716,0"
2018-09-28,"76587,0"
2018-09-29,"61779,0"
2018-09-30,"69007,0"
2018-10-01,"133480,0"
2018-10-02,"94587,0"
2018-10-03,"75773,0"
2018-10-04,"74232,0"
2018-10-05,"89870,0"
2018-10-06,"62240,0"
2018-10-07,"91772,0"
2018-10-08,"96583,0"
2018-10-09,"82738,0"
2018-10-10,"73891,0"
2018-10-11,"81231,0"
2018-10-12,"99366,0"
2018-10-13,"61939,0"
2018-10-14,"65968,0"
2018-10-15,"107964,0"
2018-10-16,"96719,0"
2018-10-17,"84859,0"
2018-10-18,"73420,0"
2018-10-19,"79650,0"
2018-10-20,"64809,0"
2018-10-21,"60998,0"
2018-10-22,"98414,0"
2018-10-23,"87085,0"
2018-10-24,"78414,0"
2018-10-25,"86255,0"
2018-10-26,"83488,0"
2018-10-27,"72724,0"
2018-10-28,"64178,0"
2018-10-29,"111959,0"
2018-10-30,"94643,0"
2018-10-31,"86934,0"
2018-11-01,"84433,0"
2018-11-02,"105762,0"
2018-11-03,"69737,0"
2018-11-04,"112709,0"
2018-11-05,"106715,0"
2018-11-06,"84464,0"
2018-11-07,"99361,0"
2018-11-08,"91130,0"
2018-11-09,"85886,0"
2018-11-10,"70090,0"
2018-11-11,"65916,0"
2018-11-12,"96763,0"
2018-11-13,"93098,0"
2018-11-14,"107874,0"
2018-11-15,"96596,0"
2018-11-16,"90585,0"
2018-11-17,"68429,0"
2018-11-18,"74403,0"
2018-11-19,"112876,0"
2018-11-20,"132340,0"
2018-11-21,"96144,0"
2018-11-22,"130318,0"
2018-11-23,"93424,0"
2018-11-24,"76474,0"
2018-11-25,"78729,0"
2018-11-26,"96034,0"
2018-11-27,"74031,0"
2018-11-28,"72045,0"
2018-11-29,"83243,0"
2018-11-30,"73707,0"
2018-12-01,"76929,0"
2018-12-02,"70126,0"
2018-12-03,"91469,0"
2018-12-04,"102146,0"
2018-12-05,"77069,0"
2018-12-06,"85639,0"
2018-12-07,"89359,0"
2018-12-08,"55347,0"
2018-12-09,"73011,0"
2018-12-10,"111918,0"
2018-12-11,"80176,0"
2018-12-12,"88146,0"
2018-12-13,"72475,0"
2018-12-14,"96482,0"
2018-12-15,"57922,0"
2018-12-16,"71132,0"
2018-12-17,"95598,0"
2018-12-18,"88802,0"
2018-12-19,"92876,0"
2018-12-20,"91876,0"
2018-12-21,"87351,0"
2018-12-22,"84865,0"
2018-12-23,"75732,0"
2018-12-24,"98681,0"
2018-12-25,"59630,0"
2018-12-26,"85486,0"
2018-12-27,"92891,0"
2018-12-28,"72732,0"
2018-12-29,"73935,0"
2018-12-30,"70681,0"
2018-12-31,"102172,0"
2019-01-01,"68533,0"
2019-01-02,"108605,0"
2019-01-03,"88954,0"
2019-01-04,"76186,0"
2019-01-05,"57663,0"
2019-01-06,"73911,0"
2019-01-07,"100587,0"
2019-01-08,"81434,0"
2019-01-09,"87749,0"
2019-01-10,"81167,0"
2019-01-11,"83631,0"
2019-01-12,"61033,0"
2019-01-13,"72667,0"
2019-01-14,"100945,0"
2019-01-15,"95300,0"
2019-01-16,"88008,0"
2019-01-17,"86090,0"
2019-01-18,"82070,0"
2019-01-19,"73163,0"
2019-01-20,"90159,0"
2019-01-21,"104787,0"
2019-01-22,"93634,0"
2019-01-23,"90872,0"
2019-01-24,"96431,0"
2019-01-25,"79223,0"
2019-01-26,"82323,0"
2019-01-27,"65449,0"
2019-01-28,"111063,0"
2019-01-29,"79866,0"
2019-01-30,"88481,0"
2019-01-31,"86350,0"
2019-02-01,"99312,0"
2019-02-02,"74552,0"
2019-02-03,"71551,0"
2019-02-04,"105682,0"
2019-02-05,"77527,0"
2019-02-06,"116126,0"
2019-02-07,"94125,0"
2019-02-08,"105076,0"
2019-02-09,"76980,0"
2019-02-10,"68955,0"
2019-02-11,"117924,0"
2019-02-12,"102960,0"
2019-02-13,"131519,0"
2019-02-14,"80689,0"
2019-02-15,"101220,0"
2019-02-16,"87837,0"
2019-02-17,"76679,0"
2019-02-18,"129652,0"
2019-02-19,"101871,0"
2019-02-20,"84938,0"
2019-02-21,"77808,0"
2019-02-22,"120940,0"
2019-02-23,"72679,0"
2019-02-24,"85630,0"
2019-02-25,"119511,0"
2019-02-26,"100008,0"
2019-02-27,"85934,0"
2019-02-28,"102811,0"
2019-03-01,"90412,0"
2019-03-02,"78579,0"
2019-03-03,"86515,0"
2019-03-04,"114727,0"
2019-03-05,"108562,0"
2019-03-06,"97704,0"
2019-03-07,"92258,0"
2019-03-08,"92315,0"
2019-03-09,"78990,0"
2019-03-10,"75258,0"
2019-03-11,"134739,0"
2019-03-12,"94965,0"
2019-03-13,"129521,0"
2019-03-14,"112866,0"
2019-03-15,"93589,0"
2019-03-16,"86353,0"
2019-03-17,"77277,0"
2019-03-18,"123052,0"
2019-03-19,"122208,0"
2019-03-20,"136537,0"
2019-03-21,"99188,0"
2019-03-22,"105189,0"
2019-03-23,"82612,0"
2019-03-24,"90610,0"
2019-03-25,"118970,0"
2019-03-26,"86257,0"
2019-03-27,"108975,0"
2019-03-28,"115809,0"
2019-03-29,"110961,0"
2019-03-30,"90618,0"
2019-03-31,"95721,0"
2019-04-01,"113371,0"
2019-04-02,"131132,0"
2019-04-03,"120808,0"
2019-04-04,"123858,0"
2019-04-05,"176394,0"
2019-04-06,"139445,0"
2019-04-07,"127312,0"
2019-04-08,"146977,0"
2019-04-09,"124605,0"
2019-04-10,"110146,0"
2019-04-11,"120975,0"
2019-04-12,"114208,0"
2019-04-13,"81397,0"
2019-04-14,"108416,0"
2019-04-15,"143200,0"
2019-04-16,"141343,0"
2019-04-17,"100689,0"
2019-04-18,"119800,0"
2019-04-19,"120883,0"
2019-04-20,"91760,0"
2019-04-21,"111662,0"
2019-04-22,"99175,0"
2019-04-23,"87641,0"
2019-04-24,"148711,0"
2019-04-25,"101130,0"
2019-04-26,"108971,0"
2019-04-27,"118665,0"
2019-04-28,"108016,0"
2019-04-29,"151279,0"
2019-04-30,"151559,0"
2019-05-01,"122084,0"
2019-05-02,"154294,0"
2019-05-03,"117674,0"
2019-05-04,"87885,0"
2019-05-05,"126378,0"
2019-05-06,"164175,0"
2019-05-07,"101206,0"
2019-05-08,"113234,0"
2019-05-09,"171088,0"
2019-05-10,"89200,0"
2019-05-11,"117238,0"
2019-05-12,"206753,0"
2019-05-13,"149763,0"
2019-05-14,"137678,0"
2019-05-15,"142964,0"
2019-05-16,"110541,0"
2019-05-17,"148582,0"
2019-05-18,"214643,0"
2019-05-19,"174478,0"
2019-05-20,"161985,0"
2019-05-21,"136088,0"
2019-05-22,"139770,0"
2019-05-23,"126028,0"
2019-05-24,"127554,0"
2019-05-25,"126821,0"
2019-05-26,"104603,0"
2019-05-27,"149575,0"
2019-05-28,"155520,0"
2019-05-29,"117280,0"
2019-05-30,"123624,0"
2019-05-31,"87268,0"
2019-06-01,"158705,0"
2019-06-02,"163341,0"
2019-06-03,"129346,0"
2019-06-04,"137816,0"
2019-06-05,"141923,0"
2019-06-06,"127602,0"
2019-06-07,"134750,0"
2019-06-08,"91945,0"
2019-06-09,"85062,0"
2019-06-10,"144235,0"
2019-06-11,"137266,0"
2019-06-12,"102937,0"
2019-06-13,"128386,0"
2019-06-14,"136351,0"
2019-06-15,"140897,0"
2019-06-16,"117952,0"
2019-06-17,"108166,0"
2019-06-18,"155996,0"
2019-06-19,"158992,0"
2019-06-20,"103192,0"
2019-06-21,"99883,0"
2019-06-22,"119869,0"
2019-06-23,"197760,0"
2019-06-24,"202152,0"
2019-06-25,"140880,0"
2019-06-26,"127806,0"
2019-06-27,"101118,0"
2019-06-28,"198698,0"
2019-06-29,"212308,0"
2019-06-30,"107272,0"
2019-07-01,"135070,0"
2019-07-02,"148742,0"
2019-07-03,"147434,0"
2019-07-04,"140510,0"
2019-07-05,"120714,0"
2019-07-06,"93961,0"
2019-07-07,"111329,0"
2019-07-08,"142141,0"
2019-07-09,"106688,0"
2019-07-10,"99713,0"
2019-07-11,"113417,0"
2019-07-12,"164843,0"
2019-07-13,"112168,0"
2019-07-14,"99815,0"
2019-07-15,"117402,0"
2019-07-16,"106817,0"
2019-07-17,"98984,0"
2019-07-18,"93136,0"
2019-07-19,"122889,0"
2019-07-20,"173923,0"
2019-07-21,"85144,0"
2019-07-22,"120363,0"
2019-07-23,"104338,0"
2019-07-24,"106993,0"
2019-07-25,"110985,0"
2019-07-26,"106959,0"
2019-07-27,"73625,0"
2019-07-28,"82383,0"
2019-07-29,"123272,0"
2019-07-30,"100706,0"
2019-07-31,"105219,0"
2019-08-01,"99404,0"
2019-08-02,"112279,0"
2019-08-03,"75927,0"
2019-08-04,"79939,0"
2019-08-05,"120886,0"
2019-08-06,"113915,0"
2019-08-07,"88300,0"
2019-08-08,"150092,0"
2019-08-09,"103178,0"
2019-08-10,"71197,0"
2019-08-11,"77235,0"
2019-08-12,"94374,0"
2019-08-13,"170027,0"
2019-08-14,"117139,0"
2019-08-15,"99448,0"
2019-08-16,"89066,0"
2019-08-17,"72809,0"
2019-08-18,"87090,0"
2019-08-19,"120859,0"
2019-08-20,"101064,0"
2019-08-21,"93306,0"
2019-08-22,"116953,0"
2019-08-23,"102295,0"
2019-08-24,"113447,0"
2019-08-25,"80934,0"
2019-08-26,"147023,0"
2019-08-27,"105543,0"
2019-08-28,"109780,0"
2019-08-29,"104228,0"
2019-08-30,"106674,0"
2019-08-31,"81310,0"
2019-09-01,"87522,0"
2019-09-02,"127812,0"
2019-09-03,"114930,0"
2019-09-04,"112946,0"
2019-09-05,"110497,0"
2019-09-06,"120833,0"
2019-09-07,"83398,0"
2019-09-08,"83957,0"
2019-09-09,"143027,0"
2019-09-10,"112525,0"
2019-09-11,"112128,0"
2019-09-12,"98338,0"
2019-09-13,"130723,0"
2019-09-14,"101111,0"
2019-09-15,"85889,0"
2019-09-16,"156088,0"
2019-09-17,"109736,0"
2019-09-18,"120147,0"
2019-09-19,"99970,0"
2019-09-20,"112574,0"
2019-09-21,"86421,0"
2019-09-22,"80914,0"
2019-09-23,"131294,0"
2019-09-24,"151032,0"
2019-09-25,"98432,0"
2019-09-26,"112262,0"
2019-09-27,"100192,0"
2019-09-28,"88316,0"
2019-09-29,"77686,0"
2019-09-30,"143028,0"
2019-10-01,"102395,0"
2019-10-02,"103338,0"
2019-10-03,"95962,0"
2019-10-04,"105428,0"
2019-10-05,"97845,0"
2019-10-06,"86462,0"
2019-10-07,"149272,0"
2019-10-08,"109020,0"
2019-10-09,"106304,0"
2019-10-10,"96699,0"
2019-10-11,"109306,0"
2019-10-12,"76578,0"
2019-10-13,"77892,0"
2019-10-14,"130664,0"
2019-10-15,"101528,0"
2019-10-16,"106889,0"
2019-10-17,"133741,0"
2019-10-18,"96695,0"
2019-10-19,"81172,0"
2019-10-20,"81949,0"
2019-10-21,"139031,0"
2019-10-22,"103523,0"
2019-10-23,"100622,0"
2019-10-24,"103625,0"
2019-10-25,"133765,0"
2019-10-26,"116735,0"
2019-10-27,"90442,0"
2019-10-28,"131702,0"
2019-10-29,"103874,0"
2019-10-30,"97472,0"
2019-10-31,"100998,0"
2019-11-01,"126933,0"
2019-11-02,"81845,0"
2019-11-03,"91097,0"
2019-11-04,"125108,0"
2019-11-05,"108808,0"
2019-11-06,"125203,0"
2019-11-07,"113946,0"
2019-11-08,"100166,0"
2019-11-09,"96794,0"
2019-11-10,"86243,0"
2019-11-11,"131661,0"
2019-11-12,"105403,0"
2019-11-13,"113819,0"
2019-11-14,"96722,0"
2019-11-15,"104549,0"
2019-11-16,"87468,0"
2019-11-17,"112941,0"
2019-11-18,"121115,0"
2019-11-19,"134707,0"
2019-11-20,"104558,0"
2019-11-21,"130358,0"
2019-11-22,"110006,0"
2019-11-23,"79983,0"
2019-11-24,"81061,0"
2019-11-25,"104174,0"
2019-11-26,"135953,0"
2019-11-27,"145906,0"
2019-11-28,"105450,0"
2019-11-29,"107870,0"
2019-11-30,"94837,0"
2019-12-01,"87401,0"
2019-12-02,"134418,0"
2019-12-03,"110362,0"
2019-12-04,"117784,0"
2019-12-05,"112488,0"
2019-12-06,"107260,0"
2019-12-07,"83677,0"
2019-12-08,"87665,0"
2019-12-09,"130413,0"
2019-12-10,"106433,0"
2019-12-11,"110226,0"
2019-12-12,"96409,0"
2019-12-13,"101371,0"
2019-12-14,"87516,0"
2019-12-15,"93311,0"
2019-12-16,"144615,0"
2019-12-17,"127925,0"
2019-12-18,"106943,0"
2019-12-19,"111088,0"
2019-12-20,"100218,0"
2019-12-21,"80322,0"
2019-12-22,"90062,0"
2019-12-23,"127069,0"
2019-12-24,"102893,0"
2019-12-25,"80901,0"
2019-12-26,"95957,0"
2019-12-27,"105746,0"
2019-12-28,"75203,0"
2019-12-29,"87477,0"
2019-12-30,"124923,0"
2019-12-31,"97845,0"
2020-01-01,"78690,0"
2020-01-02,"117569,0"
2020-01-03,"108004,0"
2020-01-04,"84264,0"
2020-01-05,"90149,0"
2020-01-06,"148089,0"
2020-01-07,"106359,0"
2020-01-08,"96196,0"
2020-01-09,"110804,0"
2020-01-10,"100434,0"
2020-01-11,"82129,0"
2020-01-12,"93573,0"
2020-01-13,"127676,0"
2020-01-14,"132903,0"
2020-01-15,"112592,0"
2020-01-16,"101808,0"
2020-01-17,"109791,0"
2020-01-18,"80451,0"
2020-01-19,"96565,0"
2020-01-20,"128461,0"
2020-01-21,"124994,0"
2020-01-22,"101545,0"
2020-01-23,"108539,0"
2020-01-24,"110607,0"
2020-01-25,"84133,0"
2020-01-26,"82294,0"
2020-01-27,"126455,0"
2020-01-28,"122259,0"
2020-01-29,"96465,0"
2020-01-30,"107586,0"
2020-01-31,"112797,0"
2020-02-01,"82768,0"
2020-02-02,"104395,0"
2020-02-03,"154660,0"
2020-02-04,"110970,0"
2020-02-05,"114011,0"
2020-02-06,"99615,0"
2020-02-07,"122485,0"
2020-02-08,"100912,0"
2020-02-09,"109043,0"
2020-02-10,"108503,0"
2020-02-11,"150607,0"
2020-02-12,"108414,0"
2020-02-13,"127510,0"
2020-02-14,"89264,0"
2020-02-15,"114963,0"
2020-02-16,"88065,0"
2020-02-17,"133607,0"
2020-02-18,"118764,0"
2020-02-19,"119437,0"
2020-02-20,"96630,0"
2020-02-21,"112331,0"
2020-02-22,"75212,0"
2020-02-23,"93592,0"
2020-02-24,"150010,0"
2020-02-25,"101693,0"
2020-02-26,"107407,0"
2020-02-27,"109656,0"
2020-02-28,"118534,0"
2020-02-29,"87599,0"
2020-03-01,"106806,0"
2020-03-02,"154383,0"
2020-03-03,"112970,0"
2020-03-04,"106057,0"
2020-03-05,"111100,0"
2020-03-06,"139950,0"
2020-03-07,"82340,0"
2020-03-08,"93865,0"
2020-03-09,"144785,0"
2020-03-10,"132885,0"
2020-03-11,"88376,0"
2020-03-12,"130107,0"
2020-03-13,"103761,0"
2020-03-14,"163689,0"
2020-03-15,"107510,0"
2020-03-16,"125330,0"
2020-03-17,"127185,0"
2020-03-18,"89107,0"
2020-03-19,"114202,0"
2020-03-20,"100956,0"
2020-03-21,"133960,0"
2020-03-22,"98118,0"
2020-03-23,"131417,0"
2020-03-24,"133538,0"
2020-03-25,"81154,0"
2020-03-26,"146873,0"
2020-03-27,"164828,0"
2020-03-28,"80811,0"
2020-03-29,"89569,0"
2020-03-30,"140258,0"
2020-03-31,"121006,0"
2020-04-01,"122023,0"
2020-04-02,"132124,0"
2020-04-03,"120516,0"
2020-04-04,"90512,0"
2020-04-05,"95480,0"
2020-04-06,"142401,0"
2020-04-07,"132178,0"
2020-04-08,"135202,0"
2020-04-09,"107192,0"
2020-04-10,"105930,0"
2020-04-11,"86754,0"
2020-04-12,"99790,0"
2020-04-13,"128729,0"
2020-04-14,"139181,0"
2020-04-15,"115158,0"
2020-04-16,"126031,0"
2020-04-17,"134055,0"
2020-04-18,"171244,0"
2020-04-19,"92930,0"
2020-04-20,"152430,0"
2020-04-21,"120445,0"
2020-04-22,"101953,0"
2020-04-23,"146517,0"
2020-04-24,"132125,0"
2020-04-25,"128931,0"
2020-04-26,"107978,0"
2020-04-27,"149625,0"
2020-04-28,"176470,0"
2020-04-29,"123587,0"
2020-04-30,"143355,0"
2020-05-01,"165728,0"
2020-05-02,"170923,0"
2020-05-03,"250040,0"
2020-05-04,"152511,0"
2020-05-05,"159277,0"
2020-05-06,"151114,0"
2020-05-07,"130933,0"
2020-05-08,"135092,0"
2020-05-09,"142172,0"
2020-05-10,"210874,0"
2020-05-11,"202585,0"
2020-05-12,"126850,0"
2020-05-13,"119539,0"
2020-05-14,"95084,0"
2020-05-15,"119631,0"
2020-05-16,"202147,0"
2020-05-17,"152482,0"
2020-05-18,"146519,0"
2020-05-19,"124670,0"
2020-05-20,"123016,0"
2020-05-21,"174299,0"
2020-05-22,"131431,0"
2020-05-23,"165543,0"
2020-05-24,"195040,0"
2020-05-25,"172056,0"
2020-05-26,"144602,0"
2020-05-27,"147469,0"
2020-05-28,"155308,0"
2020-05-29,"133724,0"
2020-05-30,"146153,0"
2020-05-31,"144878,0"
2020-06-01,"166725,0"
2020-06-02,"132559,0"
2020-06-03,"185460,0"
2020-06-04,"163739,0"
2020-06-05,"176862,0"
2020-06-06,"93122,0"
2020-06-07,"114672,0"
2020-06-08,"188972,0"
2020-06-09,"122914,0"
2020-06-10,"159860,0"
2020-06-11,"187661,0"
2020-06-12,"130367,0"
2020-06-13,"149174,0"
2020-06-14,"122389,0"
2020-06-15,"180088,0"
2020-06-16,"162006,0"
2020-06-17,"157701,0"
2020-06-18,"150431,0"
2020-06-19,"174835,0"
2020-06-20,"130438,0"
2020-06-21,"154239,0"
2020-06-22,"137655,0"
2020-06-23,"197640,0"
2020-06-24,"166606,0"
2020-06-25,"150538,0"
2020-06-26,"178361,0"
2020-06-27,"135092,0"
2020-06-28,"116088,0"
2020-06-29,"192207,0"
2020-06-30,"162611,0"
2020-07-01,"186207,0"
2020-07-02,"163070,0"
2020-07-03,"176254,0"
2020-07-04,"154056,0"
2020-07-05,"132193,0"
2020-07-06,"199710,0"
2020-07-07,"128394,0"
2020-07-08,"158954,0"
2020-07-09,"180073,0"
2020-07-10,"178279,0"
2020-07-11,"157611,0"
2020-07-12,"117196,0"
2020-07-13,"187321,0"
2020-07-14,"150698,0"
2020-07-15,"183412,0"
2020-07-16,"141103,0"
2020-07-17,"125705,0"
2020-07-18,"173088,0"
2020-07-19,"273245,0"
2020-07-20,"223695,0"
2020-07-21,"157498,0"
2020-07-22,"153028,0"
2020-07-23,"179922,0"
2020-07-24,"199286,0"
2020-07-25,"246506,0"
2020-07-26,"319356,0"
2020-07-27,"200782,0"
2020-07-28,"152033,0"
2020-07-29,"203445,0"
2020-07-30,"169656,0"
2020-07-31,"196197,0"
2020-08-01,"217548,0"
2020-08-02,"240411,0"
2020-08-03,"280031,0"
2020-08-04,"181061,0"
2020-08-05,"137615,0"
2020-08-06,"211330,0"
2020-08-07,"209088,0"
2020-08-08,"213183,0"
2020-08-09,"174542,0"
2020-08-10,"194373,0"
2020-08-11,"204646,0"
2020-08-12,"194208,0"
2020-08-13,"147304,0"
2020-08-14,"189472,0"
2020-08-15,"177861,0"
2020-08-16,"191367,0"
2020-08-17,"147934,0"
2020-08-18,"146037,0"
2020-08-19,"157170,0"
2020-08-20,"182552,0"
2020-08-21,"281552,0"
2020-08-22,"174860,0"
2020-08-23,"270373,0"
2020-08-24,"163783,0"
2020-08-25,"143137,0"
2020-08-26,"196736,0"
2020-08-27,"143962,0"
2020-08-28,"220806,0"
2020-08-29,"282550,0"
2020-08-30,"188147,0"
2020-08-31,"165796,0"
2020-09-01,"157725,0"
2020-09-02,"172357,0"
2020-09-03,"162828,0"
2020-09-04,"182114,0"
2020-09-05,"190765,0"
2020-09-06,"377874,0"
2020-09-07,"347322,0"
2020-09-08,"168385,0"
2020-09-09,"137975,0"
2020-09-10,"249745,0"
2020-09-11,"168749,0"
2020-09-12,"186096,0"
2020-09-13,"161488,0"
2020-09-14,"225005,0"
2020-09-15,"142202,0"
2020-09-16,"171166,0"
2020-09-17,"251023,0"
2020-09-18,"180914,0"
2020-09-19,"156798,0"
2020-09-20,"153769,0"
2020-09-21,"197832,0"
2020-09-22,"177329,0"
2020-09-23,"174389,0"
2020-09-24,"153553,0"
2020-09-25,"312399,0"
2020-09-26,"294496,0"
2020-09-27,"156030,0"
2020-09-28,"152842,0"
2020-09-29,"163570,0"
2020-09-30,"249887,0"
2020-10-01,"138256,0"
2020-10-02,"172362,0"
2020-10-03,"241175,0"
2020-10-04,"307128,0"
2020-10-05,"227074,0"
2020-10-06,"156431,0"
2020-10-07,"180430,0"
2020-10-08,"232667,0"
2020-10-09,"189190,0"
2020-10-10,"226003,0"
2020-10-11,"167225,0"
2020-10-12,"204477,0"
2020-10-13,"183984,0"
2020-10-14,"130790,0"
2020-10-15,"176806,0"
2020-10-16,"172256,0"
2020-10-17,"193321,0"
2020-10-18,"134185,0"
2020-10-19,"176452,0"
2020-10-20,"159083,0"
2020-10-21,"162326,0"
2020-10-22,"146464,0"
2020-10-23,"173212,0"
2020-10-24,"302222,0"
2020-10-25,"192600,0"
2020-10-26,"210732,0"
2020-10-27,"121613,0"
2020-10-28,"119742,0"
2020-10-29,"149282,0"
2020-10-30,"161241,0"
2020-10-31,"164281,0"
2020-11-01,"215672,0"
2020-11-02,"159811,0"
2020-11-03,"185279,0"
2020-11-04,"310818,0"
2020-11-05,"201408,0"
2020-11-06,"163643,0"
2020-11-07,"211536,0"
2020-11-08,"181460,0"
2020-11-09,"311787,0"
2020-11-10,"181509,0"
2020-11-11,"164981,0"
2020-11-12,"203190,0"
2020-11-13,"170531,0"
2020-11-14,"148176,0"
2020-11-15,"178305,0"
2020-11-16,"214443,0"
2020-11-17,"173725,0"
2020-11-18,"170940,0"
2020-11-19,"176222,0"
2020-11-20,"243577,0"
2020-11-21,"200966,0"
2020-11-22,"157398,0"
2020-11-23,"236402,0"
2020-11-24,"142375,0"
2020-11-25,"157292,0"
2020-11-26,"211433,0"
2020-11-27,"232134,0"
2020-11-28,"251704,0"
2020-11-29,"193345,0"
2020-11-30,"177745,0"
2020-12-01,"154791,0"
2020-12-02,"141402,0"
2020-12-03,"229716,0"
2020-12-04,"208080,0"
2020-12-05,"235161,0"
2020-12-06,"262018,0"
2020-12-07,"212594,0"
2020-12-08,"168936,0"
2020-12-09,"172031,0"
2020-12-10,"146175,0"
2020-12-11,"193212,0"
2020-12-12,"191928,0"
2020-12-13,"249840,0"
2020-12-14,"185691,0"
2020-12-15,"185041,0"
2020-12-16,"168934,0"
2020-12-17,"116791,0"
2020-12-18,"190572,0"
2020-12-19,"283264,0"
2020-12-20,"301292,0"
2020-12-21,"185611,0"
2020-12-22,"192885,0"
2020-12-23,"178754,0"
2020-12-24,"158440,0"
2020-12-25,"221714,0"
2020-12-26,"190106,0"
2020-12-27,"164071,0"
2020-12-28,"188939,0"
2020-12-29,"154759,0"
