Date,indicators/sol_3y_5y
2009-01-03,"0,0"
2009-01-04,"0,0"
2009-01-05,"0,0"
2009-01-06,"0,0"
2009-01-07,"0,0"
2009-01-08,"0,0"
2009-01-09,"0,0"
2009-01-10,"0,0"
2009-01-11,"0,0"
2009-01-12,"0,0"
2009-01-13,"0,0"
2009-01-14,"0,0"
2009-01-15,"0,0"
2009-01-16,"0,0"
2009-01-17,"0,0"
2009-01-18,"0,0"
2009-01-19,"0,0"
2009-01-20,"0,0"
2009-01-21,"0,0"
2009-01-22,"0,0"
2009-01-23,"0,0"
2009-01-24,"0,0"
2009-01-25,"0,0"
2009-01-26,"0,0"
2009-01-27,"0,0"
2009-01-28,"0,0"
2009-01-29,"0,0"
2009-01-30,"0,0"
2009-01-31,"0,0"
2009-02-01,"0,0"
2009-02-02,"0,0"
2009-02-03,"0,0"
2009-02-04,"0,0"
2009-02-05,"0,0"
2009-02-06,"0,0"
2009-02-07,"0,0"
2009-02-08,"0,0"
2009-02-09,"0,0"
2009-02-10,"0,0"
2009-02-11,"0,0"
2009-02-12,"0,0"
2009-02-13,"0,0"
2009-02-14,"0,0"
2009-02-15,"0,0"
2009-02-16,"0,0"
2009-02-17,"0,0"
2009-02-18,"0,0"
2009-02-19,"0,0"
2009-02-20,"0,0"
2009-02-21,"0,0"
2009-02-22,"0,0"
2009-02-23,"0,0"
2009-02-24,"0,0"
2009-02-25,"0,0"
2009-02-26,"0,0"
2009-02-27,"0,0"
2009-02-28,"0,0"
2009-03-01,"0,0"
2009-03-02,"0,0"
2009-03-03,"0,0"
2009-03-04,"0,0"
2009-03-05,"0,0"
2009-03-06,"0,0"
2009-03-07,"0,0"
2009-03-08,"0,0"
2009-03-09,"0,0"
2009-03-10,"0,0"
2009-03-11,"0,0"
2009-03-12,"0,0"
2009-03-13,"0,0"
2009-03-14,"0,0"
2009-03-15,"0,0"
2009-03-16,"0,0"
2009-03-17,"0,0"
2009-03-18,"0,0"
2009-03-19,"0,0"
2009-03-20,"0,0"
2009-03-21,"0,0"
2009-03-22,"0,0"
2009-03-23,"0,0"
2009-03-24,"0,0"
2009-03-25,"0,0"
2009-03-26,"0,0"
2009-03-27,"0,0"
2009-03-28,"0,0"
2009-03-29,"0,0"
2009-03-30,"0,0"
2009-03-31,"0,0"
2009-04-01,"0,0"
2009-04-02,"0,0"
2009-04-03,"0,0"
2009-04-04,"0,0"
2009-04-05,"0,0"
2009-04-06,"0,0"
2009-04-07,"0,0"
2009-04-08,"0,0"
2009-04-09,"0,0"
2009-04-10,"0,0"
2009-04-11,"0,0"
2009-04-12,"0,0"
2009-04-13,"0,0"
2009-04-14,"0,0"
2009-04-15,"0,0"
2009-04-16,"0,0"
2009-04-17,"0,0"
2009-04-18,"0,0"
2009-04-19,"0,0"
2009-04-20,"0,0"
2009-04-21,"0,0"
2009-04-22,"0,0"
2009-04-23,"0,0"
2009-04-24,"0,0"
2009-04-25,"0,0"
2009-04-26,"0,0"
2009-04-27,"0,0"
2009-04-28,"0,0"
2009-04-29,"0,0"
2009-04-30,"0,0"
2009-05-01,"0,0"
2009-05-02,"0,0"
2009-05-03,"0,0"
2009-05-04,"0,0"
2009-05-05,"0,0"
2009-05-06,"0,0"
2009-05-07,"0,0"
2009-05-08,"0,0"
2009-05-09,"0,0"
2009-05-10,"0,0"
2009-05-11,"0,0"
2009-05-12,"0,0"
2009-05-13,"0,0"
2009-05-14,"0,0"
2009-05-15,"0,0"
2009-05-16,"0,0"
2009-05-17,"0,0"
2009-05-18,"0,0"
2009-05-19,"0,0"
2009-05-20,"0,0"
2009-05-21,"0,0"
2009-05-22,"0,0"
2009-05-23,"0,0"
2009-05-24,"0,0"
2009-05-25,"0,0"
2009-05-26,"0,0"
2009-05-27,"0,0"
2009-05-28,"0,0"
2009-05-29,"0,0"
2009-05-30,"0,0"
2009-05-31,"0,0"
2009-06-01,"0,0"
2009-06-02,"0,0"
2009-06-03,"0,0"
2009-06-04,"0,0"
2009-06-05,"0,0"
2009-06-06,"0,0"
2009-06-07,"0,0"
2009-06-08,"0,0"
2009-06-09,"0,0"
2009-06-10,"0,0"
2009-06-11,"0,0"
2009-06-12,"0,0"
2009-06-13,"0,0"
2009-06-14,"0,0"
2009-06-15,"0,0"
2009-06-16,"0,0"
2009-06-17,"0,0"
2009-06-18,"0,0"
2009-06-19,"0,0"
2009-06-20,"0,0"
2009-06-21,"0,0"
2009-06-22,"0,0"
2009-06-23,"0,0"
2009-06-24,"0,0"
2009-06-25,"0,0"
2009-06-26,"0,0"
2009-06-27,"0,0"
2009-06-28,"0,0"
2009-06-29,"0,0"
2009-06-30,"0,0"
2009-07-01,"0,0"
2009-07-02,"0,0"
2009-07-03,"0,0"
2009-07-04,"0,0"
2009-07-05,"0,0"
2009-07-06,"0,0"
2009-07-07,"0,0"
2009-07-08,"0,0"
2009-07-09,"0,0"
2009-07-10,"0,0"
2009-07-11,"0,0"
2009-07-12,"0,0"
2009-07-13,"0,0"
2009-07-14,"0,0"
2009-07-15,"0,0"
2009-07-16,"0,0"
2009-07-17,"0,0"
2009-07-18,"0,0"
2009-07-19,"0,0"
2009-07-20,"0,0"
2009-07-21,"0,0"
2009-07-22,"0,0"
2009-07-23,"0,0"
2009-07-24,"0,0"
2009-07-25,"0,0"
2009-07-26,"0,0"
2009-07-27,"0,0"
2009-07-28,"0,0"
2009-07-29,"0,0"
2009-07-30,"0,0"
2009-07-31,"0,0"
2009-08-01,"0,0"
2009-08-02,"0,0"
2009-08-03,"0,0"
2009-08-04,"0,0"
2009-08-05,"0,0"
2009-08-06,"0,0"
2009-08-07,"0,0"
2009-08-08,"0,0"
2009-08-09,"0,0"
2009-08-10,"0,0"
2009-08-11,"0,0"
2009-08-12,"0,0"
2009-08-13,"0,0"
2009-08-14,"0,0"
2009-08-15,"0,0"
2009-08-16,"0,0"
2009-08-17,"0,0"
2009-08-18,"0,0"
2009-08-19,"0,0"
2009-08-20,"0,0"
2009-08-21,"0,0"
2009-08-22,"0,0"
2009-08-23,"0,0"
2009-08-24,"0,0"
2009-08-25,"0,0"
2009-08-26,"0,0"
2009-08-27,"0,0"
2009-08-28,"0,0"
2009-08-29,"0,0"
2009-08-30,"0,0"
2009-08-31,"0,0"
2009-09-01,"0,0"
2009-09-02,"0,0"
2009-09-03,"0,0"
2009-09-04,"0,0"
2009-09-05,"0,0"
2009-09-06,"0,0"
2009-09-07,"0,0"
2009-09-08,"0,0"
2009-09-09,"0,0"
2009-09-10,"0,0"
2009-09-11,"0,0"
2009-09-12,"0,0"
2009-09-13,"0,0"
2009-09-14,"0,0"
2009-09-15,"0,0"
2009-09-16,"0,0"
2009-09-17,"0,0"
2009-09-18,"0,0"
2009-09-19,"0,0"
2009-09-20,"0,0"
2009-09-21,"0,0"
2009-09-22,"0,0"
2009-09-23,"0,0"
2009-09-24,"0,0"
2009-09-25,"0,0"
2009-09-26,"0,0"
2009-09-27,"0,0"
2009-09-28,"0,0"
2009-09-29,"0,0"
2009-09-30,"0,0"
2009-10-01,"0,0"
2009-10-02,"0,0"
2009-10-03,"0,0"
2009-10-04,"0,0"
2009-10-05,"0,0"
2009-10-06,"0,0"
2009-10-07,"0,0"
2009-10-08,"0,0"
2009-10-09,"0,0"
2009-10-10,"0,0"
2009-10-11,"0,0"
2009-10-12,"0,0"
2009-10-13,"0,0"
2009-10-14,"0,0"
2009-10-15,"0,0"
2009-10-16,"0,0"
2009-10-17,"0,0"
2009-10-18,"0,0"
2009-10-19,"0,0"
2009-10-20,"0,0"
2009-10-21,"0,0"
2009-10-22,"0,0"
2009-10-23,"0,0"
2009-10-24,"0,0"
2009-10-25,"0,0"
2009-10-26,"0,0"
2009-10-27,"0,0"
2009-10-28,"0,0"
2009-10-29,"0,0"
2009-10-30,"0,0"
2009-10-31,"0,0"
2009-11-01,"0,0"
2009-11-02,"0,0"
2009-11-03,"0,0"
2009-11-04,"0,0"
2009-11-05,"0,0"
2009-11-06,"0,0"
2009-11-07,"0,0"
2009-11-08,"0,0"
2009-11-09,"0,0"
2009-11-10,"0,0"
2009-11-11,"0,0"
2009-11-12,"0,0"
2009-11-13,"0,0"
2009-11-14,"0,0"
2009-11-15,"0,0"
2009-11-16,"0,0"
2009-11-17,"0,0"
2009-11-18,"0,0"
2009-11-19,"0,0"
2009-11-20,"0,0"
2009-11-21,"0,0"
2009-11-22,"0,0"
2009-11-23,"0,0"
2009-11-24,"0,0"
2009-11-25,"0,0"
2009-11-26,"0,0"
2009-11-27,"0,0"
2009-11-28,"0,0"
2009-11-29,"0,0"
2009-11-30,"0,0"
2009-12-01,"0,0"
2009-12-02,"0,0"
2009-12-03,"0,0"
2009-12-04,"0,0"
2009-12-05,"0,0"
2009-12-06,"0,0"
2009-12-07,"0,0"
2009-12-08,"0,0"
2009-12-09,"0,0"
2009-12-10,"0,0"
2009-12-11,"0,0"
2009-12-12,"0,0"
2009-12-13,"0,0"
2009-12-14,"0,0"
2009-12-15,"0,0"
2009-12-16,"0,0"
2009-12-17,"0,0"
2009-12-18,"0,0"
2009-12-19,"0,0"
2009-12-20,"0,0"
2009-12-21,"0,0"
2009-12-22,"0,0"
2009-12-23,"0,0"
2009-12-24,"0,0"
2009-12-25,"0,0"
2009-12-26,"0,0"
2009-12-27,"0,0"
2009-12-28,"0,0"
2009-12-29,"0,0"
2009-12-30,"0,0"
2009-12-31,"0,0"
2010-01-01,"0,0"
2010-01-02,"0,0"
2010-01-03,"0,0"
2010-01-04,"0,0"
2010-01-05,"0,0"
2010-01-06,"0,0"
2010-01-07,"0,0"
2010-01-08,"0,0"
2010-01-09,"0,0"
2010-01-10,"0,0"
2010-01-11,"0,0"
2010-01-12,"0,0"
2010-01-13,"0,0"
2010-01-14,"0,0"
2010-01-15,"0,0"
2010-01-16,"0,0"
2010-01-17,"0,0"
2010-01-18,"0,0"
2010-01-19,"0,0"
2010-01-20,"0,0"
2010-01-21,"0,0"
2010-01-22,"0,0"
2010-01-23,"0,0"
2010-01-24,"0,0"
2010-01-25,"0,0"
2010-01-26,"0,0"
2010-01-27,"0,0"
2010-01-28,"0,0"
2010-01-29,"0,0"
2010-01-30,"0,0"
2010-01-31,"0,0"
2010-02-01,"0,0"
2010-02-02,"0,0"
2010-02-03,"0,0"
2010-02-04,"0,0"
2010-02-05,"0,0"
2010-02-06,"0,0"
2010-02-07,"0,0"
2010-02-08,"0,0"
2010-02-09,"0,0"
2010-02-10,"0,0"
2010-02-11,"0,0"
2010-02-12,"0,0"
2010-02-13,"0,0"
2010-02-14,"0,0"
2010-02-15,"0,0"
2010-02-16,"0,0"
2010-02-17,"0,0"
2010-02-18,"0,0"
2010-02-19,"0,0"
2010-02-20,"0,0"
2010-02-21,"0,0"
2010-02-22,"0,0"
2010-02-23,"0,0"
2010-02-24,"0,0"
2010-02-25,"0,0"
2010-02-26,"0,0"
2010-02-27,"0,0"
2010-02-28,"0,0"
2010-03-01,"0,0"
2010-03-02,"0,0"
2010-03-03,"0,0"
2010-03-04,"0,0"
2010-03-05,"0,0"
2010-03-06,"0,0"
2010-03-07,"0,0"
2010-03-08,"0,0"
2010-03-09,"0,0"
2010-03-10,"0,0"
2010-03-11,"0,0"
2010-03-12,"0,0"
2010-03-13,"0,0"
2010-03-14,"0,0"
2010-03-15,"0,0"
2010-03-16,"0,0"
2010-03-17,"0,0"
2010-03-18,"0,0"
2010-03-19,"0,0"
2010-03-20,"0,0"
2010-03-21,"0,0"
2010-03-22,"0,0"
2010-03-23,"0,0"
2010-03-24,"0,0"
2010-03-25,"0,0"
2010-03-26,"0,0"
2010-03-27,"0,0"
2010-03-28,"0,0"
2010-03-29,"0,0"
2010-03-30,"0,0"
2010-03-31,"0,0"
2010-04-01,"0,0"
2010-04-02,"0,0"
2010-04-03,"0,0"
2010-04-04,"0,0"
2010-04-05,"0,0"
2010-04-06,"0,0"
2010-04-07,"0,0"
2010-04-08,"0,0"
2010-04-09,"0,0"
2010-04-10,"0,0"
2010-04-11,"0,0"
2010-04-12,"0,0"
2010-04-13,"0,0"
2010-04-14,"0,0"
2010-04-15,"0,0"
2010-04-16,"0,0"
2010-04-17,"0,0"
2010-04-18,"0,0"
2010-04-19,"0,0"
2010-04-20,"0,0"
2010-04-21,"0,0"
2010-04-22,"0,0"
2010-04-23,"0,0"
2010-04-24,"0,0"
2010-04-25,"0,0"
2010-04-26,"0,0"
2010-04-27,"0,0"
2010-04-28,"0,0"
2010-04-29,"0,0"
2010-04-30,"0,0"
2010-05-01,"0,0"
2010-05-02,"0,0"
2010-05-03,"0,0"
2010-05-04,"0,0"
2010-05-05,"0,0"
2010-05-06,"0,0"
2010-05-07,"0,0"
2010-05-08,"0,0"
2010-05-09,"0,0"
2010-05-10,"0,0"
2010-05-11,"0,0"
2010-05-12,"0,0"
2010-05-13,"0,0"
2010-05-14,"0,0"
2010-05-15,"0,0"
2010-05-16,"0,0"
2010-05-17,"0,0"
2010-05-18,"0,0"
2010-05-19,"0,0"
2010-05-20,"0,0"
2010-05-21,"0,0"
2010-05-22,"0,0"
2010-05-23,"0,0"
2010-05-24,"0,0"
2010-05-25,"0,0"
2010-05-26,"0,0"
2010-05-27,"0,0"
2010-05-28,"0,0"
2010-05-29,"0,0"
2010-05-30,"0,0"
2010-05-31,"0,0"
2010-06-01,"0,0"
2010-06-02,"0,0"
2010-06-03,"0,0"
2010-06-04,"0,0"
2010-06-05,"0,0"
2010-06-06,"0,0"
2010-06-07,"0,0"
2010-06-08,"0,0"
2010-06-09,"0,0"
2010-06-10,"0,0"
2010-06-11,"0,0"
2010-06-12,"0,0"
2010-06-13,"0,0"
2010-06-14,"0,0"
2010-06-15,"0,0"
2010-06-16,"0,0"
2010-06-17,"0,0"
2010-06-18,"0,0"
2010-06-19,"0,0"
2010-06-20,"0,0"
2010-06-21,"0,0"
2010-06-22,"0,0"
2010-06-23,"0,0"
2010-06-24,"0,0"
2010-06-25,"0,0"
2010-06-26,"0,0"
2010-06-27,"0,0"
2010-06-28,"0,0"
2010-06-29,"0,0"
2010-06-30,"0,0"
2010-07-01,"0,0"
2010-07-02,"0,0"
2010-07-03,"0,0"
2010-07-04,"0,0"
2010-07-05,"0,0"
2010-07-06,"0,0"
2010-07-07,"0,0"
2010-07-08,"0,0"
2010-07-09,"0,0"
2010-07-10,"0,0"
2010-07-11,"0,0"
2010-07-12,"0,0"
2010-07-13,"0,0"
2010-07-14,"0,0"
2010-07-15,"0,0"
2010-07-16,"0,0"
2010-07-17,"0,0"
2010-07-18,"0,0"
2010-07-19,"0,0"
2010-07-20,"0,0"
2010-07-21,"0,0"
2010-07-22,"0,0"
2010-07-23,"0,0"
2010-07-24,"0,0"
2010-07-25,"0,0"
2010-07-26,"0,0"
2010-07-27,"0,0"
2010-07-28,"0,0"
2010-07-29,"0,0"
2010-07-30,"0,0"
2010-07-31,"0,0"
2010-08-01,"0,0"
2010-08-02,"0,0"
2010-08-03,"0,0"
2010-08-04,"0,0"
2010-08-05,"0,0"
2010-08-06,"0,0"
2010-08-07,"0,0"
2010-08-08,"0,0"
2010-08-09,"0,0"
2010-08-10,"0,0"
2010-08-11,"0,0"
2010-08-12,"0,0"
2010-08-13,"0,0"
2010-08-14,"0,0"
2010-08-15,"0,0"
2010-08-16,"0,0"
2010-08-17,"0,0"
2010-08-18,"0,0"
2010-08-19,"0,0"
2010-08-20,"0,0"
2010-08-21,"0,0"
2010-08-22,"0,0"
2010-08-23,"0,0"
2010-08-24,"0,0"
2010-08-25,"0,0"
2010-08-26,"0,0"
2010-08-27,"0,0"
2010-08-28,"0,0"
2010-08-29,"0,0"
2010-08-30,"0,0"
2010-08-31,"0,0"
2010-09-01,"0,0"
2010-09-02,"0,0"
2010-09-03,"0,0"
2010-09-04,"0,0"
2010-09-05,"0,0"
2010-09-06,"0,0"
2010-09-07,"0,0"
2010-09-08,"0,0"
2010-09-09,"0,0"
2010-09-10,"0,0"
2010-09-11,"0,0"
2010-09-12,"0,0"
2010-09-13,"0,0"
2010-09-14,"0,0"
2010-09-15,"0,0"
2010-09-16,"0,0"
2010-09-17,"0,0"
2010-09-18,"0,0"
2010-09-19,"0,0"
2010-09-20,"0,0"
2010-09-21,"0,0"
2010-09-22,"0,0"
2010-09-23,"0,0"
2010-09-24,"0,0"
2010-09-25,"0,0"
2010-09-26,"0,0"
2010-09-27,"0,0"
2010-09-28,"0,0"
2010-09-29,"0,0"
2010-09-30,"0,0"
2010-10-01,"0,0"
2010-10-02,"0,0"
2010-10-03,"0,0"
2010-10-04,"0,0"
2010-10-05,"0,0"
2010-10-06,"0,0"
2010-10-07,"0,0"
2010-10-08,"0,0"
2010-10-09,"0,0"
2010-10-10,"0,0"
2010-10-11,"0,0"
2010-10-12,"0,0"
2010-10-13,"0,0"
2010-10-14,"0,0"
2010-10-15,"0,0"
2010-10-16,"0,0"
2010-10-17,"0,0"
2010-10-18,"0,0"
2010-10-19,"0,0"
2010-10-20,"0,0"
2010-10-21,"0,0"
2010-10-22,"0,0"
2010-10-23,"0,0"
2010-10-24,"0,0"
2010-10-25,"0,0"
2010-10-26,"0,0"
2010-10-27,"0,0"
2010-10-28,"0,0"
2010-10-29,"0,0"
2010-10-30,"0,0"
2010-10-31,"0,0"
2010-11-01,"0,0"
2010-11-02,"0,0"
2010-11-03,"0,0"
2010-11-04,"0,0"
2010-11-05,"0,0"
2010-11-06,"0,0"
2010-11-07,"0,0"
2010-11-08,"0,0"
2010-11-09,"0,0"
2010-11-10,"0,0"
2010-11-11,"0,0"
2010-11-12,"0,0"
2010-11-13,"0,0"
2010-11-14,"0,0"
2010-11-15,"0,0"
2010-11-16,"0,0"
2010-11-17,"0,0"
2010-11-18,"0,0"
2010-11-19,"0,0"
2010-11-20,"0,0"
2010-11-21,"0,0"
2010-11-22,"0,0"
2010-11-23,"0,0"
2010-11-24,"0,0"
2010-11-25,"0,0"
2010-11-26,"0,0"
2010-11-27,"0,0"
2010-11-28,"0,0"
2010-11-29,"0,0"
2010-11-30,"0,0"
2010-12-01,"0,0"
2010-12-02,"0,0"
2010-12-03,"0,0"
2010-12-04,"0,0"
2010-12-05,"0,0"
2010-12-06,"0,0"
2010-12-07,"0,0"
2010-12-08,"0,0"
2010-12-09,"0,0"
2010-12-10,"0,0"
2010-12-11,"0,0"
2010-12-12,"0,0"
2010-12-13,"0,0"
2010-12-14,"0,0"
2010-12-15,"0,0"
2010-12-16,"0,0"
2010-12-17,"0,0"
2010-12-18,"0,0"
2010-12-19,"0,0"
2010-12-20,"0,0"
2010-12-21,"0,0"
2010-12-22,"0,0"
2010-12-23,"0,0"
2010-12-24,"0,0"
2010-12-25,"0,0"
2010-12-26,"0,0"
2010-12-27,"0,0"
2010-12-28,"0,0"
2010-12-29,"0,0"
2010-12-30,"0,0"
2010-12-31,"0,0"
2011-01-01,"0,0"
2011-01-02,"0,0"
2011-01-03,"0,0"
2011-01-04,"0,0"
2011-01-05,"0,0"
2011-01-06,"0,0"
2011-01-07,"0,0"
2011-01-08,"0,0"
2011-01-09,"0,0"
2011-01-10,"0,0"
2011-01-11,"0,0"
2011-01-12,"0,0"
2011-01-13,"0,0"
2011-01-14,"0,0"
2011-01-15,"0,0"
2011-01-16,"0,0"
2011-01-17,"0,0"
2011-01-18,"0,0"
2011-01-19,"0,0"
2011-01-20,"0,0"
2011-01-21,"0,0"
2011-01-22,"0,0"
2011-01-23,"0,0"
2011-01-24,"0,0"
2011-01-25,"0,0"
2011-01-26,"0,0"
2011-01-27,"0,0"
2011-01-28,"0,0"
2011-01-29,"0,0"
2011-01-30,"0,0"
2011-01-31,"0,0"
2011-02-01,"0,0"
2011-02-02,"0,0"
2011-02-03,"0,0"
2011-02-04,"0,0"
2011-02-05,"0,0"
2011-02-06,"0,0"
2011-02-07,"0,0"
2011-02-08,"0,0"
2011-02-09,"0,0"
2011-02-10,"0,0"
2011-02-11,"0,0"
2011-02-12,"0,0"
2011-02-13,"0,0"
2011-02-14,"0,0"
2011-02-15,"0,0"
2011-02-16,"0,0"
2011-02-17,"0,0"
2011-02-18,"0,0"
2011-02-19,"0,0"
2011-02-20,"0,0"
2011-02-21,"0,0"
2011-02-22,"0,0"
2011-02-23,"0,0"
2011-02-24,"0,0"
2011-02-25,"0,0"
2011-02-26,"0,0"
2011-02-27,"0,0"
2011-02-28,"0,0"
2011-03-01,"0,0"
2011-03-02,"0,0"
2011-03-03,"0,0"
2011-03-04,"0,0"
2011-03-05,"0,0"
2011-03-06,"0,0"
2011-03-07,"0,0"
2011-03-08,"0,0"
2011-03-09,"0,0"
2011-03-10,"0,0"
2011-03-11,"0,0"
2011-03-12,"0,0"
2011-03-13,"0,0"
2011-03-14,"0,0"
2011-03-15,"0,0"
2011-03-16,"0,0"
2011-03-17,"0,0"
2011-03-18,"0,0"
2011-03-19,"0,0"
2011-03-20,"0,0"
2011-03-21,"0,0"
2011-03-22,"0,0"
2011-03-23,"0,0"
2011-03-24,"0,0"
2011-03-25,"0,0"
2011-03-26,"0,0"
2011-03-27,"0,0"
2011-03-28,"0,0"
2011-03-29,"0,0"
2011-03-30,"0,0"
2011-03-31,"0,0"
2011-04-01,"0,0"
2011-04-02,"0,0"
2011-04-03,"0,0"
2011-04-04,"0,0"
2011-04-05,"0,0"
2011-04-06,"0,0"
2011-04-07,"0,0"
2011-04-08,"0,0"
2011-04-09,"0,0"
2011-04-10,"0,0"
2011-04-11,"0,0"
2011-04-12,"0,0"
2011-04-13,"0,0"
2011-04-14,"0,0"
2011-04-15,"0,0"
2011-04-16,"0,0"
2011-04-17,"0,0"
2011-04-18,"0,0"
2011-04-19,"0,0"
2011-04-20,"0,0"
2011-04-21,"0,0"
2011-04-22,"0,0"
2011-04-23,"0,0"
2011-04-24,"0,0"
2011-04-25,"0,0"
2011-04-26,"0,0"
2011-04-27,"0,0"
2011-04-28,"0,0"
2011-04-29,"0,0"
2011-04-30,"0,0"
2011-05-01,"0,0"
2011-05-02,"0,0"
2011-05-03,"0,0"
2011-05-04,"0,0"
2011-05-05,"0,0"
2011-05-06,"0,0"
2011-05-07,"0,0"
2011-05-08,"0,0"
2011-05-09,"0,0"
2011-05-10,"0,0"
2011-05-11,"0,0"
2011-05-12,"0,0"
2011-05-13,"0,0"
2011-05-14,"0,0"
2011-05-15,"0,0"
2011-05-16,"0,0"
2011-05-17,"0,0"
2011-05-18,"0,0"
2011-05-19,"0,0"
2011-05-20,"0,0"
2011-05-21,"0,0"
2011-05-22,"0,0"
2011-05-23,"0,0"
2011-05-24,"0,0"
2011-05-25,"0,0"
2011-05-26,"0,0"
2011-05-27,"0,0"
2011-05-28,"0,0"
2011-05-29,"0,0"
2011-05-30,"0,0"
2011-05-31,"0,0"
2011-06-01,"0,0"
2011-06-02,"0,0"
2011-06-03,"0,0"
2011-06-04,"0,0"
2011-06-05,"0,0"
2011-06-06,"0,0"
2011-06-07,"0,0"
2011-06-08,"0,0"
2011-06-09,"0,0"
2011-06-10,"0,0"
2011-06-11,"0,0"
2011-06-12,"0,0"
2011-06-13,"0,0"
2011-06-14,"0,0"
2011-06-15,"0,0"
2011-06-16,"0,0"
2011-06-17,"0,0"
2011-06-18,"0,0"
2011-06-19,"0,0"
2011-06-20,"0,0"
2011-06-21,"0,0"
2011-06-22,"0,0"
2011-06-23,"0,0"
2011-06-24,"0,0"
2011-06-25,"0,0"
2011-06-26,"0,0"
2011-06-27,"0,0"
2011-06-28,"0,0"
2011-06-29,"0,0"
2011-06-30,"0,0"
2011-07-01,"0,0"
2011-07-02,"0,0"
2011-07-03,"0,0"
2011-07-04,"0,0"
2011-07-05,"0,0"
2011-07-06,"0,0"
2011-07-07,"0,0"
2011-07-08,"0,0"
2011-07-09,"0,0"
2011-07-10,"0,0"
2011-07-11,"0,0"
2011-07-12,"0,0"
2011-07-13,"0,0"
2011-07-14,"0,0"
2011-07-15,"0,0"
2011-07-16,"0,0"
2011-07-17,"0,0"
2011-07-18,"0,0"
2011-07-19,"0,0"
2011-07-20,"0,0"
2011-07-21,"0,0"
2011-07-22,"0,0"
2011-07-23,"0,0"
2011-07-24,"0,0"
2011-07-25,"0,0"
2011-07-26,"0,0"
2011-07-27,"0,0"
2011-07-28,"0,0"
2011-07-29,"0,0"
2011-07-30,"0,0"
2011-07-31,"0,0"
2011-08-01,"0,0"
2011-08-02,"0,0"
2011-08-03,"0,0"
2011-08-04,"0,0"
2011-08-05,"0,0"
2011-08-06,"0,0"
2011-08-07,"0,0"
2011-08-08,"0,0"
2011-08-09,"0,0"
2011-08-10,"0,0"
2011-08-11,"0,0"
2011-08-12,"0,0"
2011-08-13,"0,0"
2011-08-14,"0,0"
2011-08-15,"0,0"
2011-08-16,"0,0"
2011-08-17,"0,0"
2011-08-18,"0,0"
2011-08-19,"0,0"
2011-08-20,"0,0"
2011-08-21,"0,0"
2011-08-22,"0,0"
2011-08-23,"0,0"
2011-08-24,"0,0"
2011-08-25,"0,0"
2011-08-26,"0,0"
2011-08-27,"0,0"
2011-08-28,"0,0"
2011-08-29,"0,0"
2011-08-30,"0,0"
2011-08-31,"0,0"
2011-09-01,"0,0"
2011-09-02,"0,0"
2011-09-03,"0,0"
2011-09-04,"0,0"
2011-09-05,"0,0"
2011-09-06,"0,0"
2011-09-07,"0,0"
2011-09-08,"0,0"
2011-09-09,"0,0"
2011-09-10,"0,0"
2011-09-11,"0,0"
2011-09-12,"0,0"
2011-09-13,"0,0"
2011-09-14,"0,0"
2011-09-15,"0,0"
2011-09-16,"0,0"
2011-09-17,"0,0"
2011-09-18,"0,0"
2011-09-19,"0,0"
2011-09-20,"0,0"
2011-09-21,"0,0"
2011-09-22,"0,0"
2011-09-23,"0,0"
2011-09-24,"0,0"
2011-09-25,"0,0"
2011-09-26,"0,0"
2011-09-27,"0,0"
2011-09-28,"0,0"
2011-09-29,"0,0"
2011-09-30,"0,0"
2011-10-01,"0,0"
2011-10-02,"0,0"
2011-10-03,"0,0"
2011-10-04,"0,0"
2011-10-05,"0,0"
2011-10-06,"0,0"
2011-10-07,"0,0"
2011-10-08,"0,0"
2011-10-09,"0,0"
2011-10-10,"0,0"
2011-10-11,"0,0"
2011-10-12,"0,0"
2011-10-13,"0,0"
2011-10-14,"0,0"
2011-10-15,"0,0"
2011-10-16,"0,0"
2011-10-17,"0,0"
2011-10-18,"0,0"
2011-10-19,"0,0"
2011-10-20,"0,0"
2011-10-21,"0,0"
2011-10-22,"0,0"
2011-10-23,"0,0"
2011-10-24,"0,0"
2011-10-25,"0,0"
2011-10-26,"0,0"
2011-10-27,"0,0"
2011-10-28,"0,0"
2011-10-29,"0,0"
2011-10-30,"0,0"
2011-10-31,"0,0"
2011-11-01,"0,0"
2011-11-02,"0,0"
2011-11-03,"0,0"
2011-11-04,"0,0"
2011-11-05,"0,0"
2011-11-06,"0,0"
2011-11-07,"0,0"
2011-11-08,"0,0"
2011-11-09,"0,0"
2011-11-10,"0,0"
2011-11-11,"0,0"
2011-11-12,"0,0"
2011-11-13,"0,0"
2011-11-14,"0,0"
2011-11-15,"0,0"
2011-11-16,"0,0"
2011-11-17,"0,0"
2011-11-18,"0,0"
2011-11-19,"0,0"
2011-11-20,"0,0"
2011-11-21,"0,0"
2011-11-22,"0,0"
2011-11-23,"0,0"
2011-11-24,"0,0"
2011-11-25,"0,0"
2011-11-26,"0,0"
2011-11-27,"0,0"
2011-11-28,"0,0"
2011-11-29,"0,0"
2011-11-30,"0,0"
2011-12-01,"0,0"
2011-12-02,"0,0"
2011-12-03,"0,0"
2011-12-04,"0,0"
2011-12-05,"0,0"
2011-12-06,"0,0"
2011-12-07,"0,0"
2011-12-08,"0,0"
2011-12-09,"0,0"
2011-12-10,"0,0"
2011-12-11,"0,0"
2011-12-12,"0,0"
2011-12-13,"0,0"
2011-12-14,"0,0"
2011-12-15,"0,0"
2011-12-16,"0,0"
2011-12-17,"0,0"
2011-12-18,"0,0"
2011-12-19,"0,0"
2011-12-20,"0,0"
2011-12-21,"0,0"
2011-12-22,"0,0"
2011-12-23,"0,0"
2011-12-24,"0,0"
2011-12-25,"0,0"
2011-12-26,"0,0"
2011-12-27,"0,0"
2011-12-28,"0,0"
2011-12-29,"0,0"
2011-12-30,"0,0"
2011-12-31,"0,0"
2012-01-01,"0,0"
2012-01-02,"0,0"
2012-01-03,"0,0"
2012-01-04,"0,0"
2012-01-05,"0,0"
2012-01-06,"0,0"
2012-01-07,"0,0"
2012-01-08,"0,0"
2012-01-09,"0,0"
2012-01-10,"0,0"
2012-01-11,"0,0"
2012-01-12,"0,0"
2012-01-13,"0,0"
2012-01-14,"0,0"
2012-01-15,"0,0"
2012-01-16,"0,0"
2012-01-17,"0,0"
2012-01-18,"0,0"
2012-01-19,"0,0"
2012-01-20,"0,0"
2012-01-21,"0,0"
2012-01-22,"0,0"
2012-01-23,"0,0"
2012-01-24,"0,0"
2012-01-25,"0,0"
2012-01-26,"0,0"
2012-01-27,"0,0"
2012-01-28,"0,0"
2012-01-29,"0,0"
2012-01-30,"0,0"
2012-01-31,"0,0"
2012-02-01,"0,0"
2012-02-02,"0,0"
2012-02-03,"0,0"
2012-02-04,"0,0"
2012-02-05,"0,0"
2012-02-06,"0,0"
2012-02-07,"0,0"
2012-02-08,"0,0"
2012-02-09,"0,0"
2012-02-10,"0,0"
2012-02-11,"0,0"
2012-02-12,"0,0"
2012-02-13,"0,0"
2012-02-14,"0,0"
2012-02-15,"0,0"
2012-02-16,"0,0"
2012-02-17,"0,0"
2012-02-18,"0,0"
2012-02-19,"0,0"
2012-02-20,"0,0"
2012-02-21,"0,0"
2012-02-22,"0,0"
2012-02-23,"0,0"
2012-02-24,"0,0"
2012-02-25,"0,0"
2012-02-26,"0,0"
2012-02-27,"0,0"
2012-02-28,"0,0"
2012-02-29,"0,0"
2012-03-01,"0,0"
2012-03-02,"0,0"
2012-03-03,"0,0"
2012-03-04,"0,0"
2012-03-05,"0,0"
2012-03-06,"0,0"
2012-03-07,"0,0"
2012-03-08,"0,0"
2012-03-09,"0,0"
2012-03-10,"0,0"
2012-03-11,"0,0"
2012-03-12,"0,0"
2012-03-13,"0,0"
2012-03-14,"0,0"
2012-03-15,"0,0"
2012-03-16,"0,0"
2012-03-17,"0,0"
2012-03-18,"0,0"
2012-03-19,"0,0"
2012-03-20,"0,0"
2012-03-21,"0,0"
2012-03-22,"0,0"
2012-03-23,"0,0"
2012-03-24,"0,0"
2012-03-25,"0,0"
2012-03-26,"0,0"
2012-03-27,"0,0"
2012-03-28,"0,0"
2012-03-29,"0,0"
2012-03-30,"0,0"
2012-03-31,"0,0"
2012-04-01,"0,0"
2012-04-02,"0,0"
2012-04-03,"0,0"
2012-04-04,"0,0"
2012-04-05,"0,0"
2012-04-06,"0,0"
2012-04-07,"0,0"
2012-04-08,"0,0"
2012-04-09,"0,0"
2012-04-10,"0,0"
2012-04-11,"0,0"
2012-04-12,"0,0"
2012-04-13,"0,0"
2012-04-14,"0,0"
2012-04-15,"0,0"
2012-04-16,"0,0"
2012-04-17,"0,0"
2012-04-18,"0,0"
2012-04-19,"0,0"
2012-04-20,"0,0"
2012-04-21,"0,0"
2012-04-22,"0,0"
2012-04-23,"0,0"
2012-04-24,"0,0"
2012-04-25,"0,0"
2012-04-26,"0,0"
2012-04-27,"0,0"
2012-04-28,"0,0"
2012-04-29,"0,0"
2012-04-30,"0,0"
2012-05-01,"0,0"
2012-05-02,"0,0"
2012-05-03,"0,0"
2012-05-04,"0,0"
2012-05-05,"0,0"
2012-05-06,"0,0"
2012-05-07,"0,0"
2012-05-08,"0,0"
2012-05-09,"0,0"
2012-05-10,"0,0"
2012-05-11,"0,0"
2012-05-12,"0,0"
2012-05-13,"0,0"
2012-05-14,"0,0"
2012-05-15,"0,0"
2012-05-16,"0,0"
2012-05-17,"0,0"
2012-05-18,"0,0"
2012-05-19,"0,0"
2012-05-20,"0,0"
2012-05-21,"0,0"
2012-05-22,"0,0"
2012-05-23,"0,0"
2012-05-24,"0,0"
2012-05-25,"0,0"
2012-05-26,"0,0"
2012-05-27,"0,0"
2012-05-28,"0,0"
2012-05-29,"0,0"
2012-05-30,"0,0"
2012-05-31,"0,0"
2012-06-01,"0,0"
2012-06-02,"0,0"
2012-06-03,"0,0"
2012-06-04,"0,0"
2012-06-05,"0,0"
2012-06-06,"0,0"
2012-06-07,"0,0"
2012-06-08,"0,0"
2012-06-09,"0,0"
2012-06-10,"0,0"
2012-06-11,"0,0"
2012-06-12,"0,0"
2012-06-13,"0,0"
2012-06-14,"0,0"
2012-06-15,"0,0"
2012-06-16,"0,0"
2012-06-17,"0,0"
2012-06-18,"0,0"
2012-06-19,"0,0"
2012-06-20,"0,0"
2012-06-21,"0,0"
2012-06-22,"0,0"
2012-06-23,"0,0"
2012-06-24,"0,0"
2012-06-25,"0,0"
2012-06-26,"0,0"
2012-06-27,"0,0"
2012-06-28,"0,0"
2012-06-29,"0,0"
2012-06-30,"0,0"
2012-07-01,"0,0"
2012-07-02,"0,0"
2012-07-03,"0,0"
2012-07-04,"0,0"
2012-07-05,"0,0"
2012-07-06,"0,0"
2012-07-07,"0,0"
2012-07-08,"0,0"
2012-07-09,"0,0"
2012-07-10,"0,0"
2012-07-11,"0,0"
2012-07-12,"0,0"
2012-07-13,"0,0"
2012-07-14,"0,0"
2012-07-15,"0,0"
2012-07-16,"0,0"
2012-07-17,"0,0"
2012-07-18,"0,0"
2012-07-19,"0,0"
2012-07-20,"0,0"
2012-07-21,"0,0"
2012-07-22,"0,0"
2012-07-23,"0,0"
2012-07-24,"0,0"
2012-07-25,"0,0"
2012-07-26,"0,0"
2012-07-27,"0,0"
2012-07-28,"0,0"
2012-07-29,"0,0"
2012-07-30,"0,0"
2012-07-31,"0,0"
2012-08-01,"0,0"
2012-08-02,"0,0"
2012-08-03,"0,0"
2012-08-04,"0,0"
2012-08-05,"0,0"
2012-08-06,"0,0"
2012-08-07,"0,0"
2012-08-08,"0,0"
2012-08-09,"0,0"
2012-08-10,"0,0"
2012-08-11,"0,0"
2012-08-12,"0,0"
2012-08-13,"0,0"
2012-08-14,"0,0"
2012-08-15,"0,0"
2012-08-16,"0,0"
2012-08-17,"0,0"
2012-08-18,"0,0"
2012-08-19,"0,0"
2012-08-20,"0,0"
2012-08-21,"0,0"
2012-08-22,"0,0"
2012-08-23,"0,0"
2012-08-24,"0,0"
2012-08-25,"0,0"
2012-08-26,"0,0"
2012-08-27,"0,0"
2012-08-28,"0,0"
2012-08-29,"0,0"
2012-08-30,"0,0"
2012-08-31,"0,0"
2012-09-01,"0,0"
2012-09-02,"0,0"
2012-09-03,"0,0"
2012-09-04,"0,0"
2012-09-05,"0,0"
2012-09-06,"0,0"
2012-09-07,"0,0"
2012-09-08,"0,0"
2012-09-09,"0,0"
2012-09-10,"0,0"
2012-09-11,"0,0"
2012-09-12,"0,0"
2012-09-13,"0,0"
2012-09-14,"0,0"
2012-09-15,"0,0"
2012-09-16,"0,0"
2012-09-17,"0,0"
2012-09-18,"0,0"
2012-09-19,"0,0"
2012-09-20,"0,0"
2012-09-21,"0,0"
2012-09-22,"0,0"
2012-09-23,"0,0"
2012-09-24,"0,0"
2012-09-25,"0,0"
2012-09-26,"0,0"
2012-09-27,"0,0"
2012-09-28,"0,0"
2012-09-29,"0,0"
2012-09-30,"0,0"
2012-10-01,"0,0"
2012-10-02,"0,0"
2012-10-03,"0,0"
2012-10-04,"0,0"
2012-10-05,"0,0"
2012-10-06,"0,0"
2012-10-07,"0,0"
2012-10-08,"0,0"
2012-10-09,"0,0"
2012-10-10,"0,0"
2012-10-11,"0,0"
2012-10-12,"0,0"
2012-10-13,"0,0"
2012-10-14,"0,0"
2012-10-15,"0,0"
2012-10-16,"0,0"
2012-10-17,"0,0"
2012-10-18,"0,0"
2012-10-19,"0,0"
2012-10-20,"0,0"
2012-10-21,"0,0"
2012-10-22,"0,0"
2012-10-23,"0,0"
2012-10-24,"0,0"
2012-10-25,"0,0"
2012-10-26,"0,0"
2012-10-27,"0,0"
2012-10-28,"0,0"
2012-10-29,"0,0"
2012-10-30,"0,0"
2012-10-31,"0,0"
2012-11-01,"0,0"
2012-11-02,"0,0"
2012-11-03,"0,0"
2012-11-04,"0,0"
2012-11-05,"0,0"
2012-11-06,"0,0"
2012-11-07,"21,0"
2012-11-08,"0,0"
2012-11-09,"0,0"
2012-11-10,"0,0"
2012-11-11,"0,0"
2012-11-12,"0,0"
2012-11-13,"0,0"
2012-11-14,"0,0"
2012-11-15,"0,0"
2012-11-16,"0,0"
2012-11-17,"0,0"
2012-11-18,"0,0"
2012-11-19,"0,0"
2012-11-20,"0,0"
2012-11-21,"0,0"
2012-11-22,"0,0"
2012-11-23,"0,0"
2012-11-24,"0,0"
2012-11-25,"0,0"
2012-11-26,"0,0"
2012-11-27,"0,0"
2012-11-28,"0,0"
2012-11-29,"0,0"
2012-11-30,"0,0"
2012-12-01,"0,0"
2012-12-02,"0,0"
2012-12-03,"0,0"
2012-12-04,"0,0"
2012-12-05,"0,0"
2012-12-06,"0,0"
2012-12-07,"0,0"
2012-12-08,"0,0"
2012-12-09,"0,0"
2012-12-10,"0,0"
2012-12-11,"0,0"
2012-12-12,"0,0"
2012-12-13,"0,0"
2012-12-14,"0,0"
2012-12-15,"0,0"
2012-12-16,"0,0"
2012-12-17,"0,0"
2012-12-18,"0,0"
2012-12-19,"0,0"
2012-12-20,"0,0"
2012-12-21,"0,0"
2012-12-22,"0,0"
2012-12-23,"0,0"
2012-12-24,"0,0"
2012-12-25,"0,0"
2012-12-26,"0,0"
2012-12-27,"0,0"
2012-12-28,"0,0"
2012-12-29,"0,0"
2012-12-30,"0,0"
2012-12-31,"0,0"
2013-01-01,"0,0"
2013-01-02,"0,0"
2013-01-03,"0,0"
2013-01-04,"0,0"
2013-01-05,"0,0"
2013-01-06,"0,0"
2013-01-07,"0,0"
2013-01-08,"0,0"
2013-01-09,"0,0"
2013-01-10,"0,0"
2013-01-11,"0,0"
2013-01-12,"0,0"
2013-01-13,"0,0"
2013-01-14,"0,0"
2013-01-15,"0,0"
2013-01-16,"0,0"
2013-01-17,"1,0"
2013-01-18,"0,0"
2013-01-19,"0,0"
2013-01-20,"0,0"
2013-01-21,"0,0"
2013-01-22,"0,0"
2013-01-23,"0,0"
2013-01-24,"0,0"
2013-01-25,"0,0"
2013-01-26,"0,0"
2013-01-27,"0,0"
2013-01-28,"0,0"
2013-01-29,"0,0"
2013-01-30,"0,0"
2013-01-31,"2,0"
2013-02-01,"4,0"
2013-02-02,"0,0"
2013-02-03,"0,0"
2013-02-04,"0,0"
2013-02-05,"0,0"
2013-02-06,"0,0"
2013-02-07,"6,0"
2013-02-08,"0,0"
2013-02-09,"1,0"
2013-02-10,"0,0"
2013-02-11,"0,0"
2013-02-12,"0,0"
2013-02-13,"0,0"
2013-02-14,"0,0"
2013-02-15,"2,0"
2013-02-16,"0,0"
2013-02-17,"4,0"
2013-02-18,"0,0"
2013-02-19,"1,0"
2013-02-20,"1,0"
2013-02-21,"0,0"
2013-02-22,"2,0"
2013-02-23,"0,0"
2013-02-24,"0,0"
2013-02-25,"0,0"
2013-02-26,"0,0"
2013-02-27,"0,0"
2013-02-28,"3,0"
2013-03-01,"0,0"
2013-03-02,"0,0"
2013-03-03,"0,0"
2013-03-04,"0,0"
2013-03-05,"0,0"
2013-03-06,"12,0"
2013-03-07,"0,0"
2013-03-08,"0,0"
2013-03-09,"19,0"
2013-03-10,"0,0"
2013-03-11,"0,0"
2013-03-12,"0,0"
2013-03-13,"0,0"
2013-03-14,"1,0"
2013-03-15,"0,0"
2013-03-16,"0,0"
2013-03-17,"0,0"
2013-03-18,"0,0"
2013-03-19,"0,0"
2013-03-20,"1,0"
2013-03-21,"0,0"
2013-03-22,"0,0"
2013-03-23,"0,0"
2013-03-24,"0,0"
2013-03-25,"0,0"
2013-03-26,"0,0"
2013-03-27,"0,0"
2013-03-28,"26,0"
2013-03-29,"0,0"
2013-03-30,"0,0"
2013-03-31,"0,0"
2013-04-01,"0,0"
2013-04-02,"0,0"
2013-04-03,"4,0"
2013-04-04,"0,0"
2013-04-05,"9,0"
2013-04-06,"4,0"
2013-04-07,"0,0"
2013-04-08,"30,0"
2013-04-09,"0,0"
2013-04-10,"2,0"
2013-04-11,"3,0"
2013-04-12,"3,0"
2013-04-13,"0,0"
2013-04-14,"0,0"
2013-04-15,"3,0"
2013-04-16,"14,0"
2013-04-17,"0,0"
2013-04-18,"0,0"
2013-04-19,"1,0"
2013-04-20,"1,0"
2013-04-21,"0,0"
2013-04-22,"0,0"
2013-04-23,"0,0"
2013-04-24,"0,0"
2013-04-25,"0,0"
2013-04-26,"0,0"
2013-04-27,"8,0"
2013-04-28,"0,0"
2013-04-29,"2,0"
2013-04-30,"2,0"
2013-05-01,"0,0"
2013-05-02,"0,0"
2013-05-03,"0,0"
2013-05-04,"0,0"
2013-05-05,"4,0"
2013-05-06,"2,0"
2013-05-07,"0,0"
2013-05-08,"2,0"
2013-05-09,"3,0"
2013-05-10,"3,0"
2013-05-11,"0,0"
2013-05-12,"0,0"
2013-05-13,"0,0"
2013-05-14,"0,0"
2013-05-15,"1,0"
2013-05-16,"1,0"
2013-05-17,"1,0"
2013-05-18,"2,0"
2013-05-19,"3,0"
2013-05-20,"2,0"
2013-05-21,"0,0"
2013-05-22,"1,0"
2013-05-23,"0,0"
2013-05-24,"0,0"
2013-05-25,"2,0"
2013-05-26,"0,0"
2013-05-27,"16,0"
2013-05-28,"0,0"
2013-05-29,"0,0"
2013-05-30,"0,0"
2013-05-31,"0,0"
2013-06-01,"0,0"
2013-06-02,"0,0"
2013-06-03,"0,0"
2013-06-04,"0,0"
2013-06-05,"0,0"
2013-06-06,"0,0"
2013-06-07,"0,0"
2013-06-08,"0,0"
2013-06-09,"0,0"
2013-06-10,"0,0"
2013-06-11,"0,0"
2013-06-12,"0,0"
2013-06-13,"0,0"
2013-06-14,"0,0"
2013-06-15,"0,0"
2013-06-16,"0,0"
2013-06-17,"0,0"
2013-06-18,"0,0"
2013-06-19,"0,0"
2013-06-20,"0,0"
2013-06-21,"0,0"
2013-06-22,"0,0"
2013-06-23,"0,0"
2013-06-24,"0,0"
2013-06-25,"1,0"
2013-06-26,"0,0"
2013-06-27,"0,0"
2013-06-28,"0,0"
2013-06-29,"0,0"
2013-06-30,"0,0"
2013-07-01,"0,0"
2013-07-02,"0,0"
2013-07-03,"0,0"
2013-07-04,"0,0"
2013-07-05,"0,0"
2013-07-06,"0,0"
2013-07-07,"0,0"
2013-07-08,"0,0"
2013-07-09,"0,0"
2013-07-10,"0,0"
2013-07-11,"0,0"
2013-07-12,"0,0"
2013-07-13,"0,0"
2013-07-14,"4,0"
2013-07-15,"0,0"
2013-07-16,"0,0"
2013-07-17,"1,0"
2013-07-18,"0,0"
2013-07-19,"0,0"
2013-07-20,"0,0"
2013-07-21,"0,0"
2013-07-22,"1,0"
2013-07-23,"2,0"
2013-07-24,"0,0"
2013-07-25,"0,0"
2013-07-26,"1,0"
2013-07-27,"2,0"
2013-07-28,"5,0"
2013-07-29,"3,0"
2013-07-30,"0,0"
2013-07-31,"6,0"
2013-08-01,"0,0"
2013-08-02,"2,0"
2013-08-03,"0,0"
2013-08-04,"0,0"
2013-08-05,"2,0"
2013-08-06,"0,0"
2013-08-07,"1,0"
2013-08-08,"0,0"
2013-08-09,"0,0"
2013-08-10,"0,0"
2013-08-11,"11,0"
2013-08-12,"0,0"
2013-08-13,"0,0"
2013-08-14,"3,0"
2013-08-15,"0,0"
2013-08-16,"0,0"
2013-08-17,"0,0"
2013-08-18,"2,0"
2013-08-19,"3,0"
2013-08-20,"3,0"
2013-08-21,"0,0"
2013-08-22,"0,0"
2013-08-23,"0,0"
2013-08-24,"0,0"
2013-08-25,"1,0"
2013-08-26,"1,0"
2013-08-27,"2,0"
2013-08-28,"7,0"
2013-08-29,"2,0"
2013-08-30,"12,0"
2013-08-31,"1,0"
2013-09-01,"0,0"
2013-09-02,"0,0"
2013-09-03,"0,0"
2013-09-04,"0,0"
2013-09-05,"0,0"
2013-09-06,"0,0"
2013-09-07,"0,0"
2013-09-08,"0,0"
2013-09-09,"0,0"
2013-09-10,"0,0"
2013-09-11,"10,0"
2013-09-12,"1,0"
2013-09-13,"0,0"
2013-09-14,"0,0"
2013-09-15,"0,0"
2013-09-16,"3,0"
2013-09-17,"1,0"
2013-09-18,"5,0"
2013-09-19,"0,0"
2013-09-20,"0,0"
2013-09-21,"0,0"
2013-09-22,"2,0"
2013-09-23,"0,0"
2013-09-24,"0,0"
2013-09-25,"3,0"
2013-09-26,"0,0"
2013-09-27,"4,0"
2013-09-28,"1,0"
2013-09-29,"7,0"
2013-09-30,"2,0"
2013-10-01,"3,0"
2013-10-02,"15,0"
2013-10-03,"0,0"
2013-10-04,"0,0"
2013-10-05,"1,0"
2013-10-06,"0,0"
2013-10-07,"3,0"
2013-10-08,"3,0"
2013-10-09,"16,0"
2013-10-10,"2,0"
2013-10-11,"0,0"
2013-10-12,"0,0"
2013-10-13,"1,0"
2013-10-14,"1,0"
2013-10-15,"4,0"
2013-10-16,"4,0"
2013-10-17,"0,0"
2013-10-18,"1,0"
2013-10-19,"2,0"
2013-10-20,"1,0"
2013-10-21,"40,0"
2013-10-22,"2,0"
2013-10-23,"25,0"
2013-10-24,"1,0"
2013-10-25,"3,0"
2013-10-26,"1,0"
2013-10-27,"19,0"
2013-10-28,"3,0"
2013-10-29,"0,0"
2013-10-30,"1,0"
2013-10-31,"40,0"
2013-11-01,"24,0"
2013-11-02,"3,0"
2013-11-03,"5,0"
2013-11-04,"4,0"
2013-11-05,"4,0"
2013-11-06,"3,0"
2013-11-07,"8,0"
2013-11-08,"8,0"
2013-11-09,"3,0"
2013-11-10,"36,0"
2013-11-11,"27,0"
2013-11-12,"23,0"
2013-11-13,"43,0"
2013-11-14,"51,0"
2013-11-15,"6,0"
2013-11-16,"20,0"
2013-11-17,"36,0"
2013-11-18,"8,0"
2013-11-19,"90,0"
2013-11-20,"10,0"
2013-11-21,"13,0"
2013-11-22,"25,0"
2013-11-23,"21,0"
2013-11-24,"1,0"
2013-11-25,"7,0"
2013-11-26,"77,0"
2013-11-27,"32,0"
2013-11-28,"11,0"
2013-11-29,"33,0"
2013-11-30,"14,0"
2013-12-01,"17,0"
2013-12-02,"17,0"
2013-12-03,"6,0"
2013-12-04,"16,0"
2013-12-05,"8,0"
2013-12-06,"8,0"
2013-12-07,"6,0"
2013-12-08,"4,0"
2013-12-09,"9,0"
2013-12-10,"8,0"
2013-12-11,"2,0"
2013-12-12,"3,0"
2013-12-13,"6,0"
2013-12-14,"4,0"
2013-12-15,"2,0"
2013-12-16,"3,0"
2013-12-17,"3,0"
2013-12-18,"5,0"
2013-12-19,"8,0"
2013-12-20,"3,0"
2013-12-21,"2,0"
2013-12-22,"4,0"
2013-12-23,"0,0"
2013-12-24,"1,0"
2013-12-25,"12,0"
2013-12-26,"1,0"
2013-12-27,"1,0"
2013-12-28,"0,0"
2013-12-29,"15,0"
2013-12-30,"2,0"
2013-12-31,"2,0"
2014-01-01,"4,0"
2014-01-02,"16,0"
2014-01-03,"3,0"
2014-01-04,"3,0"
2014-01-05,"41,0"
2014-01-06,"12,0"
2014-01-07,"4,0"
2014-01-08,"2,0"
2014-01-09,"0,0"
2014-01-10,"0,0"
2014-01-11,"5,0"
2014-01-12,"7,0"
2014-01-13,"6,0"
2014-01-14,"3,0"
2014-01-15,"10,0"
2014-01-16,"1,0"
2014-01-17,"2,0"
2014-01-18,"3,0"
2014-01-19,"34,0"
2014-01-20,"1,0"
2014-01-21,"2,0"
2014-01-22,"4,0"
2014-01-23,"11,0"
2014-01-24,"0,0"
2014-01-25,"8,0"
2014-01-26,"8,0"
2014-01-27,"13,0"
2014-01-28,"2,0"
2014-01-29,"2,0"
2014-01-30,"4,0"
2014-01-31,"2,0"
2014-02-01,"1,0"
2014-02-02,"3,0"
2014-02-03,"7,0"
2014-02-04,"3,0"
2014-02-05,"8,0"
2014-02-06,"26,0"
2014-02-07,"6,0"
2014-02-08,"2,0"
2014-02-09,"3,0"
2014-02-10,"2,0"
2014-02-11,"1,0"
2014-02-12,"1,0"
2014-02-13,"6,0"
2014-02-14,"2,0"
2014-02-15,"2,0"
2014-02-16,"50,0"
2014-02-17,"2,0"
2014-02-18,"1,0"
2014-02-19,"10,0"
2014-02-20,"74,0"
2014-02-21,"8,0"
2014-02-22,"4,0"
2014-02-23,"4,0"
2014-02-24,"16,0"
2014-02-25,"37,0"
2014-02-26,"2,0"
2014-02-27,"2,0"
2014-02-28,"2,0"
2014-03-01,"1,0"
2014-03-02,"10,0"
2014-03-03,"21,0"
2014-03-04,"24,0"
2014-03-05,"4,0"
2014-03-06,"2,0"
2014-03-07,"5,0"
2014-03-08,"13,0"
2014-03-09,"2,0"
2014-03-10,"4,0"
2014-03-11,"1,0"
2014-03-12,"5,0"
2014-03-13,"12,0"
2014-03-14,"9,0"
2014-03-15,"0,0"
2014-03-16,"13,0"
2014-03-17,"5,0"
2014-03-18,"0,0"
2014-03-19,"7,0"
2014-03-20,"8,0"
2014-03-21,"1,0"
2014-03-22,"42,0"
2014-03-23,"8,0"
2014-03-24,"29,0"
2014-03-25,"3,0"
2014-03-26,"3,0"
2014-03-27,"55,0"
2014-03-28,"1,0"
2014-03-29,"2,0"
2014-03-30,"12,0"
2014-03-31,"2,0"
2014-04-01,"0,0"
2014-04-02,"2,0"
2014-04-03,"5,0"
2014-04-04,"1,0"
2014-04-05,"1,0"
2014-04-06,"82,0"
2014-04-07,"1,0"
2014-04-08,"1,0"
2014-04-09,"1,0"
2014-04-10,"4,0"
2014-04-11,"3,0"
2014-04-12,"15,0"
2014-04-13,"0,0"
2014-04-14,"4,0"
2014-04-15,"31,0"
2014-04-16,"1,0"
2014-04-17,"1,0"
2014-04-18,"4,0"
2014-04-19,"0,0"
2014-04-20,"2,0"
2014-04-21,"4,0"
2014-04-22,"2,0"
2014-04-23,"1,0"
2014-04-24,"1,0"
2014-04-25,"0,0"
2014-04-26,"0,0"
2014-04-27,"9,0"
2014-04-28,"1,0"
2014-04-29,"8,0"
2014-04-30,"3,0"
2014-05-01,"72,0"
2014-05-02,"4,0"
2014-05-03,"1,0"
2014-05-04,"2,0"
2014-05-05,"3,0"
2014-05-06,"3,0"
2014-05-07,"2,0"
2014-05-08,"5,0"
2014-05-09,"1,0"
2014-05-10,"7,0"
2014-05-11,"0,0"
2014-05-12,"16,0"
2014-05-13,"4,0"
2014-05-14,"6,0"
2014-05-15,"2,0"
2014-05-16,"6,0"
2014-05-17,"8,0"
2014-05-18,"2,0"
2014-05-19,"10,0"
2014-05-20,"8,0"
2014-05-21,"7,0"
2014-05-22,"6,0"
2014-05-23,"2,0"
2014-05-24,"8,0"
2014-05-25,"0,0"
2014-05-26,"11,0"
2014-05-27,"7,0"
2014-05-28,"7,0"
2014-05-29,"8,0"
2014-05-30,"12,0"
2014-05-31,"4,0"
2014-06-01,"20,0"
2014-06-02,"6,0"
2014-06-03,"8,0"
2014-06-04,"4,0"
2014-06-05,"7,0"
2014-06-06,"5,0"
2014-06-07,"4,0"
2014-06-08,"5,0"
2014-06-09,"20,0"
2014-06-10,"26,0"
2014-06-11,"53,0"
2014-06-12,"6,0"
2014-06-13,"9,0"
2014-06-14,"2,0"
2014-06-15,"4,0"
2014-06-16,"9,0"
2014-06-17,"9,0"
2014-06-18,"3,0"
2014-06-19,"23,0"
2014-06-20,"11,0"
2014-06-21,"22,0"
2014-06-22,"11,0"
2014-06-23,"8,0"
2014-06-24,"28,0"
2014-06-25,"12,0"
2014-06-26,"18,0"
2014-06-27,"5,0"
2014-06-28,"9,0"
2014-06-29,"4,0"
2014-06-30,"8,0"
2014-07-01,"23,0"
2014-07-02,"20,0"
2014-07-03,"15,0"
2014-07-04,"58,0"
2014-07-05,"10,0"
2014-07-06,"23,0"
2014-07-07,"45,0"
2014-07-08,"5,0"
2014-07-09,"14,0"
2014-07-10,"6,0"
2014-07-11,"1,0"
2014-07-12,"26,0"
2014-07-13,"7,0"
2014-07-14,"21,0"
2014-07-15,"5,0"
2014-07-16,"26,0"
2014-07-17,"14,0"
2014-07-18,"25,0"
2014-07-19,"17,0"
2014-07-20,"16,0"
2014-07-21,"14,0"
2014-07-22,"4,0"
2014-07-23,"30,0"
2014-07-24,"49,0"
2014-07-25,"75,0"
2014-07-26,"20,0"
2014-07-27,"49,0"
2014-07-28,"118,0"
2014-07-29,"12,0"
2014-07-30,"6,0"
2014-07-31,"8,0"
2014-08-01,"41,0"
2014-08-02,"24,0"
2014-08-03,"11,0"
2014-08-04,"76,0"
2014-08-05,"48,0"
2014-08-06,"4,0"
2014-08-07,"52,0"
2014-08-08,"18,0"
2014-08-09,"7,0"
2014-08-10,"21,0"
2014-08-11,"27,0"
2014-08-12,"59,0"
2014-08-13,"13,0"
2014-08-14,"64,0"
2014-08-15,"61,0"
2014-08-16,"18,0"
2014-08-17,"16,0"
2014-08-18,"45,0"
2014-08-19,"27,0"
2014-08-20,"27,0"
2014-08-21,"21,0"
2014-08-22,"102,0"
2014-08-23,"21,0"
2014-08-24,"27,0"
2014-08-25,"12,0"
2014-08-26,"12,0"
2014-08-27,"7,0"
2014-08-28,"4,0"
2014-08-29,"27,0"
2014-08-30,"46,0"
2014-08-31,"15,0"
2014-09-01,"10,0"
2014-09-02,"38,0"
2014-09-03,"48,0"
2014-09-04,"16,0"
2014-09-05,"26,0"
2014-09-06,"32,0"
2014-09-07,"194,0"
2014-09-08,"409,0"
2014-09-09,"735,0"
2014-09-10,"11,0"
2014-09-11,"51,0"
2014-09-12,"13,0"
2014-09-13,"25,0"
2014-09-14,"9,0"
2014-09-15,"28,0"
2014-09-16,"83,0"
2014-09-17,"15,0"
2014-09-18,"41,0"
2014-09-19,"14,0"
2014-09-20,"42,0"
2014-09-21,"11,0"
2014-09-22,"34,0"
2014-09-23,"30,0"
2014-09-24,"82,0"
2014-09-25,"21,0"
2014-09-26,"23,0"
2014-09-27,"11,0"
2014-09-28,"26,0"
2014-09-29,"54,0"
2014-09-30,"8,0"
2014-10-01,"119,0"
2014-10-02,"16,0"
2014-10-03,"27,0"
2014-10-04,"15,0"
2014-10-05,"156,0"
2014-10-06,"50,0"
2014-10-07,"61,0"
2014-10-08,"4,0"
2014-10-09,"10,0"
2014-10-10,"11,0"
2014-10-11,"38,0"
2014-10-12,"16,0"
2014-10-13,"10,0"
2014-10-14,"32,0"
2014-10-15,"16,0"
2014-10-16,"4,0"
2014-10-17,"2,0"
2014-10-18,"20,0"
2014-10-19,"11,0"
2014-10-20,"15,0"
2014-10-21,"12,0"
2014-10-22,"35,0"
2014-10-23,"67,0"
2014-10-24,"12,0"
2014-10-25,"19,0"
2014-10-26,"15,0"
2014-10-27,"36,0"
2014-10-28,"6,0"
2014-10-29,"23,0"
2014-10-30,"20,0"
2014-10-31,"25,0"
2014-11-01,"20,0"
2014-11-02,"43,0"
2014-11-03,"20,0"
2014-11-04,"12,0"
2014-11-05,"16,0"
2014-11-06,"27,0"
2014-11-07,"21,0"
2014-11-08,"11,0"
2014-11-09,"10,0"
2014-11-10,"20,0"
2014-11-11,"10,0"
2014-11-12,"15,0"
2014-11-13,"84,0"
2014-11-14,"60,0"
2014-11-15,"6,0"
2014-11-16,"17,0"
2014-11-17,"29,0"
2014-11-18,"61,0"
2014-11-19,"7,0"
2014-11-20,"26,0"
2014-11-21,"16,0"
2014-11-22,"10,0"
2014-11-23,"25,0"
2014-11-24,"45,0"
2014-11-25,"17,0"
2014-11-26,"21,0"
2014-11-27,"17,0"
2014-11-28,"17,0"
2014-11-29,"38,0"
2014-11-30,"35,0"
2014-12-01,"26,0"
2014-12-02,"58,0"
2014-12-03,"21,0"
2014-12-04,"23,0"
2014-12-05,"13,0"
2014-12-06,"13,0"
2014-12-07,"11,0"
2014-12-08,"278,0"
2014-12-09,"106,0"
2014-12-10,"24,0"
2014-12-11,"10,0"
2014-12-12,"2,0"
2014-12-13,"37,0"
2014-12-14,"36,0"
2014-12-15,"213,0"
2014-12-16,"42,0"
2014-12-17,"168,0"
2014-12-18,"40,0"
2014-12-19,"15,0"
2014-12-20,"14,0"
2014-12-21,"17,0"
2014-12-22,"19,0"
2014-12-23,"227,0"
2014-12-24,"3,0"
2014-12-25,"9,0"
2014-12-26,"107,0"
2014-12-27,"10,0"
2014-12-28,"95,0"
2014-12-29,"9,0"
2014-12-30,"42,0"
2014-12-31,"61,0"
2015-01-01,"7,0"
2015-01-02,"17,0"
2015-01-03,"18,0"
2015-01-04,"9,0"
2015-01-05,"41,0"
2015-01-06,"44,0"
2015-01-07,"10,0"
2015-01-08,"9,0"
2015-01-09,"8,0"
2015-01-10,"13,0"
2015-01-11,"71,0"
2015-01-12,"21,0"
2015-01-13,"87,0"
2015-01-14,"43,0"
2015-01-15,"80,0"
2015-01-16,"79,0"
2015-01-17,"24,0"
2015-01-18,"77,0"
2015-01-19,"20,0"
2015-01-20,"62,0"
2015-01-21,"20,0"
2015-01-22,"90,0"
2015-01-23,"9,0"
2015-01-24,"13,0"
2015-01-25,"20,0"
2015-01-26,"38,0"
2015-01-27,"21,0"
2015-01-28,"12,0"
2015-01-29,"3,0"
2015-01-30,"6,0"
2015-01-31,"34,0"
2015-02-01,"36,0"
2015-02-02,"29,0"
2015-02-03,"38,0"
2015-02-04,"32,0"
2015-02-05,"6,0"
2015-02-06,"14,0"
2015-02-07,"47,0"
2015-02-08,"17,0"
2015-02-09,"10,0"
2015-02-10,"35,0"
2015-02-11,"65,0"
2015-02-12,"46,0"
2015-02-13,"26,0"
2015-02-14,"133,0"
2015-02-15,"8,0"
2015-02-16,"10,0"
2015-02-17,"50,0"
2015-02-18,"29,0"
2015-02-19,"15,0"
2015-02-20,"53,0"
2015-02-21,"29,0"
2015-02-22,"41,0"
2015-02-23,"29,0"
2015-02-24,"26,0"
2015-02-25,"79,0"
2015-02-26,"36,0"
2015-02-27,"78,0"
2015-02-28,"29,0"
2015-03-01,"28,0"
2015-03-02,"13,0"
2015-03-03,"57,0"
2015-03-04,"84,0"
2015-03-05,"8,0"
2015-03-06,"13,0"
2015-03-07,"21,0"
2015-03-08,"6,0"
2015-03-09,"9,0"
2015-03-10,"28,0"
2015-03-11,"29,0"
2015-03-12,"13,0"
2015-03-13,"26,0"
2015-03-14,"21,0"
2015-03-15,"27,0"
2015-03-16,"28,0"
2015-03-17,"55,0"
2015-03-18,"10,0"
2015-03-19,"13,0"
2015-03-20,"30,0"
2015-03-21,"15,0"
2015-03-22,"9,0"
2015-03-23,"27,0"
2015-03-24,"1,0"
2015-03-25,"19,0"
2015-03-26,"4,0"
2015-03-27,"11,0"
2015-03-28,"23,0"
2015-03-29,"43,0"
2015-03-30,"59,0"
2015-03-31,"7,0"
2015-04-01,"14,0"
2015-04-02,"29,0"
2015-04-03,"13,0"
2015-04-04,"35,0"
2015-04-05,"4,0"
2015-04-06,"21,0"
2015-04-07,"24,0"
2015-04-08,"55,0"
2015-04-09,"29,0"
2015-04-10,"22,0"
2015-04-11,"10,0"
2015-04-12,"22,0"
2015-04-13,"58,0"
2015-04-14,"13,0"
2015-04-15,"10,0"
2015-04-16,"252,0"
2015-04-17,"26,0"
2015-04-18,"10,0"
2015-04-19,"9,0"
2015-04-20,"23,0"
2015-04-21,"21,0"
2015-04-22,"148,0"
2015-04-23,"58,0"
2015-04-24,"25,0"
2015-04-25,"124,0"
2015-04-26,"85,0"
2015-04-27,"26,0"
2015-04-28,"16,0"
2015-04-29,"97,0"
2015-04-30,"38,0"
2015-05-01,"58,0"
2015-05-02,"32,0"
2015-05-03,"53,0"
2015-05-04,"55,0"
2015-05-05,"20,0"
2015-05-06,"12,0"
2015-05-07,"14,0"
2015-05-08,"8,0"
2015-05-09,"33,0"
2015-05-10,"91,0"
2015-05-11,"92,0"
2015-05-12,"5,0"
2015-05-13,"22,0"
2015-05-14,"28,0"
2015-05-15,"21,0"
2015-05-16,"8,0"
2015-05-17,"15,0"
2015-05-18,"60,0"
2015-05-19,"226,0"
2015-05-20,"21,0"
2015-05-21,"11,0"
2015-05-22,"8,0"
2015-05-23,"19,0"
2015-05-24,"37,0"
2015-05-25,"10,0"
2015-05-26,"114,0"
2015-05-27,"58,0"
2015-05-28,"34,0"
2015-05-29,"45,0"
2015-05-30,"48,0"
2015-05-31,"28,0"
2015-06-01,"6,0"
2015-06-02,"42,0"
2015-06-03,"32,0"
2015-06-04,"48,0"
2015-06-05,"127,0"
2015-06-06,"18,0"
2015-06-07,"27,0"
2015-06-08,"8,0"
2015-06-09,"16,0"
2015-06-10,"59,0"
2015-06-11,"10,0"
2015-06-12,"58,0"
2015-06-13,"56,0"
2015-06-14,"10,0"
2015-06-15,"29,0"
2015-06-16,"31,0"
2015-06-17,"309,0"
2015-06-18,"29,0"
2015-06-19,"32,0"
2015-06-20,"26,0"
2015-06-21,"10,0"
2015-06-22,"20,0"
2015-06-23,"18,0"
2015-06-24,"315,0"
2015-06-25,"13,0"
2015-06-26,"165,0"
2015-06-27,"32,0"
2015-06-28,"67,0"
2015-06-29,"12,0"
2015-06-30,"13,0"
2015-07-01,"15,0"
2015-07-02,"26,0"
2015-07-03,"81,0"
2015-07-04,"23,0"
2015-07-05,"43,0"
2015-07-06,"71,0"
2015-07-07,"30,0"
2015-07-08,"103,0"
2015-07-09,"17,0"
2015-07-10,"12,0"
2015-07-11,"709,0"
2015-07-12,"58,0"
2015-07-13,"42,0"
2015-07-14,"81,0"
2015-07-15,"35,0"
2015-07-16,"41,0"
2015-07-17,"10,0"
2015-07-18,"5,0"
2015-07-19,"100,0"
2015-07-20,"176,0"
2015-07-21,"38,0"
2015-07-22,"62,0"
2015-07-23,"51,0"
2015-07-24,"36,0"
2015-07-25,"15,0"
2015-07-26,"86,0"
2015-07-27,"101,0"
2015-07-28,"30,0"
2015-07-29,"10,0"
2015-07-30,"3,0"
2015-07-31,"66,0"
2015-08-01,"38,0"
2015-08-02,"21,0"
2015-08-03,"40,0"
2015-08-04,"26,0"
2015-08-05,"40,0"
2015-08-06,"16,0"
2015-08-07,"7,0"
2015-08-08,"11,0"
2015-08-09,"14,0"
2015-08-10,"27,0"
2015-08-11,"30,0"
2015-08-12,"19,0"
2015-08-13,"54,0"
2015-08-14,"18,0"
2015-08-15,"20,0"
2015-08-16,"23,0"
2015-08-17,"24,0"
2015-08-18,"39,0"
2015-08-19,"76,0"
2015-08-20,"77,0"
2015-08-21,"10,0"
2015-08-22,"38,0"
2015-08-23,"13,0"
2015-08-24,"31,0"
2015-08-25,"48,0"
2015-08-26,"10,0"
2015-08-27,"60,0"
2015-08-28,"19,0"
2015-08-29,"12,0"
2015-08-30,"115,0"
2015-08-31,"15,0"
2015-09-01,"30,0"
2015-09-02,"55,0"
2015-09-03,"11,0"
2015-09-04,"18,0"
2015-09-05,"22,0"
2015-09-06,"78,0"
2015-09-07,"25,0"
2015-09-08,"40,0"
2015-09-09,"14,0"
2015-09-10,"56,0"
2015-09-11,"39,0"
2015-09-12,"27,0"
2015-09-13,"12,0"
2015-09-14,"201,0"
2015-09-15,"56,0"
2015-09-16,"52,0"
2015-09-17,"56,0"
2015-09-18,"37,0"
2015-09-19,"32,0"
2015-09-20,"71,0"
2015-09-21,"38,0"
2015-09-22,"88,0"
2015-09-23,"9,0"
2015-09-24,"68,0"
2015-09-25,"25,0"
2015-09-26,"17,0"
2015-09-27,"120,0"
2015-09-28,"29,0"
2015-09-29,"90,0"
2015-09-30,"43,0"
2015-10-01,"21,0"
2015-10-02,"90,0"
2015-10-03,"25,0"
2015-10-04,"42,0"
2015-10-05,"141,0"
2015-10-06,"23,0"
2015-10-07,"26,0"
2015-10-08,"164,0"
2015-10-09,"11,0"
2015-10-10,"66,0"
2015-10-11,"433,0"
2015-10-12,"9,0"
2015-10-13,"98,0"
2015-10-14,"26,0"
2015-10-15,"14,0"
2015-10-16,"82,0"
2015-10-17,"69,0"
2015-10-18,"249,0"
2015-10-19,"56,0"
2015-10-20,"91,0"
2015-10-21,"14,0"
2015-10-22,"83,0"
2015-10-23,"215,0"
2015-10-24,"27,0"
2015-10-25,"24,0"
2015-10-26,"59,0"
2015-10-27,"44,0"
2015-10-28,"37,0"
2015-10-29,"121,0"
2015-10-30,"72,0"
2015-10-31,"150,0"
2015-11-01,"917,0"
2015-11-02,"25,0"
2015-11-03,"180,0"
2015-11-04,"246,0"
2015-11-05,"941,0"
2015-11-06,"120,0"
2015-11-07,"30,0"
2015-11-08,"200,0"
2015-11-09,"43,0"
2015-11-10,"86,0"
2015-11-11,"123,0"
2015-11-12,"27,0"
2015-11-13,"274,0"
2015-11-14,"14,0"
2015-11-15,"111,0"
2015-11-16,"10,0"
2015-11-17,"26,0"
2015-11-18,"88,0"
2015-11-19,"86,0"
2015-11-20,"301,0"
2015-11-21,"329,0"
2015-11-22,"344,0"
2015-11-23,"100,0"
2015-11-24,"29,0"
2015-11-25,"97,0"
2015-11-26,"41,0"
2015-11-27,"613,0"
2015-11-28,"39,0"
2015-11-29,"15,0"
2015-11-30,"27,0"
2015-12-01,"73,0"
2015-12-02,"37,0"
2015-12-03,"24,0"
2015-12-04,"37,0"
2015-12-05,"23,0"
2015-12-06,"47,0"
2015-12-07,"34,0"
2015-12-08,"124,0"
2015-12-09,"289,0"
2015-12-10,"205,0"
2015-12-11,"42,0"
2015-12-12,"97,0"
2015-12-13,"60,0"
2015-12-14,"102,0"
2015-12-15,"56,0"
2015-12-16,"56,0"
2015-12-17,"45,0"
2015-12-18,"101,0"
2015-12-19,"55,0"
2015-12-20,"77,0"
2015-12-21,"33,0"
2015-12-22,"258,0"
2015-12-23,"75,0"
2015-12-24,"114,0"
2015-12-25,"105,0"
2015-12-26,"45,0"
2015-12-27,"93,0"
2015-12-28,"47,0"
2015-12-29,"52,0"
2015-12-30,"60,0"
2015-12-31,"42,0"
2016-01-01,"270,0"
2016-01-02,"377,0"
2016-01-03,"49,0"
2016-01-04,"29,0"
2016-01-05,"28,0"
2016-01-06,"240,0"
2016-01-07,"488,0"
2016-01-08,"450,0"
2016-01-09,"209,0"
2016-01-10,"85,0"
2016-01-11,"429,0"
2016-01-12,"35,0"
2016-01-13,"35,0"
2016-01-14,"87,0"
2016-01-15,"694,0"
2016-01-16,"103,0"
2016-01-17,"343,0"
2016-01-18,"82,0"
2016-01-19,"86,0"
2016-01-20,"43,0"
2016-01-21,"66,0"
2016-01-22,"78,0"
2016-01-23,"372,0"
2016-01-24,"99,0"
2016-01-25,"169,0"
2016-01-26,"51,0"
2016-01-27,"44,0"
2016-01-28,"129,0"
2016-01-29,"41,0"
2016-01-30,"25,0"
2016-01-31,"134,0"
2016-02-01,"413,0"
2016-02-02,"187,0"
2016-02-03,"59,0"
2016-02-04,"58,0"
2016-02-05,"781,0"
2016-02-06,"696,0"
2016-02-07,"177,0"
2016-02-08,"84,0"
2016-02-09,"180,0"
2016-02-10,"137,0"
2016-02-11,"96,0"
2016-02-12,"283,0"
2016-02-13,"250,0"
2016-02-14,"126,0"
2016-02-15,"149,0"
2016-02-16,"32,0"
2016-02-17,"120,0"
2016-02-18,"17,0"
2016-02-19,"76,0"
2016-02-20,"207,0"
2016-02-21,"64,0"
2016-02-22,"98,0"
2016-02-23,"142,0"
2016-02-24,"484,0"
2016-02-25,"313,0"
2016-02-26,"72,0"
2016-02-27,"38,0"
2016-02-28,"60,0"
2016-02-29,"305,0"
2016-03-01,"220,0"
2016-03-02,"88,0"
2016-03-03,"492,0"
2016-03-04,"92,0"
2016-03-05,"516,0"
2016-03-06,"48,0"
2016-03-07,"99,0"
2016-03-08,"143,0"
2016-03-09,"426,0"
2016-03-10,"111,0"
2016-03-11,"61,0"
2016-03-12,"61,0"
2016-03-13,"73,0"
2016-03-14,"56,0"
2016-03-15,"94,0"
2016-03-16,"62,0"
2016-03-17,"168,0"
2016-03-18,"250,0"
2016-03-19,"619,0"
2016-03-20,"17,0"
2016-03-21,"78,0"
2016-03-22,"44,0"
2016-03-23,"172,0"
2016-03-24,"85,0"
2016-03-25,"66,0"
2016-03-26,"1351,0"
2016-03-27,"24,0"
2016-03-28,"247,0"
2016-03-29,"308,0"
2016-03-30,"1651,0"
2016-03-31,"1503,0"
2016-04-01,"867,0"
2016-04-02,"382,0"
2016-04-03,"337,0"
2016-04-04,"48,0"
2016-04-05,"253,0"
2016-04-06,"54,0"
2016-04-07,"78,0"
2016-04-08,"226,0"
2016-04-09,"45,0"
2016-04-10,"1104,0"
2016-04-11,"61,0"
2016-04-12,"134,0"
2016-04-13,"219,0"
2016-04-14,"326,0"
2016-04-15,"132,0"
2016-04-16,"92,0"
2016-04-17,"71,0"
2016-04-18,"36,0"
2016-04-19,"62,0"
2016-04-20,"168,0"
2016-04-21,"71,0"
2016-04-22,"382,0"
2016-04-23,"174,0"
2016-04-24,"168,0"
2016-04-25,"76,0"
2016-04-26,"68,0"
2016-04-27,"160,0"
2016-04-28,"136,0"
2016-04-29,"148,0"
2016-04-30,"178,0"
2016-05-01,"78,0"
2016-05-02,"249,0"
2016-05-03,"191,0"
2016-05-04,"151,0"
2016-05-05,"60,0"
2016-05-06,"98,0"
2016-05-07,"73,0"
2016-05-08,"299,0"
2016-05-09,"227,0"
2016-05-10,"296,0"
2016-05-11,"134,0"
2016-05-12,"144,0"
2016-05-13,"301,0"
2016-05-14,"125,0"
2016-05-15,"46,0"
2016-05-16,"199,0"
2016-05-17,"277,0"
2016-05-18,"170,0"
2016-05-19,"305,0"
2016-05-20,"215,0"
2016-05-21,"46,0"
2016-05-22,"1148,0"
2016-05-23,"84,0"
2016-05-24,"87,0"
2016-05-25,"90,0"
2016-05-26,"128,0"
2016-05-27,"65,0"
2016-05-28,"161,0"
2016-05-29,"215,0"
2016-05-30,"259,0"
2016-05-31,"234,0"
2016-06-01,"538,0"
2016-06-02,"238,0"
2016-06-03,"280,0"
2016-06-04,"199,0"
2016-06-05,"170,0"
2016-06-06,"126,0"
2016-06-07,"245,0"
2016-06-08,"269,0"
2016-06-09,"71,0"
2016-06-10,"99,0"
2016-06-11,"352,0"
2016-06-12,"233,0"
2016-06-13,"779,0"
2016-06-14,"93,0"
2016-06-15,"146,0"
2016-06-16,"520,0"
2016-06-17,"424,0"
2016-06-18,"427,0"
2016-06-19,"809,0"
2016-06-20,"513,0"
2016-06-21,"312,0"
2016-06-22,"113,0"
2016-06-23,"521,0"
2016-06-24,"391,0"
2016-06-25,"346,0"
2016-06-26,"1534,0"
2016-06-27,"212,0"
2016-06-28,"68,0"
2016-06-29,"171,0"
2016-06-30,"177,0"
2016-07-01,"270,0"
2016-07-02,"265,0"
2016-07-03,"172,0"
2016-07-04,"236,0"
2016-07-05,"124,0"
2016-07-06,"62,0"
2016-07-07,"145,0"
2016-07-08,"281,0"
2016-07-09,"142,0"
2016-07-10,"135,0"
2016-07-11,"541,0"
2016-07-12,"222,0"
2016-07-13,"190,0"
2016-07-14,"102,0"
2016-07-15,"260,0"
2016-07-16,"79,0"
2016-07-17,"1637,0"
2016-07-18,"100,0"
2016-07-19,"89,0"
2016-07-20,"602,0"
2016-07-21,"920,0"
2016-07-22,"669,0"
2016-07-23,"799,0"
2016-07-24,"99,0"
2016-07-25,"93,0"
2016-07-26,"209,0"
2016-07-27,"90,0"
2016-07-28,"116,0"
2016-07-29,"150,0"
2016-07-30,"51,0"
2016-07-31,"133,0"
2016-08-01,"102,0"
2016-08-02,"473,0"
2016-08-03,"93,0"
2016-08-04,"168,0"
2016-08-05,"147,0"
2016-08-06,"168,0"
2016-08-07,"60,0"
2016-08-08,"202,0"
2016-08-09,"153,0"
2016-08-10,"343,0"
2016-08-11,"77,0"
2016-08-12,"171,0"
2016-08-13,"271,0"
2016-08-14,"156,0"
2016-08-15,"145,0"
2016-08-16,"51,0"
2016-08-17,"252,0"
2016-08-18,"116,0"
2016-08-19,"237,0"
2016-08-20,"332,0"
2016-08-21,"211,0"
2016-08-22,"126,0"
2016-08-23,"326,0"
2016-08-24,"55,0"
2016-08-25,"60,0"
2016-08-26,"68,0"
2016-08-27,"82,0"
2016-08-28,"91,0"
2016-08-29,"302,0"
2016-08-30,"84,0"
2016-08-31,"426,0"
2016-09-01,"216,0"
2016-09-02,"207,0"
2016-09-03,"79,0"
2016-09-04,"51,0"
2016-09-05,"103,0"
2016-09-06,"59,0"
2016-09-07,"156,0"
2016-09-08,"107,0"
2016-09-09,"52,0"
2016-09-10,"272,0"
2016-09-11,"183,0"
2016-09-12,"115,0"
2016-09-13,"184,0"
2016-09-14,"122,0"
2016-09-15,"56,0"
2016-09-16,"1468,0"
2016-09-17,"85,0"
2016-09-18,"192,0"
2016-09-19,"153,0"
2016-09-20,"88,0"
2016-09-21,"175,0"
2016-09-22,"218,0"
2016-09-23,"118,0"
2016-09-24,"153,0"
2016-09-25,"133,0"
2016-09-26,"93,0"
2016-09-27,"505,0"
2016-09-28,"208,0"
2016-09-29,"63,0"
2016-09-30,"52,0"
2016-10-01,"40,0"
2016-10-02,"44,0"
2016-10-03,"76,0"
2016-10-04,"198,0"
2016-10-05,"140,0"
2016-10-06,"155,0"
2016-10-07,"121,0"
2016-10-08,"528,0"
2016-10-09,"145,0"
2016-10-10,"31,0"
2016-10-11,"104,0"
2016-10-12,"149,0"
2016-10-13,"288,0"
2016-10-14,"218,0"
2016-10-15,"128,0"
2016-10-16,"162,0"
2016-10-17,"222,0"
2016-10-18,"684,0"
2016-10-19,"543,0"
2016-10-20,"330,0"
2016-10-21,"457,0"
2016-10-22,"184,0"
2016-10-23,"121,0"
2016-10-24,"269,0"
2016-10-25,"559,0"
2016-10-26,"984,0"
2016-10-27,"660,0"
2016-10-28,"441,0"
2016-10-29,"240,0"
2016-10-30,"99,0"
2016-10-31,"304,0"
2016-11-01,"329,0"
2016-11-02,"298,0"
2016-11-03,"263,0"
2016-11-04,"286,0"
2016-11-05,"864,0"
2016-11-06,"161,0"
2016-11-07,"222,0"
2016-11-08,"110,0"
2016-11-09,"243,0"
2016-11-10,"293,0"
2016-11-11,"2521,0"
2016-11-12,"151,0"
2016-11-13,"349,0"
2016-11-14,"292,0"
2016-11-15,"538,0"
2016-11-16,"338,0"
2016-11-17,"112,0"
2016-11-18,"78,0"
2016-11-19,"219,0"
2016-11-20,"206,0"
2016-11-21,"240,0"
2016-11-22,"130,0"
2016-11-23,"92,0"
2016-11-24,"228,0"
2016-11-25,"340,0"
2016-11-26,"438,0"
2016-11-27,"342,0"
2016-11-28,"142,0"
2016-11-29,"308,0"
2016-11-30,"211,0"
2016-12-01,"117,0"
2016-12-02,"518,0"
2016-12-03,"212,0"
2016-12-04,"305,0"
2016-12-05,"99,0"
2016-12-06,"203,0"
2016-12-07,"589,0"
2016-12-08,"278,0"
2016-12-09,"202,0"
2016-12-10,"681,0"
2016-12-11,"350,0"
2016-12-12,"432,0"
2016-12-13,"542,0"
2016-12-14,"315,0"
2016-12-15,"250,0"
2016-12-16,"395,0"
2016-12-17,"346,0"
2016-12-18,"215,0"
2016-12-19,"331,0"
2016-12-20,"1095,0"
2016-12-21,"786,0"
2016-12-22,"758,0"
2016-12-23,"753,0"
2016-12-24,"522,0"
2016-12-25,"1603,0"
2016-12-26,"415,0"
2016-12-27,"549,0"
2016-12-28,"2126,0"
2016-12-29,"1038,0"
2016-12-30,"883,0"
2016-12-31,"658,0"
2017-01-01,"702,0"
2017-01-02,"1594,0"
2017-01-03,"1496,0"
2017-01-04,"1175,0"
2017-01-05,"1168,0"
2017-01-06,"1319,0"
2017-01-07,"1024,0"
2017-01-08,"1070,0"
2017-01-09,"389,0"
2017-01-10,"1214,0"
2017-01-11,"509,0"
2017-01-12,"1018,0"
2017-01-13,"819,0"
2017-01-14,"1217,0"
2017-01-15,"2884,0"
2017-01-16,"568,0"
2017-01-17,"804,0"
2017-01-18,"628,0"
2017-01-19,"356,0"
2017-01-20,"1105,0"
2017-01-21,"440,0"
2017-01-22,"856,0"
2017-01-23,"192,0"
2017-01-24,"472,0"
2017-01-25,"468,0"
2017-01-26,"963,0"
2017-01-27,"542,0"
2017-01-28,"1416,0"
2017-01-29,"1070,0"
2017-01-30,"909,0"
2017-01-31,"604,0"
2017-02-01,"475,0"
2017-02-02,"1154,0"
2017-02-03,"576,0"
2017-02-04,"717,0"
2017-02-05,"1235,0"
2017-02-06,"360,0"
2017-02-07,"780,0"
2017-02-08,"515,0"
2017-02-09,"1557,0"
2017-02-10,"711,0"
2017-02-11,"899,0"
2017-02-12,"1062,0"
2017-02-13,"1276,0"
2017-02-14,"3906,0"
2017-02-15,"531,0"
2017-02-16,"206,0"
2017-02-17,"475,0"
2017-02-18,"695,0"
2017-02-19,"546,0"
2017-02-20,"213,0"
2017-02-21,"6545,0"
2017-02-22,"4932,0"
2017-02-23,"1265,0"
2017-02-24,"2004,0"
2017-02-25,"1338,0"
2017-02-26,"1829,0"
2017-02-27,"401,0"
2017-02-28,"519,0"
2017-03-01,"558,0"
2017-03-02,"952,0"
2017-03-03,"2181,0"
2017-03-04,"970,0"
2017-03-05,"1603,0"
2017-03-06,"688,0"
2017-03-07,"989,0"
2017-03-08,"1405,0"
2017-03-09,"697,0"
2017-03-10,"1134,0"
2017-03-11,"1168,0"
2017-03-12,"1890,0"
2017-03-13,"1040,0"
2017-03-14,"977,0"
2017-03-15,"671,0"
2017-03-16,"1191,0"
2017-03-17,"930,0"
2017-03-18,"1942,0"
2017-03-19,"2086,0"
2017-03-20,"768,0"
2017-03-21,"782,0"
2017-03-22,"771,0"
2017-03-23,"1631,0"
2017-03-24,"1171,0"
2017-03-25,"852,0"
2017-03-26,"1078,0"
2017-03-27,"713,0"
2017-03-28,"621,0"
2017-03-29,"530,0"
2017-03-30,"1297,0"
2017-03-31,"1104,0"
2017-04-01,"1183,0"
2017-04-02,"1027,0"
2017-04-03,"684,0"
2017-04-04,"337,0"
2017-04-05,"845,0"
2017-04-06,"652,0"
2017-04-07,"1461,0"
2017-04-08,"440,0"
2017-04-09,"922,0"
2017-04-10,"508,0"
2017-04-11,"1177,0"
2017-04-12,"518,0"
2017-04-13,"262,0"
2017-04-14,"450,0"
2017-04-15,"751,0"
2017-04-16,"852,0"
2017-04-17,"1024,0"
2017-04-18,"1398,0"
2017-04-19,"937,0"
2017-04-20,"585,0"
2017-04-21,"2870,0"
2017-04-22,"677,0"
2017-04-23,"675,0"
2017-04-24,"1031,0"
2017-04-25,"476,0"
2017-04-26,"853,0"
2017-04-27,"536,0"
2017-04-28,"960,0"
2017-04-29,"680,0"
2017-04-30,"1509,0"
2017-05-01,"1327,0"
2017-05-02,"1062,0"
2017-05-03,"1307,0"
2017-05-04,"2077,0"
2017-05-05,"1966,0"
2017-05-06,"2753,0"
2017-05-07,"5889,0"
2017-05-08,"1100,0"
2017-05-09,"1939,0"
2017-05-10,"1859,0"
2017-05-11,"1245,0"
2017-05-12,"1253,0"
2017-05-13,"1434,0"
2017-05-14,"1257,0"
2017-05-15,"5083,0"
2017-05-16,"1215,0"
2017-05-17,"943,0"
2017-05-18,"1240,0"
2017-05-19,"1361,0"
2017-05-20,"2280,0"
2017-05-21,"2524,0"
2017-05-22,"3386,0"
2017-05-23,"3556,0"
2017-05-24,"2930,0"
2017-05-25,"5267,0"
2017-05-26,"3015,0"
2017-05-27,"3690,0"
2017-05-28,"3072,0"
2017-05-29,"2103,0"
2017-05-30,"1543,0"
2017-05-31,"1757,0"
2017-06-01,"2944,0"
2017-06-02,"1670,0"
2017-06-03,"2425,0"
2017-06-04,"3082,0"
2017-06-05,"1758,0"
2017-06-06,"3004,0"
2017-06-07,"3582,0"
2017-06-08,"4618,0"
2017-06-09,"3935,0"
2017-06-10,"4239,0"
2017-06-11,"4340,0"
2017-06-12,"3197,0"
2017-06-13,"3380,0"
2017-06-14,"1578,0"
2017-06-15,"1842,0"
2017-06-16,"2607,0"
2017-06-17,"5142,0"
2017-06-18,"5548,0"
2017-06-19,"4764,0"
2017-06-20,"2981,0"
2017-06-21,"2063,0"
2017-06-22,"1730,0"
2017-06-23,"3321,0"
2017-06-24,"2562,0"
2017-06-25,"1726,0"
2017-06-26,"3003,0"
2017-06-27,"2135,0"
2017-06-28,"1947,0"
2017-06-29,"1102,0"
2017-06-30,"2546,0"
2017-07-01,"4540,0"
2017-07-02,"3622,0"
2017-07-03,"2761,0"
2017-07-04,"1657,0"
2017-07-05,"1767,0"
2017-07-06,"1360,0"
2017-07-07,"2398,0"
2017-07-08,"2600,0"
2017-07-09,"2066,0"
2017-07-10,"2062,0"
2017-07-11,"3003,0"
2017-07-12,"1949,0"
2017-07-13,"1692,0"
2017-07-14,"1148,0"
2017-07-15,"2980,0"
2017-07-16,"2211,0"
2017-07-17,"1096,0"
2017-07-18,"1116,0"
2017-07-19,"1865,0"
2017-07-20,"857,0"
2017-07-21,"3237,0"
2017-07-22,"2613,0"
2017-07-23,"1763,0"
2017-07-24,"1678,0"
2017-07-25,"1855,0"
2017-07-26,"2682,0"
2017-07-27,"2483,0"
2017-07-28,"3159,0"
2017-07-29,"4260,0"
2017-07-30,"5692,0"
2017-07-31,"5098,0"
2017-08-01,"7013,0"
2017-08-02,"4347,0"
2017-08-03,"4287,0"
2017-08-04,"7972,0"
2017-08-05,"5236,0"
2017-08-06,"3683,0"
2017-08-07,"3722,0"
2017-08-08,"3405,0"
2017-08-09,"1872,0"
2017-08-10,"2878,0"
2017-08-11,"2519,0"
2017-08-12,"4104,0"
2017-08-13,"5525,0"
2017-08-14,"4823,0"
2017-08-15,"3762,0"
2017-08-16,"2038,0"
2017-08-17,"5595,0"
2017-08-18,"3410,0"
2017-08-19,"5665,0"
2017-08-20,"7311,0"
2017-08-21,"3204,0"
2017-08-22,"1456,0"
2017-08-23,"2863,0"
2017-08-24,"1383,0"
2017-08-25,"1238,0"
2017-08-26,"2857,0"
2017-08-27,"7100,0"
2017-08-28,"3349,0"
2017-08-29,"3770,0"
2017-08-30,"4154,0"
2017-08-31,"3397,0"
2017-09-01,"5686,0"
2017-09-02,"6729,0"
2017-09-03,"2384,0"
2017-09-04,"3283,0"
2017-09-05,"3443,0"
2017-09-06,"3712,0"
2017-09-07,"2895,0"
2017-09-08,"3266,0"
2017-09-09,"1536,0"
2017-09-10,"1562,0"
2017-09-11,"2558,0"
2017-09-12,"1723,0"
2017-09-13,"3814,0"
2017-09-14,"2089,0"
2017-09-15,"2478,0"
2017-09-16,"2308,0"
2017-09-17,"2096,0"
2017-09-18,"1312,0"
2017-09-19,"2646,0"
2017-09-20,"1612,0"
2017-09-21,"2594,0"
2017-09-22,"2346,0"
2017-09-23,"1579,0"
2017-09-24,"1530,0"
2017-09-25,"1068,0"
2017-09-26,"2396,0"
2017-09-27,"2088,0"
2017-09-28,"2297,0"
2017-09-29,"1747,0"
2017-09-30,"1871,0"
2017-10-01,"2905,0"
2017-10-02,"2170,0"
2017-10-03,"3494,0"
2017-10-04,"1135,0"
2017-10-05,"2226,0"
2017-10-06,"4390,0"
2017-10-07,"1239,0"
2017-10-08,"2711,0"
2017-10-09,"1959,0"
2017-10-10,"2413,0"
2017-10-11,"1722,0"
2017-10-12,"2560,0"
2017-10-13,"2339,0"
2017-10-14,"4164,0"
2017-10-15,"6460,0"
2017-10-16,"2777,0"
2017-10-17,"2700,0"
2017-10-18,"2146,0"
2017-10-19,"4009,0"
2017-10-20,"1704,0"
2017-10-21,"3027,0"
2017-10-22,"4510,0"
2017-10-23,"2437,0"
2017-10-24,"3876,0"
2017-10-25,"4831,0"
2017-10-26,"2655,0"
2017-10-27,"1447,0"
2017-10-28,"1285,0"
2017-10-29,"2863,0"
2017-10-30,"3692,0"
2017-10-31,"1999,0"
2017-11-01,"2470,0"
2017-11-02,"4413,0"
2017-11-03,"3116,0"
2017-11-04,"3568,0"
2017-11-05,"3772,0"
2017-11-06,"2489,0"
2017-11-07,"2779,0"
2017-11-08,"4482,0"
2017-11-09,"2107,0"
2017-11-10,"2292,0"
2017-11-11,"948,0"
2017-11-12,"2202,0"
2017-11-13,"2487,0"
2017-11-14,"2379,0"
2017-11-15,"3879,0"
2017-11-16,"3529,0"
2017-11-17,"4187,0"
2017-11-18,"8113,0"
2017-11-19,"6126,0"
2017-11-20,"3209,0"
2017-11-21,"2633,0"
2017-11-22,"3199,0"
2017-11-23,"4939,0"
2017-11-24,"2493,0"
2017-11-25,"4824,0"
2017-11-26,"3795,0"
2017-11-27,"4118,0"
2017-11-28,"3977,0"
2017-11-29,"4593,0"
2017-11-30,"5583,0"
2017-12-01,"6679,0"
2017-12-02,"8887,0"
2017-12-03,"6243,0"
2017-12-04,"4289,0"
2017-12-05,"4981,0"
2017-12-06,"4876,0"
2017-12-07,"3310,0"
2017-12-08,"5245,0"
2017-12-09,"8088,0"
2017-12-10,"6122,0"
2017-12-11,"5358,0"
2017-12-12,"2991,0"
2017-12-13,"4994,0"
2017-12-14,"3467,0"
2017-12-15,"3746,0"
2017-12-16,"6236,0"
2017-12-17,"6678,0"
2017-12-18,"2403,0"
2017-12-19,"1611,0"
2017-12-20,"2639,0"
2017-12-21,"1754,0"
2017-12-22,"3080,0"
2017-12-23,"4118,0"
2017-12-24,"5551,0"
2017-12-25,"2811,0"
2017-12-26,"3448,0"
2017-12-27,"2966,0"
2017-12-28,"2788,0"
2017-12-29,"3361,0"
2017-12-30,"2050,0"
2017-12-31,"8547,0"
2018-01-01,"5025,0"
2018-01-02,"2361,0"
2018-01-03,"1807,0"
2018-01-04,"1984,0"
2018-01-05,"1344,0"
2018-01-06,"2604,0"
2018-01-07,"3084,0"
2018-01-08,"2066,0"
2018-01-09,"1603,0"
2018-01-10,"2413,0"
2018-01-11,"3157,0"
2018-01-12,"1544,0"
2018-01-13,"1851,0"
2018-01-14,"2234,0"
2018-01-15,"1290,0"
2018-01-16,"2440,0"
2018-01-17,"2147,0"
2018-01-18,"2581,0"
2018-01-19,"1980,0"
2018-01-20,"6606,0"
2018-01-21,"8549,0"
2018-01-22,"7689,0"
2018-01-23,"15061,0"
2018-01-24,"13963,0"
2018-01-25,"21488,0"
2018-01-26,"7505,0"
2018-01-27,"10354,0"
2018-01-28,"9266,0"
2018-01-29,"7114,0"
2018-01-30,"8492,0"
2018-01-31,"1482,0"
2018-02-01,"3307,0"
2018-02-02,"4603,0"
2018-02-03,"6328,0"
2018-02-04,"4827,0"
2018-02-05,"6904,0"
2018-02-06,"4811,0"
2018-02-07,"6119,0"
2018-02-08,"8008,0"
2018-02-09,"4791,0"
2018-02-10,"7110,0"
2018-02-11,"13621,0"
2018-02-12,"14429,0"
2018-02-13,"13576,0"
2018-02-14,"15420,0"
2018-02-15,"9274,0"
2018-02-16,"14004,0"
2018-02-17,"19230,0"
2018-02-18,"20423,0"
2018-02-19,"17291,0"
2018-02-20,"13307,0"
2018-02-21,"2710,0"
2018-02-22,"3954,0"
2018-02-23,"4965,0"
2018-02-24,"3446,0"
2018-02-25,"2923,0"
2018-02-26,"8614,0"
2018-02-27,"5719,0"
2018-02-28,"15261,0"
2018-03-01,"7602,0"
2018-03-02,"5800,0"
2018-03-03,"59550,0"
2018-03-04,"66285,0"
2018-03-05,"17626,0"
2018-03-06,"3353,0"
2018-03-07,"5073,0"
2018-03-08,"6893,0"
2018-03-09,"2134,0"
2018-03-10,"7296,0"
2018-03-11,"7350,0"
2018-03-12,"12184,0"
2018-03-13,"3183,0"
2018-03-14,"1360,0"
2018-03-15,"1346,0"
2018-03-16,"1685,0"
2018-03-17,"1593,0"
2018-03-18,"1769,0"
2018-03-19,"2270,0"
2018-03-20,"951,0"
2018-03-21,"1081,0"
2018-03-22,"812,0"
2018-03-23,"1339,0"
2018-03-24,"1599,0"
2018-03-25,"965,0"
2018-03-26,"1164,0"
2018-03-27,"807,0"
2018-03-28,"2954,0"
2018-03-29,"1670,0"
2018-03-30,"920,0"
2018-03-31,"1039,0"
2018-04-01,"1296,0"
2018-04-02,"1028,0"
2018-04-03,"897,0"
2018-04-04,"1276,0"
2018-04-05,"689,0"
2018-04-06,"571,0"
2018-04-07,"1413,0"
2018-04-08,"860,0"
2018-04-09,"1492,0"
2018-04-10,"1015,0"
2018-04-11,"1246,0"
2018-04-12,"1494,0"
2018-04-13,"1042,0"
2018-04-14,"1005,0"
2018-04-15,"1235,0"
2018-04-16,"1414,0"
2018-04-17,"801,0"
2018-04-18,"930,0"
2018-04-19,"1392,0"
2018-04-20,"2332,0"
2018-04-21,"906,0"
2018-04-22,"818,0"
2018-04-23,"594,0"
2018-04-24,"1377,0"
2018-04-25,"1045,0"
2018-04-26,"2800,0"
2018-04-27,"4660,0"
2018-04-28,"1970,0"
2018-04-29,"1340,0"
2018-04-30,"449,0"
2018-05-01,"996,0"
2018-05-02,"998,0"
2018-05-03,"1019,0"
2018-05-04,"1464,0"
2018-05-05,"1829,0"
2018-05-06,"958,0"
2018-05-07,"641,0"
2018-05-08,"1151,0"
2018-05-09,"850,0"
2018-05-10,"1328,0"
2018-05-11,"813,0"
2018-05-12,"641,0"
2018-05-13,"951,0"
2018-05-14,"733,0"
2018-05-15,"1192,0"
2018-05-16,"1415,0"
2018-05-17,"1625,0"
2018-05-18,"1122,0"
2018-05-19,"617,0"
2018-05-20,"1239,0"
2018-05-21,"1256,0"
2018-05-22,"1303,0"
2018-05-23,"1058,0"
2018-05-24,"1620,0"
2018-05-25,"651,0"
2018-05-26,"746,0"
2018-05-27,"824,0"
2018-05-28,"915,0"
2018-05-29,"1455,0"
2018-05-30,"648,0"
2018-05-31,"697,0"
2018-06-01,"1613,0"
2018-06-02,"1050,0"
2018-06-03,"9774,0"
2018-06-04,"18747,0"
2018-06-05,"8666,0"
2018-06-06,"9296,0"
2018-06-07,"15897,0"
2018-06-08,"6076,0"
2018-06-09,"1661,0"
2018-06-10,"1383,0"
2018-06-11,"520,0"
2018-06-12,"11480,0"
2018-06-13,"3224,0"
2018-06-14,"757,0"
2018-06-15,"547,0"
2018-06-16,"1029,0"
2018-06-17,"404,0"
2018-06-18,"632,0"
2018-06-19,"479,0"
2018-06-20,"439,0"
2018-06-21,"722,0"
2018-06-22,"432,0"
2018-06-23,"481,0"
2018-06-24,"834,0"
2018-06-25,"12173,0"
2018-06-26,"17817,0"
2018-06-27,"10481,0"
2018-06-28,"2859,0"
2018-06-29,"1784,0"
2018-06-30,"13159,0"
2018-07-01,"7435,0"
2018-07-02,"11240,0"
2018-07-03,"2229,0"
2018-07-04,"6956,0"
2018-07-05,"622,0"
2018-07-06,"536,0"
2018-07-07,"266,0"
2018-07-08,"2181,0"
2018-07-09,"9456,0"
2018-07-10,"5713,0"
2018-07-11,"5362,0"
2018-07-12,"1369,0"
2018-07-13,"2624,0"
2018-07-14,"5529,0"
2018-07-15,"3289,0"
2018-07-16,"5144,0"
2018-07-17,"5373,0"
2018-07-18,"18652,0"
2018-07-19,"2717,0"
2018-07-20,"4332,0"
2018-07-21,"1152,0"
2018-07-22,"604,0"
2018-07-23,"4512,0"
2018-07-24,"5864,0"
2018-07-25,"11540,0"
2018-07-26,"3181,0"
2018-07-27,"7661,0"
2018-07-28,"1967,0"
2018-07-29,"957,0"
2018-07-30,"766,0"
2018-07-31,"2853,0"
2018-08-01,"5990,0"
2018-08-02,"1150,0"
2018-08-03,"1220,0"
2018-08-04,"827,0"
2018-08-05,"448,0"
2018-08-06,"6031,0"
2018-08-07,"4679,0"
2018-08-08,"832,0"
2018-08-09,"603,0"
2018-08-10,"865,0"
2018-08-11,"666,0"
2018-08-12,"538,0"
2018-08-13,"575,0"
2018-08-14,"2095,0"
2018-08-15,"464,0"
2018-08-16,"927,0"
2018-08-17,"2473,0"
2018-08-18,"291,0"
2018-08-19,"598,0"
2018-08-20,"374,0"
2018-08-21,"751,0"
2018-08-22,"592,0"
2018-08-23,"608,0"
2018-08-24,"302,0"
2018-08-25,"1020,0"
2018-08-26,"1221,0"
2018-08-27,"2588,0"
2018-08-28,"538,0"
2018-08-29,"640,0"
2018-08-30,"696,0"
2018-08-31,"354,0"
2018-09-01,"567,0"
2018-09-02,"1412,0"
2018-09-03,"2100,0"
2018-09-04,"402,0"
2018-09-05,"1113,0"
2018-09-06,"346,0"
2018-09-07,"657,0"
2018-09-08,"322,0"
2018-09-09,"584,0"
2018-09-10,"1048,0"
2018-09-11,"259,0"
2018-09-12,"474,0"
2018-09-13,"1946,0"
2018-09-14,"326,0"
2018-09-15,"448,0"
2018-09-16,"463,0"
2018-09-17,"1146,0"
2018-09-18,"645,0"
2018-09-19,"817,0"
2018-09-20,"580,0"
2018-09-21,"1482,0"
2018-09-22,"564,0"
2018-09-23,"479,0"
2018-09-24,"1199,0"
2018-09-25,"344,0"
2018-09-26,"245,0"
2018-09-27,"648,0"
2018-09-28,"617,0"
2018-09-29,"484,0"
2018-09-30,"672,0"
2018-10-01,"458,0"
2018-10-02,"997,0"
2018-10-03,"333,0"
2018-10-04,"812,0"
2018-10-05,"1239,0"
2018-10-06,"756,0"
2018-10-07,"253,0"
2018-10-08,"944,0"
2018-10-09,"2036,0"
2018-10-10,"2176,0"
2018-10-11,"2256,0"
2018-10-12,"1413,0"
2018-10-13,"2136,0"
2018-10-14,"3011,0"
2018-10-15,"2453,0"
2018-10-16,"2512,0"
2018-10-17,"1670,0"
2018-10-18,"11333,0"
2018-10-19,"1920,0"
2018-10-20,"2522,0"
2018-10-21,"2798,0"
2018-10-22,"2025,0"
2018-10-23,"6750,0"
2018-10-24,"380,0"
2018-10-25,"16929,0"
2018-10-26,"3787,0"
2018-10-27,"1894,0"
2018-10-28,"2139,0"
2018-10-29,"1664,0"
2018-10-30,"1386,0"
2018-10-31,"1724,0"
2018-11-01,"7032,0"
2018-11-02,"1216,0"
2018-11-03,"5537,0"
2018-11-04,"4226,0"
2018-11-05,"10176,0"
2018-11-06,"1105,0"
2018-11-07,"1451,0"
2018-11-08,"2131,0"
2018-11-09,"1393,0"
2018-11-10,"1586,0"
2018-11-11,"2214,0"
2018-11-12,"8538,0"
2018-11-13,"7022,0"
2018-11-14,"1953,0"
2018-11-15,"2919,0"
2018-11-16,"1113,0"
2018-11-17,"2755,0"
2018-11-18,"3308,0"
2018-11-19,"1167,0"
2018-11-20,"603,0"
2018-11-21,"2728,0"
2018-11-22,"1923,0"
2018-11-23,"1343,0"
2018-11-24,"6886,0"
2018-11-25,"5885,0"
2018-11-26,"2573,0"
2018-11-27,"4517,0"
2018-11-28,"2388,0"
2018-11-29,"1084,0"
2018-11-30,"988,0"
2018-12-01,"5085,0"
2018-12-02,"7008,0"
2018-12-03,"3243,0"
2018-12-04,"3541,0"
2018-12-05,"6747,0"
2018-12-06,"7957,0"
2018-12-07,"3221,0"
2018-12-08,"7222,0"
2018-12-09,"7947,0"
2018-12-10,"4426,0"
2018-12-11,"2301,0"
2018-12-12,"3477,0"
2018-12-13,"6249,0"
2018-12-14,"6389,0"
2018-12-15,"7620,0"
2018-12-16,"5113,0"
2018-12-17,"9803,0"
2018-12-18,"3243,0"
2018-12-19,"8821,0"
2018-12-20,"2539,0"
2018-12-21,"7384,0"
2018-12-22,"16487,0"
2018-12-23,"19408,0"
2018-12-24,"12464,0"
2018-12-25,"23792,0"
2018-12-26,"24847,0"
2018-12-27,"25675,0"
2018-12-28,"23221,0"
2018-12-29,"11366,0"
2018-12-30,"17600,0"
2018-12-31,"10105,0"
2019-01-01,"10691,0"
2019-01-02,"2102,0"
2019-01-03,"1226,0"
2019-01-04,"1073,0"
2019-01-05,"14465,0"
2019-01-06,"2184,0"
2019-01-07,"695,0"
2019-01-08,"626,0"
2019-01-09,"443,0"
2019-01-10,"675,0"
2019-01-11,"528,0"
2019-01-12,"784,0"
2019-01-13,"524,0"
2019-01-14,"1051,0"
2019-01-15,"897,0"
2019-01-16,"706,0"
2019-01-17,"448,0"
2019-01-18,"885,0"
2019-01-19,"309,0"
2019-01-20,"425,0"
2019-01-21,"840,0"
2019-01-22,"363,0"
2019-01-23,"397,0"
2019-01-24,"684,0"
2019-01-25,"1173,0"
2019-01-26,"556,0"
2019-01-27,"544,0"
2019-01-28,"555,0"
2019-01-29,"462,0"
2019-01-30,"524,0"
2019-01-31,"1009,0"
2019-02-01,"486,0"
2019-02-02,"1042,0"
2019-02-03,"467,0"
2019-02-04,"619,0"
2019-02-05,"1067,0"
2019-02-06,"274,0"
2019-02-07,"683,0"
2019-02-08,"846,0"
2019-02-09,"609,0"
2019-02-10,"453,0"
2019-02-11,"785,0"
2019-02-12,"95,0"
2019-02-13,"726,0"
2019-02-14,"416,0"
2019-02-15,"442,0"
2019-02-16,"485,0"
2019-02-17,"561,0"
2019-02-18,"687,0"
2019-02-19,"1010,0"
2019-02-20,"472,0"
2019-02-21,"817,0"
2019-02-22,"435,0"
2019-02-23,"710,0"
2019-02-24,"796,0"
2019-02-25,"344,0"
2019-02-26,"884,0"
2019-02-27,"708,0"
2019-02-28,"785,0"
2019-03-01,"578,0"
2019-03-02,"498,0"
2019-03-03,"440,0"
2019-03-04,"556,0"
2019-03-05,"976,0"
2019-03-06,"673,0"
2019-03-07,"872,0"
2019-03-08,"702,0"
2019-03-09,"587,0"
2019-03-10,"429,0"
2019-03-11,"1254,0"
2019-03-12,"1410,0"
2019-03-13,"645,0"
2019-03-14,"332,0"
2019-03-15,"626,0"
2019-03-16,"913,0"
2019-03-17,"479,0"
2019-03-18,"1018,0"
2019-03-19,"610,0"
2019-03-20,"370,0"
2019-03-21,"1170,0"
2019-03-22,"307,0"
2019-03-23,"290,0"
2019-03-24,"2205,0"
2019-03-25,"1477,0"
2019-03-26,"282,0"
2019-03-27,"2222,0"
2019-03-28,"1756,0"
2019-03-29,"734,0"
2019-03-30,"832,0"
2019-03-31,"2188,0"
2019-04-01,"2296,0"
2019-04-02,"597,0"
2019-04-03,"637,0"
2019-04-04,"421,0"
2019-04-05,"1098,0"
2019-04-06,"535,0"
2019-04-07,"891,0"
2019-04-08,"199,0"
2019-04-09,"801,0"
2019-04-10,"496,0"
2019-04-11,"2032,0"
2019-04-12,"3961,0"
2019-04-13,"793,0"
2019-04-14,"529,0"
2019-04-15,"340,0"
2019-04-16,"450,0"
2019-04-17,"361,0"
2019-04-18,"1110,0"
2019-04-19,"810,0"
2019-04-20,"283,0"
2019-04-21,"1039,0"
2019-04-22,"361,0"
2019-04-23,"282,0"
2019-04-24,"599,0"
2019-04-25,"225,0"
2019-04-26,"558,0"
2019-04-27,"840,0"
2019-04-28,"1296,0"
2019-04-29,"1040,0"
2019-04-30,"433,0"
2019-05-01,"1233,0"
2019-05-02,"976,0"
2019-05-03,"789,0"
2019-05-04,"1099,0"
2019-05-05,"593,0"
2019-05-06,"747,0"
2019-05-07,"687,0"
2019-05-08,"829,0"
2019-05-09,"1223,0"
2019-05-10,"507,0"
2019-05-11,"664,0"
2019-05-12,"2015,0"
2019-05-13,"1199,0"
2019-05-14,"1131,0"
2019-05-15,"769,0"
2019-05-16,"358,0"
2019-05-17,"1044,0"
2019-05-18,"1599,0"
2019-05-19,"2531,0"
2019-05-20,"493,0"
2019-05-21,"525,0"
2019-05-22,"1039,0"
2019-05-23,"942,0"
2019-05-24,"544,0"
2019-05-25,"668,0"
2019-05-26,"1624,0"
2019-05-27,"783,0"
2019-05-28,"1245,0"
2019-05-29,"1108,0"
2019-05-30,"399,0"
2019-05-31,"119,0"
2019-06-01,"1014,0"
2019-06-02,"1096,0"
2019-06-03,"681,0"
2019-06-04,"745,0"
2019-06-05,"1093,0"
2019-06-06,"888,0"
2019-06-07,"444,0"
2019-06-08,"1295,0"
2019-06-09,"866,0"
2019-06-10,"4034,0"
2019-06-11,"1941,0"
2019-06-12,"343,0"
2019-06-13,"670,0"
2019-06-14,"2063,0"
2019-06-15,"1068,0"
2019-06-16,"934,0"
2019-06-17,"1790,0"
2019-06-18,"1091,0"
2019-06-19,"924,0"
2019-06-20,"606,0"
2019-06-21,"461,0"
2019-06-22,"1453,0"
2019-06-23,"2084,0"
2019-06-24,"2476,0"
2019-06-25,"1298,0"
2019-06-26,"1500,0"
2019-06-27,"1511,0"
2019-06-28,"2013,0"
2019-06-29,"2125,0"
2019-06-30,"1541,0"
2019-07-01,"744,0"
2019-07-02,"1737,0"
2019-07-03,"2375,0"
2019-07-04,"1257,0"
2019-07-05,"739,0"
2019-07-06,"1279,0"
2019-07-07,"1115,0"
2019-07-08,"786,0"
2019-07-09,"1410,0"
2019-07-10,"1312,0"
2019-07-11,"1179,0"
2019-07-12,"2089,0"
2019-07-13,"1584,0"
2019-07-14,"672,0"
2019-07-15,"1047,0"
2019-07-16,"846,0"
2019-07-17,"639,0"
2019-07-18,"447,0"
2019-07-19,"683,0"
2019-07-20,"1653,0"
2019-07-21,"1218,0"
2019-07-22,"1072,0"
2019-07-23,"1380,0"
2019-07-24,"555,0"
2019-07-25,"1328,0"
2019-07-26,"1542,0"
2019-07-27,"334,0"
2019-07-28,"709,0"
2019-07-29,"927,0"
2019-07-30,"625,0"
2019-07-31,"738,0"
2019-08-01,"974,0"
2019-08-02,"694,0"
2019-08-03,"754,0"
2019-08-04,"1117,0"
2019-08-05,"890,0"
2019-08-06,"1653,0"
2019-08-07,"327,0"
2019-08-08,"1127,0"
2019-08-09,"1754,0"
2019-08-10,"964,0"
2019-08-11,"1230,0"
2019-08-12,"1113,0"
2019-08-13,"2038,0"
2019-08-14,"783,0"
2019-08-15,"850,0"
2019-08-16,"1026,0"
2019-08-17,"697,0"
2019-08-18,"934,0"
2019-08-19,"1005,0"
2019-08-20,"718,0"
2019-08-21,"707,0"
2019-08-22,"1006,0"
2019-08-23,"625,0"
2019-08-24,"1483,0"
2019-08-25,"593,0"
2019-08-26,"1290,0"
2019-08-27,"1167,0"
2019-08-28,"1474,0"
2019-08-29,"894,0"
2019-08-30,"968,0"
2019-08-31,"904,0"
2019-09-01,"486,0"
2019-09-02,"697,0"
2019-09-03,"616,0"
2019-09-04,"694,0"
2019-09-05,"907,0"
2019-09-06,"2585,0"
2019-09-07,"444,0"
2019-09-08,"878,0"
2019-09-09,"897,0"
2019-09-10,"4335,0"
2019-09-11,"1258,0"
2019-09-12,"889,0"
2019-09-13,"637,0"
2019-09-14,"645,0"
2019-09-15,"671,0"
2019-09-16,"1147,0"
2019-09-17,"769,0"
2019-09-18,"1333,0"
2019-09-19,"833,0"
2019-09-20,"390,0"
2019-09-21,"1122,0"
2019-09-22,"760,0"
2019-09-23,"1111,0"
2019-09-24,"1799,0"
2019-09-25,"734,0"
2019-09-26,"472,0"
2019-09-27,"219,0"
2019-09-28,"772,0"
2019-09-29,"710,0"
2019-09-30,"1242,0"
2019-10-01,"679,0"
2019-10-02,"857,0"
2019-10-03,"1167,0"
2019-10-04,"1260,0"
2019-10-05,"1356,0"
2019-10-06,"565,0"
2019-10-07,"1055,0"
2019-10-08,"526,0"
2019-10-09,"445,0"
2019-10-10,"1092,0"
2019-10-11,"1005,0"
2019-10-12,"855,0"
2019-10-13,"350,0"
2019-10-14,"1034,0"
2019-10-15,"617,0"
2019-10-16,"848,0"
2019-10-17,"999,0"
2019-10-18,"889,0"
2019-10-19,"712,0"
2019-10-20,"773,0"
2019-10-21,"1647,0"
2019-10-22,"758,0"
2019-10-23,"704,0"
2019-10-24,"644,0"
2019-10-25,"954,0"
2019-10-26,"1262,0"
2019-10-27,"1492,0"
2019-10-28,"1228,0"
2019-10-29,"714,0"
2019-10-30,"976,0"
2019-10-31,"865,0"
2019-11-01,"1172,0"
2019-11-02,"1088,0"
2019-11-03,"729,0"
2019-11-04,"1012,0"
2019-11-05,"779,0"
2019-11-06,"1193,0"
2019-11-07,"1111,0"
2019-11-08,"695,0"
2019-11-09,"1099,0"
2019-11-10,"930,0"
2019-11-11,"994,0"
2019-11-12,"1327,0"
2019-11-13,"1603,0"
2019-11-14,"652,0"
2019-11-15,"495,0"
2019-11-16,"961,0"
2019-11-17,"666,0"
2019-11-18,"1223,0"
2019-11-19,"1037,0"
2019-11-20,"909,0"
2019-11-21,"1019,0"
2019-11-22,"786,0"
2019-11-23,"622,0"
2019-11-24,"722,0"
2019-11-25,"564,0"
2019-11-26,"1013,0"
2019-11-27,"585,0"
2019-11-28,"651,0"
2019-11-29,"817,0"
2019-11-30,"686,0"
2019-12-01,"622,0"
2019-12-02,"734,0"
2019-12-03,"1218,0"
2019-12-04,"1301,0"
2019-12-05,"385,0"
2019-12-06,"735,0"
2019-12-07,"448,0"
2019-12-08,"854,0"
2019-12-09,"575,0"
2019-12-10,"636,0"
2019-12-11,"324,0"
2019-12-12,"623,0"
2019-12-13,"910,0"
2019-12-14,"697,0"
2019-12-15,"582,0"
2019-12-16,"512,0"
2019-12-17,"282,0"
2019-12-18,"341,0"
2019-12-19,"1777,0"
2019-12-20,"530,0"
2019-12-21,"1209,0"
2019-12-22,"758,0"
2019-12-23,"539,0"
2019-12-24,"1142,0"
2019-12-25,"592,0"
2019-12-26,"4518,0"
2019-12-27,"4927,0"
2019-12-28,"5315,0"
2019-12-29,"1761,0"
2019-12-30,"523,0"
2019-12-31,"989,0"
2020-01-01,"440,0"
2020-01-02,"764,0"
2020-01-03,"560,0"
2020-01-04,"583,0"
2020-01-05,"431,0"
2020-01-06,"541,0"
2020-01-07,"1134,0"
2020-01-08,"665,0"
2020-01-09,"732,0"
2020-01-10,"597,0"
2020-01-11,"698,0"
2020-01-12,"604,0"
2020-01-13,"654,0"
2020-01-14,"1275,0"
2020-01-15,"1093,0"
2020-01-16,"1626,0"
2020-01-17,"2851,0"
2020-01-18,"1145,0"
2020-01-19,"1741,0"
2020-01-20,"1148,0"
2020-01-21,"987,0"
2020-01-22,"764,0"
2020-01-23,"854,0"
2020-01-24,"992,0"
2020-01-25,"519,0"
2020-01-26,"669,0"
2020-01-27,"719,0"
2020-01-28,"1203,0"
2020-01-29,"1346,0"
2020-01-30,"1081,0"
2020-01-31,"1272,0"
2020-02-01,"541,0"
2020-02-02,"921,0"
2020-02-03,"1192,0"
2020-02-04,"1146,0"
2020-02-05,"1577,0"
2020-02-06,"702,0"
2020-02-07,"779,0"
2020-02-08,"1267,0"
2020-02-09,"1613,0"
2020-02-10,"740,0"
2020-02-11,"1611,0"
2020-02-12,"1651,0"
2020-02-13,"1443,0"
2020-02-14,"898,0"
2020-02-15,"1181,0"
2020-02-16,"825,0"
2020-02-17,"915,0"
2020-02-18,"1190,0"
2020-02-19,"1026,0"
2020-02-20,"921,0"
2020-02-21,"1400,0"
2020-02-22,"776,0"
2020-02-23,"608,0"
2020-02-24,"598,0"
2020-02-25,"1081,0"
2020-02-26,"1168,0"
2020-02-27,"729,0"
2020-02-28,"934,0"
2020-02-29,"929,0"
2020-03-01,"857,0"
2020-03-02,"1242,0"
2020-03-03,"772,0"
2020-03-04,"2268,0"
2020-03-05,"1249,0"
2020-03-06,"1257,0"
2020-03-07,"708,0"
2020-03-08,"629,0"
2020-03-09,"841,0"
2020-03-10,"515,0"
2020-03-11,"419,0"
2020-03-12,"919,0"
2020-03-13,"283,0"
2020-03-14,"3269,0"
2020-03-15,"546,0"
2020-03-16,"922,0"
2020-03-17,"1478,0"
2020-03-18,"388,0"
2020-03-19,"1002,0"
2020-03-20,"348,0"
2020-03-21,"1660,0"
2020-03-22,"511,0"
2020-03-23,"656,0"
2020-03-24,"2129,0"
2020-03-25,"370,0"
2020-03-26,"1003,0"
2020-03-27,"738,0"
2020-03-28,"532,0"
2020-03-29,"855,0"
2020-03-30,"1380,0"
2020-03-31,"700,0"
2020-04-01,"498,0"
2020-04-02,"767,0"
2020-04-03,"1287,0"
2020-04-04,"1119,0"
2020-04-05,"1023,0"
2020-04-06,"615,0"
2020-04-07,"1319,0"
2020-04-08,"2242,0"
2020-04-09,"1765,0"
2020-04-10,"517,0"
2020-04-11,"764,0"
2020-04-12,"774,0"
2020-04-13,"1241,0"
2020-04-14,"655,0"
2020-04-15,"1252,0"
2020-04-16,"834,0"
2020-04-17,"707,0"
2020-04-18,"653,0"
2020-04-19,"518,0"
2020-04-20,"1419,0"
2020-04-21,"1791,0"
2020-04-22,"527,0"
2020-04-23,"1426,0"
2020-04-24,"842,0"
2020-04-25,"2131,0"
2020-04-26,"1017,0"
2020-04-27,"956,0"
2020-04-28,"1279,0"
2020-04-29,"1073,0"
2020-04-30,"937,0"
2020-05-01,"1359,0"
2020-05-02,"1476,0"
2020-05-03,"1556,0"
2020-05-04,"2214,0"
2020-05-05,"2264,0"
2020-05-06,"1408,0"
2020-05-07,"1242,0"
2020-05-08,"1357,0"
2020-05-09,"1374,0"
2020-05-10,"1245,0"
2020-05-11,"1006,0"
2020-05-12,"2372,0"
2020-05-13,"1299,0"
2020-05-14,"983,0"
2020-05-15,"951,0"
2020-05-16,"1320,0"
2020-05-17,"1068,0"
2020-05-18,"1250,0"
2020-05-19,"356,0"
2020-05-20,"432,0"
2020-05-21,"944,0"
2020-05-22,"467,0"
2020-05-23,"2549,0"
2020-05-24,"1189,0"
2020-05-25,"728,0"
2020-05-26,"797,0"
2020-05-27,"1138,0"
2020-05-28,"1165,0"
2020-05-29,"17027,0"
2020-05-30,"45892,0"
2020-05-31,"1261,0"
2020-06-01,"1750,0"
2020-06-02,"917,0"
2020-06-03,"1403,0"
2020-06-04,"1317,0"
2020-06-05,"1467,0"
2020-06-06,"1008,0"
2020-06-07,"1113,0"
2020-06-08,"1388,0"
2020-06-09,"1056,0"
2020-06-10,"1159,0"
2020-06-11,"1066,0"
2020-06-12,"1206,0"
2020-06-13,"692,0"
2020-06-14,"577,0"
2020-06-15,"1066,0"
2020-06-16,"1200,0"
2020-06-17,"1332,0"
2020-06-18,"612,0"
2020-06-19,"1139,0"
2020-06-20,"1380,0"
2020-06-21,"1004,0"
2020-06-22,"1503,0"
2020-06-23,"1762,0"
2020-06-24,"1800,0"
2020-06-25,"1010,0"
2020-06-26,"1032,0"
2020-06-27,"2504,0"
2020-06-28,"1426,0"
2020-06-29,"1649,0"
2020-06-30,"1138,0"
2020-07-01,"1811,0"
2020-07-02,"1097,0"
2020-07-03,"687,0"
2020-07-04,"2042,0"
2020-07-05,"1239,0"
2020-07-06,"1315,0"
2020-07-07,"1784,0"
2020-07-08,"1134,0"
2020-07-09,"1719,0"
2020-07-10,"2232,0"
2020-07-11,"942,0"
2020-07-12,"2110,0"
2020-07-13,"634,0"
2020-07-14,"1209,0"
2020-07-15,"870,0"
2020-07-16,"851,0"
2020-07-17,"414,0"
2020-07-18,"1488,0"
2020-07-19,"704,0"
2020-07-20,"704,0"
2020-07-21,"657,0"
2020-07-22,"1257,0"
2020-07-23,"590,0"
2020-07-24,"989,0"
2020-07-25,"1183,0"
2020-07-26,"1997,0"
2020-07-27,"871,0"
2020-07-28,"1305,0"
2020-07-29,"1418,0"
2020-07-30,"2092,0"
2020-07-31,"2051,0"
2020-08-01,"1811,0"
2020-08-02,"1724,0"
2020-08-03,"1349,0"
2020-08-04,"1693,0"
2020-08-05,"922,0"
2020-08-06,"945,0"
2020-08-07,"1089,0"
2020-08-08,"2701,0"
2020-08-09,"1288,0"
2020-08-10,"744,0"
2020-08-11,"1911,0"
2020-08-12,"1693,0"
2020-08-13,"821,0"
2020-08-14,"1760,0"
2020-08-15,"1584,0"
2020-08-16,"2076,0"
2020-08-17,"1090,0"
2020-08-18,"1236,0"
2020-08-19,"1153,0"
2020-08-20,"1895,0"
2020-08-21,"1904,0"
2020-08-22,"1525,0"
2020-08-23,"4236,0"
2020-08-24,"1106,0"
2020-08-25,"868,0"
2020-08-26,"1022,0"
2020-08-27,"751,0"
2020-08-28,"1239,0"
2020-08-29,"1113,0"
2020-08-30,"1193,0"
2020-08-31,"1612,0"
2020-09-01,"1169,0"
2020-09-02,"1771,0"
2020-09-03,"573,0"
2020-09-04,"507,0"
2020-09-05,"1467,0"
2020-09-06,"1582,0"
2020-09-07,"1182,0"
2020-09-08,"1418,0"
2020-09-09,"1913,0"
2020-09-10,"1272,0"
2020-09-11,"1536,0"
2020-09-12,"1709,0"
2020-09-13,"1764,0"
2020-09-14,"1576,0"
2020-09-15,"737,0"
2020-09-16,"1336,0"
2020-09-17,"1528,0"
2020-09-18,"761,0"
2020-09-19,"2086,0"
2020-09-20,"887,0"
2020-09-21,"864,0"
2020-09-22,"1188,0"
2020-09-23,"1689,0"
2020-09-24,"1168,0"
2020-09-25,"1267,0"
2020-09-26,"1259,0"
2020-09-27,"1298,0"
2020-09-28,"1212,0"
2020-09-29,"1370,0"
2020-09-30,"817,0"
2020-10-01,"980,0"
2020-10-02,"827,0"
2020-10-03,"1642,0"
2020-10-04,"1759,0"
2020-10-05,"672,0"
2020-10-06,"1320,0"
2020-10-07,"1402,0"
2020-10-08,"1390,0"
2020-10-09,"636,0"
2020-10-10,"2065,0"
2020-10-11,"1162,0"
2020-10-12,"785,0"
2020-10-13,"1756,0"
2020-10-14,"1114,0"
2020-10-15,"1673,0"
2020-10-16,"1121,0"
2020-10-17,"1728,0"
2020-10-18,"895,0"
2020-10-19,"1392,0"
2020-10-20,"1207,0"
2020-10-21,"1225,0"
2020-10-22,"1636,0"
2020-10-23,"2054,0"
2020-10-24,"2448,0"
2020-10-25,"1811,0"
2020-10-26,"2328,0"
2020-10-27,"1020,0"
2020-10-28,"942,0"
2020-10-29,"867,0"
2020-10-30,"1012,0"
2020-10-31,"1604,0"
2020-11-01,"2111,0"
2020-11-02,"816,0"
2020-11-03,"1358,0"
2020-11-04,"2550,0"
2020-11-05,"3022,0"
2020-11-06,"3758,0"
2020-11-07,"4103,0"
2020-11-08,"3738,0"
2020-11-09,"3654,0"
2020-11-10,"2064,0"
2020-11-11,"2470,0"
2020-11-12,"2731,0"
2020-11-13,"2141,0"
2020-11-14,"3295,0"
2020-11-15,"2037,0"
2020-11-16,"2391,0"
2020-11-17,"3818,0"
2020-11-18,"5096,0"
2020-11-19,"3094,0"
2020-11-20,"4422,0"
2020-11-21,"9823,0"
2020-11-22,"6986,0"
2020-11-23,"4030,0"
2020-11-24,"4423,0"
2020-11-25,"4626,0"
2020-11-26,"5532,0"
2020-11-27,"2950,0"
2020-11-28,"3359,0"
2020-11-29,"2789,0"
2020-11-30,"2422,0"
2020-12-01,"4017,0"
2020-12-02,"3010,0"
2020-12-03,"3600,0"
2020-12-04,"3025,0"
2020-12-05,"3357,0"
2020-12-06,"5050,0"
2020-12-07,"3870,0"
2020-12-08,"3526,0"
2020-12-09,"3262,0"
2020-12-10,"2010,0"
2020-12-11,"2592,0"
2020-12-12,"2684,0"
2020-12-13,"3164,0"
2020-12-14,"2962,0"
2020-12-15,"2969,0"
2020-12-16,"5326,0"
2020-12-17,"5977,0"
2020-12-18,"6271,0"
2020-12-19,"8037,0"
2020-12-20,"15038,0"
2020-12-21,"3604,0"
2020-12-22,"3796,0"
2020-12-23,"3518,0"
2020-12-24,"3563,0"
2020-12-25,"4315,0"
2020-12-26,"6109,0"
2020-12-27,"11410,0"
2020-12-28,"6973,0"
2020-12-29,"5318,0"
