Date,transactions/transfers_volume_from_exchanges_sum
2015-08-07,"0,0"
2015-08-08,"12980,66097361"
2015-08-09,"93621,53366315"
2015-08-10,"174193,12352931"
2015-08-11,"180965,69144572"
2015-08-12,"147114,86186924"
2015-08-13,"265584,06286017"
2015-08-14,"232015,52848121"
2015-08-15,"258872,084289639"
2015-08-16,"165126,651519779"
2015-08-17,"213843,890819561"
2015-08-18,"292053,94555512"
2015-08-19,"307902,585133771"
2015-08-20,"114083,287530083"
2015-08-21,"224048,691377259"
2015-08-22,"94573,7919353072"
2015-08-23,"147027,880751416"
2015-08-24,"140770,787590507"
2015-08-25,"57769,764433386"
2015-08-26,"110486,878333981"
2015-08-27,"76051,4010000602"
2015-08-28,"67226,1754000746"
2015-08-29,"42951,4311394941"
2015-08-30,"73608,6905543017"
2015-08-31,"126924,951588142"
2015-09-01,"90132,0809788357"
2015-09-02,"107283,940378274"
2015-09-03,"75510,46595704"
2015-09-04,"42262,2202230409"
2015-09-05,"63819,4822146518"
2015-09-06,"53392,3945408359"
2015-09-07,"37128,4315371762"
2015-09-08,"60601,5603095941"
2015-09-09,"59848,1789264502"
2015-09-10,"63303,0669907285"
2015-09-11,"251241,710638265"
2015-09-12,"66380,1579884861"
2015-09-13,"56818,2303684528"
2015-09-14,"65015,497118914"
2015-09-15,"108918,931255582"
2015-09-16,"71995,73722016"
2015-09-17,"68503,2698296346"
2015-09-18,"82490,4394322647"
2015-09-19,"16893,3422488791"
2015-09-20,"35925,8130130046"
2015-09-21,"24695,9523215522"
2015-09-22,"31687,8862609259"
2015-09-23,"31179,80233885"
2015-09-24,"103190,76643563"
2015-09-25,"187880,97954964"
2015-09-26,"87236,8915873545"
2015-09-27,"121032,685245022"
2015-09-28,"138091,584952232"
2015-09-29,"106237,835949891"
2015-09-30,"67061,8460268"
2015-10-01,"130061,426046953"
2015-10-02,"25001,05376041"
2015-10-03,"23634,0469173"
2015-10-04,"28250,020389698"
2015-10-05,"68865,10661704"
2015-10-06,"243030,70844032"
2015-10-07,"86212,40445961"
2015-10-08,"67799,86158113"
2015-10-09,"88791,5698100427"
2015-10-10,"34313,39616088"
2015-10-11,"71152,91217027"
2015-10-12,"105095,72713676"
2015-10-13,"114018,907114185"
2015-10-14,"367585,889607427"
2015-10-15,"70186,55380659"
2015-10-16,"119950,35249937"
2015-10-17,"55389,86698056"
2015-10-18,"37571,53364725"
2015-10-19,"125182,92536573"
2015-10-20,"141794,82854204"
2015-10-21,"109801,261284904"
2015-10-22,"137530,642204568"
2015-10-23,"155364,006580825"
2015-10-24,"26559,77990052"
2015-10-25,"70449,38913593"
2015-10-26,"372946,362441949"
2015-10-27,"200889,650524192"
2015-10-28,"281937,987758735"
2015-10-29,"125668,924527346"
2015-10-30,"255529,506355444"
2015-10-31,"78973,5455306"
2015-11-01,"48136,00834922"
2015-11-02,"112659,433129"
2015-11-03,"160248,46916783"
2015-11-04,"269868,07288956"
2015-11-05,"99775,77941127"
2015-11-06,"63074,48221213"
2015-11-07,"77738,7140430686"
2015-11-08,"51948,46405132"
2015-11-09,"119035,299658553"
2015-11-10,"46633,15488515"
2015-11-11,"119147,28417568"
2015-11-12,"92842,2486819722"
2015-11-13,"30597,98938791"
2015-11-14,"99270,09797266"
2015-11-15,"72941,77071329"
2015-11-16,"110081,67923224"
2015-11-17,"89353,9920650441"
2015-11-18,"59974,01078069"
2015-11-19,"48413,5594833"
2015-11-20,"36928,29141046"
2015-11-21,"40339,80685943"
2015-11-22,"77625,66920341"
2015-11-23,"112512,07134946"
2015-11-24,"61715,1211265"
2015-11-25,"63286,01670847"
2015-11-26,"94820,98085705"
2015-11-27,"60204,09906429"
2015-11-28,"30155,83607178"
2015-11-29,"99960,78680502"
2015-11-30,"72966,26819338"
2015-12-01,"72907,30294148"
2015-12-02,"64781,30864848"
2015-12-03,"80970,31666849"
2015-12-04,"48645,7218839"
2015-12-05,"24082,61748237"
2015-12-06,"53604,57865299"
2015-12-07,"160253,98562545"
2015-12-08,"21979,80752901"
2015-12-09,"30569,36378575"
2015-12-10,"130439,82982708"
2015-12-11,"83961,7504416183"
2015-12-12,"200279,58509814"
2015-12-13,"50474,48360879"
2015-12-14,"162420,0615773"
2015-12-15,"79897,23417442"
2015-12-16,"173761,34692919"
2015-12-17,"63337,17721764"
2015-12-18,"21547,56516497"
2015-12-19,"38764,32458918"
2015-12-20,"84501,00890398"
2015-12-21,"76568,62580632"
2015-12-22,"38135,28647997"
2015-12-23,"54674,60448693"
2015-12-24,"53752,3155357"
2015-12-25,"15603,10881745"
2015-12-26,"50567,72677589"
2015-12-27,"16201,41193552"
2015-12-28,"69374,57319818"
2015-12-29,"25824,94095735"
2015-12-30,"105462,12049418"
2015-12-31,"97316,9630506"
2016-01-01,"99629,94602902"
2016-01-02,"81816,2333596"
2016-01-03,"93886,16069361"
2016-01-04,"58217,39501737"
2016-01-05,"34860,62270084"
2016-01-06,"55478,92410867"
2016-01-07,"141241,1705358"
2016-01-08,"95444,53861613"
2016-01-09,"32228,97461028"
2016-01-10,"37506,89891066"
2016-01-11,"165792,81186632"
2016-01-12,"178683,10460344"
2016-01-13,"124362,61417593"
2016-01-14,"142129,00080616"
2016-01-15,"205784,04525987"
2016-01-16,"202941,46118883"
2016-01-17,"142599,61501408"
2016-01-18,"316050,29200271"
2016-01-19,"274172,80017679"
2016-01-20,"193969,75473645"
2016-01-21,"212732,948222279"
2016-01-22,"135259,80582694"
2016-01-23,"490375,28853424"
2016-01-24,"324709,77899436"
2016-01-25,"485599,75983833"
2016-01-26,"407720,43150512"
2016-01-27,"415580,3935831"
2016-01-28,"196393,09077297"
2016-01-29,"249941,1432572"
2016-01-30,"169184,91514057"
2016-01-31,"171666,41451158"
2016-02-01,"157919,2706551"
2016-02-02,"145990,47509504"
2016-02-03,"135035,09097028"
2016-02-04,"159929,37402581"
2016-02-05,"203020,23674051"
2016-02-06,"118458,29774891"
2016-02-07,"181915,4108818"
2016-02-08,"376387,62106746"
2016-02-09,"417037,52586567"
2016-02-10,"456330,578987852"
2016-02-11,"646925,564074839"
2016-02-12,"319726,4327475"
2016-02-13,"388729,51219927"
2016-02-14,"290388,34313564"
2016-02-15,"254856,00457991"
2016-02-16,"608808,3281076"
2016-02-17,"224381,08749895"
2016-02-18,"373956,24138199"
2016-02-19,"228253,32776124"
2016-02-20,"191118,24148339"
2016-02-21,"127128,99955621"
2016-02-22,"202887,91101781"
2016-02-23,"213519,7749631"
2016-02-24,"207988,43762537"
2016-02-25,"289312,24309177"
2016-02-26,"217394,368213446"
2016-02-27,"160115,93196985"
2016-02-28,"185255,02695141"
2016-02-29,"299546,881316595"
2016-03-01,"297824,70826293"
2016-03-02,"388654,93059992"
2016-03-03,"485229,516016757"
2016-03-04,"287748,91870478"
2016-03-05,"603626,33974341"
2016-03-06,"297229,87135757"
2016-03-07,"268051,254056807"
2016-03-08,"300917,52884709"
2016-03-09,"261388,65216206"
2016-03-10,"186385,989319949"
2016-03-11,"226635,546144408"
2016-03-12,"448380,0387169"
2016-03-13,"294824,47910175"
2016-03-14,"402393,05602426"
2016-03-15,"373833,07559097"
2016-03-16,"295095,133141718"
2016-03-17,"401499,98060436"
2016-03-18,"379869,59987609"
2016-03-19,"198700,20894502"
2016-03-20,"172459,05035606"
2016-03-21,"236803,78660985"
2016-03-22,"297545,35149733"
2016-03-23,"156907,79364423"
2016-03-24,"253826,36002817"
2016-03-25,"168057,44129913"
2016-03-26,"60136,253701"
2016-03-27,"198057,36837887"
2016-03-28,"160631,79599043"
2016-03-29,"182915,74220345"
2016-03-30,"294655,097446094"
2016-03-31,"203739,63607966"
2016-04-01,"115480,223114747"
2016-04-02,"94937,5416509625"
2016-04-03,"60392,44187839"
2016-04-04,"113055,082873293"
2016-04-05,"136273,6709159"
2016-04-06,"158433,64639845"
2016-04-07,"188011,717607835"
2016-04-08,"143985,63607525"
2016-04-09,"284334,13465412"
2016-04-10,"333582,53242453"
2016-04-11,"205000,11400635"
2016-04-12,"395315,94976729"
2016-04-13,"341790,381971599"
2016-04-14,"212532,32785119"
2016-04-15,"232953,7212422"
2016-04-16,"164978,40732666"
2016-04-17,"220803,33785927"
2016-04-18,"186707,87602346"
2016-04-19,"135092,18707933"
2016-04-20,"201039,44847495"
2016-04-21,"123997,27352799"
2016-04-22,"149873,853688114"
2016-04-23,"145781,374251864"
2016-04-24,"88413,2997788999"
2016-04-25,"236659,4490749"
2016-04-26,"304259,98642373"
2016-04-27,"229034,862534272"
2016-04-28,"275756,191755646"
2016-04-29,"147770,00060564"
2016-04-30,"435379,980641013"
2016-05-01,"274386,2929226"
2016-05-02,"326666,889341514"
2016-05-03,"297061,182453438"
2016-05-04,"235501,556085345"
2016-05-05,"233361,262024581"
2016-05-06,"456937,883892683"
2016-05-07,"287629,051047763"
2016-05-08,"209273,280073299"
2016-05-09,"372420,609357235"
2016-05-10,"409545,370581779"
2016-05-11,"528272,510662306"
2016-05-12,"697173,45334783"
2016-05-13,"1792694,31724748"
2016-05-14,"1637564,48851789"
2016-05-15,"461101,882205842"
2016-05-16,"396035,274912907"
2016-05-17,"362287,436216471"
2016-05-18,"527347,885433841"
2016-05-19,"472993,966234907"
2016-05-20,"496751,227533919"
2016-05-21,"226956,477557263"
2016-05-22,"169538,94555801"
2016-05-23,"245076,087311541"
2016-05-24,"439684,356436082"
2016-05-25,"406699,019455709"
2016-05-26,"287116,946084216"
2016-05-27,"721228,651807055"
2016-05-28,"395172,596942961"
2016-05-29,"212669,05227559"
2016-05-30,"119723,275631106"
2016-05-31,"261170,066143055"
2016-06-01,"138044,729979055"
2016-06-02,"92625,6305578099"
2016-06-03,"180205,409252058"
2016-06-04,"109754,70771482"
2016-06-05,"112328,953598095"
2016-06-06,"138828,817159443"
2016-06-07,"128094,591325537"
2016-06-08,"860449,964324962"
2016-06-09,"104171,08722976"
2016-06-10,"126142,50408837"
2016-06-11,"122802,090807555"
2016-06-12,"263120,320353658"
2016-06-13,"228159,265703071"
2016-06-14,"323776,211989083"
2016-06-15,"494386,743743142"
2016-06-16,"258930,451004359"
2016-06-17,"737731,170743634"
2016-06-18,"835714,057738456"
2016-06-19,"742569,655233764"
2016-06-20,"553042,785434807"
2016-06-21,"496583,999355081"
2016-06-22,"593787,600634858"
2016-06-23,"297433,332206049"
2016-06-24,"275958,79769408"
2016-06-25,"146853,997538288"
2016-06-26,"164355,82518712"
2016-06-27,"181739,754251706"
2016-06-28,"424685,073873531"
2016-06-29,"310070,869711325"
2016-06-30,"175698,020572278"
2016-07-01,"199499,199183285"
2016-07-02,"76635,77312853"
2016-07-03,"164185,169309575"
2016-07-04,"122702,577657702"
2016-07-05,"551722,101113396"
2016-07-06,"232956,924938482"
2016-07-07,"241276,972222369"
2016-07-08,"156835,33601471"
2016-07-09,"177372,689674222"
2016-07-10,"223684,025197304"
2016-07-11,"272015,579359442"
2016-07-12,"176660,276582024"
2016-07-13,"144759,990857466"
2016-07-14,"167644,332452286"
2016-07-15,"1353910,00572592"
2016-07-16,"241852,488008368"
2016-07-17,"279078,094462904"
2016-07-18,"231321,461710792"
2016-07-19,"296232,86240939"
2016-07-20,"9151847,56595282"
2016-07-21,"210983,468120492"
2016-07-22,"492476,25336725"
2016-07-23,"280511,633390859"
2016-07-24,"1012065,26875504"
2016-07-25,"663454,883685322"
2016-07-26,"1889993,4010253"
2016-07-27,"739914,191213369"
2016-07-28,"606712,614838121"
2016-07-29,"473311,805737041"
2016-07-30,"530796,837998732"
2016-07-31,"522556,807207245"
2016-08-01,"804207,870573719"
2016-08-02,"1080797,11851027"
2016-08-03,"3398519,81003188"
2016-08-04,"1188381,02926565"
2016-08-05,"1272281,76012126"
2016-08-06,"595089,281515307"
2016-08-07,"565935,846105914"
2016-08-08,"470391,797441862"
2016-08-09,"664583,870783777"
2016-08-10,"972374,710769553"
2016-08-11,"761099,507826385"
2016-08-12,"514012,35003467"
2016-08-13,"905872,626580906"
2016-08-14,"290204,08055538"
2016-08-15,"376840,152739846"
2016-08-16,"161254,569580495"
2016-08-17,"458706,693532146"
2016-08-18,"201993,517597881"
2016-08-19,"161181,589992792"
2016-08-20,"195440,62546798"
2016-08-21,"128935,403041839"
2016-08-22,"667252,452684834"
2016-08-23,"184575,280770854"
2016-08-24,"106711,790409819"
2016-08-25,"160086,366333457"
2016-08-26,"149165,827746819"
2016-08-27,"83613,7146927247"
2016-08-28,"166052,953535965"
2016-08-29,"357675,369230394"
2016-08-30,"209758,330352471"
2016-08-31,"209540,020476247"
2016-09-01,"350220,286175539"
2016-09-02,"192418,808495154"
2016-09-03,"238604,420431571"
2016-09-04,"401847,960968631"
2016-09-05,"158475,628291885"
2016-09-06,"169389,597663596"
2016-09-07,"147958,846650847"
2016-09-08,"358771,0856704"
2016-09-09,"113403,547020196"
2016-09-10,"156434,847325487"
2016-09-11,"316604,621403999"
2016-09-12,"465004,787865347"
2016-09-13,"184569,247003023"
2016-09-14,"128674,328092802"
2016-09-15,"96815,5319796501"
2016-09-16,"325771,874022986"
2016-09-17,"81463,3024817033"
2016-09-18,"164606,433055093"
2016-09-19,"308957,621904134"
2016-09-20,"389207,17492993"
2016-09-21,"311612,847147862"
2016-09-22,"425116,194233942"
2016-09-23,"310602,216026716"
2016-09-24,"243122,965561244"
2016-09-25,"180703,842926882"
2016-09-26,"109345,168986241"
2016-09-27,"111707,254774656"
2016-09-28,"139817,594631859"
2016-09-29,"181081,363208602"
2016-09-30,"285592,079803714"
2016-10-01,"144402,408390684"
2016-10-02,"198459,028024689"
2016-10-03,"101985,705178778"
2016-10-04,"137169,690126604"
2016-10-05,"198484,954530324"
2016-10-06,"216768,915320373"
2016-10-07,"136056,507808151"
2016-10-08,"138270,851774986"
2016-10-09,"155354,89455643"
2016-10-10,"174417,674053547"
2016-10-11,"187124,902284967"
2016-10-12,"93129,039516427"
2016-10-13,"315266,265998538"
2016-10-14,"124612,410211685"
2016-10-15,"193492,810059967"
2016-10-16,"225042,327201796"
2016-10-17,"136317,999359768"
2016-10-18,"224605,511769819"
2016-10-19,"147843,584950907"
2016-10-20,"111518,039309718"
2016-10-21,"107901,943788882"
2016-10-22,"58136,9341035628"
2016-10-23,"82677,6816538786"
2016-10-24,"77410,6567834435"
2016-10-25,"240532,71665083"
2016-10-26,"173632,393235106"
2016-10-27,"197152,133623543"
2016-10-28,"315173,446464215"
2016-10-29,"369998,948228075"
2016-10-30,"1378177,65920406"
2016-10-31,"178470,370895255"
2016-11-01,"278973,243543316"
2016-11-02,"105424,996683974"
2016-11-03,"157211,538773432"
2016-11-04,"172604,882530395"
2016-11-05,"99150,1956350257"
2016-11-06,"75641,995726306"
2016-11-07,"86047,1569240695"
2016-11-08,"100210,125042832"
2016-11-09,"204512,148738728"
2016-11-10,"140221,202066653"
2016-11-11,"252444,435472929"
2016-11-12,"158310,655601835"
2016-11-13,"223602,101863619"
2016-11-14,"84550,5422806634"
2016-11-15,"135258,641434668"
2016-11-16,"162765,41076623"
2016-11-17,"763243,125552819"
2016-11-18,"210209,74200881"
2016-11-19,"102649,99846768"
2016-11-20,"95658,7016558542"
2016-11-21,"69901,3777348215"
2016-11-22,"54610,9740871998"
2016-11-23,"108695,098141439"
2016-11-24,"130329,402390172"
2016-11-25,"148727,326391912"
2016-11-26,"43322,6408678747"
2016-11-27,"85263,0970801283"
2016-11-28,"116211,95931312"
2016-11-29,"238238,520176556"
2016-11-30,"165691,535936625"
2016-12-01,"229347,919482454"
2016-12-02,"497869,43561717"
2016-12-03,"907692,882422148"
2016-12-04,"203700,698784567"
2016-12-05,"366352,02257777"
2016-12-06,"1035513,08069301"
2016-12-07,"558532,646063548"
2016-12-08,"437019,871457544"
2016-12-09,"223462,22411454"
2016-12-10,"145048,700825991"
2016-12-11,"49636,1703425966"
2016-12-12,"209972,142667427"
2016-12-13,"141850,92868407"
2016-12-14,"117366,784857373"
2016-12-15,"174682,353040871"
2016-12-16,"100245,169467325"
2016-12-17,"167660,994891842"
2016-12-18,"83004,12807457"
2016-12-19,"170963,134682657"
2016-12-20,"146361,965232047"
2016-12-21,"280686,622125287"
2016-12-22,"345546,399121571"
2016-12-23,"391977,75451663"
2016-12-24,"128969,910162203"
2016-12-25,"147737,70982443"
2016-12-26,"136629,717102737"
2016-12-27,"165375,765528643"
2016-12-28,"399643,083087474"
2016-12-29,"471493,493177281"
2016-12-30,"750730,331041561"
2016-12-31,"211266,975768784"
2017-01-01,"224301,997007527"
2017-01-02,"195119,970974768"
2017-01-03,"387901,9996651"
2017-01-04,"572120,388371094"
2017-01-05,"537485,365598926"
2017-01-06,"525275,394469834"
2017-01-07,"337138,506232044"
2017-01-08,"188924,010392473"
2017-01-09,"679227,031319225"
2017-01-10,"220632,915066853"
2017-01-11,"366326,163039819"
2017-01-12,"270747,548146398"
2017-01-13,"116376,558578131"
2017-01-14,"112672,012418475"
2017-01-15,"97963,1730551221"
2017-01-16,"128616,246772031"
2017-01-17,"215948,033186857"
2017-01-18,"171896,053034522"
2017-01-19,"151685,666538694"
2017-01-20,"956172,323446351"
2017-01-21,"179931,36617645"
2017-01-22,"198467,989094531"
2017-01-23,"148184,664507418"
2017-01-24,"167252,661595554"
2017-01-25,"174222,516298406"
2017-01-26,"240322,563804831"
2017-01-27,"208501,54891168"
2017-01-28,"103638,931023292"
2017-01-29,"64067,4399141168"
2017-01-30,"133361,233499646"
2017-01-31,"293837,778547977"
2017-02-01,"299357,292763427"
2017-02-02,"282734,32191729"
2017-02-03,"267342,369293618"
2017-02-04,"398750,795664912"
2017-02-05,"72128,31852506"
2017-02-06,"328944,70135377"
2017-02-07,"195755,876645347"
2017-02-08,"195434,925681903"
2017-02-09,"286501,914240285"
2017-02-10,"292672,049329966"
2017-02-11,"201370,178845708"
2017-02-12,"137708,619080091"
2017-02-13,"230664,90983099"
2017-02-14,"742779,999546848"
2017-02-15,"344827,462442591"
2017-02-16,"419352,956833382"
2017-02-17,"208167,406934225"
2017-02-18,"172268,984491646"
2017-02-19,"125625,138165105"
2017-02-20,"359331,667154738"
2017-02-21,"372763,156640197"
2017-02-22,"238187,758953616"
2017-02-23,"193723,832033056"
2017-02-24,"305065,230138036"
2017-02-25,"286216,361672125"
2017-02-26,"245890,553510378"
2017-02-27,"694166,430701451"
2017-02-28,"794572,666551409"
2017-03-01,"942815,965738624"
2017-03-02,"1016430,38735306"
2017-03-03,"840748,665451183"
2017-03-04,"315562,399962315"
2017-03-05,"246913,935846339"
2017-03-06,"426742,685812335"
2017-03-07,"486858,122115234"
2017-03-08,"506643,732292019"
2017-03-09,"368307,298780692"
2017-03-10,"540742,842998181"
2017-03-11,"602635,53785372"
2017-03-12,"470262,726074828"
2017-03-13,"1164770,43633933"
2017-03-14,"533348,629065662"
2017-03-15,"560646,588045498"
2017-03-16,"1091455,21112225"
2017-03-17,"1054968,72741508"
2017-03-18,"751657,466411052"
2017-03-19,"420855,421230987"
2017-03-20,"605848,96613426"
2017-03-21,"498097,009419318"
2017-03-22,"450035,224221301"
2017-03-23,"382880,002214211"
2017-03-24,"599502,520011741"
2017-03-25,"596505,197369534"
2017-03-26,"331887,204574041"
2017-03-27,"363851,374440309"
2017-03-28,"441428,472688064"
2017-03-29,"513640,262862437"
2017-03-30,"306382,209589862"
2017-03-31,"476563,580664114"
2017-04-01,"334372,724626329"
2017-04-02,"501636,236060558"
2017-04-03,"1165502,48112097"
2017-04-04,"528642,424603788"
2017-04-05,"499152,052445577"
2017-04-06,"807031,751252354"
2017-04-07,"465503,086369401"
2017-04-08,"325145,850416938"
2017-04-09,"247379,284897196"
2017-04-10,"382667,975460859"
2017-04-11,"318304,507532706"
2017-04-12,"272230,89832707"
2017-04-13,"386506,729309099"
2017-04-14,"298581,692703903"
2017-04-15,"415912,557943297"
2017-04-16,"121681,931471825"
2017-04-17,"270246,124077006"
2017-04-18,"460459,52832685"
2017-04-19,"408283,661737966"
2017-04-20,"369303,680399739"
2017-04-21,"263747,833839851"
2017-04-22,"209000,158448418"
2017-04-23,"159930,353164117"
2017-04-24,"258870,832021311"
2017-04-25,"168340,424220026"
2017-04-26,"329471,801725533"
2017-04-27,"406597,009376408"
2017-04-28,"542353,928782043"
2017-04-29,"333895,280417184"
2017-04-30,"336025,134349239"
2017-05-01,"1615962,63988088"
2017-05-02,"526745,308858855"
2017-05-03,"426527,778273938"
2017-05-04,"609180,542998172"
2017-05-05,"1322133,98876794"
2017-05-06,"346592,817685562"
2017-05-07,"259340,052779006"
2017-05-08,"530011,81640944"
2017-05-09,"558589,004968833"
2017-05-10,"429398,946033504"
2017-05-11,"404375,082231012"
2017-05-12,"350405,010114135"
2017-05-13,"195666,782904452"
2017-05-14,"466086,47219118"
2017-05-15,"449188,360679765"
2017-05-16,"394825,770377287"
2017-05-17,"506277,545509"
2017-05-18,"318983,825124098"
2017-05-19,"680503,982178235"
2017-05-20,"346594,864359451"
2017-05-21,"518746,422835637"
2017-05-22,"850391,51855235"
2017-05-23,"484896,784599857"
2017-05-24,"536460,55816716"
2017-05-25,"676527,077016032"
2017-05-26,"646750,012395492"
2017-05-27,"435661,363737008"
2017-05-28,"254933,488694643"
2017-05-29,"349286,902847956"
2017-05-30,"638498,582937084"
2017-05-31,"531492,28813292"
2017-06-01,"585576,965266577"
2017-06-02,"604516,095342683"
2017-06-03,"258915,381718395"
2017-06-04,"351339,705776179"
2017-06-05,"292987,273503897"
2017-06-06,"425860,736268177"
2017-06-07,"226616,383846262"
2017-06-08,"269613,174310518"
2017-06-09,"276892,099892221"
2017-06-10,"448189,243736854"
2017-06-11,"399956,362789994"
2017-06-12,"535012,554442072"
2017-06-13,"443053,808970399"
2017-06-14,"390786,908355896"
2017-06-15,"470262,386005326"
2017-06-16,"278304,334837906"
2017-06-17,"245027,106982349"
2017-06-18,"243713,535108678"
2017-06-19,"305174,683453989"
2017-06-20,"330846,565247741"
2017-06-21,"438946,76730968"
2017-06-22,"562439,974444752"
2017-06-23,"562547,535964435"
2017-06-24,"265973,425085188"
2017-06-25,"397974,062746749"
2017-06-26,"491784,242291947"
2017-06-27,"447761,530629977"
2017-06-28,"357042,344305347"
2017-06-29,"317347,501698753"
2017-06-30,"281900,886134916"
2017-07-01,"259730,466112871"
2017-07-02,"295974,757122444"
2017-07-03,"249614,99742827"
2017-07-04,"258327,800138007"
2017-07-05,"285644,228543306"
2017-07-06,"225610,200952661"
2017-07-07,"317213,678714445"
2017-07-08,"253130,089735791"
2017-07-09,"172642,047903008"
2017-07-10,"384311,582427867"
2017-07-11,"548820,731539913"
2017-07-12,"432946,744082875"
2017-07-13,"357913,321015593"
2017-07-14,"357647,37180756"
2017-07-15,"281406,413440024"
2017-07-16,"548588,585784144"
2017-07-17,"520697,468810751"
2017-07-18,"618336,423982639"
2017-07-19,"656915,28503794"
2017-07-20,"376953,696784539"
2017-07-21,"313353,094193623"
2017-07-22,"207919,024342575"
2017-07-23,"290815,872604702"
2017-07-24,"229592,074385312"
2017-07-25,"372798,105839642"
2017-07-26,"296210,904215447"
2017-07-27,"287124,13032128"
2017-07-28,"570214,639247435"
2017-07-29,"313111,266344522"
2017-07-30,"248373,10919016"
2017-07-31,"363132,658989302"
2017-08-01,"473675,323741187"
2017-08-02,"301814,137153365"
2017-08-03,"409018,653577764"
2017-08-04,"296182,95778424"
2017-08-05,"381735,692016974"
2017-08-06,"366268,348402976"
2017-08-07,"338325,272789604"
2017-08-08,"365131,902251407"
2017-08-09,"397205,223282958"
2017-08-10,"323935,597056189"
2017-08-11,"369931,851844744"
2017-08-12,"300131,915487475"
2017-08-13,"420409,694292419"
2017-08-14,"415700,508730615"
2017-08-15,"483086,630678575"
2017-08-16,"678504,293882437"
2017-08-17,"415768,198618614"
2017-08-18,"475948,880565074"
2017-08-19,"300625,740574565"
2017-08-20,"245512,028360694"
2017-08-21,"437239,500515197"
2017-08-22,"314664,676383746"
2017-08-23,"327998,545564158"
2017-08-24,"338844,598417329"
2017-08-25,"329282,160070074"
2017-08-26,"229879,845148511"
2017-08-27,"264775,113035996"
2017-08-28,"365799,410594221"
2017-08-29,"365589,712752042"
2017-08-30,"425597,884000187"
2017-08-31,"375874,052137263"
2017-09-01,"333646,723354921"
2017-09-02,"360025,423602161"
2017-09-03,"374762,09264945"
2017-09-04,"583953,033425822"
2017-09-05,"556943,096733246"
2017-09-06,"513492,321943052"
2017-09-07,"327370,605478619"
2017-09-08,"518658,192229157"
2017-09-09,"803506,971919198"
2017-09-10,"333100,721676719"
2017-09-11,"309216,077660554"
2017-09-12,"388673,340764202"
2017-09-13,"360104,618736589"
2017-09-14,"545928,1550319"
2017-09-15,"934501,204300255"
2017-09-16,"484588,320847937"
2017-09-17,"295419,812313348"
2017-09-18,"417049,95196054"
2017-09-19,"298063,772671659"
2017-09-20,"244153,889881236"
2017-09-21,"325761,781553882"
2017-09-22,"209986,404152019"
2017-09-23,"193254,724557393"
2017-09-24,"220563,165548688"
2017-09-25,"302239,745072416"
2017-09-26,"219859,467419455"
2017-09-27,"277249,280504265"
2017-09-28,"232989,62774178"
2017-09-29,"213309,664083253"
2017-09-30,"195930,889203953"
2017-10-01,"185315,702515047"
2017-10-02,"304764,901242319"
2017-10-03,"260185,976158248"
2017-10-04,"258345,380548012"
2017-10-05,"167772,839811925"
2017-10-06,"169763,417541878"
2017-10-07,"140865,200280681"
2017-10-08,"165419,855948245"
2017-10-09,"379183,385908604"
2017-10-10,"206765,643027909"
2017-10-11,"226348,091799184"
2017-10-12,"357668,366435493"
2017-10-13,"440391,36696067"
2017-10-14,"357393,655223416"
2017-10-15,"249378,447475366"
2017-10-16,"229419,717159352"
2017-10-17,"369560,945248644"
2017-10-18,"322633,316546184"
2017-10-19,"227199,85991977"
2017-10-20,"264295,486222435"
2017-10-21,"206421,523435234"
2017-10-22,"180450,503712973"
2017-10-23,"336264,309731178"
2017-10-24,"279258,676298997"
2017-10-25,"201462,700536194"
2017-10-26,"236356,320616921"
2017-10-27,"161522,611049196"
2017-10-28,"142501,757118201"
2017-10-29,"201366,627811613"
2017-10-30,"224717,25569543"
2017-10-31,"205551,094847464"
2017-11-01,"291588,008966125"
2017-11-02,"502089,597831007"
2017-11-03,"320953,601164663"
2017-11-04,"201908,713881437"
2017-11-05,"202903,754372926"
2017-11-06,"331530,025105555"
2017-11-07,"343107,333139341"
2017-11-08,"521955,028795761"
2017-11-09,"393381,020698574"
2017-11-10,"461369,727053467"
2017-11-11,"378103,503066325"
2017-11-12,"710689,418700662"
2017-11-13,"440094,665808415"
2017-11-14,"429134,94817088"
2017-11-15,"411547,454006459"
2017-11-16,"387679,914021645"
2017-11-17,"322235,918022074"
2017-11-18,"255236,05760702"
2017-11-19,"354174,824758458"
2017-11-20,"638005,984348537"
2017-11-21,"472605,188000571"
2017-11-22,"365051,534088093"
2017-11-23,"560779,948947531"
2017-11-24,"499384,142090924"
2017-11-25,"411385,961491617"
2017-11-26,"333760,385270007"
2017-11-27,"424301,439178239"
2017-11-28,"514964,49750796"
2017-11-29,"635253,789040892"
2017-11-30,"460003,505787609"
2017-12-01,"409820,107358853"
2017-12-02,"277706,165348169"
2017-12-03,"291998,701359961"
2017-12-04,"329498,667347722"
2017-12-05,"319833,227403753"
2017-12-06,"963269,188674072"
2017-12-07,"906123,381918746"
2017-12-08,"690205,860338672"
2017-12-09,"412060,059749773"
2017-12-10,"406919,289234035"
2017-12-11,"514595,819935137"
2017-12-12,"625534,381398095"
2017-12-13,"720702,351324782"
2017-12-14,"827257,727034168"
2017-12-15,"666735,947619525"
2017-12-16,"402017,508833026"
2017-12-17,"387343,269593705"
2017-12-18,"548869,119098146"
2017-12-19,"730022,975606361"
2017-12-20,"697292,201225487"
2017-12-21,"614643,753915422"
2017-12-22,"807634,215194396"
2017-12-23,"493428,935477909"
2017-12-24,"426657,873457862"
2017-12-25,"558047,770839101"
2017-12-26,"497746,065019225"
2017-12-27,"455792,688812982"
2017-12-28,"558279,679475597"
2017-12-29,"612396,531352711"
2017-12-30,"570548,49551112"
2017-12-31,"385690,612257613"
2018-01-01,"398420,848490902"
2018-01-02,"712671,814699906"
2018-01-03,"672205,752629097"
2018-01-04,"877728,255941527"
2018-01-05,"773016,887630265"
2018-01-06,"527244,327164697"
2018-01-07,"668447,292235927"
2018-01-08,"776404,219759702"
2018-01-09,"837260,289289848"
2018-01-10,"736791,446179022"
2018-01-11,"708801,272405632"
2018-01-12,"528652,422733041"
2018-01-13,"482961,08393169"
2018-01-14,"435409,328089036"
2018-01-15,"544411,993341488"
2018-01-16,"655149,228487119"
2018-01-17,"878234,231354839"
2018-01-18,"626800,207454256"
2018-01-19,"548323,831581316"
2018-01-20,"420560,291367543"
2018-01-21,"325403,331643308"
2018-01-22,"420023,881987682"
2018-01-23,"346293,552484886"
2018-01-24,"463226,225897359"
2018-01-25,"481012,418607478"
2018-01-26,"423354,856691272"
2018-01-27,"339177,068468691"
2018-01-28,"424807,912718142"
2018-01-29,"440833,325657876"
2018-01-30,"526780,174518522"
2018-01-31,"439055,327446968"
2018-02-01,"559618,340022258"
2018-02-02,"655434,313532384"
2018-02-03,"303212,468463403"
2018-02-04,"367707,785733825"
2018-02-05,"576073,748677611"
2018-02-06,"568360,752590739"
2018-02-07,"484506,330523031"
2018-02-08,"183592,321544144"
2018-02-09,"289652,953051516"
2018-02-10,"294427,85462499"
2018-02-11,"211875,572497897"
2018-02-12,"244825,645455921"
2018-02-13,"395289,025485225"
2018-02-14,"287097,449694666"
2018-02-15,"273016,814898763"
2018-02-16,"209213,28759512"
2018-02-17,"194637,231921395"
2018-02-18,"213072,655379191"
2018-02-19,"193757,853319787"
2018-02-20,"296013,993642393"
2018-02-21,"260673,234191553"
2018-02-22,"1988625,66865712"
2018-02-23,"212310,817346453"
2018-02-24,"151239,871340288"
2018-02-25,"142924,312083306"
2018-02-26,"237550,837164299"
2018-02-27,"205865,863927417"
2018-02-28,"230013,583295146"
2018-03-01,"190857,206022379"
2018-03-02,"197930,688533947"
2018-03-03,"132858,595175462"
2018-03-04,"135950,264413674"
2018-03-05,"206483,702769421"
2018-03-06,"214208,357889637"
2018-03-07,"298898,90353581"
2018-03-08,"276147,805188141"
2018-03-09,"322135,194072467"
2018-03-10,"162038,262819328"
2018-03-11,"168792,885580061"
2018-03-12,"174380,27593606"
2018-03-13,"801954,532048904"
2018-03-14,"256786,155083094"
2018-03-15,"314905,362778246"
2018-03-16,"205956,157690977"
2018-03-17,"193156,22679804"
2018-03-18,"436439,047944527"
2018-03-19,"440762,912516998"
2018-03-20,"323226,092455303"
2018-03-21,"284310,295720502"
2018-03-22,"262334,811763169"
2018-03-23,"367558,805443216"
2018-03-24,"268368,263269397"
2018-03-25,"177501,841981784"
2018-03-26,"327846,293354841"
2018-03-27,"494157,31570641"
2018-03-28,"309981,605897134"
2018-03-29,"411123,511322012"
2018-03-30,"414550,961196948"
2018-03-31,"270245,33319924"
2018-04-01,"241135,670289299"
2018-04-02,"209650,389735389"
2018-04-03,"265234,661282232"
2018-04-04,"279600,849021105"
2018-04-05,"255988,851470765"
2018-04-06,"183768,82702351"
2018-04-07,"157433,884854286"
2018-04-08,"159768,741949088"
2018-04-09,"245672,578750742"
2018-04-10,"217320,667701544"
2018-04-11,"236606,589504452"
2018-04-12,"363078,006070367"
2018-04-13,"394540,203764618"
2018-04-14,"160715,20447139"
2018-04-15,"189418,983697232"
2018-04-16,"234675,473929495"
2018-04-17,"258235,215158574"
2018-04-18,"281616,056382475"
2018-04-19,"261910,009771682"
2018-04-20,"328523,317408393"
2018-04-21,"296674,161548963"
2018-04-22,"290133,398787234"
2018-04-23,"950400,373114393"
2018-04-24,"488004,428961317"
2018-04-25,"563999,029950401"
2018-04-26,"365574,44806642"
2018-04-27,"355402,764715462"
2018-04-28,"440424,490066899"
2018-04-29,"369914,181746475"
2018-04-30,"429649,369348764"
2018-05-01,"296023,119845343"
2018-05-02,"384406,153257607"
2018-05-03,"502697,658700767"
2018-05-04,"427206,561337851"
2018-05-05,"307416,151669921"
2018-05-06,"308946,560194039"
2018-05-07,"527977,771852575"
2018-05-08,"393884,464033677"
2018-05-09,"395321,055095669"
2018-05-10,"384175,205997958"
2018-05-11,"392060,662594543"
2018-05-12,"286540,17131"
2018-05-13,"265447,628968705"
2018-05-14,"358004,546148739"
2018-05-15,"304034,124591276"
2018-05-16,"266999,32113263"
2018-05-17,"290840,864289714"
2018-05-18,"277890,034388779"
2018-05-19,"224511,185419094"
2018-05-20,"210853,853081539"
2018-05-21,"287231,75294086"
2018-05-22,"406110,555019119"
2018-05-23,"471656,70220312"
2018-05-24,"473757,095067151"
2018-05-25,"374760,577734751"
2018-05-26,"269308,866896358"
2018-05-27,"360703,489146223"
2018-05-28,"482324,317579662"
2018-05-29,"341561,824026679"
2018-05-30,"413725,349856582"
2018-05-31,"434925,076125049"
2018-06-01,"340149,273486906"
2018-06-02,"243489,772286729"
2018-06-03,"181930,272915026"
2018-06-04,"321915,264960099"
2018-06-05,"356204,60909959"
2018-06-06,"343688,054099182"
2018-06-07,"339263,624880076"
2018-06-08,"334267,681058866"
2018-06-09,"197105,749828491"
2018-06-10,"321570,831219444"
2018-06-11,"368566,605907568"
2018-06-12,"404340,317199476"
2018-06-13,"450300,857007482"
2018-06-14,"511325,862138978"
2018-06-15,"447706,81232105"
2018-06-16,"211716,512676071"
2018-06-17,"203280,331575809"
2018-06-18,"250427,957404058"
2018-06-19,"261101,680695686"
2018-06-20,"342834,017927758"
2018-06-21,"276467,274747288"
2018-06-22,"446679,944871197"
2018-06-23,"238136,543634236"
2018-06-24,"294464,698891567"
2018-06-25,"322308,791639977"
2018-06-26,"275312,621786583"
2018-06-27,"335403,332122703"
2018-06-28,"224803,447239833"
2018-06-29,"296408,319320152"
2018-06-30,"182989,285090211"
2018-07-01,"127870,753394984"
2018-07-02,"247845,621946165"
2018-07-03,"307648,009922624"
2018-07-04,"236717,082192355"
2018-07-05,"340031,053073895"
2018-07-06,"275707,055744645"
2018-07-07,"169487,269668958"
2018-07-08,"230027,668569514"
2018-07-09,"283416,678303102"
2018-07-10,"344730,09481142"
2018-07-11,"239981,368016364"
2018-07-12,"220056,152257302"
2018-07-13,"219032,902250048"
2018-07-14,"199681,780214306"
2018-07-15,"143554,96396003"
2018-07-16,"267966,00981362"
2018-07-17,"318857,929879154"
2018-07-18,"309348,590301563"
2018-07-19,"257664,913434394"
2018-07-20,"323930,926246958"
2018-07-21,"187265,474242053"
2018-07-22,"178964,793342801"
2018-07-23,"275440,811854411"
2018-07-24,"327975,35114113"
2018-07-25,"248041,23622362"
2018-07-26,"203594,437940897"
2018-07-27,"228278,295548947"
2018-07-28,"144754,987875705"
2018-07-29,"136397,599997019"
2018-07-30,"255282,649917225"
2018-07-31,"248139,877307665"
2018-08-01,"278538,014537348"
2018-08-02,"242364,340261365"
2018-08-03,"235969,494172911"
2018-08-04,"197462,459304569"
2018-08-05,"141142,095098236"
2018-08-06,"188378,345713595"
2018-08-07,"200921,402708045"
2018-08-08,"368674,801777232"
2018-08-09,"266671,475711565"
2018-08-10,"281696,062588429"
2018-08-11,"318601,481390576"
2018-08-12,"180483,962845613"
2018-08-13,"375526,711220207"
2018-08-14,"522502,97683519"
2018-08-15,"444662,685888663"
2018-08-16,"268167,870263228"
2018-08-17,"277513,626856463"
2018-08-18,"203344,809898705"
2018-08-19,"142382,816636158"
2018-08-20,"279658,340132621"
2018-08-21,"232366,949851336"
2018-08-22,"284622,697158946"
2018-08-23,"258113,726732441"
2018-08-24,"222293,021180982"
2018-08-25,"163874,089977077"
2018-08-26,"174801,392563783"
2018-08-27,"235658,386455512"
2018-08-28,"257001,565893773"
2018-08-29,"231818,002134872"
2018-08-30,"233752,86259616"
2018-08-31,"273081,407195872"
2018-09-01,"207560,407454022"
2018-09-02,"172497,161113222"
2018-09-03,"218615,273048843"
2018-09-04,"351601,62897428"
2018-09-05,"596838,533879666"
2018-09-06,"555425,839066549"
2018-09-07,"398519,557084217"
2018-09-08,"398439,414759714"
2018-09-09,"388522,679783535"
2018-09-10,"418414,516924895"
2018-09-11,"358249,758560261"
2018-09-12,"599930,542844712"
2018-09-13,"455078,413836572"
2018-09-14,"406812,489535789"
2018-09-15,"292776,275278175"
2018-09-16,"269130,681855471"
2018-09-17,"446382,710157227"
2018-09-18,"367385,569703863"
2018-09-19,"278599,242080354"
2018-09-20,"323916,098502493"
2018-09-21,"559263,217565059"
2018-09-22,"233729,149105644"
2018-09-23,"201286,795290843"
2018-09-24,"738917,148989147"
2018-09-25,"408322,170868052"
2018-09-26,"407841,981353667"
2018-09-27,"305319,491833572"
2018-09-28,"394464,118590201"
2018-09-29,"282480,915507633"
2018-09-30,"209670,612808047"
2018-10-01,"240397,06678551"
2018-10-02,"215710,954216109"
2018-10-03,"233400,721306969"
2018-10-04,"198690,42652235"
2018-10-05,"237669,336051576"
2018-10-06,"162221,17301347"
2018-10-07,"149239,718480502"
2018-10-08,"279522,31546774"
2018-10-09,"255392,652925379"
2018-10-10,"266745,597742775"
2018-10-11,"714215,816425573"
2018-10-12,"487593,640158844"
2018-10-13,"216119,322400679"
2018-10-14,"197312,292023894"
2018-10-15,"801956,111636128"
2018-10-16,"351317,552778386"
2018-10-17,"316161,980409138"
2018-10-18,"332689,100341714"
2018-10-19,"265085,474079973"
2018-10-20,"174727,287117889"
2018-10-21,"155150,863923567"
2018-10-22,"264009,526103419"
2018-10-23,"302672,05804262"
2018-10-24,"264522,890805524"
2018-10-25,"293303,624124321"
2018-10-26,"237247,913115285"
2018-10-27,"144167,427319468"
2018-10-28,"158681,840855075"
2018-10-29,"318857,414048533"
2018-10-30,"256616,439556102"
2018-10-31,"374704,703229028"
2018-11-01,"249861,510167559"
2018-11-02,"238869,467715775"
2018-11-03,"151446,251782666"
2018-11-04,"281374,460371775"
2018-11-05,"305918,841759014"
2018-11-06,"331074,128107305"
2018-11-07,"333639,348100161"
2018-11-08,"251788,511110583"
2018-11-09,"314567,785391498"
2018-11-10,"150658,532694961"
2018-11-11,"196536,191271883"
2018-11-12,"239340,441290019"
2018-11-13,"283479,178811093"
2018-11-14,"630768,505927474"
2018-11-15,"613610,714253744"
2018-11-16,"423823,200881744"
2018-11-17,"243959,442653052"
2018-11-18,"228270,633079986"
2018-11-19,"802129,797837326"
2018-11-20,"1046637,71619276"
2018-11-21,"582914,069922533"
2018-11-22,"426785,970977181"
2018-11-23,"540731,172516047"
2018-11-24,"423795,609790308"
2018-11-25,"780363,530292471"
2018-11-26,"584537,022389325"
2018-11-27,"548444,515684764"
2018-11-28,"621587,931212497"
2018-11-29,"526657,414694633"
2018-11-30,"437819,032260372"
2018-12-01,"352764,036068621"
2018-12-02,"259832,020582182"
2018-12-03,"411207,794778244"
2018-12-04,"410531,914532956"
2018-12-05,"435337,197895761"
2018-12-06,"608010,686660361"
2018-12-07,"906625,174015444"
2018-12-08,"446016,360886523"
2018-12-09,"398360,985751436"
2018-12-10,"445586,836971941"
2018-12-11,"436891,420063342"
2018-12-12,"388551,155989456"
2018-12-13,"918274,297913131"
2018-12-14,"562473,000187296"
2018-12-15,"390193,440214768"
2018-12-16,"346962,442131047"
2018-12-17,"545971,104993523"
2018-12-18,"635177,729122157"
2018-12-19,"842691,94511378"
2018-12-20,"797631,398262796"
2018-12-21,"790226,677724339"
2018-12-22,"361794,691124308"
2018-12-23,"675122,163057932"
2018-12-24,"935011,541111426"
2018-12-25,"544783,042803195"
2018-12-26,"446560,200069759"
2018-12-27,"564183,26829641"
2018-12-28,"597314,635126128"
2018-12-29,"484641,452434666"
2018-12-30,"319571,266498383"
2018-12-31,"461604,037410884"
2019-01-01,"367849,258356548"
2019-01-02,"579840,09775138"
2019-01-03,"529987,049999507"
2019-01-04,"1073043,19639325"
2019-01-05,"1353857,59555784"
2019-01-06,"502907,196887995"
2019-01-07,"421992,876619525"
2019-01-08,"458872,713940251"
2019-01-09,"431273,515026477"
2019-01-10,"694604,088189828"
2019-01-11,"527002,413839223"
2019-01-12,"243856,749224746"
2019-01-13,"279304,029817833"
2019-01-14,"494270,306148993"
2019-01-15,"558067,42686955"
2019-01-16,"411639,010975964"
2019-01-17,"344098,293532268"
2019-01-18,"265717,326251021"
2019-01-19,"310861,469754759"
2019-01-20,"343677,730788899"
2019-01-21,"332893,567960288"
2019-01-22,"354871,819776472"
2019-01-23,"350990,825366021"
2019-01-24,"331503,378688858"
2019-01-25,"299695,308232045"
2019-01-26,"190461,219379759"
2019-01-27,"274680,933507677"
2019-01-28,"537600,136165787"
2019-01-29,"376647,247888004"
2019-01-30,"397479,761574927"
2019-01-31,"296366,908749886"
2019-02-01,"290125,140253287"
2019-02-02,"173514,384822918"
2019-02-03,"265008,48399451"
2019-02-04,"181090,725062297"
2019-02-05,"165442,957533503"
2019-02-06,"358117,973471582"
2019-02-07,"193494,012223476"
2019-02-08,"384184,515282155"
2019-02-09,"189590,25305395"
2019-02-10,"279557,477320599"
2019-02-11,"280715,294342192"
2019-02-12,"280617,328796775"
2019-02-13,"317814,860332455"
2019-02-14,"296607,901027767"
2019-02-15,"278798,536643293"
2019-02-16,"202681,731773938"
2019-02-17,"380930,700756847"
2019-02-18,"619355,035961556"
2019-02-19,"561644,711419732"
2019-02-20,"425546,819001402"
2019-02-21,"335272,59635473"
2019-02-22,"357849,623907303"
2019-02-23,"295524,705735405"
2019-02-24,"650497,216132851"
2019-02-25,"610617,335130492"
2019-02-26,"407010,523161098"
2019-02-27,"563550,575510827"
2019-02-28,"436352,405544583"
2019-03-01,"352753,81006709"
2019-03-02,"326697,346829769"
2019-03-03,"321927,209069037"
2019-03-04,"460437,728730475"
2019-03-05,"448729,613483635"
2019-03-06,"441900,514290502"
2019-03-07,"579410,464282298"
2019-03-08,"384889,766281425"
2019-03-09,"329300,299805922"
2019-03-10,"289056,293214356"
2019-03-11,"414898,862415507"
2019-03-12,"422754,418855392"
2019-03-13,"383365,733014946"
2019-03-14,"333808,146968226"
2019-03-15,"389778,171890064"
2019-03-16,"433478,996085302"
2019-03-17,"247595,134572471"
2019-03-18,"626743,443445157"
2019-03-19,"337930,932698727"
2019-03-20,"428307,544783612"
2019-03-21,"443628,061851499"
2019-03-22,"358741,993373945"
2019-03-23,"258748,467420527"
2019-03-24,"309717,251516549"
2019-03-25,"465679,824410046"
2019-03-26,"426855,942041494"
2019-03-27,"451862,916296659"
2019-03-28,"346259,851605392"
2019-03-29,"391004,021058972"
2019-03-30,"380896,839541021"
2019-03-31,"390821,442589404"
2019-04-01,"430094,225743565"
2019-04-02,"742743,139837035"
2019-04-03,"782305,192524764"
2019-04-04,"537013,107063072"
2019-04-05,"373875,4451984"
2019-04-06,"473851,050126571"
2019-04-07,"444016,882851839"
2019-04-08,"768797,185500962"
2019-04-09,"693840,369559167"
2019-04-10,"606311,506637268"
2019-04-11,"635537,814693124"
2019-04-12,"498773,120121095"
2019-04-13,"319551,365676953"
2019-04-14,"338016,886288151"
2019-04-15,"474265,995144681"
2019-04-16,"421940,693286887"
2019-04-17,"385247,812959365"
2019-04-18,"479309,25380169"
2019-04-19,"390322,621675808"
2019-04-20,"315812,477892867"
2019-04-21,"341479,856687172"
2019-04-22,"436286,436824786"
2019-04-23,"495147,967999335"
2019-04-24,"598322,814170823"
2019-04-25,"598724,379679664"
2019-04-26,"1247090,73746658"
2019-04-27,"326139,266138678"
2019-04-28,"362701,128345042"
2019-04-29,"509970,573716005"
2019-04-30,"526827,754101226"
2019-05-01,"571502,658920995"
2019-05-02,"375450,737395843"
2019-05-03,"490794,589865132"
2019-05-04,"336502,376880232"
2019-05-05,"305613,891791144"
2019-05-06,"489838,241857792"
2019-05-07,"600775,274354201"
2019-05-08,"517367,086563629"
2019-05-09,"415171,035266372"
2019-05-10,"404145,891322093"
2019-05-11,"608053,903290759"
2019-05-12,"473990,988016719"
2019-05-13,"576828,452127269"
2019-05-14,"644279,032337767"
2019-05-15,"791441,124692958"
2019-05-16,"993315,662437661"
2019-05-17,"726370,990073552"
2019-05-18,"391504,307447009"
2019-05-19,"440876,474666393"
2019-05-20,"512982,533079728"
2019-05-21,"493495,08493352"
2019-05-22,"525347,05718789"
2019-05-23,"605355,135090301"
2019-05-24,"432021,579652558"
2019-05-25,"332309,799641393"
2019-05-26,"445609,229893048"
2019-05-27,"555014,056960989"
2019-05-28,"438121,066873616"
2019-05-29,"465971,986468811"
2019-05-30,"719070,436614311"
2019-05-31,"759348,001511089"
2019-06-01,"362293,982356787"
2019-06-02,"298410,216715128"
2019-06-03,"504980,803061845"
2019-06-04,"675060,161543418"
2019-06-05,"407125,239855792"
2019-06-06,"383401,167122713"
2019-06-07,"397846,746693847"
2019-06-08,"247803,926104719"
2019-06-09,"392297,444979072"
2019-06-10,"448687,871298204"
2019-06-11,"385462,582410613"
2019-06-12,"436426,642645266"
2019-06-13,"357768,45725016"
2019-06-14,"511241,251676025"
2019-06-15,"388895,219185978"
2019-06-16,"407978,76751154"
2019-06-17,"413097,497568378"
2019-06-18,"493718,534862492"
2019-06-19,"428097,884377105"
2019-06-20,"415590,660699536"
2019-06-21,"516320,513471972"
2019-06-22,"492800,715001234"
2019-06-23,"391015,691296733"
2019-06-24,"446856,732015439"
2019-06-25,"501911,366592607"
2019-06-26,"698872,628680164"
2019-06-27,"798359,123451379"
2019-06-28,"633774,670984598"
2019-06-29,"491648,155024466"
2019-06-30,"428088,838149015"
2019-07-01,"440868,786172163"
2019-07-02,"446306,57006723"
2019-07-03,"382850,656392478"
2019-07-04,"332231,071870699"
2019-07-05,"336265,520885943"
2019-07-06,"202828,20824153"
2019-07-07,"256480,246884412"
2019-07-08,"269821,241424047"
2019-07-09,"345670,744150577"
2019-07-10,"480620,684634466"
2019-07-11,"554548,559625939"
2019-07-12,"425762,524519291"
2019-07-13,"183212,53960592"
2019-07-14,"492539,673173298"
2019-07-15,"653052,565020825"
2019-07-16,"535015,638840431"
2019-07-17,"481766,251926847"
2019-07-18,"430776,760600198"
2019-07-19,"385813,744275237"
2019-07-20,"234809,456718265"
2019-07-21,"186477,758735585"
2019-07-22,"238336,692325173"
2019-07-23,"263164,280345332"
2019-07-24,"278295,783451017"
2019-07-25,"279004,853110237"
2019-07-26,"261571,390109973"
2019-07-27,"208313,361413704"
2019-07-28,"171418,959716563"
2019-07-29,"230278,584040191"
2019-07-30,"256984,540617379"
2019-07-31,"271154,716924484"
2019-08-01,"263117,812963383"
2019-08-02,"280777,663678117"
2019-08-03,"177795,236753509"
2019-08-04,"192028,108315107"
2019-08-05,"347115,269905947"
2019-08-06,"318895,657333386"
2019-08-07,"315028,514183207"
2019-08-08,"288833,33906151"
2019-08-09,"379320,979667752"
2019-08-10,"252039,10440387"
2019-08-11,"233193,587266292"
2019-08-12,"219131,709154794"
2019-08-13,"252558,059998642"
2019-08-14,"438346,152544615"
2019-08-15,"502437,67975997"
2019-08-16,"312450,664501411"
2019-08-17,"192512,766819737"
2019-08-18,"210946,163985021"
2019-08-19,"254157,719185466"
2019-08-20,"248563,93879374"
2019-08-21,"300768,794054087"
2019-08-22,"284592,622092693"
2019-08-23,"247093,37821609"
2019-08-24,"188862,722059466"
2019-08-25,"204640,669426374"
2019-08-26,"262319,714675736"
2019-08-27,"230572,858605211"
2019-08-28,"369117,5533426"
2019-08-29,"313841,463443967"
2019-08-30,"266680,964629565"
2019-08-31,"240904,344595761"
2019-09-01,"163168,342986474"
2019-09-02,"248106,467943022"
2019-09-03,"260968,762819212"
2019-09-04,"346983,288681574"
2019-09-05,"268051,790860116"
2019-09-06,"327214,642988552"
2019-09-07,"282144,615649463"
2019-09-08,"251127,148721119"
2019-09-09,"323297,281640188"
2019-09-10,"295146,599102729"
2019-09-11,"315324,060467867"
2019-09-12,"239117,59920007"
2019-09-13,"204855,304522296"
2019-09-14,"196931,430726049"
2019-09-15,"193941,372335711"
2019-09-16,"367358,609404796"
2019-09-17,"497267,586968006"
2019-09-18,"474816,137494317"
2019-09-19,"342664,33840515"
2019-09-20,"319910,189611104"
2019-09-21,"170028,147684042"
2019-09-22,"158501,721289948"
2019-09-23,"282214,61557034"
2019-09-24,"590412,820882593"
2019-09-25,"533208,23801115"
2019-09-26,"555894,53520534"
2019-09-27,"377021,810015033"
2019-09-28,"233141,817688704"
2019-09-29,"229795,764149265"
2019-09-30,"349582,055273617"
2019-10-01,"310597,852966708"
2019-10-02,"171907,503294526"
2019-10-03,"180971,387469202"
2019-10-04,"170030,641235322"
2019-10-05,"124883,331137246"
2019-10-06,"177838,325481181"
2019-10-07,"268645,721948113"
2019-10-08,"300176,984488373"
2019-10-09,"353261,688762579"
2019-10-10,"235420,470693912"
2019-10-11,"306769,047098555"
2019-10-12,"170831,803558865"
2019-10-13,"135473,156796958"
2019-10-14,"210883,905281986"
2019-10-15,"242870,413374349"
2019-10-16,"242237,605341275"
2019-10-17,"237079,210487663"
2019-10-18,"264564,411995046"
2019-10-19,"129248,357706901"
2019-10-20,"186886,52273802"
2019-10-21,"247574,320487982"
2019-10-22,"261130,386948271"
2019-10-23,"512543,64258156"
2019-10-24,"308597,131873057"
2019-10-25,"377729,623564829"
2019-10-26,"427357,022973238"
2019-10-27,"244687,801892902"
2019-10-28,"343664,75618057"
2019-10-29,"276396,207289523"
2019-10-30,"320676,612822717"
2019-10-31,"222919,718314947"
2019-11-01,"225949,986901467"
2019-11-02,"136078,535647664"
2019-11-03,"136770,615789135"
2019-11-04,"324207,823237206"
2019-11-05,"266895,193200594"
2019-11-06,"240428,543090836"
2019-11-07,"210133,885418116"
2019-11-08,"249157,072807264"
2019-11-09,"111057,042159041"
2019-11-10,"122180,113776263"
2019-11-11,"216515,398480327"
2019-11-12,"306789,727591233"
2019-11-13,"171035,486504911"
2019-11-14,"170649,695631762"
2019-11-15,"302886,502554098"
2019-11-16,"129583,377390662"
2019-11-17,"129664,499888628"
2019-11-18,"262000,559550919"
2019-11-19,"196667,427130458"
2019-11-20,"203971,81060746"
2019-11-21,"422522,781701595"
2019-11-22,"658024,123634806"
2019-11-23,"272928,257712356"
2019-11-24,"192463,779501442"
2019-11-25,"521576,958304886"
2019-11-26,"203253,982278313"
2019-11-27,"360923,004195922"
2019-11-28,"231022,068170802"
2019-11-29,"227666,531900819"
2019-11-30,"162135,695409537"
2019-12-01,"149424,547659169"
2019-12-02,"196142,489956294"
2019-12-03,"234522,894993905"
2019-12-04,"255685,270051629"
2019-12-05,"202058,38859384"
2019-12-06,"209449,103616255"
2019-12-07,"141071,302517575"
2019-12-08,"105706,90654327"
2019-12-09,"188600,063285438"
2019-12-10,"189547,045399373"
2019-12-11,"138113,114252448"
2019-12-12,"179132,148764673"
2019-12-13,"148044,013330448"
2019-12-14,"113490,012328311"
2019-12-15,"101377,162247345"
2019-12-16,"293396,008291733"
2019-12-17,"380074,082962229"
2019-12-18,"381305,236664045"
2019-12-19,"343333,073682717"
2019-12-20,"181475,776192755"
2019-12-21,"97792,4202924447"
2019-12-22,"126539,391175291"
2019-12-23,"279959,910261607"
2019-12-24,"223209,747343186"
2019-12-25,"269211,445141507"
2019-12-26,"200722,16069952"
2019-12-27,"198564,373155391"
2019-12-28,"152234,428448671"
2019-12-29,"245577,037158859"
2019-12-30,"234451,637446956"
2019-12-31,"210065,260657157"
2020-01-01,"120068,397594508"
2020-01-02,"164995,792505202"
2020-01-03,"297353,668595323"
2020-01-04,"159646,821193251"
2020-01-05,"210485,085514938"
2020-01-06,"245245,879024194"
2020-01-07,"278765,019692603"
2020-01-08,"297098,766705858"
2020-01-09,"284728,552871376"
2020-01-10,"226831,176072896"
2020-01-11,"269782,271215869"
2020-01-12,"156219,831992879"
2020-01-13,"283102,869266232"
2020-01-14,"506158,634056871"
2020-01-15,"423074,919734235"
2020-01-16,"261608,318005299"
2020-01-17,"319036,100110806"
2020-01-18,"599274,202890347"
2020-01-19,"275419,602614355"
2020-01-20,"192301,845461927"
2020-01-21,"184347,501459405"
2020-01-22,"175020,034306786"
2020-01-23,"230480,518654056"
2020-01-24,"184860,900439073"
2020-01-25,"87116,9762560381"
2020-01-26,"127694,014847448"
2020-01-27,"222328,133404071"
2020-01-28,"240126,248388591"
2020-01-29,"227496,321582643"
2020-01-30,"266731,120755143"
2020-01-31,"312270,23466046"
2020-02-01,"156363,837428046"
2020-02-02,"243148,516798586"
2020-02-03,"261433,684892967"
2020-02-04,"245254,352541159"
2020-02-05,"330479,395037361"
2020-02-06,"436957,368745077"
2020-02-07,"392572,458095924"
2020-02-08,"306080,017674624"
2020-02-09,"290124,592356281"
2020-02-10,"314049,106905749"
2020-02-11,"308403,29607132"
2020-02-12,"563899,607132362"
2020-02-13,"501270,755050186"
2020-02-14,"387927,100033108"
2020-02-15,"399936,296282113"
2020-02-16,"377397,903337066"
2020-02-17,"461956,756043384"
2020-02-18,"468572,589375562"
2020-02-19,"386035,427784096"
2020-02-20,"528715,325543509"
2020-02-21,"301128,664427548"
2020-02-22,"170467,760402888"
2020-02-23,"274613,706958728"
2020-02-24,"330403,031208473"
2020-02-25,"330216,475003414"
2020-02-26,"520951,83113371"
2020-02-27,"455308,217717133"
2020-02-28,"331134,304398686"
2020-02-29,"192282,926985829"
2020-03-01,"350691,352633164"
2020-03-02,"410973,655013564"
2020-03-03,"374448,742793001"
2020-03-04,"310003,334569428"
2020-03-05,"372958,912803"
2020-03-06,"388649,542040013"
2020-03-07,"232600,653654715"
2020-03-08,"521744,496445992"
2020-03-09,"784175,193775877"
2020-03-10,"468098,8614111"
2020-03-11,"402870,806436355"
2020-03-12,"1334404,05997723"
2020-03-13,"1475820,96720152"
2020-03-14,"639230,670817047"
2020-03-15,"593824,780423477"
2020-03-16,"1089891,50653102"
2020-03-17,"563084,489266258"
2020-03-18,"515274,825279622"
2020-03-19,"809626,301343867"
2020-03-20,"777765,874562697"
2020-03-21,"342463,662510863"
2020-03-22,"425022,679811183"
2020-03-23,"504190,651591858"
2020-03-24,"675094,328570023"
2020-03-25,"431324,79776412"
2020-03-26,"422282,82014346"
2020-03-27,"370691,770242612"
2020-03-28,"405259,85690137"
2020-03-29,"244755,361902621"
2020-03-30,"299627,614816914"
2020-03-31,"299706,055355821"
2020-04-01,"256238,654403418"
2020-04-02,"448302,41746667"
2020-04-03,"394321,1465223"
2020-04-04,"238685,509569209"
2020-04-05,"166064,269057045"
2020-04-06,"612472,976006355"
2020-04-07,"524155,331677097"
2020-04-08,"301112,853536825"
2020-04-09,"252671,463548688"
2020-04-10,"680993,280235017"
2020-04-11,"267296,754537331"
2020-04-12,"327270,074911871"
2020-04-13,"465606,69836175"
2020-04-14,"254356,017475187"
2020-04-15,"324239,881377713"
2020-04-16,"644154,967208211"
2020-04-17,"332241,486738596"
2020-04-18,"413845,932238697"
2020-04-19,"279298,334947878"
2020-04-20,"489823,986630689"
2020-04-21,"318088,43593573"
2020-04-22,"358470,840354643"
2020-04-23,"478755,696647344"
2020-04-24,"446677,558917254"
2020-04-25,"312690,649985618"
2020-04-26,"271325,325187751"
2020-04-27,"376316,400917276"
2020-04-28,"275620,607328538"
2020-04-29,"610705,972738215"
2020-04-30,"568609,831878996"
2020-05-01,"324460,473428568"
2020-05-02,"231970,456649125"
2020-05-03,"297832,374574307"
2020-05-04,"354439,87370384"
2020-05-05,"321003,288790933"
2020-05-06,"338566,518353072"
2020-05-07,"469544,445352046"
2020-05-08,"354877,460293155"
2020-05-09,"246104,593136262"
2020-05-10,"718533,344107397"
2020-05-11,"437205,631484981"
2020-05-12,"459025,142887104"
2020-05-13,"449413,021230967"
2020-05-14,"413097,124457318"
2020-05-15,"314343,263631636"
2020-05-16,"237855,380404171"
2020-05-17,"217932,279505553"
2020-05-18,"351392,302360341"
2020-05-19,"276914,859299665"
2020-05-20,"314977,549417085"
2020-05-21,"486913,716166842"
2020-05-22,"337968,639502166"
2020-05-23,"205366,069105446"
2020-05-24,"203820,421043961"
2020-05-25,"233998,072313656"
2020-05-26,"300989,13238084"
2020-05-27,"260674,3745113"
2020-05-28,"391749,293329043"
2020-05-29,"420159,755834805"
2020-05-30,"373017,108221493"
2020-05-31,"366191,838372878"
2020-06-01,"335840,101400544"
2020-06-02,"521838,533109902"
2020-06-03,"280232,951908765"
2020-06-04,"280834,788516129"
2020-06-05,"268907,536853164"
2020-06-06,"180657,03092166"
2020-06-07,"224649,726408174"
2020-06-08,"230406,813975365"
2020-06-09,"313847,376706673"
2020-06-10,"310526,810493813"
2020-06-11,"446459,426410849"
2020-06-12,"319809,859108032"
2020-06-13,"124394,522619132"
2020-06-14,"147994,332928732"
2020-06-15,"346413,656227847"
2020-06-16,"276900,485519105"
2020-06-17,"251860,628778244"
2020-06-18,"337496,299300415"
2020-06-19,"265625,026908192"
2020-06-20,"141884,852628483"
2020-06-21,"152757,554684173"
2020-06-22,"421053,206479903"
2020-06-23,"235583,193363374"
2020-06-24,"383647,258383719"
2020-06-25,"252996,033328654"
2020-06-26,"245464,60648156"
2020-06-27,"307667,380588281"
2020-06-28,"245987,182802605"
2020-06-29,"234824,669084907"
2020-06-30,"215820,050579144"
2020-07-01,"272672,687725719"
2020-07-02,"247968,043558126"
2020-07-03,"281866,39998233"
2020-07-04,"150920,312863024"
2020-07-05,"153674,397219722"
2020-07-06,"362299,384223291"
2020-07-07,"288684,212295568"
2020-07-08,"441632,737329449"
2020-07-09,"354440,608818087"
2020-07-10,"230058,165320647"
2020-07-11,"161832,854532814"
2020-07-12,"197155,088798391"
2020-07-13,"410525,750069396"
2020-07-14,"351377,467091556"
2020-07-15,"222250,249272055"
2020-07-16,"301417,902073557"
2020-07-17,"237982,410276217"
2020-07-18,"189253,27817813"
2020-07-19,"229759,429851465"
2020-07-20,"286179,980748202"
2020-07-21,"418793,541538323"
2020-07-22,"448314,634164035"
2020-07-23,"586535,514380573"
2020-07-24,"441385,43757346"
2020-07-25,"490623,450025572"
2020-07-26,"534487,520587893"
2020-07-27,"749579,83722923"
2020-07-28,"474232,259189462"
2020-07-29,"419156,682900593"
2020-07-30,"464712,148713927"
2020-07-31,"478122,930074321"
2020-08-01,"484642,792656843"
2020-08-02,"571605,138881893"
2020-08-03,"413414,622129849"
2020-08-04,"422032,673460991"
2020-08-05,"415383,485173912"
2020-08-06,"387926,564356377"
2020-08-07,"464304,214446527"
2020-08-08,"272415,668409948"
2020-08-09,"328967,900120659"
2020-08-10,"490437,319388356"
2020-08-11,"432827,738745307"
2020-08-12,"570541,368399888"
2020-08-13,"590488,362855901"
2020-08-14,"548233,03401723"
2020-08-15,"319084,90151123"
2020-08-16,"308601,708446633"
2020-08-17,"479368,143908163"
2020-08-18,"436477,58758816"
2020-08-19,"438277,325692172"
2020-08-20,"460660,27943829"
2020-08-21,"471493,490672755"
2020-08-22,"305742,615990436"
2020-08-23,"203847,108205659"
2020-08-24,"405140,804700726"
2020-08-25,"497251,341503546"
2020-08-26,"389693,23849712"
2020-08-27,"334926,506045743"
2020-08-28,"467458,366897514"
2020-08-29,"346931,990008871"
2020-08-30,"611971,930921839"
2020-08-31,"914304,306975061"
2020-09-01,"1116452,95899748"
2020-09-02,"944066,387524475"
2020-09-03,"991374,03678939"
2020-09-04,"948716,519213914"
2020-09-05,"874143,117772269"
2020-09-06,"791587,527247759"
2020-09-07,"558558,004592269"
2020-09-08,"550201,93297246"
2020-09-09,"506610,904565037"
2020-09-10,"770472,486600179"
2020-09-11,"476865,186325893"
2020-09-12,"419072,233945259"
2020-09-13,"419356,549808732"
2020-09-14,"597727,516400198"
2020-09-15,"517359,89910541"
2020-09-16,"544940,056547633"
2020-09-17,"742257,962181685"
2020-09-18,"736346,007688923"
2020-09-19,"377717,218697498"
2020-09-20,"422055,593759173"
2020-09-21,"647271,998822709"
2020-09-22,"508097,955301879"
2020-09-23,"524116,752670144"
2020-09-24,"394033,793403342"
2020-09-25,"413234,250188987"
2020-09-26,"315230,546693627"
2020-09-27,"423971,386713319"
2020-09-28,"370034,190692915"
2020-09-29,"344557,293522185"
2020-09-30,"344374,626625277"
2020-10-01,"382283,398530496"
2020-10-02,"433638,178390582"
2020-10-03,"181137,540578149"
2020-10-04,"200821,942616143"
2020-10-05,"236805,280511091"
2020-10-06,"276424,355482403"
2020-10-07,"336704,588398779"
2020-10-08,"302528,186934148"
2020-10-09,"331197,952326869"
2020-10-10,"225293,305577307"
2020-10-11,"186597,555914461"
2020-10-12,"373682,098946065"
2020-10-13,"349006,289308217"
2020-10-14,"290820,353464402"
2020-10-15,"269921,525888567"
2020-10-16,"443472,642558074"
2020-10-17,"195264,505271943"
2020-10-18,"155830,947494648"
2020-10-19,"268318,947606313"
2020-10-20,"305845,152680878"
2020-10-21,"459876,272946098"
2020-10-22,"414837,735432664"
2020-10-23,"272118,976425733"
2020-10-24,"186821,987426431"
2020-10-25,"180921,773116013"
2020-10-26,"346924,115782029"
2020-10-27,"329741,763763115"
2020-10-28,"307244,772056921"
2020-10-29,"273383,527304569"
2020-10-30,"405308,608153497"
2020-10-31,"209668,501126191"
2020-11-01,"140102,228145269"
2020-11-02,"622968,234205054"
2020-11-03,"428719,810138759"
2020-11-04,"654657,478999408"
2020-11-05,"513283,485296144"
2020-11-06,"517919,127133835"
2020-11-07,"454743,341355055"
2020-11-08,"230894,619423246"
2020-11-09,"379270,366089872"
2020-11-10,"369986,649054307"
2020-11-11,"306333,757952406"
2020-11-12,"389299,352138134"
2020-11-13,"336736,489005643"
2020-11-14,"272270,215791813"
2020-11-15,"201387,131792839"
2020-11-16,"346161,312087708"
2020-11-17,"415931,889022483"
2020-11-18,"542976,872095177"
2020-11-19,"466148,343551886"
2020-11-20,"442661,843336583"
2020-11-21,"455776,556848212"
2020-11-22,"424473,16829985"
2020-11-23,"570321,043279559"
2020-11-24,"654874,368429125"
2020-11-25,"407783,663861879"
2020-11-26,"792582,851630456"
2020-11-27,"409249,865970393"
2020-11-28,"304990,170171168"
2020-11-29,"219479,390143764"
2020-11-30,"503205,312762156"
2020-12-01,"561502,117598167"
2020-12-02,"349756,070665804"
2020-12-03,"296673,844354183"
2020-12-04,"370084,394461442"
2020-12-05,"292882,313222324"
2020-12-06,"238514,112213968"
2020-12-07,"380446,771475897"
2020-12-08,"274921,556477764"
2020-12-09,"412847,113479008"
2020-12-10,"351401,301577596"
2020-12-11,"422196,518278509"
2020-12-12,"245689,798708702"
2020-12-13,"246001,13470456"
2020-12-14,"289277,246083922"
2020-12-15,"276167,127957226"
2020-12-16,"413195,84554909"
2020-12-17,"657398,583846762"
2020-12-18,"429382,781722052"
2020-12-19,"558019,311102977"
2020-12-20,"291526,935174828"
2020-12-21,"499802,953112536"
2020-12-22,"515076,014073699"
2020-12-23,"453686,838135169"
2020-12-24,"447437,630299718"
2020-12-25,"282180,608065636"
2020-12-26,"331016,409359196"
