Date,distribution/balance_1pct_holders
2015-07-30,0.494635
2015-07-31,0.495774
2015-08-01,0.49697
2015-08-02,0.498162
2015-08-03,0.499354
2015-08-04,0.499157
2015-08-05,0.500352
2015-08-06,0.500164
2015-08-07,0.515634
2015-08-08,0.427112
2015-08-09,0.434502
2015-08-10,0.439678
2015-08-11,0.444132
2015-08-12,0.450447
2015-08-13,0.458712
2015-08-14,0.470955
2015-08-15,0.474542
2015-08-16,0.479116
2015-08-17,0.477904
2015-08-18,0.483673
2015-08-19,0.489133
2015-08-20,0.491046
2015-08-21,0.492996
2015-08-22,0.49675
2015-08-23,0.498762
2015-08-24,0.500158
2015-08-25,0.500556
2015-08-26,0.502029
2015-08-27,0.504095
2015-08-28,0.505097
2015-08-29,0.505629
2015-08-30,0.507664
2015-08-31,0.508608
2015-09-01,0.510199
2015-09-02,0.511598
2015-09-03,0.512521
2015-09-04,0.513881
2015-09-05,0.51475
2015-09-06,0.514774
2015-09-07,0.516769
2015-09-08,0.516735
2015-09-09,0.511499
2015-09-10,0.511158
2015-09-11,0.512687
2015-09-12,0.513556
2015-09-13,0.514158
2015-09-14,0.51519
2015-09-15,0.518978
2015-09-16,0.518432
2015-09-17,0.517808
2015-09-18,0.517906
2015-09-19,0.519277
2015-09-20,0.519254
2015-09-21,0.520326
2015-09-22,0.520187
2015-09-23,0.520738
2015-09-24,0.521908
2015-09-25,0.522738
2015-09-26,0.522355
2015-09-27,0.522483
2015-09-28,0.524033
2015-09-29,0.524754
2015-09-30,0.526127
2015-10-01,0.526476
2015-10-02,0.527412
2015-10-03,0.528056
2015-10-04,0.526936
2015-10-05,0.527271
2015-10-06,0.52861
2015-10-07,0.529526
2015-10-08,0.529307
2015-10-09,0.530284
2015-10-10,0.530419
2015-10-11,0.530518
2015-10-12,0.531549
2015-10-13,0.532482
2015-10-14,0.534707
2015-10-15,0.536038
2015-10-16,0.536942
2015-10-17,0.537019
2015-10-18,0.537893
2015-10-19,0.540036
2015-10-20,0.541539
2015-10-21,0.544807
2015-10-22,0.545568
2015-10-23,0.545369
2015-10-24,0.547407
2015-10-25,0.548878
2015-10-26,0.55107
2015-10-27,0.553037
2015-10-28,0.554583
2015-10-29,0.558051
2015-10-30,0.559433
2015-10-31,0.562482
2015-11-01,0.565
2015-11-02,0.566719
2015-11-03,0.567576
2015-11-04,0.56953
2015-11-05,0.571278
2015-11-06,0.568406
2015-11-07,0.575368
2015-11-08,0.573475
2015-11-09,0.581183
2015-11-10,0.579631
2015-11-11,0.579199
2015-11-12,0.580023
2015-11-13,0.578875
2015-11-14,0.578809
2015-11-15,0.579416
2015-11-16,0.579474
2015-11-17,0.578651
2015-11-18,0.580503
2015-11-19,0.580657
2015-11-20,0.579932
2015-11-21,0.58032
2015-11-22,0.583005
2015-11-23,0.581075
2015-11-24,0.578115
2015-11-25,0.578532
2015-11-26,0.575926
2015-11-27,0.579197
2015-11-28,0.579978
2015-11-29,0.580213
2015-11-30,0.581072
2015-12-01,0.581346
2015-12-02,0.58124
2015-12-03,0.581986
2015-12-04,0.582599
2015-12-05,0.58337
2015-12-06,0.583847
2015-12-07,0.585101
2015-12-08,0.585146
2015-12-09,0.585758
2015-12-10,0.586123
2015-12-11,0.586511
2015-12-12,0.588769
2015-12-13,0.589246
2015-12-14,0.591385
2015-12-15,0.591571
2015-12-16,0.586753
2015-12-17,0.588285
2015-12-18,0.589041
2015-12-19,0.58964
2015-12-20,0.589989
2015-12-21,0.590975
2015-12-22,0.591431
2015-12-23,0.59163
2015-12-24,0.591959
2015-12-25,0.591842
2015-12-26,0.592043
2015-12-27,0.59249
2015-12-28,0.593308
2015-12-29,0.592714
2015-12-30,0.593294
2015-12-31,0.593415
2016-01-01,0.594713
2016-01-02,0.594616
2016-01-03,0.595783
2016-01-04,0.595772
2016-01-05,0.594917
2016-01-06,0.596999
2016-01-07,0.597711
2016-01-08,0.598581
2016-01-09,0.599763
2016-01-10,0.600127
2016-01-11,0.601231
2016-01-12,0.601225
2016-01-13,0.601001
2016-01-14,0.602035
2016-01-15,0.602211
2016-01-16,0.603787
2016-01-17,0.604007
2016-01-18,0.603792
2016-01-19,0.60376
2016-01-20,0.604338
2016-01-21,0.604599
2016-01-22,0.605391
2016-01-23,0.606644
2016-01-24,0.606735
2016-01-25,0.608377
2016-01-26,0.61096
2016-01-27,0.611798
2016-01-28,0.613797
2016-01-29,0.615952
2016-01-30,0.618518
2016-01-31,0.619237
2016-02-01,0.619699
2016-02-02,0.62073
2016-02-03,0.622059
2016-02-04,0.623629
2016-02-05,0.625429
2016-02-06,0.626541
2016-02-07,0.62554
2016-02-08,0.62595
2016-02-09,0.626189
2016-02-10,0.628713
2016-02-11,0.633664
2016-02-12,0.635639
2016-02-13,0.638884
2016-02-14,0.640831
2016-02-15,0.642682
2016-02-16,0.646197
2016-02-17,0.648539
2016-02-18,0.649575
2016-02-19,0.650843
2016-02-20,0.650551
2016-02-21,0.654838
2016-02-22,0.65545
2016-02-23,0.657443
2016-02-24,0.658344
2016-02-25,0.660277
2016-02-26,0.656586
2016-02-27,0.657796
2016-02-28,0.660849
2016-02-29,0.664785
2016-03-01,0.668832
2016-03-02,0.664828
2016-03-03,0.666803
2016-03-04,0.670452
2016-03-05,0.673635
2016-03-06,0.68124
2016-03-07,0.684157
2016-03-08,0.688064
2016-03-09,0.691545
2016-03-10,0.694238
2016-03-11,0.694221
2016-03-12,0.695831
2016-03-13,0.696497
2016-03-14,0.698709
2016-03-15,0.699942
2016-03-16,0.699778
2016-03-17,0.701207
2016-03-18,0.703877
2016-03-19,0.703658
2016-03-20,0.705543
2016-03-21,0.705231
2016-03-22,0.70595
2016-03-23,0.705939
2016-03-24,0.706357
2016-03-25,0.707409
2016-03-26,0.708281
2016-03-27,0.708845
2016-03-28,0.709599
2016-03-29,0.708732
2016-03-30,0.710273
2016-03-31,0.710549
2016-04-01,0.710936
2016-04-02,0.711367
2016-04-03,0.712335
2016-04-04,0.712668
2016-04-05,0.714058
2016-04-06,0.714994
2016-04-07,0.715865
2016-04-08,0.717181
2016-04-09,0.717512
2016-04-10,0.718781
2016-04-11,0.719502
2016-04-12,0.721107
2016-04-13,0.721209
2016-04-14,0.722152
2016-04-15,0.722037
2016-04-16,0.72315
2016-04-17,0.723501
2016-04-18,0.72438
2016-04-19,0.724512
2016-04-20,0.725672
2016-04-21,0.726494
2016-04-22,0.727386
2016-04-23,0.728537
2016-04-24,0.729118
2016-04-25,0.729151
2016-04-26,0.7297
2016-04-27,0.730294
2016-04-28,0.73096
2016-04-29,0.731689
2016-04-30,0.73221
2016-05-01,0.73296
2016-05-02,0.73632
2016-05-03,0.73739
2016-05-04,0.7388
2016-05-05,0.739327
2016-05-06,0.739074
2016-05-07,0.739923
2016-05-08,0.741353
2016-05-09,0.743857
2016-05-10,0.745303
2016-05-11,0.749398
2016-05-12,0.753084
2016-05-13,0.754407
2016-05-14,0.761435
2016-05-15,0.763399
2016-05-16,0.765137
2016-05-17,0.766257
2016-05-18,0.770149
2016-05-19,0.771521
2016-05-20,0.773853
2016-05-21,0.775012
2016-05-22,0.775245
2016-05-23,0.776574
2016-05-24,0.776629
2016-05-25,0.778364
2016-05-26,0.779121
2016-05-27,0.782105
2016-05-28,0.787202
2016-05-29,0.787966
2016-05-30,0.788357
2016-05-31,0.789647
2016-06-01,0.790627
2016-06-02,0.791308
2016-06-03,0.79176
2016-06-04,0.792435
2016-06-05,0.792638
2016-06-06,0.793083
2016-06-07,0.796235
2016-06-08,0.797766
2016-06-09,0.797903
2016-06-10,0.798698
2016-06-11,0.799532
2016-06-12,0.799646
2016-06-13,0.800892
2016-06-14,0.801203
2016-06-15,0.801339
2016-06-16,0.803496
2016-06-17,0.808556
2016-06-18,0.814718
2016-06-19,0.815662
2016-06-20,0.817678
2016-06-21,0.818212
2016-06-22,0.818754
2016-06-23,0.820144
2016-06-24,0.819916
2016-06-25,0.820606
2016-06-26,0.822082
2016-06-27,0.822243
2016-06-28,0.822714
2016-06-29,0.823141
2016-06-30,0.823586
2016-07-01,0.823934
2016-07-02,0.824577
2016-07-03,0.825095
2016-07-04,0.825991
2016-07-05,0.827921
2016-07-06,0.829662
2016-07-07,0.830157
2016-07-08,0.830204
2016-07-09,0.830323
2016-07-10,0.830586
2016-07-11,0.830827
2016-07-12,0.831145
2016-07-13,0.832288
2016-07-14,0.833211
2016-07-15,0.836134
2016-07-16,0.835829
2016-07-17,0.835502
2016-07-18,0.834459
2016-07-19,0.858042
2016-07-20,0.856525
2016-07-21,0.853319
2016-07-22,0.852909
2016-07-23,0.852945
2016-07-24,0.855945
2016-07-25,0.859156
2016-07-26,0.865728
2016-07-27,0.866236
2016-07-28,0.868272
2016-07-29,0.868353
2016-07-30,0.86885
2016-07-31,0.868941
2016-08-01,0.870086
2016-08-02,0.872614
2016-08-03,0.872698
2016-08-04,0.872525
2016-08-05,0.873306
2016-08-06,0.872938
2016-08-07,0.872876
2016-08-08,0.873442
2016-08-09,0.87427
2016-08-10,0.87424
2016-08-11,0.875001
2016-08-12,0.874245
2016-08-13,0.874067
2016-08-14,0.8739
2016-08-15,0.873872
2016-08-16,0.873609
2016-08-17,0.874127
2016-08-18,0.874162
2016-08-19,0.874499
2016-08-20,0.875241
2016-08-21,0.875853
2016-08-22,0.875674
2016-08-23,0.876537
2016-08-24,0.876328
2016-08-25,0.876205
2016-08-26,0.877102
2016-08-27,0.878453
2016-08-28,0.878504
2016-08-29,0.878778
2016-08-30,0.878968
2016-08-31,0.879187
2016-09-01,0.878962
2016-09-02,0.880303
2016-09-03,0.880288
2016-09-04,0.880421
2016-09-05,0.880371
2016-09-06,0.880429
2016-09-07,0.88106
2016-09-08,0.881979
2016-09-09,0.882186
2016-09-10,0.882168
2016-09-11,0.882251
2016-09-12,0.882532
2016-09-13,0.882408
2016-09-14,0.882668
2016-09-15,0.882436
2016-09-16,0.882881
2016-09-17,0.882455
2016-09-18,0.881948
2016-09-19,0.882847
2016-09-20,0.883743
2016-09-21,0.885973
2016-09-22,0.885816
2016-09-23,0.886131
2016-09-24,0.885996
2016-09-25,0.885985
2016-09-26,0.886215
2016-09-27,0.886343
2016-09-28,0.886438
2016-09-29,0.88587
2016-09-30,0.886168
2016-10-01,0.886595
2016-10-02,0.888601
2016-10-03,0.888774
2016-10-04,0.889188
2016-10-05,0.889059
2016-10-06,0.889828
2016-10-07,0.890476
2016-10-08,0.891235
2016-10-09,0.893523
2016-10-10,0.899059
2016-10-11,0.900304
2016-10-12,0.900134
2016-10-13,0.899932
2016-10-14,0.90011
2016-10-15,0.900499
2016-10-16,0.900493
2016-10-17,0.90106
2016-10-18,0.901301
2016-10-19,0.901323
2016-10-20,0.901147
2016-10-21,0.900498
2016-10-22,0.901435
2016-10-23,0.901451
2016-10-24,0.901631
2016-10-25,0.901806
2016-10-26,0.90185
2016-10-27,0.902238
2016-10-28,0.902832
2016-10-29,0.903465
2016-10-30,0.904956
2016-10-31,0.906519
2016-11-01,0.907594
2016-11-02,0.908402
2016-11-03,0.908065
2016-11-04,0.907696
2016-11-05,0.908637
2016-11-06,0.908438
2016-11-07,0.908888
2016-11-08,0.909009
2016-11-09,0.909581
2016-11-10,0.909268
2016-11-11,0.909698
2016-11-12,0.910425
2016-11-13,0.91061
2016-11-14,0.91059
2016-11-15,0.910628
2016-11-16,0.911295
2016-11-17,0.910692
2016-11-18,0.910957
2016-11-19,0.910935
2016-11-20,0.91072
2016-11-21,0.911101
2016-11-22,0.910432
2016-11-23,0.904302
2016-11-24,0.903993
2016-11-25,0.903325
2016-11-26,0.903228
2016-11-27,0.903016
2016-11-28,0.903132
2016-11-29,0.903332
2016-11-30,0.902994
2016-12-01,0.902987
2016-12-02,0.90401
2016-12-03,0.90538
2016-12-04,0.905783
2016-12-05,0.906249
2016-12-06,0.907358
2016-12-07,0.906824
2016-12-08,0.906475
2016-12-09,0.907962
2016-12-10,0.907924
2016-12-11,0.908323
2016-12-12,0.908273
2016-12-13,0.908075
2016-12-14,0.907979
2016-12-15,0.908441
2016-12-16,0.908097
2016-12-17,0.908483
2016-12-18,0.908112
2016-12-19,0.908059
2016-12-20,0.908129
2016-12-21,0.909087
2016-12-22,0.910676
2016-12-23,0.910742
2016-12-24,0.910922
2016-12-25,0.910677
2016-12-26,0.910494
2016-12-27,0.910359
2016-12-28,0.91092
2016-12-29,0.911359
2016-12-30,0.911269
2016-12-31,0.911645
2017-01-01,0.91134
2017-01-02,0.911303
2017-01-03,0.911138
2017-01-04,0.911908
2017-01-05,0.91248
2017-01-06,0.913428
2017-01-07,0.913319
2017-01-08,0.912789
2017-01-09,0.912898
2017-01-10,0.912464
2017-01-11,0.912985
2017-01-12,0.913136
2017-01-13,0.913102
2017-01-14,0.91276
2017-01-15,0.912465
2017-01-16,0.912986
2017-01-17,0.912926
2017-01-18,0.912712
2017-01-19,0.913024
2017-01-20,0.913984
2017-01-21,0.914497
2017-01-22,0.914348
2017-01-23,0.914501
2017-01-24,0.914353
2017-01-25,0.91433
2017-01-26,0.914132
2017-01-27,0.91419
2017-01-28,0.914205
2017-01-29,0.91411
2017-01-30,0.914218
2017-01-31,0.913882
2017-02-01,0.913689
2017-02-02,0.913723
2017-02-03,0.913354
2017-02-04,0.913654
2017-02-05,0.91418
2017-02-06,0.915171
2017-02-07,0.91457
2017-02-08,0.914301
2017-02-09,0.913809
2017-02-10,0.914342
2017-02-11,0.914033
2017-02-12,0.913823
2017-02-13,0.914593
2017-02-14,0.915751
2017-02-15,0.915902
2017-02-16,0.916078
2017-02-17,0.917023
2017-02-18,0.91729
2017-02-19,0.917239
2017-02-20,0.917168
2017-02-21,0.916998
2017-02-22,0.91685
2017-02-23,0.916442
2017-02-24,0.916447
2017-02-25,0.915933
2017-02-26,0.915971
2017-02-27,0.91512
2017-02-28,0.91526
2017-03-01,0.915245
2017-03-02,0.915458
2017-03-03,0.915995
2017-03-04,0.916391
2017-03-05,0.916446
2017-03-06,0.916342
2017-03-07,0.916355
2017-03-08,0.916735
2017-03-09,0.916897
2017-03-10,0.919617
2017-03-11,0.919108
2017-03-12,0.919413
2017-03-13,0.9182
2017-03-14,0.917638
2017-03-15,0.917419
2017-03-16,0.918865
2017-03-17,0.919428
2017-03-18,0.919697
2017-03-19,0.919663
2017-03-20,0.919203
2017-03-21,0.920369
2017-03-22,0.920118
2017-03-23,0.919685
2017-03-24,0.920594
2017-03-25,0.920469
2017-03-26,0.920372
2017-03-27,0.920637
2017-03-28,0.920549
2017-03-29,0.920297
2017-03-30,0.919496
2017-03-31,0.921147
2017-04-01,0.921412
2017-04-02,0.921861
2017-04-03,0.922522
2017-04-04,0.923256
2017-04-05,0.924514
2017-04-06,0.924678
2017-04-07,0.924483
2017-04-08,0.925114
2017-04-09,0.924976
2017-04-10,0.92522
2017-04-11,0.925627
2017-04-12,0.925584
2017-04-13,0.925618
2017-04-14,0.925785
2017-04-15,0.926274
2017-04-16,0.926332
2017-04-17,0.926166
2017-04-18,0.92573
2017-04-19,0.925765
2017-04-20,0.925543
2017-04-21,0.925937
2017-04-22,0.926314
2017-04-23,0.926187
2017-04-24,0.926284
2017-04-25,0.926266
2017-04-26,0.926407
2017-04-27,0.926426
2017-04-28,0.926121
2017-04-29,0.925867
2017-04-30,0.926383
2017-05-01,0.926428
2017-05-02,0.926759
2017-05-03,0.926273
2017-05-04,0.92494
2017-05-05,0.924543
2017-05-06,0.924524
2017-05-07,0.924675
2017-05-08,0.924566
2017-05-09,0.924681
2017-05-10,0.923982
2017-05-11,0.92389
2017-05-12,0.924119
2017-05-13,0.92395
2017-05-14,0.923931
2017-05-15,0.923722
2017-05-16,0.923371
2017-05-17,0.923506
2017-05-18,0.92327
2017-05-19,0.92267
2017-05-20,0.922717
2017-05-21,0.922994
2017-05-22,0.922456
2017-05-23,0.92209
2017-05-24,0.922981
2017-05-25,0.92287
2017-05-26,0.923629
2017-05-27,0.92395
2017-05-28,0.923574
2017-05-29,0.923445
2017-05-30,0.922699
2017-05-31,0.919901
2017-06-01,0.923274
2017-06-02,0.923235
2017-06-03,0.923238
2017-06-04,0.922951
2017-06-05,0.923331
2017-06-06,0.923325
2017-06-07,0.923606
2017-06-08,0.923269
2017-06-09,0.922855
2017-06-10,0.922131
2017-06-11,0.922
2017-06-12,0.924221
2017-06-13,0.925107
2017-06-14,0.925425
2017-06-15,0.925957
2017-06-16,0.925852
2017-06-17,0.925964
2017-06-18,0.925868
2017-06-19,0.925074
2017-06-20,0.92277
2017-06-21,0.924094
2017-06-22,0.925515
2017-06-23,0.928297
2017-06-24,0.927386
2017-06-25,0.928056
2017-06-26,0.932294
2017-06-27,0.933526
2017-06-28,0.933764
2017-06-29,0.934189
2017-06-30,0.935327
2017-07-01,0.934688
2017-07-02,0.935858
2017-07-03,0.937119
2017-07-04,0.937309
2017-07-05,0.937457
2017-07-06,0.937728
2017-07-07,0.937625
2017-07-08,0.937964
2017-07-09,0.937884
2017-07-10,0.939645
2017-07-11,0.940364
2017-07-12,0.941727
2017-07-13,0.942071
2017-07-14,0.941967
2017-07-15,0.942712
2017-07-16,0.942556
2017-07-17,0.942826
2017-07-18,0.942822
2017-07-19,0.943541
2017-07-20,0.943809
2017-07-21,0.943169
2017-07-22,0.943181
2017-07-23,0.943081
2017-07-24,0.943068
2017-07-25,0.942742
2017-07-26,0.942722
2017-07-27,0.942811
2017-07-28,0.942683
2017-07-29,0.943115
2017-07-30,0.943126
2017-07-31,0.944083
2017-08-01,0.943803
2017-08-02,0.944058
2017-08-03,0.944422
2017-08-04,0.944087
2017-08-05,0.944308
2017-08-06,0.943894
2017-08-07,0.944117
2017-08-08,0.944155
2017-08-09,0.945006
2017-08-10,0.945114
2017-08-11,0.945045
2017-08-12,0.944759
2017-08-13,0.944355
2017-08-14,0.944033
2017-08-15,0.94335
2017-08-16,0.943216
2017-08-17,0.942158
2017-08-18,0.942688
2017-08-19,0.943115
2017-08-20,0.944775
2017-08-21,0.944486
2017-08-22,0.944923
2017-08-23,0.944604
2017-08-24,0.944209
2017-08-25,0.944301
2017-08-26,0.944319
2017-08-27,0.943879
2017-08-28,0.943683
2017-08-29,0.943685
2017-08-30,0.943049
2017-08-31,0.943317
2017-09-01,0.943211
2017-09-02,0.943322
2017-09-03,0.943482
2017-09-04,0.944785
2017-09-05,0.945108
2017-09-06,0.943882
2017-09-07,0.943903
2017-09-08,0.943832
2017-09-09,0.944501
2017-09-10,0.94415
2017-09-11,0.944515
2017-09-12,0.944637
2017-09-13,0.9449
2017-09-14,0.944921
2017-09-15,0.945334
2017-09-16,0.945476
2017-09-17,0.945462
2017-09-18,0.945302
2017-09-19,0.944507
2017-09-20,0.945262
2017-09-21,0.945388
2017-09-22,0.945324
2017-09-23,0.945664
2017-09-24,0.945686
2017-09-25,0.945769
2017-09-26,0.945615
2017-09-27,0.945452
2017-09-28,0.945738
2017-09-29,0.945482
2017-09-30,0.945194
2017-10-01,0.945179
2017-10-02,0.945108
2017-10-03,0.945524
2017-10-04,0.945766
2017-10-05,0.946029
2017-10-06,0.945853
2017-10-07,0.945968
2017-10-08,0.946346
2017-10-09,0.946551
2017-10-10,0.946814
2017-10-11,0.946888
2017-10-12,0.94688
2017-10-13,0.947522
2017-10-14,0.947706
2017-10-15,0.947753
2017-10-16,0.947659
2017-10-17,0.947522
2017-10-18,0.947222
2017-10-19,0.947207
2017-10-20,0.947069
2017-10-21,0.947636
2017-10-22,0.947668
2017-10-23,0.948108
2017-10-24,0.947919
2017-10-25,0.948086
2017-10-26,0.947982
2017-10-27,0.94813
2017-10-28,0.948183
2017-10-29,0.948283
2017-10-30,0.948341
2017-10-31,0.948457
2017-11-01,0.94893
2017-11-02,0.949179
2017-11-03,0.949276
2017-11-04,0.949347
2017-11-05,0.949255
2017-11-06,0.949279
2017-11-07,0.949484
2017-11-08,0.949449
2017-11-09,0.949372
2017-11-10,0.949376
2017-11-11,0.949483
2017-11-12,0.94964
2017-11-13,0.949707
2017-11-14,0.949514
2017-11-15,0.949644
2017-11-16,0.949729
2017-11-17,0.95016
2017-11-18,0.95028
2017-11-19,0.950473
2017-11-20,0.950009
2017-11-21,0.949793
2017-11-22,0.949784
2017-11-23,0.949652
2017-11-24,0.949543
2017-11-25,0.949946
2017-11-26,0.949928
2017-11-27,0.949891
2017-11-28,0.949923
2017-11-29,0.949884
2017-11-30,0.949647
2017-12-01,0.949539
2017-12-02,0.949575
2017-12-03,0.950632
2017-12-04,0.94974
2017-12-05,0.949464
2017-12-06,0.949043
2017-12-07,0.949109
2017-12-08,0.948992
2017-12-09,0.948965
2017-12-10,0.949034
2017-12-11,0.948781
2017-12-12,0.949904
2017-12-13,0.949364
2017-12-14,0.949798
2017-12-15,0.949435
2017-12-16,0.949183
2017-12-17,0.949173
2017-12-18,0.948169
2017-12-19,0.948282
2017-12-20,0.948786
2017-12-21,0.948195
2017-12-22,0.950092
2017-12-23,0.950321
2017-12-24,0.950401
2017-12-25,0.950285
2017-12-26,0.949841
2017-12-27,0.949575
2017-12-28,0.949874
2017-12-29,0.949424
2017-12-30,0.951455
2017-12-31,0.950415
2018-01-01,0.950948
2018-01-02,0.95073
2018-01-03,0.949166
2018-01-04,0.949946
2018-01-05,0.948693
2018-01-06,0.948099
2018-01-07,0.948003
2018-01-08,0.947298
2018-01-09,0.948577
2018-01-10,0.947983
2018-01-11,0.948485
2018-01-12,0.948171
2018-01-13,0.947715
2018-01-14,0.947347
2018-01-15,0.948138
2018-01-16,0.947867
2018-01-17,0.949377
2018-01-18,0.950069
2018-01-19,0.949278
2018-01-20,0.948284
2018-01-21,0.951661
2018-01-22,0.951521
2018-01-23,0.951249
2018-01-24,0.951079
2018-01-25,0.951559
2018-01-26,0.952657
2018-01-27,0.952851
2018-01-28,0.952457
2018-01-29,0.95214
2018-01-30,0.951899
2018-01-31,0.951598
2018-02-01,0.951048
2018-02-02,0.950936
2018-02-03,0.950872
2018-02-04,0.951273
2018-02-05,0.95147
2018-02-06,0.951662
2018-02-07,0.95164
2018-02-08,0.951744
2018-02-09,0.95139
2018-02-10,0.95095
2018-02-11,0.952042
2018-02-12,0.952068
2018-02-13,0.952007
2018-02-14,0.95189
2018-02-15,0.95187
2018-02-16,0.951735
2018-02-17,0.951591
2018-02-18,0.951724
2018-02-19,0.951595
2018-02-20,0.951432
2018-02-21,0.951436
2018-02-22,0.952457
2018-02-23,0.952417
2018-02-24,0.952423
2018-02-25,0.952378
2018-02-26,0.952605
2018-02-27,0.9526
2018-02-28,0.952597
2018-03-01,0.952706
2018-03-02,0.952848
2018-03-03,0.952763
2018-03-04,0.952708
2018-03-05,0.952643
2018-03-06,0.953475
2018-03-07,0.954117
2018-03-08,0.954036
2018-03-09,0.953873
2018-03-10,0.95444
2018-03-11,0.954293
2018-03-12,0.953969
2018-03-13,0.954092
2018-03-14,0.954488
2018-03-15,0.954292
2018-03-16,0.954169
2018-03-17,0.954231
2018-03-18,0.953642
2018-03-19,0.95396
2018-03-20,0.953426
2018-03-21,0.953819
2018-03-22,0.953816
2018-03-23,0.954058
2018-03-24,0.953952
2018-03-25,0.953954
2018-03-26,0.953933
2018-03-27,0.953989
2018-03-28,0.954004
2018-03-29,0.953922
2018-03-30,0.953926
2018-03-31,0.95391
2018-04-01,0.954043
2018-04-02,0.953913
2018-04-03,0.95377
2018-04-04,0.953844
2018-04-05,0.953824
2018-04-06,0.954108
2018-04-07,0.954126
2018-04-08,0.954188
2018-04-09,0.954292
2018-04-10,0.954256
2018-04-11,0.954364
2018-04-12,0.954414
2018-04-13,0.954438
2018-04-14,0.95476
2018-04-15,0.954726
2018-04-16,0.954618
2018-04-17,0.954652
2018-04-18,0.954696
2018-04-19,0.954782
2018-04-20,0.954938
2018-04-21,0.955188
2018-04-22,0.95532
2018-04-23,0.955094
2018-04-24,0.955034
2018-04-25,0.955092
2018-04-26,0.955023
2018-04-27,0.955105
2018-04-28,0.955049
2018-04-29,0.955037
2018-04-30,0.955022
2018-05-01,0.955013
2018-05-02,0.95501
2018-05-03,0.955295
2018-05-04,0.956306
2018-05-05,0.956519
2018-05-06,0.956693
2018-05-07,0.956472
2018-05-08,0.956538
2018-05-09,0.956558
2018-05-10,0.956368
2018-05-11,0.956615
2018-05-12,0.956727
2018-05-13,0.956695
2018-05-14,0.956727
2018-05-15,0.956712
2018-05-16,0.956668
2018-05-17,0.956928
2018-05-18,0.957092
2018-05-19,0.957189
2018-05-20,0.95711
2018-05-21,0.95709
2018-05-22,0.957161
2018-05-23,0.957115
2018-05-24,0.957253
2018-05-25,0.957216
2018-05-26,0.957155
2018-05-27,0.957438
2018-05-28,0.957205
2018-05-29,0.95733
2018-05-30,0.95737
2018-05-31,0.957449
2018-06-01,0.957475
2018-06-02,0.957482
2018-06-03,0.957513
2018-06-04,0.957746
2018-06-05,0.957703
2018-06-06,0.957729
2018-06-07,0.957735
2018-06-08,0.95767
2018-06-09,0.957677
2018-06-10,0.957545
2018-06-11,0.957568
2018-06-12,0.95764
2018-06-13,0.957609
2018-06-14,0.95778
2018-06-15,0.957945
2018-06-16,0.958017
2018-06-17,0.95809
2018-06-18,0.957851
2018-06-19,0.957879
2018-06-20,0.958353
2018-06-21,0.958459
2018-06-22,0.958689
2018-06-23,0.958657
2018-06-24,0.958713
2018-06-25,0.958749
2018-06-26,0.958682
2018-06-27,0.958886
2018-06-28,0.958985
2018-06-29,0.959127
2018-06-30,0.959007
2018-07-01,0.958935
2018-07-02,0.958794
2018-07-03,0.958781
2018-07-04,0.958485
2018-07-05,0.958633
2018-07-06,0.958357
2018-07-07,0.958727
2018-07-08,0.958794
2018-07-09,0.958764
2018-07-10,0.958786
2018-07-11,0.958894
2018-07-12,0.95875
2018-07-13,0.958429
2018-07-14,0.958398
2018-07-15,0.958409
2018-07-16,0.958606
2018-07-17,0.9588
2018-07-18,0.958901
2018-07-19,0.958919
2018-07-20,0.959128
2018-07-21,0.959079
2018-07-22,0.959047
2018-07-23,0.95906
2018-07-24,0.959079
2018-07-25,0.959215
2018-07-26,0.959477
2018-07-27,0.959401
2018-07-28,0.959456
2018-07-29,0.959473
2018-07-30,0.959542
2018-07-31,0.959769
2018-08-01,0.959681
2018-08-02,0.959879
2018-08-03,0.959965
2018-08-04,0.960003
2018-08-05,0.960045
2018-08-06,0.960037
2018-08-07,0.959895
2018-08-08,0.960005
2018-08-09,0.959975
2018-08-10,0.959995
2018-08-11,0.960032
2018-08-12,0.960023
2018-08-13,0.959958
2018-08-14,0.959847
2018-08-15,0.959756
2018-08-16,0.959747
2018-08-17,0.959859
2018-08-18,0.959884
2018-08-19,0.959904
2018-08-20,0.959855
2018-08-21,0.959765
2018-08-22,0.959674
2018-08-23,0.959677
2018-08-24,0.959518
2018-08-25,0.959508
2018-08-26,0.959567
2018-08-27,0.959543
2018-08-28,0.959474
2018-08-29,0.959536
2018-08-30,0.959411
2018-08-31,0.959512
2018-09-01,0.959697
2018-09-02,0.959745
2018-09-03,0.959805
2018-09-04,0.95985
2018-09-05,0.959845
2018-09-06,0.959758
2018-09-07,0.959685
2018-09-08,0.959526
2018-09-09,0.95939
2018-09-10,0.95957
2018-09-11,0.959537
2018-09-12,0.959653
2018-09-13,0.959826
2018-09-14,0.959784
2018-09-15,0.959706
2018-09-16,0.959648
2018-09-17,0.959603
2018-09-18,0.959453
2018-09-19,0.959506
2018-09-20,0.959466
2018-09-21,0.959513
2018-09-22,0.959644
2018-09-23,0.959585
2018-09-24,0.959903
2018-09-25,0.959893
2018-09-26,0.959931
2018-09-27,0.959762
2018-09-28,0.959633
2018-09-29,0.959504
2018-09-30,0.959583
2018-10-01,0.959451
2018-10-02,0.959371
2018-10-03,0.959296
2018-10-04,0.959483
2018-10-05,0.960197
2018-10-06,0.960193
2018-10-07,0.960164
2018-10-08,0.960129
2018-10-09,0.960072
2018-10-10,0.9599
2018-10-11,0.960077
2018-10-12,0.960013
2018-10-13,0.960033
2018-10-14,0.959807
2018-10-15,0.95961
2018-10-16,0.959503
2018-10-17,0.959682
2018-10-18,0.95959
2018-10-19,0.959526
2018-10-20,0.959294
2018-10-21,0.959133
2018-10-22,0.958977
2018-10-23,0.958839
2018-10-24,0.95871
2018-10-25,0.95877
2018-10-26,0.958804
2018-10-27,0.958727
2018-10-28,0.958537
2018-10-29,0.95864
2018-10-30,0.958595
2018-10-31,0.958529
2018-11-01,0.958442
2018-11-02,0.958387
2018-11-03,0.958375
2018-11-04,0.95826
2018-11-05,0.958945
2018-11-06,0.958776
2018-11-07,0.958561
2018-11-08,0.958414
2018-11-09,0.95831
2018-11-10,0.958207
2018-11-11,0.958101
2018-11-12,0.958137
2018-11-13,0.958123
2018-11-14,0.958223
2018-11-15,0.958188
2018-11-16,0.957896
2018-11-17,0.957696
2018-11-18,0.957472
2018-11-19,0.958757
2018-11-20,0.958632
2018-11-21,0.958684
2018-11-22,0.958934
2018-11-23,0.958943
2018-11-24,0.958888
2018-11-25,0.958886
2018-11-26,0.959076
2018-11-27,0.959212
2018-11-28,0.959419
2018-11-29,0.959504
2018-11-30,0.959467
2018-12-01,0.95953
2018-12-02,0.959602
2018-12-03,0.959648
2018-12-04,0.959616
2018-12-05,0.959659
2018-12-06,0.959524
2018-12-07,0.959419
2018-12-08,0.959401
2018-12-09,0.959502
2018-12-10,0.959508
2018-12-11,0.959515
2018-12-12,0.959518
2018-12-13,0.959898
2018-12-14,0.959977
2018-12-15,0.960084
2018-12-16,0.959995
2018-12-17,0.960032
2018-12-18,0.959961
2018-12-19,0.959967
2018-12-20,0.960221
2018-12-21,0.960186
2018-12-22,0.960216
2018-12-23,0.960451
2018-12-24,0.960356
2018-12-25,0.960414
2018-12-26,0.960351
2018-12-27,0.960232
2018-12-28,0.960164
2018-12-29,0.960277
2018-12-30,0.960196
2018-12-31,0.960183
2019-01-01,0.96026
2019-01-02,0.960184
2019-01-03,0.960273
2019-01-04,0.960613
2019-01-05,0.96132
2019-01-06,0.96135
2019-01-07,0.961549
2019-01-08,0.961585
2019-01-09,0.96198
2019-01-10,0.961877
2019-01-11,0.961762
2019-01-12,0.961782
2019-01-13,0.962329
2019-01-14,0.961891
2019-01-15,0.962107
2019-01-16,0.96204
2019-01-17,0.962005
2019-01-18,0.962061
2019-01-19,0.962238
2019-01-20,0.9621
2019-01-21,0.962064
2019-01-22,0.961869
2019-01-23,0.961778
2019-01-24,0.961826
2019-01-25,0.961854
2019-01-26,0.961778
2019-01-27,0.961665
2019-01-28,0.961621
2019-01-29,0.961836
2019-01-30,0.961894
2019-01-31,0.961954
2019-02-01,0.962053
2019-02-02,0.962046
2019-02-03,0.962128
2019-02-04,0.962009
2019-02-05,0.961928
2019-02-06,0.961749
2019-02-07,0.961795
2019-02-08,0.96183
2019-02-09,0.961846
2019-02-10,0.961842
2019-02-11,0.961948
2019-02-12,0.961999
2019-02-13,0.961878
2019-02-14,0.961834
2019-02-15,0.961788
2019-02-16,0.961797
2019-02-17,0.961747
2019-02-18,0.961876
2019-02-19,0.961813
2019-02-20,0.961623
2019-02-21,0.962131
2019-02-22,0.961897
2019-02-23,0.961838
2019-02-24,0.961504
2019-02-25,0.961167
2019-02-26,0.960973
2019-02-27,0.960994
2019-02-28,0.960899
2019-03-01,0.960894
2019-03-02,0.960797
2019-03-03,0.960608
2019-03-04,0.960433
2019-03-05,0.960256
2019-03-06,0.960479
2019-03-07,0.96051
2019-03-08,0.960319
2019-03-09,0.960971
2019-03-10,0.960586
2019-03-11,0.960523
2019-03-12,0.960475
2019-03-13,0.960346
2019-03-14,0.960357
2019-03-15,0.960476
2019-03-16,0.960509
2019-03-17,0.960378
2019-03-18,0.96117
2019-03-19,0.961253
2019-03-20,0.961352
2019-03-21,0.96144
2019-03-22,0.961612
2019-03-23,0.961648
2019-03-24,0.961592
2019-03-25,0.963532
2019-03-26,0.964018
2019-03-27,0.964039
2019-03-28,0.964148
2019-03-29,0.964213
2019-03-30,0.964232
2019-03-31,0.964178
2019-04-01,0.964263
2019-04-02,0.964565
2019-04-03,0.964558
2019-04-04,0.964768
2019-04-05,0.964901
2019-04-06,0.964921
2019-04-07,0.964951
2019-04-08,0.965078
2019-04-09,0.965039
2019-04-10,0.96511
2019-04-11,0.965222
2019-04-12,0.965271
2019-04-13,0.965231
2019-04-14,0.965149
2019-04-15,0.965221
2019-04-16,0.965208
2019-04-17,0.965184
2019-04-18,0.965396
2019-04-19,0.96536
2019-04-20,0.965348
2019-04-21,0.965268
2019-04-22,0.965283
2019-04-23,0.965288
2019-04-24,0.965451
2019-04-25,0.965486
2019-04-26,0.965755
2019-04-27,0.965695
2019-04-28,0.965683
2019-04-29,0.965581
2019-04-30,0.96572
2019-05-01,0.96588
2019-05-02,0.965868
2019-05-03,0.96594
2019-05-04,0.965912
2019-05-05,0.965969
2019-05-06,0.966037
2019-05-07,0.966043
2019-05-08,0.966157
2019-05-09,0.966109
2019-05-10,0.966204
2019-05-11,0.966143
2019-05-12,0.966128
2019-05-13,0.966124
2019-05-14,0.966165
2019-05-15,0.966139
2019-05-16,0.965803
2019-05-17,0.965817
2019-05-18,0.965908
2019-05-19,0.965707
2019-05-20,0.965467
2019-05-21,0.96531
2019-05-22,0.965104
2019-05-23,0.964772
2019-05-24,0.964659
2019-05-25,0.964533
2019-05-26,0.964384
2019-05-27,0.964314
2019-05-28,0.964342
2019-05-29,0.964075
2019-05-30,0.9643
2019-05-31,0.964165
2019-06-01,0.964176
2019-06-02,0.964242
2019-06-03,0.964068
2019-06-04,0.963877
2019-06-05,0.964755
2019-06-06,0.964688
2019-06-07,0.964619
2019-06-08,0.964549
2019-06-09,0.964422
2019-06-10,0.965421
2019-06-11,0.965404
2019-06-12,0.965386
2019-06-13,0.965592
2019-06-14,0.965713
2019-06-15,0.965505
2019-06-16,0.965413
2019-06-17,0.965277
2019-06-18,0.965149
2019-06-19,0.965251
2019-06-20,0.965194
2019-06-21,0.965886
2019-06-22,0.965938
2019-06-23,0.966177
2019-06-24,0.966554
2019-06-25,0.966511
2019-06-26,0.966497
2019-06-27,0.966631
2019-06-28,0.966717
2019-06-29,0.96669
2019-06-30,0.966694
2019-07-01,0.966764
2019-07-02,0.967205
2019-07-03,0.967336
2019-07-04,0.967331
2019-07-05,0.967318
2019-07-06,0.967349
2019-07-07,0.967358
2019-07-08,0.967356
2019-07-09,0.967503
2019-07-10,0.967513
2019-07-11,0.9676
2019-07-12,0.967602
2019-07-13,0.967552
2019-07-14,0.967443
2019-07-15,0.967527
2019-07-16,0.967395
2019-07-17,0.967458
2019-07-18,0.96746
2019-07-19,0.967457
2019-07-20,0.967385
2019-07-21,0.967415
2019-07-22,0.967436
2019-07-23,0.967412
2019-07-24,0.967383
2019-07-25,0.967369
2019-07-26,0.967161
2019-07-27,0.967141
2019-07-28,0.96723
2019-07-29,0.967162
2019-07-30,0.967079
2019-07-31,0.966948
2019-08-01,0.966561
2019-08-02,0.966576
2019-08-03,0.966479
2019-08-04,0.966333
2019-08-05,0.967244
2019-08-06,0.96727
2019-08-07,0.96738
2019-08-08,0.967697
2019-08-09,0.96768
2019-08-10,0.96768
2019-08-11,0.967683
2019-08-12,0.967875
2019-08-13,0.967888
2019-08-14,0.967877
2019-08-15,0.967806
2019-08-16,0.96776
2019-08-17,0.967699
2019-08-18,0.967642
2019-08-19,0.96765
2019-08-20,0.967705
2019-08-21,0.967631
2019-08-22,0.967612
2019-08-23,0.967646
2019-08-24,0.967643
2019-08-25,0.967707
2019-08-26,0.96771
2019-08-27,0.967725
2019-08-28,0.967725
2019-08-29,0.967646
2019-08-30,0.967623
2019-08-31,0.967554
2019-09-01,0.967636
2019-09-02,0.96761
2019-09-03,0.967568
2019-09-04,0.967628
2019-09-05,0.967505
2019-09-06,0.967443
2019-09-07,0.967417
2019-09-08,0.967451
2019-09-09,0.967521
2019-09-10,0.96737
2019-09-11,0.967308
2019-09-12,0.967415
2019-09-13,0.967399
2019-09-14,0.967359
2019-09-15,0.967503
2019-09-16,0.967565
2019-09-17,0.967659
2019-09-18,0.967884
2019-09-19,0.96794
2019-09-20,0.967967
2019-09-21,0.967984
2019-09-22,0.967904
2019-09-23,0.967891
2019-09-24,0.967909
2019-09-25,0.967776
2019-09-26,0.967951
2019-09-27,0.96788
2019-09-28,0.967886
2019-09-29,0.967849
2019-09-30,0.967858
2019-10-01,0.968004
2019-10-02,0.96806
2019-10-03,0.968085
2019-10-04,0.968103
2019-10-05,0.968092
2019-10-06,0.968114
2019-10-07,0.968128
2019-10-08,0.968244
2019-10-09,0.968368
2019-10-10,0.968506
2019-10-11,0.968643
2019-10-12,0.968717
2019-10-13,0.968696
2019-10-14,0.96844
2019-10-15,0.968506
2019-10-16,0.968557
2019-10-17,0.968544
2019-10-18,0.968526
2019-10-19,0.968517
2019-10-20,0.968498
2019-10-21,0.968527
2019-10-22,0.968539
2019-10-23,0.968575
2019-10-24,0.968535
2019-10-25,0.968557
2019-10-26,0.96862
2019-10-27,0.968639
2019-10-28,0.968631
2019-10-29,0.968669
2019-10-30,0.968677
2019-10-31,0.968715
2019-11-01,0.968655
2019-11-02,0.968694
2019-11-03,0.968728
2019-11-04,0.968734
2019-11-05,0.968812
2019-11-06,0.968862
2019-11-07,0.968896
2019-11-08,0.968897
2019-11-09,0.96889
2019-11-10,0.968909
2019-11-11,0.968966
2019-11-12,0.969295
2019-11-13,0.969387
2019-11-14,0.969412
2019-11-15,0.969409
2019-11-16,0.969401
2019-11-17,0.969431
2019-11-18,0.969455
2019-11-19,0.96947
2019-11-20,0.969463
2019-11-21,0.96945
2019-11-22,0.969374
2019-11-23,0.969365
2019-11-24,0.969323
2019-11-25,0.969363
2019-11-26,0.969348
2019-11-27,0.969447
2019-11-28,0.969478
2019-11-29,0.96948
2019-11-30,0.96946
2019-12-01,0.969457
2019-12-02,0.969437
2019-12-03,0.969453
2019-12-04,0.969472
2019-12-05,0.969459
2019-12-06,0.969427
2019-12-07,0.969395
2019-12-08,0.969377
2019-12-09,0.96939
2019-12-10,0.969443
2019-12-11,0.969437
2019-12-12,0.969467
2019-12-13,0.96952
2019-12-14,0.96957
2019-12-15,0.969669
2019-12-16,0.969686
2019-12-17,0.969627
2019-12-18,0.969585
2019-12-19,0.969636
2019-12-20,0.969654
2019-12-21,0.969727
2019-12-22,0.969768
2019-12-23,0.969962
2019-12-24,0.970133
2019-12-25,0.970132
2019-12-26,0.970162
2019-12-27,0.970169
2019-12-28,0.970157
2019-12-29,0.970212
2019-12-30,0.970261
2019-12-31,0.970274
2020-01-01,0.970257
2020-01-02,0.970221
2020-01-03,0.970238
2020-01-04,0.970287
2020-01-05,0.970308
2020-01-06,0.97034
2020-01-07,0.970425
2020-01-08,0.970488
2020-01-09,0.970525
2020-01-10,0.970548
2020-01-11,0.970579
2020-01-12,0.970616
2020-01-13,0.970665
2020-01-14,0.970702
2020-01-15,0.970756
2020-01-16,0.970803
2020-01-17,0.970876
2020-01-18,0.97105
2020-01-19,0.971076
2020-01-20,0.971192
2020-01-21,0.971211
2020-01-22,0.971213
2020-01-23,0.971248
2020-01-24,0.971181
2020-01-25,0.971155
2020-01-26,0.971137
2020-01-27,0.971189
2020-01-28,0.971178
2020-01-29,0.971214
2020-01-30,0.97122
2020-01-31,0.971303
2020-02-01,0.971289
2020-02-02,0.971304
2020-02-03,0.971382
2020-02-04,0.971342
2020-02-05,0.971359
2020-02-06,0.971399
2020-02-07,0.971399
2020-02-08,0.971415
2020-02-09,0.971429
2020-02-10,0.971503
2020-02-11,0.971525
2020-02-12,0.971631
2020-02-13,0.9717
2020-02-14,0.971683
2020-02-15,0.971754
2020-02-16,0.971767
2020-02-17,0.971773
2020-02-18,0.971829
2020-02-19,0.971954
2020-02-20,0.971962
2020-02-21,0.971953
2020-02-22,0.971939
2020-02-23,0.971928
2020-02-24,0.972033
2020-02-25,0.972049
2020-02-26,0.972007
2020-02-27,0.971953
2020-02-28,0.971915
2020-02-29,0.971933
2020-03-01,0.97199
2020-03-02,0.972017
2020-03-03,0.972021
2020-03-04,0.972016
2020-03-05,0.971996
2020-03-06,0.972029
2020-03-07,0.972042
2020-03-08,0.971995
2020-03-09,0.971936
2020-03-10,0.971942
2020-03-11,0.971919
2020-03-12,0.971692
2020-03-13,0.971537
2020-03-14,0.971514
2020-03-15,0.971502
2020-03-16,0.971385
2020-03-17,0.971366
2020-03-18,0.971333
2020-03-19,0.971372
2020-03-20,0.971418
2020-03-21,0.971413
2020-03-22,0.971404
2020-03-23,0.971556
2020-03-24,0.971773
2020-03-25,0.971769
2020-03-26,0.971728
2020-03-27,0.971738
2020-03-28,0.971714
2020-03-29,0.971695
2020-03-30,0.971679
2020-03-31,0.971708
2020-04-01,0.971713
2020-04-02,0.97171
2020-04-03,0.971766
2020-04-04,0.971749
2020-04-05,0.971709
2020-04-06,0.971739
2020-04-07,0.97179
2020-04-08,0.971723
2020-04-09,0.971758
2020-04-10,0.97174
2020-04-11,0.971747
2020-04-12,0.971745
2020-04-13,0.971746
2020-04-14,0.97175
2020-04-15,0.97176
2020-04-16,0.971806
2020-04-17,0.971846
2020-04-18,0.971882
2020-04-19,0.971965
2020-04-20,0.972004
2020-04-21,0.972235
2020-04-22,0.972213
2020-04-23,0.9723
2020-04-24,0.972321
2020-04-25,0.972285
2020-04-26,0.972283
2020-04-27,0.972308
2020-04-28,0.9723
2020-04-29,0.972307
2020-04-30,0.97235
2020-05-01,0.972349
2020-05-02,0.972306
2020-05-03,0.972268
2020-05-04,0.972233
2020-05-05,0.972232
2020-05-06,0.972208
2020-05-07,0.972171
2020-05-08,0.972182
2020-05-09,0.972192
2020-05-10,0.972152
2020-05-11,0.972146
2020-05-12,0.972384983055471
2020-05-13,0.972384160581277
2020-05-14,0.972320796791196
2020-05-15,0.972278713242474
2020-05-16,0.972315396354132
2020-05-17,0.972375427515655
2020-05-18,0.972348656552384
2020-05-19,0.972337772514932
2020-05-20,0.972279819454016
2020-05-21,0.972286311678084
2020-05-22,0.97226991501665
2020-05-23,0.972300429235619
2020-05-24,0.972272008922525
2020-05-25,0.972244044349026
2020-05-26,0.972263102151917
2020-05-27,0.97222157047849
2020-05-28,0.972176527055489
2020-05-29,0.972228057820011
2020-05-30,0.972250202529188
2020-05-31,0.972291400246914
2020-06-01,0.972261605092445
2020-06-02,0.972594854397219
2020-06-03,0.972575373661075
2020-06-04,0.97254383620166
2020-06-05,0.972807348043772
2020-06-06,0.972790632996736
2020-06-07,0.972799734579227
2020-06-08,0.972796914088347
2020-06-09,0.973037095631078
2020-06-10,0.973058863822138
2020-06-11,0.973000314374196
2020-06-12,0.972979235877373
2020-06-13,0.972986124578268
2020-06-14,0.973008607948221
2020-06-15,0.972941777768698
2020-06-16,0.972939439834449
2020-06-17,0.972930057365122
2020-06-18,0.972931312999887
2020-06-19,0.97294815751213
2020-06-20,0.972921197113968
2020-06-21,0.972903953731186
2020-06-22,0.972942934983024
2020-06-23,0.972952188575731
2020-06-24,0.972931772339383
2020-06-25,0.972589962812936
2020-06-26,0.972784669542072
2020-06-27,0.972776437601718
2020-06-28,0.972785969621168
2020-06-29,0.972723047521806
2020-06-30,0.972772575782435
2020-07-01,0.972746790330461
2020-07-02,0.972788440876385
2020-07-03,0.972781686323882
2020-07-04,0.97279666965623
2020-07-05,0.972807929309244
2020-07-06,0.972785159407744
2020-07-07,0.972804041353086
2020-07-08,0.97273060553413
2020-07-09,0.97277659132517
2020-07-10,0.972778272092949
2020-07-11,0.97279035576239
2020-07-12,0.972793957692132
2020-07-13,0.972797764293389
2020-07-14,0.972812720584103
2020-07-15,0.972781091436241
2020-07-16,0.972777343161318
2020-07-17,0.972750074279347
2020-07-18,0.972701582871952
2020-07-19,0.972612039175724
2020-07-20,0.973069823172362
2020-07-21,0.973050691562702
2020-07-22,0.973041488290068
2020-07-23,0.973124566587332
2020-07-24,0.973046155519409
2020-07-25,0.97308863048163
2020-07-26,0.973174584371499
2020-07-27,0.973194022270553
2020-07-28,0.973287193289504
2020-07-29,0.973190983740871
2020-07-30,0.973153671258029
2020-07-31,0.973050013724093
2020-08-01,0.973040167482696
2020-08-02,0.973069897152746
2020-08-03,0.973065006962219
2020-08-04,0.973061277613167
2020-08-05,0.973056728231546
2020-08-06,0.973089585851685
2020-08-07,0.973049944370294
2020-08-08,0.973028517343992
2020-08-09,0.972974597241133
2020-08-10,0.972892866304894
2020-08-11,0.972798789853176
2020-08-12,0.972556064860713
2020-08-13,0.972428752103999
2020-08-14,0.972347098384253
2020-08-15,0.972388989578319
2020-08-16,0.972329591671963
2020-08-17,0.972247818045942
2020-08-18,0.972257278637277
2020-08-19,0.972265269602978
2020-08-20,0.972310699321285
2020-08-21,0.972277594207988
2020-08-22,0.972270171891764
2020-08-23,0.972271634751263
2020-08-24,0.972248657610758
2020-08-25,0.972240799873333
2020-08-26,0.972297160126682
2020-08-27,0.972239134418574
2020-08-28,0.972289260083044
2020-08-29,0.972247413884251
2020-08-30,0.972060462889003
2020-08-31,0.971839503460968
2020-09-01,0.971626473725155
2020-09-02,0.971488854874558
2020-09-03,0.971308497019916
2020-09-04,0.971414058448424
2020-09-05,0.971459609270045
2020-09-06,0.971554286420701
2020-09-07,0.971654858043772
2020-09-08,0.971661883942066
2020-09-09,0.971600608576396
2020-09-10,0.971522516650706
2020-09-11,0.971463050912957
2020-09-12,0.97143753148905
2020-09-13,0.971454124146204
2020-09-14,0.971350375317272
2020-09-15,0.971318160662794
2020-09-16,0.971291918180153
2020-09-17,0.970316068870111
2020-09-18,0.970034022648637
2020-09-19,0.969999686946178
2020-09-20,0.970530224983366
2020-09-21,0.97055562543202
2020-09-22,0.970647668148484
2020-09-23,0.970722977750397
2020-09-24,0.970743628446369
2020-09-25,0.970724654319809
2020-09-26,0.970676909937096
2020-09-27,0.970614654166465
2020-09-28,0.970528037245424
2020-09-29,0.970536717193505
2020-09-30,0.970548312429712
2020-10-01,0.970520405599659
2020-10-02,0.970601091723294
2020-10-03,0.970534915347437
2020-10-04,0.970483226333701
2020-10-05,0.97050222223691
2020-10-06,0.970511892089883
2020-10-07,0.970471127231768
2020-10-08,0.970451460613744
2020-10-09,0.970464711711004
2020-10-10,0.970481492981391
2020-10-11,0.970449102769716
2020-10-12,0.970441453265922
2020-10-13,0.970485853509981
2020-10-14,0.970444482128133
2020-10-15,0.970507510020255
2020-10-16,0.970499414390368
2020-10-17,0.970520771283803
2020-10-18,0.970700511985507
2020-10-19,0.970701953007873
2020-10-20,0.970674471020196
2020-10-21,0.970682604786723
2020-10-22,0.970796497033489
2020-10-23,0.970914283427027
2020-10-24,0.970921210781844
2020-10-25,0.970838263713771
2020-10-26,0.970784774018296
2020-10-27,0.97083922917593
2020-10-28,0.970790979595541
2020-10-29,0.9707846329932
2020-10-30,0.97082043156824
2020-10-31,0.970889556118634
2020-11-01,0.97086620341777
2020-11-02,0.970878086658456
2020-11-03,0.97088678206754
2020-11-04,0.970976324942962
2020-11-05,0.971033095980033
2020-11-06,0.97112267548238
2020-11-07,0.971291273319451
2020-11-08,0.971289648260879
2020-11-09,0.971299826404663
2020-11-10,0.971245317271839
2020-11-11,0.971206073979084
2020-11-12,0.971206906206277
2020-11-13,0.97111479589535
2020-11-14,0.971162335629047
2020-11-15,0.971199806259899
2020-11-16,0.97125843410183
2020-11-17,0.971523983753229
2020-11-18,0.971488567147986
2020-11-19,0.971510305750243
2020-11-20,0.971529873796286
2020-11-21,0.971515535487923
2020-11-22,0.971655747828019
2020-11-23,0.971825516433915
2020-11-24,0.971808741489891
2020-11-25,0.971833715768297
2020-11-26,0.971948927786231
2020-11-27,0.97209050405899
2020-11-28,0.972021018230425
2020-11-29,0.971986036232249
2020-11-30,0.971989775126759
2020-12-01,0.971975028801585
2020-12-02,0.971952863010686
2020-12-03,0.9719551114735
2020-12-04,0.971880143631677
2020-12-05,0.971788501985663
2020-12-06,0.971790589408585
2020-12-07,0.971823858473308
2020-12-08,0.971757289384277
2020-12-09,0.971833448725324
2020-12-10,0.971795948658541
2020-12-11,0.971812586309957
2020-12-12,0.971777389410436
2020-12-13,0.971797871639006
2020-12-14,0.971833247141682
2020-12-15,0.971791703492451
2020-12-16,0.971762756638846
2020-12-17,0.971759683005324
2020-12-18,0.971758267935982
2020-12-19,0.972880390116854
2020-12-20,0.972830240839397
2020-12-21,0.972881472397792
2020-12-22,0.972859129179559
2020-12-23,0.972778918570556
2020-12-24,0.972765571014981
2020-12-25,0.972706717771947
2020-12-26,0.972690737751535
2020-12-27,0.972716921876784
2020-12-28,0.972745565067799
2020-12-29,0.972736524632488
2020-12-30,0.972669822280237
2020-12-31,0.972718255795447
2021-01-01,0.972777994691445
2021-01-02,0.972760801724042
2021-01-03,0.972812248969083
2021-01-04,0.972938337862367
2021-01-05,0.97298300040456
2021-01-06,0.972976037591189
2021-01-07,0.972959684988577
2021-01-08,0.973022713872337
2021-01-09,0.972993800218423
2021-01-10,0.973005427906971
2021-01-11,0.973286374814306
2021-01-12,0.973232199494354
2021-01-13,0.973214895250151
2021-01-14,0.973338648048223
2021-01-15,0.973329945228004
2021-01-16,0.973302333967281
2021-01-17,0.973259165940846
2021-01-18,0.973191682118225
2021-01-19,0.973075028905508
2021-01-20,0.973206853227463
2021-01-21,0.973241386780931
2021-01-22,0.973321083977663
2021-01-23,0.973251371487085
2021-01-24,0.973135083287122
2021-01-25,0.973040432220592
2021-01-26,0.973087893557948
2021-01-27,0.97296800924514
2021-01-28,0.972865840107386
2021-01-29,0.972791169838668
2021-01-30,0.972687295358213
2021-01-31,0.972628359907434
2021-02-01,0.972526101304042
2021-02-02,0.972393045775002
2021-02-03,0.972292171363531
2021-02-04,0.972209784196504
2021-02-05,0.972077445177949
2021-02-06,0.971987087921659
2021-02-07,0.971880865083672
2021-02-08,0.971838859148788
2021-02-09,0.971663372605981
2021-02-10,0.971558853024376
2021-02-11,0.971509116474185
2021-02-12,0.971388363769309
2021-02-13,0.971224357855221
2021-02-14,0.971110352315577
2021-02-15,0.971043957410378
2021-02-16,0.970992558350815
2021-02-17,0.970817290727345
2021-02-18,0.970843650151628
2021-02-19,0.9709273691393
