Date,distribution/herfindahl
2015-07-30,0.029267
2015-07-31,0.029237
2015-08-01,0.029215
2015-08-02,0.029192
2015-08-03,0.02917
2015-08-04,0.029147
2015-08-05,0.029125
2015-08-06,0.029103
2015-08-07,0.030253
2015-08-08,0.002993
2015-08-09,0.003025
2015-08-10,0.003068
2015-08-11,0.00308
2015-08-12,0.003097
2015-08-13,0.00313
2015-08-14,0.003213
2015-08-15,0.003065
2015-08-16,0.003088
2015-08-17,0.003017
2015-08-18,0.003048
2015-08-19,0.003145
2015-08-20,0.003161
2015-08-21,0.003166
2015-08-22,0.003228
2015-08-23,0.003226
2015-08-24,0.003222
2015-08-25,0.003214
2015-08-26,0.003222
2015-08-27,0.003224
2015-08-28,0.003226
2015-08-29,0.003224
2015-08-30,0.003226
2015-08-31,0.003226
2015-09-01,0.003185
2015-09-02,0.003179
2015-09-03,0.003181
2015-09-04,0.003184
2015-09-05,0.003187
2015-09-06,0.003189
2015-09-07,0.003191
2015-09-08,0.003194
2015-09-09,0.003037
2015-09-10,0.003034
2015-09-11,0.003025
2015-09-12,0.003022
2015-09-13,0.003018
2015-09-14,0.003019
2015-09-15,0.003024
2015-09-16,0.002987
2015-09-17,0.002981
2015-09-18,0.002978
2015-09-19,0.003
2015-09-20,0.002997
2015-09-21,0.002999
2015-09-22,0.002997
2015-09-23,0.002995
2015-09-24,0.002998
2015-09-25,0.002995
2015-09-26,0.002994
2015-09-27,0.00299
2015-09-28,0.003008
2015-09-29,0.003003
2015-09-30,0.003034
2015-10-01,0.003055
2015-10-02,0.003056
2015-10-03,0.003053
2015-10-04,0.003039
2015-10-05,0.003034
2015-10-06,0.003031
2015-10-07,0.00303
2015-10-08,0.00301
2015-10-09,0.003008
2015-10-10,0.003008
2015-10-11,0.003005
2015-10-12,0.003008
2015-10-13,0.003009
2015-10-14,0.003024
2015-10-15,0.002845
2015-10-16,0.002844
2015-10-17,0.002844
2015-10-18,0.002846
2015-10-19,0.002861
2015-10-20,0.002888
2015-10-21,0.002906
2015-10-22,0.002906
2015-10-23,0.00291
2015-10-24,0.002908
2015-10-25,0.002909
2015-10-26,0.002902
2015-10-27,0.002901
2015-10-28,0.002911
2015-10-29,0.002924
2015-10-30,0.002945
2015-10-31,0.00295
2015-11-01,0.002948
2015-11-02,0.00295
2015-11-03,0.002948
2015-11-04,0.002951
2015-11-05,0.002955
2015-11-06,0.002964
2015-11-07,0.003019
2015-11-08,0.002918
2015-11-09,0.003035
2015-11-10,0.002945
2015-11-11,0.002951
2015-11-12,0.00296
2015-11-13,0.002937
2015-11-14,0.002941
2015-11-15,0.002941
2015-11-16,0.002948
2015-11-17,0.002906
2015-11-18,0.002914
2015-11-19,0.002904
2015-11-20,0.002892
2015-11-21,0.002889
2015-11-22,0.002898
2015-11-23,0.002837
2015-11-24,0.002823
2015-11-25,0.00282
2015-11-26,0.002774
2015-11-27,0.002791
2015-11-28,0.002792
2015-11-29,0.002789
2015-11-30,0.002789
2015-12-01,0.002786
2015-12-02,0.002785
2015-12-03,0.002794
2015-12-04,0.002793
2015-12-05,0.002794
2015-12-06,0.0028
2015-12-07,0.002819
2015-12-08,0.002819
2015-12-09,0.002818
2015-12-10,0.002816
2015-12-11,0.002817
2015-12-12,0.002811
2015-12-13,0.00281
2015-12-14,0.002806
2015-12-15,0.002809
2015-12-16,0.002769
2015-12-17,0.00277
2015-12-18,0.002773
2015-12-19,0.002775
2015-12-20,0.002772
2015-12-21,0.002775
2015-12-22,0.002778
2015-12-23,0.002775
2015-12-24,0.002776
2015-12-25,0.002774
2015-12-26,0.002771
2015-12-27,0.00277
2015-12-28,0.002774
2015-12-29,0.002736
2015-12-30,0.002737
2015-12-31,0.002739
2016-01-01,0.002748
2016-01-02,0.002744
2016-01-03,0.002764
2016-01-04,0.002759
2016-01-05,0.002764
2016-01-06,0.002765
2016-01-07,0.002771
2016-01-08,0.002767
2016-01-09,0.002767
2016-01-10,0.002766
2016-01-11,0.002766
2016-01-12,0.002738
2016-01-13,0.00273
2016-01-14,0.002732
2016-01-15,0.002727
2016-01-16,0.002739
2016-01-17,0.002732
2016-01-18,0.002609
2016-01-19,0.002573
2016-01-20,0.002571
2016-01-21,0.002561
2016-01-22,0.002541
2016-01-23,0.002537
2016-01-24,0.002519
2016-01-25,0.00253
2016-01-26,0.002533
2016-01-27,0.002516
2016-01-28,0.002525
2016-01-29,0.002513
2016-01-30,0.002506
2016-01-31,0.002515
2016-02-01,0.002511
2016-02-02,0.002465
2016-02-03,0.002462
2016-02-04,0.002474
2016-02-05,0.002461
2016-02-06,0.002458
2016-02-07,0.002429
2016-02-08,0.002423
2016-02-09,0.002421
2016-02-10,0.002404
2016-02-11,0.002396
2016-02-12,0.002405
2016-02-13,0.002403
2016-02-14,0.002393
2016-02-15,0.002385
2016-02-16,0.002407
2016-02-17,0.002411
2016-02-18,0.002426
2016-02-19,0.002416
2016-02-20,0.002428
2016-02-21,0.002444
2016-02-22,0.002437
2016-02-23,0.002439
2016-02-24,0.002438
2016-02-25,0.002453
2016-02-26,0.002513
2016-02-27,0.002507
2016-02-28,0.002502
2016-02-29,0.002492
2016-03-01,0.002491
2016-03-02,0.00211
2016-03-03,0.002091
2016-03-04,0.002091
2016-03-05,0.002075
2016-03-06,0.002086
2016-03-07,0.002084
2016-03-08,0.002061
2016-03-09,0.002058
2016-03-10,0.002045
2016-03-11,0.002039
2016-03-12,0.00203
2016-03-13,0.002024
2016-03-14,0.00202
2016-03-15,0.002017
2016-03-16,0.00198
2016-03-17,0.001991
2016-03-18,0.001965
2016-03-19,0.001949
2016-03-20,0.001948
2016-03-21,0.001936
2016-03-22,0.001935
2016-03-23,0.001934
2016-03-24,0.001939
2016-03-25,0.001939
2016-03-26,0.001938
2016-03-27,0.001935
2016-03-28,0.001927
2016-03-29,0.001893
2016-03-30,0.001893
2016-03-31,0.00189
2016-04-01,0.001889
2016-04-02,0.001883
2016-04-03,0.001881
2016-04-04,0.001878
2016-04-05,0.001876
2016-04-06,0.001868
2016-04-07,0.001861
2016-04-08,0.001863
2016-04-09,0.001866
2016-04-10,0.001864
2016-04-11,0.00186
2016-04-12,0.001854
2016-04-13,0.001845
2016-04-14,0.001847
2016-04-15,0.001842
2016-04-16,0.001837
2016-04-17,0.001841
2016-04-18,0.001835
2016-04-19,0.001831
2016-04-20,0.001831
2016-04-21,0.00183
2016-04-22,0.001832
2016-04-23,0.001845
2016-04-24,0.001844
2016-04-25,0.001841
2016-04-26,0.001836
2016-04-27,0.001832
2016-04-28,0.001825
2016-04-29,0.001821
2016-04-30,0.001803
2016-05-01,0.001806
2016-05-02,0.001784
2016-05-03,0.001778
2016-05-04,0.001776
2016-05-05,0.001758
2016-05-06,0.001766
2016-05-07,0.001747
2016-05-08,0.001757
2016-05-09,0.001771
2016-05-10,0.00178
2016-05-11,0.00181
2016-05-12,0.001835
2016-05-13,0.00184
2016-05-14,0.001912
2016-05-15,0.001916
2016-05-16,0.001915
2016-05-17,0.001916
2016-05-18,0.00192
2016-05-19,0.0019
2016-05-20,0.001878
2016-05-21,0.001876
2016-05-22,0.001869
2016-05-23,0.001873
2016-05-24,0.001837
2016-05-25,0.001834
2016-05-26,0.001822
2016-05-27,0.001816
2016-05-28,0.001827
2016-05-29,0.001821
2016-05-30,0.001823
2016-05-31,0.001821
2016-06-01,0.001803
2016-06-02,0.0018
2016-06-03,0.001795
2016-06-04,0.001792
2016-06-05,0.00179
2016-06-06,0.001787
2016-06-07,0.001775
2016-06-08,0.001802
2016-06-09,0.0018
2016-06-10,0.0018
2016-06-11,0.001799
2016-06-12,0.001798
2016-06-13,0.001797
2016-06-14,0.001798
2016-06-15,0.001794
2016-06-16,0.00181
2016-06-17,0.001834
2016-06-18,0.001902
2016-06-19,0.001896
2016-06-20,0.00192
2016-06-21,0.001924
2016-06-22,0.001946
2016-06-23,0.001976
2016-06-24,0.001977
2016-06-25,0.001998
2016-06-26,0.001999
2016-06-27,0.001996
2016-06-28,0.001997
2016-06-29,0.001999
2016-06-30,0.002
2016-07-01,0.002003
2016-07-02,0.002003
2016-07-03,0.002005
2016-07-04,0.002035
2016-07-05,0.001988
2016-07-06,0.002003
2016-07-07,0.002
2016-07-08,0.001989
2016-07-09,0.001992
2016-07-10,0.00198
2016-07-11,0.001971
2016-07-12,0.001966
2016-07-13,0.00198
2016-07-14,0.001979
2016-07-15,0.002135
2016-07-16,0.002084
2016-07-17,0.002076
2016-07-18,0.001971
2016-07-19,0.002436
2016-07-20,0.002547
2016-07-21,0.002447
2016-07-22,0.002417
2016-07-23,0.002407
2016-07-24,0.002262
2016-07-25,0.00229
2016-07-26,0.002375
2016-07-27,0.002357
2016-07-28,0.00235
2016-07-29,0.002349
2016-07-30,0.002326
2016-07-31,0.00233
2016-08-01,0.00231
2016-08-02,0.002352
2016-08-03,0.002358
2016-08-04,0.002364
2016-08-05,0.002378
2016-08-06,0.002364
2016-08-07,0.002365
2016-08-08,0.002402
2016-08-09,0.002385
2016-08-10,0.002377
2016-08-11,0.002405
2016-08-12,0.002404
2016-08-13,0.002439
2016-08-14,0.002451
2016-08-15,0.002438
2016-08-16,0.002442
2016-08-17,0.002447
2016-08-18,0.002452
2016-08-19,0.002455
2016-08-20,0.002445
2016-08-21,0.00244
2016-08-22,0.002442
2016-08-23,0.002437
2016-08-24,0.002433
2016-08-25,0.002425
2016-08-26,0.002415
2016-08-27,0.002418
2016-08-28,0.002418
2016-08-29,0.002413
2016-08-30,0.002402
2016-08-31,0.00239
2016-09-01,0.002382
2016-09-02,0.00237
2016-09-03,0.002374
2016-09-04,0.002374
2016-09-05,0.002382
2016-09-06,0.002376
2016-09-07,0.002372
2016-09-08,0.002373
2016-09-09,0.002368
2016-09-10,0.002356
2016-09-11,0.002349
2016-09-12,0.002355
2016-09-13,0.002351
2016-09-14,0.002351
2016-09-15,0.002352
2016-09-16,0.002359
2016-09-17,0.00236
2016-09-18,0.002354
2016-09-19,0.002352
2016-09-20,0.002349
2016-09-21,0.002353
2016-09-22,0.00235
2016-09-23,0.002352
2016-09-24,0.002352
2016-09-25,0.002348
2016-09-26,0.002351
2016-09-27,0.002346
2016-09-28,0.002313
2016-09-29,0.002272
2016-09-30,0.002257
2016-10-01,0.002237
2016-10-02,0.002302
2016-10-03,0.002299
2016-10-04,0.0023
2016-10-05,0.002294
2016-10-06,0.002301
2016-10-07,0.002302
2016-10-08,0.002304
2016-10-09,0.002312
2016-10-10,0.002309
2016-10-11,0.002322
2016-10-12,0.002272
2016-10-13,0.002267
2016-10-14,0.002314
2016-10-15,0.002317
2016-10-16,0.002316
2016-10-17,0.002311
2016-10-18,0.00231
2016-10-19,0.002306
2016-10-20,0.002309
2016-10-21,0.002305
2016-10-22,0.002309
2016-10-23,0.002305
2016-10-24,0.00231
2016-10-25,0.002306
2016-10-26,0.002307
2016-10-27,0.002312
2016-10-28,0.002314
2016-10-29,0.002325
2016-10-30,0.002371
2016-10-31,0.002384
2016-11-01,0.002379
2016-11-02,0.002381
2016-11-03,0.002379
2016-11-04,0.002383
2016-11-05,0.002389
2016-11-06,0.002389
2016-11-07,0.002384
2016-11-08,0.002383
2016-11-09,0.002382
2016-11-10,0.002372
2016-11-11,0.002387
2016-11-12,0.002383
2016-11-13,0.002396
2016-11-14,0.002397
2016-11-15,0.002405
2016-11-16,0.002411
2016-11-17,0.002373
2016-11-18,0.002379
2016-11-19,0.002379
2016-11-20,0.00237
2016-11-21,0.002366
2016-11-22,0.002375
2016-11-23,0.002368
2016-11-24,0.002366
2016-11-25,0.002368
2016-11-26,0.002301
2016-11-27,0.002306
2016-11-28,0.002302
2016-11-29,0.002306
2016-11-30,0.002315
2016-12-01,0.002268
2016-12-02,0.00227
2016-12-03,0.00227
2016-12-04,0.00227
2016-12-05,0.002281
2016-12-06,0.002304
2016-12-07,0.002304
2016-12-08,0.002289
2016-12-09,0.002347
2016-12-10,0.002338
2016-12-11,0.002337
2016-12-12,0.002339
2016-12-13,0.002339
2016-12-14,0.002334
2016-12-15,0.002357
2016-12-16,0.00236
2016-12-17,0.002359
2016-12-18,0.002359
2016-12-19,0.002359
2016-12-20,0.002364
2016-12-21,0.002371
2016-12-22,0.002376
2016-12-23,0.002377
2016-12-24,0.002382
2016-12-25,0.002387
2016-12-26,0.002382
2016-12-27,0.002389
2016-12-28,0.002391
2016-12-29,0.002403
2016-12-30,0.002396
2016-12-31,0.00241
2017-01-01,0.002417
2017-01-02,0.002418
2017-01-03,0.002422
2017-01-04,0.002463
2017-01-05,0.002488
2017-01-06,0.002491
2017-01-07,0.002491
2017-01-08,0.002487
2017-01-09,0.002489
2017-01-10,0.002503
2017-01-11,0.002513
2017-01-12,0.002513
2017-01-13,0.002517
2017-01-14,0.002519
2017-01-15,0.002516
2017-01-16,0.002513
2017-01-17,0.002493
2017-01-18,0.002487
2017-01-19,0.002488
2017-01-20,0.002559
2017-01-21,0.002554
2017-01-22,0.002542
2017-01-23,0.002543
2017-01-24,0.002546
2017-01-25,0.002544
2017-01-26,0.002564
2017-01-27,0.002582
2017-01-28,0.002578
2017-01-29,0.002582
2017-01-30,0.002582
2017-01-31,0.002577
2017-02-01,0.002578
2017-02-02,0.002579
2017-02-03,0.002586
2017-02-04,0.00265
2017-02-05,0.002645
2017-02-06,0.002643
2017-02-07,0.002644
2017-02-08,0.002649
2017-02-09,0.002652
2017-02-10,0.002651
2017-02-11,0.002644
2017-02-12,0.002646
2017-02-13,0.002648
2017-02-14,0.002642
2017-02-15,0.002662
2017-02-16,0.002676
2017-02-17,0.002698
2017-02-18,0.002701
2017-02-19,0.002697
2017-02-20,0.00271
2017-02-21,0.002717
2017-02-22,0.002727
2017-02-23,0.002729
2017-02-24,0.002742
2017-02-25,0.002738
2017-02-26,0.002746
2017-02-27,0.002647
2017-02-28,0.002745
2017-03-01,0.002836
2017-03-02,0.002924
2017-03-03,0.00298
2017-03-04,0.002978
2017-03-05,0.002979
2017-03-06,0.002985
2017-03-07,0.003005
2017-03-08,0.003006
2017-03-09,0.00301
2017-03-10,0.003047
2017-03-11,0.003041
2017-03-12,0.003075
2017-03-13,0.003115
2017-03-14,0.003107
2017-03-15,0.003155
2017-03-16,0.003331
2017-03-17,0.003478
2017-03-18,0.003481
2017-03-19,0.003464
2017-03-20,0.003437
2017-03-21,0.003444
2017-03-22,0.00342
2017-03-23,0.003426
2017-03-24,0.003426
2017-03-25,0.003402
2017-03-26,0.003336
2017-03-27,0.003336
2017-03-28,0.003346
2017-03-29,0.003338
2017-03-30,0.003328
2017-03-31,0.003331
2017-04-01,0.003334
2017-04-02,0.003354
2017-04-03,0.003365
2017-04-04,0.003359
2017-04-05,0.003356
2017-04-06,0.00338
2017-04-07,0.003363
2017-04-08,0.003353
2017-04-09,0.003352
2017-04-10,0.003357
2017-04-11,0.003367
2017-04-12,0.003348
2017-04-13,0.003328
2017-04-14,0.003319
2017-04-15,0.003316
2017-04-16,0.003289
2017-04-17,0.003291
2017-04-18,0.003268
2017-04-19,0.003265
2017-04-20,0.003264
2017-04-21,0.003275
2017-04-22,0.003274
2017-04-23,0.003277
2017-04-24,0.003266
2017-04-25,0.003252
2017-04-26,0.003208
2017-04-27,0.003211
2017-04-28,0.003173
2017-04-29,0.00315
2017-04-30,0.003164
2017-05-01,0.003248
2017-05-02,0.003233
2017-05-03,0.003216
2017-05-04,0.003175
2017-05-05,0.003191
2017-05-06,0.003195
2017-05-07,0.003194
2017-05-08,0.003182
2017-05-09,0.003182
2017-05-10,0.003173
2017-05-11,0.003159
2017-05-12,0.003155
2017-05-13,0.003149
2017-05-14,0.003143
2017-05-15,0.003125
2017-05-16,0.003122
2017-05-17,0.003134
2017-05-18,0.003121
2017-05-19,0.00311
2017-05-20,0.003094
2017-05-21,0.003095
2017-05-22,0.003118
2017-05-23,0.003114
2017-05-24,0.003131
2017-05-25,0.003127
2017-05-26,0.003145
2017-05-27,0.003143
2017-05-28,0.003138
2017-05-29,0.003129
2017-05-30,0.003142
2017-05-31,0.003126
2017-06-01,0.003113
2017-06-02,0.003086
2017-06-03,0.0031
2017-06-04,0.003097
2017-06-05,0.003085
2017-06-06,0.003067
2017-06-07,0.003053
2017-06-08,0.003047
2017-06-09,0.003025
2017-06-10,0.003028
2017-06-11,0.003008
2017-06-12,0.003028
2017-06-13,0.003023
2017-06-14,0.003021
2017-06-15,0.003024
2017-06-16,0.003013
2017-06-17,0.003005
2017-06-18,0.002994
2017-06-19,0.002996
2017-06-20,0.002999
2017-06-21,0.003012
2017-06-22,0.003012
2017-06-23,0.003112
2017-06-24,0.003042
2017-06-25,0.003058
2017-06-26,0.003133
2017-06-27,0.003187
2017-06-28,0.003194
2017-06-29,0.003194
2017-06-30,0.003182
2017-07-01,0.003205
2017-07-02,0.003201
2017-07-03,0.00322
2017-07-04,0.003198
2017-07-05,0.003203
2017-07-06,0.003191
2017-07-07,0.003216
2017-07-08,0.003224
2017-07-09,0.003212
2017-07-10,0.003221
2017-07-11,0.003213
2017-07-12,0.003224
2017-07-13,0.003239
2017-07-14,0.003207
2017-07-15,0.003227
2017-07-16,0.003154
2017-07-17,0.00319
2017-07-18,0.003211
2017-07-19,0.003172
2017-07-20,0.003198
2017-07-21,0.003205
2017-07-22,0.003212
2017-07-23,0.003179
2017-07-24,0.003168
2017-07-25,0.003131
2017-07-26,0.003111
2017-07-27,0.003118
2017-07-28,0.00312
2017-07-29,0.003083
2017-07-30,0.003093
2017-07-31,0.003099
2017-08-01,0.003111
2017-08-02,0.003127
2017-08-03,0.003133
2017-08-04,0.003137
2017-08-05,0.003078
2017-08-06,0.003083
2017-08-07,0.003067
2017-08-08,0.003043
2017-08-09,0.003075
2017-08-10,0.00304
2017-08-11,0.003062
2017-08-12,0.003019
2017-08-13,0.003019
2017-08-14,0.003017
2017-08-15,0.003026
2017-08-16,0.003033
2017-08-17,0.002997
2017-08-18,0.002973
2017-08-19,0.002943
2017-08-20,0.002938
2017-08-21,0.00289
2017-08-22,0.002877
2017-08-23,0.002873
2017-08-24,0.00284
2017-08-25,0.00285
2017-08-26,0.002838
2017-08-27,0.002795
2017-08-28,0.002801
2017-08-29,0.002806
2017-08-30,0.002769
2017-08-31,0.00275
2017-09-01,0.002754
2017-09-02,0.00275
2017-09-03,0.002742
2017-09-04,0.00276
2017-09-05,0.002762
2017-09-06,0.00275
2017-09-07,0.002758
2017-09-08,0.002761
2017-09-09,0.002766
2017-09-10,0.002769
2017-09-11,0.002769
2017-09-12,0.002766
2017-09-13,0.00277
2017-09-14,0.002803
2017-09-15,0.002822
2017-09-16,0.002823
2017-09-17,0.002827
2017-09-18,0.002847
2017-09-19,0.002853
2017-09-20,0.002837
2017-09-21,0.002838
2017-09-22,0.002842
2017-09-23,0.002854
2017-09-24,0.002826
2017-09-25,0.002834
2017-09-26,0.002805
2017-09-27,0.002798
2017-09-28,0.002795
2017-09-29,0.002794
2017-09-30,0.002794
2017-10-01,0.002804
2017-10-02,0.002728
2017-10-03,0.002728
2017-10-04,0.00274
2017-10-05,0.002741
2017-10-06,0.002729
2017-10-07,0.002732
2017-10-08,0.002732
2017-10-09,0.002731
2017-10-10,0.002714
2017-10-11,0.002717
2017-10-12,0.002726
2017-10-13,0.002758
2017-10-14,0.002778
2017-10-15,0.0028
2017-10-16,0.002792
2017-10-17,0.002819
2017-10-18,0.002769
2017-10-19,0.002763
2017-10-20,0.002755
2017-10-21,0.002761
2017-10-22,0.002753
2017-10-23,0.002767
2017-10-24,0.002767
2017-10-25,0.002763
2017-10-26,0.00276
2017-10-27,0.002771
2017-10-28,0.002775
2017-10-29,0.002783
2017-10-30,0.002766
2017-10-31,0.00277
2017-11-01,0.002781
2017-11-02,0.002797
2017-11-03,0.002823
2017-11-04,0.002841
2017-11-05,0.002856
2017-11-06,0.002832
2017-11-07,0.002823
2017-11-08,0.002823
2017-11-09,0.002811
2017-11-10,0.002797
2017-11-11,0.002792
2017-11-12,0.002793
2017-11-13,0.00279
2017-11-14,0.002788
2017-11-15,0.002792
2017-11-16,0.002776
2017-11-17,0.00277
2017-11-18,0.002785
2017-11-19,0.00278
2017-11-20,0.002737
2017-11-21,0.002708
2017-11-22,0.00264
2017-11-23,0.002645
2017-11-24,0.002659
2017-11-25,0.002654
2017-11-26,0.002636
2017-11-27,0.00262
2017-11-28,0.002614
2017-11-29,0.002636
2017-11-30,0.002607
2017-12-01,0.002586
2017-12-02,0.002579
2017-12-03,0.002581
2017-12-04,0.002574
2017-12-05,0.00257
2017-12-06,0.002642
2017-12-07,0.002846
2017-12-08,0.002784
2017-12-09,0.002767
2017-12-10,0.002727
2017-12-11,0.002715
2017-12-12,0.002789
2017-12-13,0.002754
2017-12-14,0.002747
2017-12-15,0.00273
2017-12-16,0.002724
2017-12-17,0.002705
2017-12-18,0.002691
2017-12-19,0.002677
2017-12-20,0.002663
2017-12-21,0.00265
2017-12-22,0.002663
2017-12-23,0.00266
2017-12-24,0.00265
2017-12-25,0.002615
2017-12-26,0.002598
2017-12-27,0.002595
2017-12-28,0.002593
2017-12-29,0.002577
2017-12-30,0.002604
2017-12-31,0.00259
2018-01-01,0.002584
2018-01-02,0.002596
2018-01-03,0.002569
2018-01-04,0.002565
2018-01-05,0.002543
2018-01-06,0.002531
2018-01-07,0.002518
2018-01-08,0.002519
2018-01-09,0.002534
2018-01-10,0.002524
2018-01-11,0.002528
2018-01-12,0.002521
2018-01-13,0.002515
2018-01-14,0.002508
2018-01-15,0.002482
2018-01-16,0.002481
2018-01-17,0.002528
2018-01-18,0.002511
2018-01-19,0.002486
2018-01-20,0.00246
2018-01-21,0.002482
2018-01-22,0.002476
2018-01-23,0.002465
2018-01-24,0.002469
2018-01-25,0.002455
2018-01-26,0.002477
2018-01-27,0.002474
2018-01-28,0.002467
2018-01-29,0.002456
2018-01-30,0.002432
2018-01-31,0.002412
2018-02-01,0.002423
2018-02-02,0.002451
2018-02-03,0.002449
2018-02-04,0.002446
2018-02-05,0.002455
2018-02-06,0.002474
2018-02-07,0.002488
2018-02-08,0.00248
2018-02-09,0.002476
2018-02-10,0.002472
2018-02-11,0.00247
2018-02-12,0.002471
2018-02-13,0.002463
2018-02-14,0.002463
2018-02-15,0.002457
2018-02-16,0.002457
2018-02-17,0.002452
2018-02-18,0.002454
2018-02-19,0.002446
2018-02-20,0.002442
2018-02-21,0.002445
2018-02-22,0.002356
2018-02-23,0.002363
2018-02-24,0.00236
2018-02-25,0.002357
2018-02-26,0.00236
2018-02-27,0.00236
2018-02-28,0.002355
2018-03-01,0.002357
2018-03-02,0.002357
2018-03-03,0.002345
2018-03-04,0.002345
2018-03-05,0.002341
2018-03-06,0.002347
2018-03-07,0.002359
2018-03-08,0.002364
2018-03-09,0.002377
2018-03-10,0.002379
2018-03-11,0.002375
2018-03-12,0.002374
2018-03-13,0.002224
2018-03-14,0.002219
2018-03-15,0.002216
2018-03-16,0.002217
2018-03-17,0.002216
2018-03-18,0.002217
2018-03-19,0.00222
2018-03-20,0.002206
2018-03-21,0.0022
2018-03-22,0.002197
2018-03-23,0.002194
2018-03-24,0.00219
2018-03-25,0.002187
2018-03-26,0.002186
2018-03-27,0.002186
2018-03-28,0.002174
2018-03-29,0.002182
2018-03-30,0.002199
2018-03-31,0.002205
2018-04-01,0.002203
2018-04-02,0.002207
2018-04-03,0.002217
2018-04-04,0.002205
2018-04-05,0.002203
2018-04-06,0.002203
2018-04-07,0.002204
2018-04-08,0.00221
2018-04-09,0.002209
2018-04-10,0.002208
2018-04-11,0.002205
2018-04-12,0.002206
2018-04-13,0.002206
2018-04-14,0.002206
2018-04-15,0.002205
2018-04-16,0.002204
2018-04-17,0.002199
2018-04-18,0.002194
2018-04-19,0.002193
2018-04-20,0.002187
2018-04-21,0.002186
2018-04-22,0.002186
2018-04-23,0.002179
2018-04-24,0.002182
2018-04-25,0.002175
2018-04-26,0.002175
2018-04-27,0.002173
2018-04-28,0.002165
2018-04-29,0.002162
2018-04-30,0.002167
2018-05-01,0.00217
2018-05-02,0.002169
2018-05-03,0.002171
2018-05-04,0.002179
2018-05-05,0.002181
2018-05-06,0.00218
2018-05-07,0.002181
2018-05-08,0.002182
2018-05-09,0.002176
2018-05-10,0.002171
2018-05-11,0.002172
2018-05-12,0.002176
2018-05-13,0.002173
2018-05-14,0.002165
2018-05-15,0.002168
2018-05-16,0.002169
2018-05-17,0.002167
2018-05-18,0.002169
2018-05-19,0.002171
2018-05-20,0.00217
2018-05-21,0.00217
2018-05-22,0.002165
2018-05-23,0.002168
2018-05-24,0.002163
2018-05-25,0.002159
2018-05-26,0.002156
2018-05-27,0.002157
2018-05-28,0.002153
2018-05-29,0.002152
2018-05-30,0.002148
2018-05-31,0.002147
2018-06-01,0.002154
2018-06-02,0.002155
2018-06-03,0.002154
2018-06-04,0.002153
2018-06-05,0.00215
2018-06-06,0.002149
2018-06-07,0.002146
2018-06-08,0.002143
2018-06-09,0.00214
2018-06-10,0.002143
2018-06-11,0.002142
2018-06-12,0.002139
2018-06-13,0.00214
2018-06-14,0.00213
2018-06-15,0.002128
2018-06-16,0.002124
2018-06-17,0.002121
2018-06-18,0.002128
2018-06-19,0.002128
2018-06-20,0.002127
2018-06-21,0.002128
2018-06-22,0.002129
2018-06-23,0.002126
2018-06-24,0.00213
2018-06-25,0.002129
2018-06-26,0.002123
2018-06-27,0.002123
2018-06-28,0.002124
2018-06-29,0.002129
2018-06-30,0.002128
2018-07-01,0.002127
2018-07-02,0.00212
2018-07-03,0.002118
2018-07-04,0.002116
2018-07-05,0.002111
2018-07-06,0.002107
2018-07-07,0.00211
2018-07-08,0.002115
2018-07-09,0.002116
2018-07-10,0.002122
2018-07-11,0.00212
2018-07-12,0.00212
2018-07-13,0.002117
2018-07-14,0.002116
2018-07-15,0.002111
2018-07-16,0.002117
2018-07-17,0.002118
2018-07-18,0.002121
2018-07-19,0.002122
2018-07-20,0.002125
2018-07-21,0.002126
2018-07-22,0.002126
2018-07-23,0.002129
2018-07-24,0.00213
2018-07-25,0.002131
2018-07-26,0.002132
2018-07-27,0.002129
2018-07-28,0.002128
2018-07-29,0.002127
2018-07-30,0.00213
2018-07-31,0.002132
2018-08-01,0.002132
2018-08-02,0.002132
2018-08-03,0.002133
2018-08-04,0.002131
2018-08-05,0.002131
2018-08-06,0.002129
2018-08-07,0.002129
2018-08-08,0.002132
2018-08-09,0.00213
2018-08-10,0.002136
2018-08-11,0.002138
2018-08-12,0.002139
2018-08-13,0.002135
2018-08-14,0.002145
2018-08-15,0.002154
2018-08-16,0.002156
2018-08-17,0.002158
2018-08-18,0.002156
2018-08-19,0.002155
2018-08-20,0.002153
2018-08-21,0.002156
2018-08-22,0.002157
2018-08-23,0.002153
2018-08-24,0.002153
2018-08-25,0.002153
2018-08-26,0.002152
2018-08-27,0.002167
2018-08-28,0.002168
2018-08-29,0.00217
2018-08-30,0.002171
2018-08-31,0.002167
2018-09-01,0.002168
2018-09-02,0.002167
2018-09-03,0.002175
2018-09-04,0.002172
2018-09-05,0.002166
2018-09-06,0.002171
2018-09-07,0.002183
2018-09-08,0.002184
2018-09-09,0.002193
2018-09-10,0.002209
2018-09-11,0.002216
2018-09-12,0.002235
2018-09-13,0.002237
2018-09-14,0.002237
2018-09-15,0.002237
2018-09-16,0.002234
2018-09-17,0.00223
2018-09-18,0.002228
2018-09-19,0.002221
2018-09-20,0.00222
2018-09-21,0.002237
2018-09-22,0.002252
2018-09-23,0.002253
2018-09-24,0.002231
2018-09-25,0.00223
2018-09-26,0.002228
2018-09-27,0.002228
2018-09-28,0.002223
2018-09-29,0.002222
2018-09-30,0.002231
2018-10-01,0.002227
2018-10-02,0.002225
2018-10-03,0.002224
2018-10-04,0.002224
2018-10-05,0.002227
2018-10-06,0.002224
2018-10-07,0.002222
2018-10-08,0.002225
2018-10-09,0.002224
2018-10-10,0.002221
2018-10-11,0.002224
2018-10-12,0.00222
2018-10-13,0.002218
2018-10-14,0.002215
2018-10-15,0.002206
2018-10-16,0.002201
2018-10-17,0.002198
2018-10-18,0.002201
2018-10-19,0.002208
2018-10-20,0.002215
2018-10-21,0.002211
2018-10-22,0.002208
2018-10-23,0.002208
2018-10-24,0.002209
2018-10-25,0.002211
2018-10-26,0.002204
2018-10-27,0.002199
2018-10-28,0.002196
2018-10-29,0.002202
2018-10-30,0.0022
2018-10-31,0.002194
2018-11-01,0.002191
2018-11-02,0.002184
2018-11-03,0.002183
2018-11-04,0.00218
2018-11-05,0.00219
2018-11-06,0.002188
2018-11-07,0.002193
2018-11-08,0.0022
2018-11-09,0.002194
2018-11-10,0.002194
2018-11-11,0.00219
2018-11-12,0.002198
2018-11-13,0.002195
2018-11-14,0.002191
2018-11-15,0.002194
2018-11-16,0.002191
2018-11-17,0.002191
2018-11-18,0.002197
2018-11-19,0.002217
2018-11-20,0.002236
2018-11-21,0.002215
2018-11-22,0.002225
2018-11-23,0.002234
2018-11-24,0.002234
2018-11-25,0.002242
2018-11-26,0.002256
2018-11-27,0.002254
2018-11-28,0.002249
2018-11-29,0.002245
2018-11-30,0.001978
2018-12-01,0.000974
2018-12-02,0.000974
2018-12-03,0.000975
2018-12-04,0.000993
2018-12-05,0.001002
2018-12-06,0.001003
2018-12-07,0.001
2018-12-08,0.001
2018-12-09,0.001002
2018-12-10,0.001002
2018-12-11,0.001002
2018-12-12,0.001003
2018-12-13,0.000999
2018-12-14,0.000996
2018-12-15,0.000996
2018-12-16,0.000994
2018-12-17,0.000998
2018-12-18,0.000999
2018-12-19,0.000988
2018-12-20,0.000972
2018-12-21,0.000979
2018-12-22,0.000975
2018-12-23,0.000976
2018-12-24,0.000973
2018-12-25,0.000973
2018-12-26,0.000972
2018-12-27,0.000974
2018-12-28,0.000974
2018-12-29,0.000977
2018-12-30,0.000977
2018-12-31,0.000977
2019-01-01,0.000976
2019-01-02,0.000977
2019-01-03,0.000974
2019-01-04,0.000966
2019-01-05,0.00096
2019-01-06,0.000962
2019-01-07,0.000965
2019-01-08,0.000962
2019-01-09,0.000963
2019-01-10,0.000957
2019-01-11,0.000938
2019-01-12,0.000939
2019-01-13,0.000988
2019-01-14,0.00096
2019-01-15,0.00096
2019-01-16,0.000961
2019-01-17,0.000959
2019-01-18,0.000962
2019-01-19,0.000962
2019-01-20,0.000961
2019-01-21,0.00096
2019-01-22,0.000953
2019-01-23,0.000953
2019-01-24,0.000952
2019-01-25,0.000951
2019-01-26,0.00095
2019-01-27,0.00095
2019-01-28,0.00095
2019-01-29,0.00095
2019-01-30,0.000949
2019-01-31,0.00095
2019-02-01,0.00095
2019-02-02,0.00095
2019-02-03,0.000951
2019-02-04,0.00095
2019-02-05,0.000941
2019-02-06,0.00094
2019-02-07,0.000938
2019-02-08,0.000942
2019-02-09,0.000943
2019-02-10,0.000942
2019-02-11,0.000945
2019-02-12,0.000944
2019-02-13,0.000939
2019-02-14,0.000942
2019-02-15,0.000941
2019-02-16,0.000942
2019-02-17,0.000944
2019-02-18,0.000947
2019-02-19,0.000948
2019-02-20,0.000947
2019-02-21,0.00098
2019-02-22,0.000978
2019-02-23,0.000976
2019-02-24,0.000976
2019-02-25,0.000976
2019-02-26,0.000974
2019-02-27,0.000975
2019-02-28,0.000974
2019-03-01,0.000975
2019-03-02,0.000975
2019-03-03,0.000974
2019-03-04,0.000974
2019-03-05,0.000972
2019-03-06,0.000991
2019-03-07,0.00099
2019-03-08,0.000989
2019-03-09,0.000992
2019-03-10,0.000994
2019-03-11,0.000996
2019-03-12,0.000995
2019-03-13,0.000997
2019-03-14,0.000991
2019-03-15,0.000993
2019-03-16,0.000993
2019-03-17,0.000984
2019-03-18,0.000988
2019-03-19,0.000987
2019-03-20,0.000985
2019-03-21,0.000979
2019-03-22,0.000982
2019-03-23,0.000982
2019-03-24,0.000981
2019-03-25,0.001019
2019-03-26,0.00103
2019-03-27,0.001031
2019-03-28,0.001029
2019-03-29,0.001032
2019-03-30,0.001004
2019-03-31,0.001005
2019-04-01,0.001003
2019-04-02,0.001007
2019-04-03,0.001007
2019-04-04,0.001005
2019-04-05,0.001006
2019-04-06,0.001008
2019-04-07,0.001009
2019-04-08,0.001016
2019-04-09,0.001016
2019-04-10,0.001016
2019-04-11,0.001014
2019-04-12,0.001013
2019-04-13,0.001013
2019-04-14,0.001013
2019-04-15,0.001014
2019-04-16,0.001016
2019-04-17,0.001015
2019-04-18,0.001013
2019-04-19,0.001013
2019-04-20,0.001013
2019-04-21,0.001011
2019-04-22,0.001009
2019-04-23,0.001009
2019-04-24,0.001008
2019-04-25,0.001007
2019-04-26,0.001003
2019-04-27,0.001001
2019-04-28,0.001001
2019-04-29,0.000999
2019-04-30,0.000992
2019-05-01,0.000992
2019-05-02,0.00099
2019-05-03,0.00099
2019-05-04,0.00099
2019-05-05,0.000989
2019-05-06,0.000987
2019-05-07,0.000988
2019-05-08,0.000994
2019-05-09,0.000995
2019-05-10,0.000993
2019-05-11,0.000998
2019-05-12,0.000996
2019-05-13,0.000984
2019-05-14,0.00098
2019-05-15,0.000978
2019-05-16,0.000962
2019-05-17,0.000972
2019-05-18,0.000971
2019-05-19,0.000972
2019-05-20,0.000973
2019-05-21,0.000972
2019-05-22,0.000973
2019-05-23,0.000974
2019-05-24,0.000975
2019-05-25,0.000974
2019-05-26,0.000975
2019-05-27,0.000976
2019-05-28,0.001
2019-05-29,0.000987
2019-05-30,0.000989
2019-05-31,0.000982
2019-06-01,0.000981
2019-06-02,0.000981
2019-06-03,0.000978
2019-06-04,0.000976
2019-06-05,0.000979
2019-06-06,0.000982
2019-06-07,0.000983
2019-06-08,0.000986
2019-06-09,0.000986
2019-06-10,0.000994
2019-06-11,0.000996
2019-06-12,0.000996
2019-06-13,0.001001
2019-06-14,0.00101
2019-06-15,0.001017
2019-06-16,0.001018
2019-06-17,0.001022
2019-06-18,0.001033
2019-06-19,0.001037
2019-06-20,0.00104
2019-06-21,0.00104
2019-06-22,0.001035
2019-06-23,0.001037
2019-06-24,0.001042
2019-06-25,0.001048
2019-06-26,0.001055
2019-06-27,0.001068
2019-06-28,0.00108
2019-06-29,0.001073
2019-06-30,0.001074
2019-07-01,0.001074
2019-07-02,0.001073
2019-07-03,0.001073
2019-07-04,0.001072
2019-07-05,0.001071
2019-07-06,0.00107
2019-07-07,0.00107
2019-07-08,0.00107
2019-07-09,0.001068
2019-07-10,0.001061
2019-07-11,0.001056
2019-07-12,0.001056
2019-07-13,0.001056
2019-07-14,0.001054
2019-07-15,0.001057
2019-07-16,0.001058
2019-07-17,0.001061
2019-07-18,0.001064
2019-07-19,0.001065
2019-07-20,0.001066
2019-07-21,0.001067
2019-07-22,0.001067
2019-07-23,0.001067
2019-07-24,0.00107
2019-07-25,0.001071
2019-07-26,0.001048
2019-07-27,0.001047
2019-07-28,0.001046
2019-07-29,0.00105
2019-07-30,0.001051
2019-07-31,0.001049
2019-08-01,0.001024
2019-08-02,0.001022
2019-08-03,0.001019
2019-08-04,0.001017
2019-08-05,0.001024
2019-08-06,0.001029
2019-08-07,0.001029
2019-08-08,0.001033
2019-08-09,0.001032
2019-08-10,0.001033
2019-08-11,0.001032
2019-08-12,0.001032
2019-08-13,0.00103
2019-08-14,0.00103
2019-08-15,0.001024
2019-08-16,0.001024
2019-08-17,0.001025
2019-08-18,0.001024
2019-08-19,0.001027
2019-08-20,0.001024
2019-08-21,0.001024
2019-08-22,0.001023
2019-08-23,0.001022
2019-08-24,0.001023
2019-08-25,0.001022
2019-08-26,0.001021
2019-08-27,0.001021
2019-08-28,0.00102
2019-08-29,0.001021
2019-08-30,0.001023
2019-08-31,0.001023
2019-09-01,0.001022
2019-09-02,0.001021
2019-09-03,0.001022
2019-09-04,0.001022
2019-09-05,0.001022
2019-09-06,0.001021
2019-09-07,0.001021
2019-09-08,0.001021
2019-09-09,0.001021
2019-09-10,0.001017
2019-09-11,0.001015
2019-09-12,0.001016
2019-09-13,0.001015
2019-09-14,0.001016
2019-09-15,0.001018
2019-09-16,0.001018
2019-09-17,0.001018
2019-09-18,0.00102
2019-09-19,0.001021
2019-09-20,0.001021
2019-09-21,0.001021
2019-09-22,0.00102
2019-09-23,0.00102
2019-09-24,0.001021
2019-09-25,0.001016
2019-09-26,0.001011
2019-09-27,0.001009
2019-09-28,0.001008
2019-09-29,0.001008
2019-09-30,0.001008
2019-10-01,0.001008
2019-10-02,0.001009
2019-10-03,0.001008
2019-10-04,0.001009
2019-10-05,0.001009
2019-10-06,0.001009
2019-10-07,0.001007
2019-10-08,0.001002
2019-10-09,0.001002
2019-10-10,0.001002
2019-10-11,0.001002
2019-10-12,0.001002
2019-10-13,0.001002
2019-10-14,0.000927
2019-10-15,0.000928
2019-10-16,0.000928
2019-10-17,0.000927
2019-10-18,0.000925
2019-10-19,0.000924
2019-10-20,0.000924
2019-10-21,0.000923
2019-10-22,0.000917
2019-10-23,0.000917
2019-10-24,0.000918
2019-10-25,0.000918
2019-10-26,0.000921
2019-10-27,0.000921
2019-10-28,0.000921
2019-10-29,0.000919
2019-10-30,0.000918
2019-10-31,0.000918
2019-11-01,0.000918
2019-11-02,0.000916
2019-11-03,0.000916
2019-11-04,0.000916
2019-11-05,0.000917
2019-11-06,0.000917
2019-11-07,0.000915
2019-11-08,0.00091
2019-11-09,0.00091
2019-11-10,0.00091
2019-11-11,0.000909
2019-11-12,0.00091
2019-11-13,0.000911
2019-11-14,0.000911
2019-11-15,0.00091
2019-11-16,0.00091
2019-11-17,0.00091
2019-11-18,0.00091
2019-11-19,0.00091
2019-11-20,0.00091
2019-11-21,0.00091
2019-11-22,0.000906
2019-11-23,0.000905
2019-11-24,0.000906
2019-11-25,0.000909
2019-11-26,0.000909
2019-11-27,0.000921
2019-11-28,0.000906
2019-11-29,0.000906
2019-11-30,0.000906
2019-12-01,0.000906
2019-12-02,0.000906
2019-12-03,0.000904
2019-12-04,0.000903
2019-12-05,0.000905
2019-12-06,0.000905
2019-12-07,0.000905
2019-12-08,0.000905
2019-12-09,0.000906
2019-12-10,0.000906
2019-12-11,0.000905
2019-12-12,0.000902
2019-12-13,0.000901
2019-12-14,0.000902
2019-12-15,0.000902
2019-12-16,0.000903
2019-12-17,0.000906
2019-12-18,0.000907
2019-12-19,0.000903
2019-12-20,0.000904
2019-12-21,0.000905
2019-12-22,0.000906
2019-12-23,0.000907
2019-12-24,0.000907
2019-12-25,0.000903
2019-12-26,0.000903
2019-12-27,0.000904
2019-12-28,0.000908
2019-12-29,0.000906
2019-12-30,0.000907
2019-12-31,0.000906
2020-01-01,0.000906
2020-01-02,0.000907
2020-01-03,0.000907
2020-01-04,0.000908
2020-01-05,0.000907
2020-01-06,0.000909
2020-01-07,0.000908
2020-01-08,0.000907
2020-01-09,0.000908
2020-01-10,0.000908
2020-01-11,0.000908
2020-01-12,0.000908
2020-01-13,0.000909
2020-01-14,0.00091
2020-01-15,0.000911
2020-01-16,0.000913
2020-01-17,0.000912
2020-01-18,0.000911
2020-01-19,0.000911
2020-01-20,0.000911
2020-01-21,0.000912
2020-01-22,0.000912
2020-01-23,0.00091
2020-01-24,0.000909
2020-01-25,0.000908
2020-01-26,0.000909
2020-01-27,0.000908
2020-01-28,0.000909
2020-01-29,0.000909
2020-01-30,0.00091
2020-01-31,0.000912
2020-02-01,0.000914
2020-02-02,0.000914
2020-02-03,0.000914
2020-02-04,0.000914
2020-02-05,0.000915
2020-02-06,0.000915
2020-02-07,0.000908
2020-02-08,0.000909
2020-02-09,0.000908
2020-02-10,0.000909
2020-02-11,0.000909
2020-02-12,0.000912
2020-02-13,0.000914
2020-02-14,0.000914
2020-02-15,0.000913
2020-02-16,0.000914
2020-02-17,0.000915
2020-02-18,0.000914
2020-02-19,0.000913
2020-02-20,0.000914
2020-02-21,0.000914
2020-02-22,0.000912
2020-02-23,0.000911
2020-02-24,0.000912
2020-02-25,0.000917
2020-02-26,0.000918
2020-02-27,0.000917
2020-02-28,0.000917
2020-02-29,0.000917
2020-03-01,0.000916
2020-03-02,0.000917
2020-03-03,0.000917
2020-03-04,0.000916
2020-03-05,0.000918
2020-03-06,0.000919
2020-03-07,0.000919
2020-03-08,0.000919
2020-03-09,0.000924
2020-03-10,0.000927
2020-03-11,0.000929
2020-03-12,0.000926
2020-03-13,0.000921
2020-03-14,0.000926
2020-03-15,0.000923
2020-03-16,0.000922
2020-03-17,0.000931
2020-03-18,0.00093
2020-03-19,0.00093
2020-03-20,0.000939
2020-03-21,0.00094
2020-03-22,0.00094
2020-03-23,0.000939
2020-03-24,0.000943
2020-03-25,0.000941
2020-03-26,0.000943
2020-03-27,0.000941
2020-03-28,0.000942
2020-03-29,0.000942
2020-03-30,0.000941
2020-03-31,0.00094
2020-04-01,0.00094
2020-04-02,0.000931
2020-04-03,0.000922
2020-04-04,0.000915
2020-04-05,0.000911
2020-04-06,0.000914
2020-04-07,0.000918
2020-04-08,0.000922
2020-04-09,0.000921
2020-04-10,0.000922
2020-04-11,0.00092
2020-04-12,0.000919
2020-04-13,0.000921
2020-04-14,0.000921
2020-04-15,0.000921
2020-04-16,0.000921
2020-04-17,0.000926
2020-04-18,0.000926
2020-04-19,0.000924
2020-04-20,0.000925
2020-04-21,0.000928
2020-04-22,0.000929
2020-04-23,0.000932
2020-04-24,0.000898
2020-04-25,0.000897
2020-04-26,0.000897
2020-04-27,0.000898
2020-04-28,0.000897
2020-04-29,0.000898
2020-04-30,0.000902
2020-05-01,0.000901
2020-05-02,0.0009
2020-05-03,0.000899
2020-05-04,0.000899
2020-05-05,0.000899
2020-05-06,0.0009
2020-05-07,0.000902
2020-05-08,0.000904
2020-05-09,0.000905
2020-05-10,0.000902
2020-05-11,0.000902
2020-05-12,0.000902282806878691
2020-05-13,0.000903796374375099
2020-05-14,0.00090245567473602
2020-05-15,0.000902623393551255
2020-05-16,0.000902515936352721
2020-05-17,0.000902482745048045
2020-05-18,0.000905586620739964
2020-05-19,0.000904205457499136
2020-05-20,0.000904918950614764
2020-05-21,0.000902943600894912
2020-05-22,0.000902796610347107
2020-05-23,0.000901404737649513
2020-05-24,0.00089993708119388
2020-05-25,0.000899594821464124
2020-05-26,0.000897073982172263
2020-05-27,0.000895988275594386
2020-05-28,0.000894947024378483
2020-05-29,0.000894762097842705
2020-05-30,0.000896240770535799
2020-05-31,0.000896306416412571
2020-06-01,0.000897016891174171
2020-06-02,0.000917297036329111
2020-06-03,0.000914559505647384
2020-06-04,0.000914445428770096
2020-06-05,0.000918650760186748
2020-06-06,0.000917843937107285
2020-06-07,0.000917850856136747
2020-06-08,0.000916387281880578
2020-06-09,0.00091471484785808
2020-06-10,0.000912340366388349
2020-06-11,0.000912715993239874
2020-06-12,0.000911722518684945
2020-06-13,0.000911616124797599
2020-06-14,0.000910155346795357
2020-06-15,0.000909790720873267
2020-06-16,0.000910243754134795
2020-06-17,0.0009104591013124
2020-06-18,0.000912048259203599
2020-06-19,0.000913327038008433
2020-06-20,0.000914078849206816
2020-06-21,0.000913948596371726
2020-06-22,0.000915303135185548
2020-06-23,0.000912067865957635
2020-06-24,0.000909056915966462
2020-06-25,0.000824713612794426
2020-06-26,0.000817206446103061
2020-06-27,0.000817347084891945
2020-06-28,0.000817186726005243
2020-06-29,0.000817050268847471
2020-06-30,0.000816621158381443
2020-07-01,0.000816005987680348
2020-07-02,0.000816678830624387
2020-07-03,0.000815259648811914
2020-07-04,0.000815802017879341
2020-07-05,0.000815877819675473
2020-07-06,0.00081669693143547
2020-07-07,0.000816383696247718
2020-07-08,0.000815248826027847
2020-07-09,0.000814038346440847
2020-07-10,0.000814364530777292
2020-07-11,0.000814870955357186
2020-07-12,0.000814349675680423
2020-07-13,0.000812333806752232
2020-07-14,0.000807974797375026
2020-07-15,0.000807605530610532
2020-07-16,0.000806407503350084
2020-07-17,0.00080575915344471
2020-07-18,0.000805657164613311
2020-07-19,0.000804119532013565
2020-07-20,0.000805518121218973
2020-07-21,0.000804722630705367
2020-07-22,0.000801934843402053
2020-07-23,0.000782488922089244
2020-07-24,0.000784320691061246
2020-07-25,0.000783085542319093
2020-07-26,0.00078448894167731
2020-07-27,0.000777837854127899
2020-07-28,0.000779761257081465
2020-07-29,0.000781119618055288
2020-07-30,0.000781807171264926
2020-07-31,0.000783472195578955
2020-08-01,0.000784046037138466
2020-08-02,0.000785917903396325
2020-08-03,0.000789537983881181
2020-08-04,0.000795333968645664
2020-08-05,0.000797475236494344
2020-08-06,0.00080309686651727
2020-08-07,0.000805460904172566
2020-08-08,0.000804653301816515
2020-08-09,0.000804985053513698
2020-08-10,0.000810927921856415
2020-08-11,0.000810917405007101
2020-08-12,0.000810996553083082
2020-08-13,0.000810064222134904
2020-08-14,0.000815445003967646
2020-08-15,0.000815598426471598
2020-08-16,0.000816446673099282
2020-08-17,0.00081638149105196
2020-08-18,0.000820338962353844
2020-08-19,0.000820344841706304
2020-08-20,0.000820963839082067
2020-08-21,0.000818165757267108
2020-08-22,0.000820024292302589
2020-08-23,0.000820212826019805
2020-08-24,0.0008210481196005
2020-08-25,0.000820125529062965
2020-08-26,0.000821250471851463
2020-08-27,0.000822257957231999
2020-08-28,0.000824213832877246
2020-08-29,0.000824239923651025
2020-08-30,0.000823677772580558
2020-08-31,0.0008253606244316
2020-09-01,0.000825347488663306
2020-09-02,0.000829539126071649
2020-09-03,0.000828601994160433
2020-09-04,0.000821669015513268
2020-09-05,0.000812837052574304
2020-09-06,0.000828184512527898
2020-09-07,0.000833382124858901
2020-09-08,0.000835523198937906
2020-09-09,0.000838208486366236
2020-09-10,0.000831363917277432
2020-09-11,0.000834115843836365
2020-09-12,0.000831646546760903
2020-09-13,0.000831028544196493
2020-09-14,0.000830147537596243
2020-09-15,0.000831968587407974
2020-09-16,0.000827807095316569
2020-09-17,0.000829279378756738
2020-09-18,0.00083013258164436
2020-09-19,0.000830386390497457
2020-09-20,0.000831496337475545
2020-09-21,0.000831008794422495
2020-09-22,0.000830995532748958
2020-09-23,0.000829204932222046
2020-09-24,0.000830830343809919
2020-09-25,0.000831972040767878
2020-09-26,0.000834095521186123
2020-09-27,0.000834905458395581
2020-09-28,0.000836971594098982
2020-09-29,0.000835571322460973
2020-09-30,0.000834500807331878
2020-10-01,0.000832916567377673
2020-10-02,0.000832255365334795
2020-10-03,0.000832290919319529
2020-10-04,0.000831285833359116
2020-10-05,0.000830041992333141
2020-10-06,0.000829848388034323
2020-10-07,0.00083122365687186
2020-10-08,0.00081980265609269
2020-10-09,0.000809311883072498
2020-10-10,0.000806143434600445
2020-10-11,0.000807717810040843
2020-10-12,0.000807764620210843
2020-10-13,0.00080743315450157
2020-10-14,0.000802423876057473
2020-10-15,0.000801997877221888
2020-10-16,0.000799245303965079
2020-10-17,0.000798260322465397
2020-10-18,0.000797688313331071
2020-10-19,0.000795678498018748
2020-10-20,0.000794733551945256
2020-10-21,0.00079343536883025
2020-10-22,0.000795269642977033
2020-10-23,0.000796982495626996
2020-10-24,0.000797517368194636
2020-10-25,0.000797452057588733
2020-10-26,0.000794001388061239
2020-10-27,0.000793310659267689
2020-10-28,0.000794053489042468
2020-10-29,0.000792342776287183
2020-10-30,0.000792114616012637
2020-10-31,0.000790796910041433
2020-11-01,0.000790226652272902
2020-11-02,0.000787271463777435
2020-11-03,0.000787162372716807
2020-11-04,0.000785350105343607
2020-11-05,0.000785318760753859
2020-11-06,0.000786735264118078
2020-11-07,0.000790994074138472
2020-11-08,0.000789396274957819
2020-11-09,0.000791798296203666
2020-11-10,0.000794092877386123
2020-11-11,0.000793451159417828
2020-11-12,0.000789761884891221
2020-11-13,0.000793789221891323
2020-11-14,0.000794270426392119
2020-11-15,0.000793473678949125
2020-11-16,0.00079156208416881
2020-11-17,0.000790268670534536
2020-11-18,0.000792872931123064
2020-11-19,0.000794064831211963
2020-11-20,0.00079567437859475
2020-11-21,0.000785025986918949
2020-11-22,0.000786504965349616
2020-11-23,0.000812726140158673
2020-11-24,0.000816772970182786
2020-11-25,0.000824971064313636
2020-11-26,0.000824595096690342
2020-11-27,0.000822581315561587
2020-11-28,0.000823123837169358
2020-11-29,0.000821393700565854
2020-11-30,0.000820811047650627
2020-12-01,0.000822410564677377
2020-12-02,0.000823927947166889
2020-12-03,0.000825418656623346
2020-12-04,0.000824628461817534
2020-12-05,0.000826631564903917
2020-12-06,0.00082891340383081
2020-12-07,0.000825475836424711
2020-12-08,0.00082569140840651
2020-12-09,0.000824808751805672
2020-12-10,0.000827402811491596
2020-12-11,0.000827901882235219
2020-12-12,0.000827198500596351
2020-12-13,0.000827673306314566
2020-12-14,0.000828142131233724
2020-12-15,0.000828415983690721
2020-12-16,0.000830792473820498
2020-12-17,0.000829340812945068
2020-12-18,0.000826580352415125
2020-12-19,0.000830917136197116
2020-12-20,0.00082918295440949
2020-12-21,0.000829711372567109
2020-12-22,0.000835295933553489
2020-12-23,0.000835948626388685
2020-12-24,0.000835789633830631
2020-12-25,0.000835610645255553
2020-12-26,0.000836344485574202
2020-12-27,0.000837743854282453
2020-12-28,0.000838109914441767
2020-12-29,0.000830835092758371
2020-12-30,0.000832968292309784
2020-12-31,0.00083645215992082
2021-01-01,0.000844772516332108
2021-01-02,0.000845988868969553
2021-01-03,0.0008489749962349
2021-01-04,0.000856229093842672
2021-01-05,0.000865276271280914
2021-01-06,0.000869759723474801
2021-01-07,0.000888677162078601
2021-01-08,0.000916156123074642
2021-01-09,0.000916850793288741
2021-01-10,0.000917258602862603
2021-01-11,0.000920398486695887
2021-01-12,0.000921225233882793
2021-01-13,0.000921328075713427
2021-01-14,0.000922532186847693
2021-01-15,0.000919079765173085
2021-01-16,0.000922619181425302
2021-01-17,0.000924251689795833
2021-01-18,0.000926177252628768
2021-01-19,0.000930914956933645
2021-01-20,0.000921467767409147
2021-01-21,0.00092875213462977
2021-01-22,0.000944992147115675
2021-01-23,0.000944837229817313
2021-01-24,0.000943432078364762
2021-01-25,0.000944167599814284
2021-01-26,0.000945407166022182
2021-01-27,0.000947103685251548
2021-01-28,0.000941226761582619
2021-01-29,0.000926629372274871
2021-01-30,0.000928926788440171
2021-01-31,0.000928614107080499
2021-02-01,0.000929555658497122
2021-02-02,0.000916641940713892
2021-02-03,0.000922620102862753
2021-02-04,0.000917598315913871
2021-02-05,0.000915123605334499
2021-02-06,0.000912403714382109
2021-02-07,0.000912895718449491
2021-02-08,0.000908651738959162
2021-02-09,0.000910739332160222
2021-02-10,0.000908883434712518
2021-02-11,0.00090995436764658
2021-02-12,0.000907360145131247
2021-02-13,0.00090624462209321
2021-02-14,0.00090723666984465
2021-02-15,0.000908065736340889
2021-02-16,0.000907385643319577
2021-02-17,0.00090279131511183
2021-02-18,0.000938133252730809
2021-02-19,0.000954236530886668
