Date,fees/fee_ratio_multiple
2015-08-07,736.231047314139
2015-08-08,411.3296590367811
2015-08-09,1928.6812686139754
2015-08-10,893.5786885089482
2015-08-11,2478.8269809439366
2015-08-12,840.9344487011638
2015-08-13,1134.9377126983804
2015-08-14,2167.985595619178
2015-08-15,3227.6571697375252
2015-08-16,4058.745366379649
2015-08-17,3680.131037110948
2015-08-18,2198.4345485160893
2015-08-19,1769.0071587526506
2015-08-20,3072.522957324741
2015-08-21,3398.937074739257
2015-08-22,648.5276161797553
2015-08-23,3262.6624562203433
2015-08-24,3080.3603356909803
2015-08-25,3237.910910697798
2015-08-26,3510.5218653093025
2015-08-27,2830.3065463036655
2015-08-28,2441.7853007004355
2015-08-29,4090.913436988145
2015-08-30,3808.7621902971637
2015-08-31,2868.983099324202
2015-09-01,2594.041244665737
2015-09-02,2256.542153786022
2015-09-03,2494.66907852102
2015-09-04,2372.2980901760347
2015-09-05,2804.6781921116385
2015-09-06,3249.5036427868486
2015-09-07,2751.5733490910497
2015-09-08,2495.1169375066784
2015-09-09,2686.9544517891914
2015-09-10,3337.4701134081297
2015-09-11,3069.5398134870716
2015-09-12,2326.2075393852333
2015-09-13,2733.2430081967304
2015-09-14,2585.254897938787
2015-09-15,3040.672621028143
2015-09-16,1738.557955333534
2015-09-17,2973.6587128057604
2015-09-18,2188.9687580538603
2015-09-19,3406.9748698260805
2015-09-20,2551.9171032054223
2015-09-21,2618.8715809323035
2015-09-22,2313.344510984402
2015-09-23,2531.80715040021
2015-09-24,2557.8840764845786
2015-09-25,2746.201742091588
2015-09-26,2790.3103590983933
2015-09-27,2970.073883214717
2015-09-28,2666.3683033368407
2015-09-29,2745.596836481932
2015-09-30,2994.0257524416243
2015-10-01,3128.530714487354
2015-10-02,2756.996661359345
2015-10-03,2702.664624316051
2015-10-04,2702.4797219987036
2015-10-05,2276.3887315309835
2015-10-06,2505.833533394931
2015-10-07,2146.088678565965
2015-10-08,2237.5811849253914
2015-10-09,2251.5009086474606
2015-10-10,2241.192349471567
2015-10-11,2946.6202114560606
2015-10-12,2505.1323331625167
2015-10-13,2165.0625523014746
2015-10-14,2187.9192219642296
2015-10-15,1358.1808196893087
2015-10-16,1202.2309290125258
2015-10-17,2152.9510079976285
2015-10-18,1972.193198267805
2015-10-19,2220.525802546894
2015-10-20,2273.2698891170094
2015-10-21,2565.6682860741207
2015-10-22,1919.9251896828755
2015-10-23,2005.2887123696762
2015-10-24,2536.2591580142184
2015-10-25,2954.266472627952
2015-10-26,2406.230206165815
2015-10-27,1457.3574121828285
2015-10-28,2418.2328484879677
2015-10-29,2192.962825813512
2015-10-30,2059.480181078866
2015-10-31,1793.4557311629057
2015-11-01,1743.7149834358147
2015-11-02,2611.059857677528
2015-11-03,2256.3096126630066
2015-11-04,2951.796163063734
2015-11-05,2577.145768838847
2015-11-06,1721.7406269225078
2015-11-07,833.7736687651709
2015-11-08,925.2108726983118
2015-11-09,2403.4934730275645
2015-11-10,1788.747907573524
2015-11-11,1206.4995906670176
2015-11-12,1083.7734432156956
2015-11-13,1933.7005195087934
2015-11-14,1531.0315623197832
2015-11-15,2449.643302672876
2015-11-16,2668.5878601613813
2015-11-17,2897.1224448046855
2015-11-18,2641.323229063129
2015-11-19,1675.4540331466692
2015-11-20,2097.4945348067768
2015-11-21,2382.716470020512
2015-11-22,2401.7540634739557
2015-11-23,2049.075265955432
2015-11-24,2071.5775327932442
2015-11-25,2125.6114766715905
2015-11-26,2852.4459672147623
2015-11-27,2967.9436651805995
2015-11-28,1868.2925059980055
2015-11-29,3009.641837548015
2015-11-30,1315.3892475079926
2015-12-01,2107.6233088795134
2015-12-02,2274.7150416814507
2015-12-03,2632.077917230533
2015-12-04,2157.3721982000297
2015-12-05,2032.5041267732943
2015-12-06,1532.1810993814745
2015-12-07,2771.873930342095
2015-12-08,2877.8775477507365
2015-12-09,2795.129626766584
2015-12-10,2423.846409469266
2015-12-11,1604.4951868304197
2015-12-12,1177.5944747650476
2015-12-13,1490.8131699031783
2015-12-14,358.77255113026933
2015-12-15,237.12478760391753
2015-12-16,599.3552540058043
2015-12-17,830.6985462087694
2015-12-18,829.7875828464304
2015-12-19,937.1170948415551
2015-12-20,768.8846019983206
2015-12-21,677.3383852210363
2015-12-22,463.69787620231943
2015-12-23,337.49421700461994
2015-12-24,584.2537147351874
2015-12-25,1008.8789947458729
2015-12-26,849.6707274421548
2015-12-27,310.9665610787376
2015-12-28,744.3407692648904
2015-12-29,804.3060415304541
2015-12-30,352.1815040176527
2015-12-31,1074.440489904725
2016-01-01,1666.7394101366083
2016-01-02,1415.4732510863496
2016-01-03,1424.042502950958
2016-01-04,1287.7231003771092
2016-01-05,462.24683086703385
2016-01-06,416.2088046744686
2016-01-07,413.511244891093
2016-01-08,1075.7504037136491
2016-01-09,703.1734824573916
2016-01-10,1037.53855687974
2016-01-11,1059.462669977975
2016-01-12,1011.5365342311306
2016-01-13,440.96293220898775
2016-01-14,1006.3421497826963
2016-01-15,1158.046633171121
2016-01-16,1171.9856066057348
2016-01-17,1562.0509762504214
2016-01-18,861.9696255230746
2016-01-19,734.418869955245
2016-01-20,1396.9823993415248
2016-01-21,1278.0619634825155
2016-01-22,843.0104000456698
2016-01-23,1479.2296853283783
2016-01-24,1148.838419490355
2016-01-25,640.4622166577146
2016-01-26,713.0541393479928
2016-01-27,460.1006663890292
2016-01-28,643.2509529164885
2016-01-29,700.3846180731357
2016-01-30,740.3072452254852
2016-01-31,758.9403200983837
2016-02-01,813.2888002813318
2016-02-02,878.8722753496883
2016-02-03,985.5845857321574
2016-02-04,812.8695573515311
2016-02-05,682.4373839137802
2016-02-06,110.41718966519906
2016-02-07,503.3403393955369
2016-02-08,705.8443292744379
2016-02-09,528.7225681010724
2016-02-10,445.2826817139128
2016-02-11,570.1271206894415
2016-02-12,802.4053878199609
2016-02-13,745.3449673295569
2016-02-14,949.0077954680014
2016-02-15,854.5401064593975
2016-02-16,795.2982991238299
2016-02-17,626.8510657677608
2016-02-18,896.6239287731149
2016-02-19,720.7177443302223
2016-02-20,992.382998418409
2016-02-21,943.996480880623
2016-02-22,823.0750622358194
2016-02-23,278.9182937542909
2016-02-24,508.8958864963529
2016-02-25,849.5079916227089
2016-02-26,525.0503899784289
2016-02-27,924.2186591254252
2016-02-28,901.0998861545286
2016-02-29,766.8264199623768
2016-03-01,780.9834552598627
2016-03-02,682.8081472255776
2016-03-03,740.0102376586909
2016-03-04,763.0476884638545
2016-03-05,785.2886793500691
2016-03-06,674.8725688593092
2016-03-07,856.4251035052022
2016-03-08,775.35572960232
2016-03-09,988.592539290393
2016-03-10,1309.814189668972
2016-03-11,1367.5123700124607
2016-03-12,1086.4629685832435
2016-03-13,1063.7397187405645
2016-03-14,951.3129200305071
2016-03-15,1301.2806289359635
2016-03-16,1320.0817494875598
2016-03-17,1012.2552774236732
2016-03-18,1141.348030092205
2016-03-19,725.3714011181435
2016-03-20,885.0937462251854
2016-03-21,968.095141354686
2016-03-22,1214.1788373998215
2016-03-23,959.2269774847325
2016-03-24,775.4810938409848
2016-03-25,791.2348961368446
2016-03-26,911.77289222387
2016-03-27,1647.5868368752322
2016-03-28,1187.918650847753
2016-03-29,1315.6861009996326
2016-03-30,849.1167682538119
2016-03-31,1255.4692123783389
2016-04-01,1316.5154630670752
2016-04-02,1721.4598781611655
2016-04-03,1769.9642856064847
2016-04-04,1285.8361659340433
2016-04-05,1104.7481739333741
2016-04-06,1443.0621245534264
2016-04-07,1456.5527974407012
2016-04-08,1269.0769435075126
2016-04-09,1546.829633196834
2016-04-10,1634.886851183282
2016-04-11,1661.0612479059387
2016-04-12,1371.2052237295288
2016-04-13,956.0755337162799
2016-04-14,990.6787710853317
2016-04-15,1358.355242470516
2016-04-16,1831.6064922830697
2016-04-17,1043.7427508176818
2016-04-18,1586.3019300845629
2016-04-19,1640.7095676659087
2016-04-20,1335.7391058040228
2016-04-21,1033.6877286967328
2016-04-22,1535.6324190446005
2016-04-23,1625.1510444212975
2016-04-24,1401.5927984719808
2016-04-25,1347.8299989779885
2016-04-26,1445.5384620015097
2016-04-27,1559.6680661338414
2016-04-28,1400.4887769285629
2016-04-29,1352.9629536153066
2016-04-30,992.8905942067995
2016-05-01,845.9181757266259
2016-05-02,1164.4950336169502
2016-05-03,1185.5455300558642
2016-05-04,1152.3758102985416
2016-05-05,1021.601973339307
2016-05-06,903.3882405496369
2016-05-07,1304.1762876182183
2016-05-08,1103.0147242463815
2016-05-09,1208.2540454885993
2016-05-10,1145.3782910761388
2016-05-11,989.1840555551524
2016-05-12,822.5727122707096
2016-05-13,746.4518163450205
2016-05-14,894.2755970451935
2016-05-15,1016.9801333462448
2016-05-16,1142.9010534325485
2016-05-17,1131.8702881299466
2016-05-18,924.9901146036348
2016-05-19,963.5556332296914
2016-05-20,844.844360582284
2016-05-21,890.2693432361957
2016-05-22,1118.1872988680584
2016-05-23,1083.5464627013685
2016-05-24,1120.1599385364939
2016-05-25,989.5014478690289
2016-05-26,902.1760582292205
2016-05-27,851.6686688714994
2016-05-28,400.1290798476369
2016-05-29,825.1884844507903
2016-05-30,1005.7539515680357
2016-05-31,1013.0362783004917
2016-06-01,1031.3587064675498
2016-06-02,1245.4723209540405
2016-06-03,1279.6082722037165
2016-06-04,1319.1667657588391
2016-06-05,1325.8618617384782
2016-06-06,1252.5132560949512
2016-06-07,474.39860132495744
2016-06-08,1137.195776989999
2016-06-09,1116.2862899599181
2016-06-10,1079.476847793364
2016-06-11,1190.0599969629004
2016-06-12,1105.8043278304642
2016-06-13,874.1323736562583
2016-06-14,836.6154844410811
2016-06-15,1047.3172420572705
2016-06-16,782.022369122786
2016-06-17,146.71208616804986
2016-06-18,127.81262102633849
2016-06-19,614.2830473790393
2016-06-20,613.6433900695167
2016-06-21,387.12656902964653
2016-06-22,636.0584945330654
2016-06-23,996.9302148068854
2016-06-24,816.9910844931524
2016-06-25,1120.5792291724144
2016-06-26,1177.4491123085604
2016-06-27,1161.4157265763708
2016-06-28,1002.9074137359895
2016-06-29,561.5344479787256
2016-06-30,364.9084179055129
2016-07-01,718.6780306061007
2016-07-02,1310.3649072295798
2016-07-03,1043.7251663505194
2016-07-04,1201.363440628881
2016-07-05,1048.1728645635144
2016-07-06,1090.6793581055754
2016-07-07,1199.496126473809
2016-07-08,812.9841060024232
2016-07-09,668.786533164519
2016-07-10,1157.23983412223
2016-07-11,1121.3774621634905
2016-07-12,973.998405640607
2016-07-13,1300.324984888376
2016-07-14,982.6571366976505
2016-07-15,1094.9280170904651
2016-07-16,1347.9403317736853
2016-07-17,1618.636210983433
2016-07-18,1267.822162821628
2016-07-19,1088.4808868187456
2016-07-20,423.1843411316339
2016-07-21,959.4040029996349
2016-07-22,847.9387478881011
2016-07-23,980.8811393809032
2016-07-24,843.9203137166558
2016-07-25,812.3438626285401
2016-07-26,677.428976937841
2016-07-27,862.5377689674577
2016-07-28,506.91993877179146
2016-07-29,700.1668764055354
2016-07-30,1056.0591432846945
2016-07-31,1061.84716549445
2016-08-01,1038.861514162916
2016-08-02,924.1878676192989
2016-08-03,960.9670441341243
2016-08-04,1014.7190977335136
2016-08-05,1097.1556165256416
2016-08-06,1213.308153666626
2016-08-07,1167.0458525452455
2016-08-08,597.9940992663804
2016-08-09,1038.7924402238134
2016-08-10,963.3222906192892
2016-08-11,1004.408640762237
2016-08-12,1064.3169839337213
2016-08-13,1276.9846789314684
2016-08-14,1321.976907644413
2016-08-15,1191.6636359637391
2016-08-16,1029.0097096186448
2016-08-17,1115.724485359308
2016-08-18,910.2542147058234
2016-08-19,1068.3445743003463
2016-08-20,1212.233239314479
2016-08-21,1127.903026724878
2016-08-22,1080.5812334182078
2016-08-23,447.307114318026
2016-08-24,1076.6644048629862
2016-08-25,990.308870632393
2016-08-26,1010.3574519105246
2016-08-27,1131.3875064746028
2016-08-28,1245.758393958774
2016-08-29,1086.805027312816
2016-08-30,989.3620150851679
2016-08-31,1072.359455704653
2016-09-01,1001.0324965022642
2016-09-02,716.9882792652724
2016-09-03,1159.758964542467
2016-09-04,646.7686829375639
2016-09-05,1125.5314730202301
2016-09-06,950.1058447881486
2016-09-07,944.5191706107064
2016-09-08,775.3575151262619
2016-09-09,769.9564417038087
2016-09-10,1162.4022488808532
2016-09-11,1134.2813838553907
2016-09-12,921.2692594712014
2016-09-13,1050.771760762734
2016-09-14,897.1246404189376
2016-09-15,889.3664764502745
2016-09-16,687.9311583854483
2016-09-17,912.3888506952221
2016-09-18,998.5929999408917
2016-09-19,1242.1343089591944
2016-09-20,990.8534092997025
2016-09-21,1064.3551686348128
2016-09-22,501.5156140183384
2016-09-23,700.0867609578982
2016-09-24,470.16042781618165
2016-09-25,513.2745864589956
2016-09-26,278.82667732953513
2016-09-27,359.10057513141015
2016-09-28,476.59309582271203
2016-09-29,783.8008317221728
2016-09-30,786.4954222343099
2016-10-01,378.2708438987774
2016-10-02,409.6818256937385
2016-10-03,505.8369765831186
2016-10-04,376.4874073985712
2016-10-05,516.5642276715255
2016-10-06,654.0786915391545
2016-10-07,683.6844660412967
2016-10-08,641.1973708915974
2016-10-09,557.8749903791271
2016-10-10,607.3862524224077
2016-10-11,829.5879087224433
2016-10-12,749.9320008673524
2016-10-13,310.1311321274283
2016-10-14,438.411672232936
2016-10-15,467.21189931911135
2016-10-16,492.5184731534761
2016-10-17,453.5340682523103
2016-10-18,345.03196252758545
2016-10-19,358.2737705074769
2016-10-20,629.5664593489389
2016-10-21,766.5714657228464
2016-10-22,1147.1688902842413
2016-10-23,1189.47745758658
2016-10-24,660.8365769209552
2016-10-25,734.0404823799045
2016-10-26,906.5713532537595
2016-10-27,944.0399960146548
2016-10-28,866.9030442868772
2016-10-29,952.9093454680607
2016-10-30,1045.8733171456797
2016-10-31,959.2946938001572
2016-11-01,741.3847756269186
2016-11-02,1067.5979324532395
2016-11-03,1051.93054870359
2016-11-04,1425.9608512908571
2016-11-05,1278.5205261795425
2016-11-06,1366.8265777426368
2016-11-07,1146.6860191158787
2016-11-08,1028.2923289196112
2016-11-09,887.15025344977
2016-11-10,883.2228278778553
2016-11-11,709.4621063848695
2016-11-12,1041.114958566611
2016-11-13,956.720351411041
2016-11-14,833.1697185764884
2016-11-15,850.0208024667063
2016-11-16,905.283273840842
2016-11-17,1013.4813905290821
2016-11-18,954.8808558416471
2016-11-19,1159.8115587612494
2016-11-20,996.7031363200847
2016-11-21,903.5233524227915
2016-11-22,819.4178027449142
2016-11-23,397.7194550252516
2016-11-24,551.1714189075229
2016-11-25,559.9677242160149
2016-11-26,448.6179515330432
2016-11-27,294.3160223922614
2016-11-28,278.6963256477118
2016-11-29,325.6200312330584
2016-11-30,902.476333630086
2016-12-01,1167.2242235228964
2016-12-02,1133.2797929316764
2016-12-03,1240.5330237727355
2016-12-04,1188.11373059324
2016-12-05,1000.0830112022618
2016-12-06,921.9357991197184
2016-12-07,907.3588839074037
2016-12-08,41.49780286011131
2016-12-09,1008.4036075072994
2016-12-10,1092.2619598841036
2016-12-11,864.4909538556642
2016-12-12,1004.3881240400123
2016-12-13,1028.307075644927
2016-12-14,913.9700233512
2016-12-15,912.116914295091
2016-12-16,1038.9814131131698
2016-12-17,975.4111733210876
2016-12-18,1151.2756335230883
2016-12-19,864.4409162335637
2016-12-20,722.3611366877087
2016-12-21,578.0682939284789
2016-12-22,800.9623632293445
2016-12-23,1049.6517036750797
2016-12-24,1214.3957293122844
2016-12-25,1322.6850125147798
2016-12-26,1369.6904073034711
2016-12-27,858.8135353177449
2016-12-28,1000.995307199994
2016-12-29,782.781837260832
2016-12-30,708.00554750232
2016-12-31,1092.9382673473208
2017-01-01,1257.7492148163094
2017-01-02,1122.2265754846262
2017-01-03,784.3709150569547
2017-01-04,813.5520751664405
2017-01-05,913.7722912387326
2017-01-06,1002.2916998951296
2017-01-07,1057.668364957108
2017-01-08,960.4281859093604
2017-01-09,884.9378185508804
2017-01-10,810.8645742196937
2017-01-11,911.1705407258636
2017-01-12,851.9739538138159
2017-01-13,887.7492989199943
2017-01-14,1096.2980557799585
2017-01-15,1058.3866318401426
2017-01-16,970.7635723531424
2017-01-17,794.8663651955588
2017-01-18,931.0044156776561
2017-01-19,1027.4676230527339
2017-01-20,925.9077851228122
2017-01-21,1029.0402161658012
2017-01-22,883.8347602257836
2017-01-23,900.4706406356595
2017-01-24,764.2948688521111
2017-01-25,833.2652264885401
2017-01-26,872.7699711728186
2017-01-27,881.2078250370779
2017-01-28,946.5078791767021
2017-01-29,1017.3774618478836
2017-01-30,974.6494642836469
2017-01-31,982.4073769584555
2017-02-01,823.0318166975654
2017-02-02,886.9384561790877
2017-02-03,919.1994534024915
2017-02-04,964.2751152582321
2017-02-05,907.9372160251755
2017-02-06,882.8117286756117
2017-02-07,684.5746612028357
2017-02-08,726.26893266333
2017-02-09,773.6077822875798
2017-02-10,682.4541909067606
2017-02-11,821.6021038617338
2017-02-12,783.6527102143139
2017-02-13,517.3103458714149
2017-02-14,632.4004274092231
2017-02-15,351.4812324211849
2017-02-16,805.3572076356396
2017-02-17,807.4477400015132
2017-02-18,699.9884038558625
2017-02-19,862.0543869774525
2017-02-20,765.9133529427188
2017-02-21,573.5025132671619
2017-02-22,609.2620070981372
2017-02-23,721.3629839642431
2017-02-24,757.2692289056788
2017-02-25,707.4978701987387
2017-02-26,809.0487750418694
2017-02-27,694.9422654806585
2017-02-28,626.0865654901623
2017-03-01,567.8576492192593
2017-03-02,577.5017182701437
2017-03-03,675.5538739592371
2017-03-04,734.1392542349297
2017-03-05,727.5841856238063
2017-03-06,754.3700189602241
2017-03-07,710.2883290037124
2017-03-08,777.9814562182568
2017-03-09,620.0556504335418
2017-03-10,559.3136998083129
2017-03-11,652.2622613922409
2017-03-12,636.6923543113744
2017-03-13,414.9780214967961
2017-03-14,418.201371522956
2017-03-15,488.8694930242802
2017-03-16,369.0577139624541
2017-03-17,358.9097912499028
2017-03-18,521.198688158951
2017-03-19,544.7302204415084
2017-03-20,557.1150273614794
2017-03-21,483.9321070974532
2017-03-22,522.2177477936926
2017-03-23,508.8918643544223
2017-03-24,421.81253623523384
2017-03-25,535.713390307801
2017-03-26,537.4854894587716
2017-03-27,399.83731922750314
2017-03-28,479.3105368841013
2017-03-29,452.0391385458482
2017-03-30,434.4404959975756
2017-03-31,404.2042438142679
2017-04-01,540.1363868355016
2017-04-02,460.36504636060937
2017-04-03,418.01512613322154
2017-04-04,478.92219420972594
2017-04-05,458.2402917634498
2017-04-06,419.65310712413697
2017-04-07,430.0936980753315
2017-04-08,591.790635669119
2017-04-09,533.3989059534823
2017-04-10,477.48875013447844
2017-04-11,517.8518726338621
2017-04-12,375.4490761579594
2017-04-13,493.1136064063363
2017-04-14,493.70972214587215
2017-04-15,519.9515535888105
2017-04-16,554.4236739651997
2017-04-17,507.80426563789
2017-04-18,414.8576726711419
2017-04-19,378.72341034878895
2017-04-20,424.74999352438823
2017-04-21,331.5663206139225
2017-04-22,401.29704797797433
2017-04-23,469.45327870649453
2017-04-24,409.09866239833497
2017-04-25,392.4810541713433
2017-04-26,393.1954245167862
2017-04-27,336.9190937045868
2017-04-28,375.7448815668571
2017-04-29,417.190006387703
2017-04-30,372.9491289037497
2017-05-01,279.1693838480638
2017-05-02,262.11243183557946
2017-05-03,383.2444194498195
2017-05-04,319.3309453588123
2017-05-05,353.1146074409892
2017-05-06,353.08603147104844
2017-05-07,283.5987469461545
2017-05-08,308.78349262014683
2017-05-09,279.9532251100857
2017-05-10,283.30279277722155
2017-05-11,272.81289387374045
2017-05-12,275.0655155928038
2017-05-13,274.5905306527072
2017-05-14,266.2540798621287
2017-05-15,216.42243090008256
2017-05-16,210.40046530584243
2017-05-17,127.68684747341861
2017-05-18,180.69106641897403
2017-05-19,164.12389265076672
2017-05-20,185.162962244604
2017-05-21,179.50425209852975
2017-05-22,158.52525619922335
2017-05-23,113.62462725248467
2017-05-24,106.26132344054639
2017-05-25,132.87123970002116
2017-05-26,141.56263534060722
2017-05-27,158.9964951504738
2017-05-28,150.71148822736424
2017-05-29,154.3415263183861
2017-05-30,94.2071383472762
2017-05-31,46.33937702553671
2017-06-01,111.81760183723314
2017-06-02,92.9781328436662
2017-06-03,121.6585703970688
2017-06-04,107.49598279973198
2017-06-05,127.36092424541346
2017-06-06,104.68262163450437
2017-06-07,100.90802525237264
2017-06-08,116.36320356226655
2017-06-09,111.37550468734221
2017-06-10,132.2397329363094
2017-06-11,89.97327461418222
2017-06-12,55.7974071679051
2017-06-13,96.96759532969384
2017-06-14,111.96298627005311
2017-06-15,101.84647113749728
2017-06-16,111.17476697746483
2017-06-17,119.57462216784688
2017-06-18,114.48889185592353
2017-06-19,102.16902300134706
2017-06-20,38.08952507276367
2017-06-21,29.634627328192593
2017-06-22,39.7379380261903
2017-06-23,56.54557173747498
2017-06-24,42.38643513551784
2017-06-25,65.08002899695819
2017-06-26,31.50237369528466
2017-06-27,81.05946015989652
2017-06-28,35.45200184363159
2017-06-29,58.93062660564479
2017-06-30,77.22156675434688
2017-07-01,85.49866237527735
2017-07-02,85.1516254736257
2017-07-03,64.70029549499218
2017-07-04,73.57922983848928
2017-07-05,66.41408734041102
2017-07-06,89.35002083785263
2017-07-07,77.5883891888407
2017-07-08,76.11856438450549
2017-07-09,106.20327180771977
2017-07-10,94.40106168840028
2017-07-11,84.42823750462219
2017-07-12,73.45455258785698
2017-07-13,73.61369493085085
2017-07-14,87.16499037575679
2017-07-15,84.83745726064063
2017-07-16,87.76172778466581
2017-07-17,84.5436067944572
2017-07-18,57.53837519845455
2017-07-19,76.37153037928059
2017-07-20,96.62529750950941
2017-07-21,77.99931417013624
2017-07-22,109.11643954566341
2017-07-23,85.86582543779576
2017-07-24,78.74975717150559
2017-07-25,70.46165723284379
2017-07-26,84.26499269273367
2017-07-27,93.27623515824416
2017-07-28,88.54151283118131
2017-07-29,120.95840747325485
2017-07-30,119.81391327585605
2017-07-31,105.05917369737682
2017-08-01,82.24722058782991
2017-08-02,90.19607951608799
2017-08-03,89.63861432013643
2017-08-04,97.82558741417513
2017-08-05,90.76557920997219
2017-08-06,87.80610928787752
2017-08-07,67.86755398732095
2017-08-08,64.80520452662668
2017-08-09,81.90419797332672
2017-08-10,69.5559175778404
2017-08-11,62.841826045396104
2017-08-12,64.53064017802781
2017-08-13,73.3424217209329
2017-08-14,64.78327403152822
2017-08-15,58.90462566757151
2017-08-16,20.31556763508579
2017-08-17,33.630625326211145
2017-08-18,22.901024178244366
2017-08-19,48.81415116076265
2017-08-20,76.49946024923514
2017-08-21,69.95401921300996
2017-08-22,70.21629870475844
2017-08-23,72.58739886411546
2017-08-24,70.77823534638691
2017-08-25,61.69550182129803
2017-08-26,63.30821337189861
2017-08-27,68.6941324570443
2017-08-28,58.02351270528063
2017-08-29,37.964824561147914
2017-08-30,44.71198806251679
2017-08-31,26.438651739430203
2017-09-01,37.539645968109525
2017-09-02,31.714173989552688
2017-09-03,63.834521192425385
2017-09-04,39.7912148737779
2017-09-05,32.01814031179034
2017-09-06,25.52140072261456
2017-09-07,27.052676345234424
2017-09-08,26.39336107641032
2017-09-09,44.17010226638358
2017-09-10,46.94449958668907
2017-09-11,48.91385983564191
2017-09-12,38.14103255445176
2017-09-13,41.81185167314021
2017-09-14,48.189779891168364
2017-09-15,31.670768035878176
2017-09-16,30.26184356428183
2017-09-17,52.779116294773566
2017-09-18,48.29475044069628
2017-09-19,51.309804766582985
2017-09-20,30.19803565537482
2017-09-21,60.343253787712506
2017-09-22,52.43074115609887
2017-09-23,48.55823692606713
2017-09-24,36.132397892615806
2017-09-25,39.821459170505996
2017-09-26,40.41900835667101
2017-09-27,37.457809139309745
2017-09-28,41.51747787799766
2017-09-29,45.88703936934094
2017-09-30,41.14277705769588
2017-10-01,43.19769598020459
2017-10-02,43.27493984835355
2017-10-03,40.8126714718358
2017-10-04,40.748178978015105
2017-10-05,37.9395139520859
2017-10-06,35.35992984349043
2017-10-07,48.47480007319158
2017-10-08,43.534279588319876
2017-10-09,41.039383273272506
2017-10-10,38.06226901797517
2017-10-11,17.517044256327342
2017-10-12,37.47661075885248
2017-10-13,33.49801208613454
2017-10-14,39.491589906221485
2017-10-15,41.31438284569007
2017-10-16,48.97358982339183
2017-10-17,63.397930803623915
2017-10-18,69.07493045390531
2017-10-19,72.93166707115233
2017-10-20,42.64891955107998
2017-10-21,88.54190715265143
2017-10-22,104.91832525982377
2017-10-23,76.90180104607587
2017-10-24,58.49019299663548
2017-10-25,70.55827991360246
2017-10-26,74.42867656369773
2017-10-27,69.82877267319145
2017-10-28,85.76572978540355
2017-10-29,84.65992249830367
2017-10-30,68.99019093195656
2017-10-31,63.41359921215144
2017-11-01,55.608548176669565
2017-11-02,55.28908932078231
2017-11-03,73.87315525960629
2017-11-04,96.1930785356013
2017-11-05,104.08043880120199
2017-11-06,76.30320953111625
2017-11-07,65.79531109165937
2017-11-08,54.31203738279663
2017-11-09,63.51033453981421
2017-11-10,71.37242447762432
2017-11-11,88.6559411114853
2017-11-12,68.87062944325776
2017-11-13,67.00565243347214
2017-11-14,60.670767487705774
2017-11-15,50.666337500651366
2017-11-16,58.202266189380474
2017-11-17,55.52703267393914
2017-11-18,80.54292744378525
2017-11-19,73.3475522025907
2017-11-20,55.93377218357221
2017-11-21,57.04506278298709
2017-11-22,57.0962146032223
2017-11-23,57.03161094630433
2017-11-24,66.43324820376881
2017-11-25,71.16830198498756
2017-11-26,58.349538550354794
2017-11-27,55.915092235287815
2017-11-28,48.99018281169028
2017-11-29,46.97297267506508
2017-11-30,49.247649043574484
2017-12-01,50.214135088689304
2017-12-02,59.64997943342423
2017-12-03,50.9482041606908
2017-12-04,26.402542721396028
2017-12-05,18.44055209787652
2017-12-06,14.397485068385992
2017-12-07,10.337282748857707
2017-12-08,9.824199419426943
2017-12-09,10.671759393151058
2017-12-10,11.630585576322162
2017-12-11,14.271436010360869
2017-12-12,14.19345662047936
2017-12-13,15.258927803683438
2017-12-14,13.12738893777856
2017-12-15,15.31469607428907
2017-12-16,14.882075692332393
2017-12-17,18.35147608374215
2017-12-18,18.696193557650375
2017-12-19,14.869997689537271
2017-12-20,12.91538902369504
2017-12-21,12.59796258543744
2017-12-22,13.542331741128313
2017-12-23,18.2611858131785
2017-12-24,21.0215165727963
2017-12-25,28.018695007921558
2017-12-26,28.431982455658474
2017-12-27,25.85303462373251
2017-12-28,25.53185502801916
2017-12-29,21.310170360436974
2017-12-30,22.12318627127015
2017-12-31,24.478242313948154
2018-01-01,27.838717949914464
2018-01-02,20.525615844608144
2018-01-03,17.608322371148876
2018-01-04,15.129485502010454
2018-01-05,7.576059036639992
2018-01-06,6.752254152467316
2018-01-07,8.277459525658893
2018-01-08,7.997725601231511
2018-01-09,7.70708762430762
2018-01-10,6.702990009776931
2018-01-11,7.713982087117992
2018-01-12,9.99773800424604
2018-01-13,9.57464635249523
2018-01-14,10.399819033701592
2018-01-15,10.166425398173912
2018-01-16,10.367424068697991
2018-01-17,11.072970557245869
2018-01-18,10.544089892019162
2018-01-19,12.058454795666519
2018-01-20,12.68424980684008
2018-01-21,16.313642668927233
2018-01-22,18.18354502557811
2018-01-23,15.236850507379062
2018-01-24,16.91793037595441
2018-01-25,20.21428941998287
2018-01-26,22.278583196580463
2018-01-27,26.014039814255767
2018-01-28,24.161489518660414
2018-01-29,17.121788134894892
2018-01-30,20.10907182006178
2018-01-31,20.214811174645018
2018-02-01,14.249437824598402
2018-02-02,18.16414605348199
2018-02-03,23.900854671434857
2018-02-04,25.048451807720745
2018-02-05,24.629840068000938
2018-02-06,23.018200028452345
2018-02-07,25.022979931175055
2018-02-08,32.12969328010111
2018-02-09,29.8732578533208
2018-02-10,28.152832538786985
2018-02-11,32.1352966065085
2018-02-12,32.876759121047876
2018-02-13,33.37593861326747
2018-02-14,32.232711268758905
2018-02-15,33.467106985853654
2018-02-16,34.8725567417681
2018-02-17,31.273194940278213
2018-02-18,27.55645142553747
2018-02-19,32.130784271047304
2018-02-20,28.377043313176074
2018-02-21,28.883895047796848
2018-02-22,34.19087285989298
2018-02-23,33.98311697004189
2018-02-24,33.67779462646819
2018-02-25,37.83214534301084
2018-02-26,38.22289174085731
2018-02-27,37.167481321857466
2018-02-28,28.458861473803957
2018-03-01,36.688089011122976
2018-03-02,29.1518195012143
2018-03-03,41.152069694269876
2018-03-04,37.50385542704839
2018-03-05,33.048152742804184
2018-03-06,40.6168792329358
2018-03-07,34.79142312076228
2018-03-08,38.547786535148575
2018-03-09,41.686530569948374
2018-03-10,52.4768002070147
2018-03-11,57.78679891750316
2018-03-12,40.65634017796918
2018-03-13,53.029579073178795
2018-03-14,49.41219403715375
2018-03-15,53.07579250831724
2018-03-16,49.841926290036916
2018-03-17,66.37271091545901
2018-03-18,56.892648569751806
2018-03-19,54.86473067501253
2018-03-20,54.72282316168884
2018-03-21,46.83481391889574
2018-03-22,49.04935001686174
2018-03-23,45.95414667608923
2018-03-24,54.888016110756844
2018-03-25,61.87476986167814
2018-03-26,48.01574600145925
2018-03-27,57.185201196116374
2018-03-28,56.38717936588897
2018-03-29,53.52596631275444
2018-03-30,59.00674505584905
2018-03-31,73.77209457863184
2018-04-01,81.50233079300028
2018-04-02,67.3300700103143
2018-04-03,62.383316173712174
2018-04-04,72.66672708242876
2018-04-05,43.180859081858074
2018-04-06,58.98980703452131
2018-04-07,84.44697475713232
2018-04-08,73.08101509648745
2018-04-09,67.01932498340113
2018-04-10,71.11971213716056
2018-04-11,63.0787310009122
2018-04-12,54.312131959017826
2018-04-13,47.652584848951385
2018-04-14,65.30590609870984
2018-04-15,70.54248338603017
2018-04-16,62.63815907008411
2018-04-17,57.65343560916689
2018-04-18,49.03697826407357
2018-04-19,47.416334905225824
2018-04-20,46.735226536400376
2018-04-21,60.05401018233385
2018-04-22,58.179438732751514
2018-04-23,53.42043105261598
2018-04-24,43.57124294252561
2018-04-25,46.216969651224005
2018-04-26,45.88526083434884
2018-04-27,42.84620264757986
2018-04-28,40.05357612521787
2018-04-29,38.91982838548692
2018-04-30,37.26706623174102
2018-05-01,46.97198956450714
2018-05-02,44.803868210215896
2018-05-03,37.184480779786284
2018-05-04,38.73519547821324
2018-05-05,49.32564026158557
2018-05-06,54.79686854364744
2018-05-07,47.697079219355025
2018-05-08,42.055340550219874
2018-05-09,40.29206327705619
2018-05-10,28.752085013466452
2018-05-11,29.630236193003864
2018-05-12,42.34761659712387
2018-05-13,40.15720593332203
2018-05-14,31.55380773279389
2018-05-15,31.53515199038212
2018-05-16,29.455963628049215
2018-05-17,27.13184033679364
2018-05-18,28.68047322165834
2018-05-19,32.22154689125467
2018-05-20,35.166841597395425
2018-05-21,31.31212674159682
2018-05-22,27.659399818741203
2018-05-23,27.751160578267285
2018-05-24,29.31079640222132
2018-05-25,30.997271091008944
2018-05-26,35.73098425423308
2018-05-27,38.3550187447409
2018-05-28,24.963723200790035
2018-05-29,26.00892404242971
2018-05-30,24.844147831744433
2018-05-31,20.31600405130055
2018-06-01,24.476266311177234
2018-06-02,35.35102736242405
2018-06-03,35.66719140232907
2018-06-04,29.16760994771063
2018-06-05,33.05404034429986
2018-06-06,26.49174617113621
2018-06-07,33.936236260814695
2018-06-08,38.76584928522167
2018-06-09,48.3990762726419
2018-06-10,47.58285921538592
2018-06-11,44.97236802564721
2018-06-12,45.10835035284422
2018-06-13,43.17877675755291
2018-06-14,40.16875779431285
2018-06-15,35.12072578642848
2018-06-16,36.751306114826974
2018-06-17,66.73582579492144
2018-06-18,63.20445122338286
2018-06-19,44.95921959985249
2018-06-20,48.03633304961452
2018-06-21,50.17370568222438
2018-06-22,24.40611727484232
2018-06-23,60.48318324608912
2018-06-24,40.53057644841566
2018-06-25,39.937945052128136
2018-06-26,54.12496980917848
2018-06-27,53.992461524334104
2018-06-28,56.06907262888603
2018-06-29,52.93811453170799
2018-06-30,11.32749924805299
2018-07-01,7.310066235786192
2018-07-02,4.525240093304659
2018-07-03,6.096631283670872
2018-07-04,7.956517853633422
2018-07-05,8.971285494458769
2018-07-06,7.08479481634464
2018-07-07,7.806344191968765
2018-07-08,15.770338078789553
2018-07-09,19.8270589820037
2018-07-10,28.727939252706317
2018-07-11,25.64389396454842
2018-07-12,16.04734418389654
2018-07-13,14.247251947797333
2018-07-14,7.974671285591476
2018-07-15,6.7875157477495405
2018-07-16,35.946419195578876
2018-07-17,41.9236424278605
2018-07-18,43.48811955895857
2018-07-19,48.29843537969716
2018-07-20,37.15918638980577
2018-07-21,35.79269555758265
2018-07-22,57.46702484336793
2018-07-23,37.592504446989935
2018-07-24,44.23704374057136
2018-07-25,47.835307770573024
2018-07-26,53.23521460631936
2018-07-27,57.48888327554253
2018-07-28,40.88191883680005
2018-07-29,68.46550334589064
2018-07-30,60.47832333058716
2018-07-31,58.89522400937581
2018-08-01,28.31642556229904
2018-08-02,62.53702980303569
2018-08-03,60.635734430051784
2018-08-04,52.3247900177253
2018-08-05,79.1353983016923
2018-08-06,48.83530062975026
2018-08-07,16.17362433778725
2018-08-08,8.143461762742053
2018-08-09,9.261562611671112
2018-08-10,14.445105443150236
2018-08-11,41.6786782760325
2018-08-12,57.14792447508653
2018-08-13,39.72779449974454
2018-08-14,34.92285785535207
2018-08-15,35.48155906823013
2018-08-16,39.92574752575518
2018-08-17,11.59479546134014
2018-08-18,47.32015938006127
2018-08-19,52.8944503497028
2018-08-20,51.30931265756879
2018-08-21,55.26979351956058
2018-08-22,23.77607589998899
2018-08-23,34.911549625552375
2018-08-24,20.635176908553444
2018-08-25,62.2353632646538
2018-08-26,22.48131285253221
2018-08-27,55.57097047264992
2018-08-28,54.565428176910345
2018-08-29,39.19209392680891
2018-08-30,47.41778982668887
2018-08-31,46.615762187099286
2018-09-01,57.539101140049034
2018-09-02,62.72785667489347
2018-09-03,55.60518698298902
2018-09-04,45.66357265688665
2018-09-05,57.09991784293049
2018-09-06,41.233579960604935
2018-09-07,40.90985419144211
2018-09-08,51.16063422644764
2018-09-09,47.79718467640792
2018-09-10,46.586244093733086
2018-09-11,40.52161261137639
2018-09-12,40.268378199625225
2018-09-13,39.12672575428728
2018-09-14,53.06484054158856
2018-09-15,54.03037659909829
2018-09-16,56.40059931518911
2018-09-17,47.31144948307749
2018-09-18,38.16157342776114
2018-09-19,30.420268373341333
2018-09-20,42.281413681285706
2018-09-21,31.46287473410602
2018-09-22,49.45647614412747
2018-09-23,55.88087244647511
2018-09-24,30.942073679304944
2018-09-25,40.6659202212033
2018-09-26,39.50148334883497
2018-09-27,36.99031827831599
2018-09-28,33.881509924908265
2018-09-29,31.566235606270276
2018-09-30,40.28294219155217
2018-10-01,34.18433798745012
2018-10-02,32.74268284198977
2018-10-03,46.63085742766983
2018-10-04,47.17090467903166
2018-10-05,47.94180653293504
2018-10-06,71.47503258132552
2018-10-07,66.31542787731581
2018-10-08,48.3350952075968
2018-10-09,53.52427394225727
2018-10-10,46.45632483771416
2018-10-11,44.407807691781954
2018-10-12,33.999590918913434
2018-10-13,60.91278611044684
2018-10-14,70.17642689953787
2018-10-15,50.58849492853717
2018-10-16,58.9407798885603
2018-10-17,54.27060443220461
2018-10-18,57.3091896153899
2018-10-19,49.95121244765908
2018-10-20,56.92268358427577
2018-10-21,62.3966766200393
2018-10-22,51.684419809553624
2018-10-23,51.52500800177737
2018-10-24,44.281180820201044
2018-10-25,38.286050169323424
2018-10-26,43.64140454077069
2018-10-27,58.38760397605737
2018-10-28,62.021183888345284
2018-10-29,48.74050043777019
2018-10-30,48.705148693251495
2018-10-31,49.43056797692837
2018-11-01,50.76102540031247
2018-11-02,46.38704477592352
2018-11-03,51.8341062655691
2018-11-04,58.399933337812726
2018-11-05,41.529413120064454
2018-11-06,40.81851539738302
2018-11-07,44.780959732853034
2018-11-08,37.95003746272847
2018-11-09,50.21697707681116
2018-11-10,69.4168528411271
2018-11-11,74.42493751950897
2018-11-12,46.81057541613647
2018-11-13,43.44468279262212
2018-11-14,35.80517343929976
2018-11-15,32.82997515925124
2018-11-16,38.30866917583105
2018-11-17,50.01747171509345
2018-11-18,44.96241212052496
2018-11-19,32.467144932293515
2018-11-20,31.766281264490992
2018-11-21,39.38916667558887
2018-11-22,40.71553463729316
2018-11-23,39.1444534830932
2018-11-24,44.42617192559711
2018-11-25,38.804471502966656
2018-11-26,39.48959769366844
2018-11-27,41.77946026086903
2018-11-28,31.863299930587864
2018-11-29,28.278004442665708
2018-11-30,23.3932660431017
2018-12-01,34.730059387473915
2018-12-02,39.16218991110751
2018-12-03,33.68308393665766
2018-12-04,33.28347983553151
2018-12-05,31.247512787694777
2018-12-06,40.15405790158567
2018-12-07,40.6391636727127
2018-12-08,56.650153576590576
2018-12-09,58.46956947798434
2018-12-10,50.587740272746636
2018-12-11,51.289174729615866
2018-12-12,54.14142655364537
2018-12-13,46.201850016822995
2018-12-14,33.999233999819644
2018-12-15,59.45525422683067
2018-12-16,64.22757437112388
2018-12-17,49.56553242651993
2018-12-18,29.49841534173377
2018-12-19,42.78038158421168
2018-12-20,43.21357709932785
2018-12-21,45.269869567671975
2018-12-22,59.45195050135707
2018-12-23,53.12359375800329
2018-12-24,44.22546375370411
2018-12-25,44.4354171300094
2018-12-26,38.93162253699447
2018-12-27,56.83356148837019
2018-12-28,53.189539431463125
2018-12-29,60.66400714513863
2018-12-30,34.33006097683176
2018-12-31,58.187917097217884
2019-01-01,62.82790055192309
2019-01-02,56.17414482723365
2019-01-03,55.66747950576945
2019-01-04,50.48847192715
2019-01-05,37.44642298517898
2019-01-06,60.41340384857002
2019-01-07,54.63365357960104
2019-01-08,57.800626576552574
2019-01-09,61.21591640211407
2019-01-10,49.867122363609006
2019-01-11,54.73028120030169
2019-01-12,72.62285819754642
2019-01-13,68.48002307234553
2019-01-14,36.45951386406342
2019-01-15,43.392015662124734
2019-01-16,41.73856176053942
2019-01-17,54.69476308355258
2019-01-18,49.133272439742754
2019-01-19,55.38517147501272
2019-01-20,58.83467486311295
2019-01-21,46.395354469067705
2019-01-22,34.0669374408874
2019-01-23,46.77281478815081
2019-01-24,46.28656430328275
2019-01-25,50.499392961247025
2019-01-26,59.75792696053917
2019-01-27,59.63725524745182
2019-01-28,42.31561656698605
2019-01-29,48.06061702585105
2019-01-30,45.31624857207488
2019-01-31,41.09734193997124
2019-02-01,43.67269852258833
2019-02-02,55.41750518187095
2019-02-03,61.012365060955005
2019-02-04,58.679086417385214
2019-02-05,58.14415986430047
2019-02-06,54.94641561991909
2019-02-07,51.853023388780855
2019-02-08,48.24385920075275
2019-02-09,53.50567943792877
2019-02-10,49.78015771651193
2019-02-11,41.878790603116734
2019-02-12,43.198244321550284
2019-02-13,37.61639330170205
2019-02-14,34.08138783257532
2019-02-15,32.992680185266096
2019-02-16,37.84910315261097
2019-02-17,37.23694978067139
2019-02-18,28.051001558659255
2019-02-19,4.023352850704391
2019-02-20,29.856943954514506
2019-02-21,30.648684996614715
2019-02-22,32.167474465201536
2019-02-23,36.41545947415545
2019-02-24,29.703564265468323
2019-02-25,26.53648925930065
2019-02-26,26.73860022977852
2019-02-27,29.29723349157042
2019-02-28,24.764174108792126
2019-03-01,33.7759924996488
2019-03-02,39.09698328364704
2019-03-03,42.009600104083354
2019-03-04,32.8376455483214
2019-03-05,32.98622473766836
2019-03-06,33.73823641740993
2019-03-07,34.24710602765625
2019-03-08,34.54421724581947
2019-03-09,38.438906079740896
2019-03-10,45.04651944768916
2019-03-11,39.61990955322345
2019-03-12,39.3101063207524
2019-03-13,40.150061781746444
2019-03-14,43.1784727225915
2019-03-15,41.87465243617265
2019-03-16,51.586853442956816
2019-03-17,44.687743132966546
2019-03-18,6.2224647228783585
2019-03-19,32.52804507411967
2019-03-20,36.217138773601164
2019-03-21,24.99622725169388
2019-03-22,30.48971299974814
2019-03-23,40.30057164584316
2019-03-24,40.22649793397434
2019-03-25,32.10163708235667
2019-03-26,30.719052679396686
2019-03-27,28.38252465394289
2019-03-28,32.32984059342104
2019-03-29,28.7050008736753
2019-03-30,36.47143931883253
2019-03-31,35.89410580136106
2019-04-01,28.95922380704437
2019-04-02,25.15032065370664
2019-04-03,21.335367834347274
2019-04-04,28.188278931669164
2019-04-05,35.68447046368438
2019-04-06,40.54627514910562
2019-04-07,39.800366731395556
2019-04-08,31.489821031447015
2019-04-09,35.30910544929172
2019-04-10,26.300045497200756
2019-04-11,30.248847522172913
2019-04-12,34.57768209852183
2019-04-13,42.227464372474344
2019-04-14,44.94186535651746
2019-04-15,39.68585512859364
2019-04-16,34.082550174735246
2019-04-17,32.345984211017445
2019-04-18,31.186937477998796
2019-04-19,37.776190388117506
2019-04-20,47.726120820840904
2019-04-21,45.101789193862665
2019-04-22,38.920452830777265
2019-04-23,35.744290932360514
2019-04-24,37.89748856144158
2019-04-25,43.95119200749873
2019-04-26,34.7306125912726
2019-04-27,52.84615218694331
2019-04-28,50.20435264567679
2019-04-29,45.349788618168645
2019-04-30,42.00977764620263
2019-05-01,40.44434435085483
2019-05-02,18.509685797183007
2019-05-03,36.74012033977518
2019-05-04,45.24110333172553
2019-05-05,43.288567804592
2019-05-06,35.3780942124048
2019-05-07,30.02332562649149
2019-05-08,35.265249517017
2019-05-09,36.35503786203929
2019-05-10,33.05146740731412
2019-05-11,38.29164330896036
2019-05-12,38.66571923274841
2019-05-13,29.874811425540706
2019-05-14,26.927293568071143
2019-05-15,21.779171051887577
2019-05-16,15.965381108461024
2019-05-17,19.611902918312953
2019-05-18,25.361208841095383
2019-05-19,29.21442821821279
2019-05-20,24.788195324536172
2019-05-21,30.042571582594263
2019-05-22,22.314548263066463
2019-05-23,25.497340019002095
2019-05-24,23.796830369368333
2019-05-25,31.967717953502873
2019-05-26,38.96742128287562
2019-05-27,23.044132808793442
2019-05-28,23.5784087556886
2019-05-29,21.801761108662213
2019-05-30,20.317279867606796
2019-05-31,23.121558101232505
2019-06-01,23.810836405214907
2019-06-02,33.13655957375732
2019-06-03,26.42587023512277
2019-06-04,26.203587007735326
2019-06-05,27.40629195015854
2019-06-06,28.996750188222755
2019-06-07,30.776227577520146
2019-06-08,19.668293848821556
2019-06-09,39.47535366900053
2019-06-10,18.92283794832112
2019-06-11,23.70282993609468
2019-06-12,36.02791533931453
2019-06-13,35.478008082557956
2019-06-14,27.762519462479013
2019-06-15,21.91557864393219
2019-06-16,36.330428071113495
2019-06-17,19.922284697604717
2019-06-18,28.70929436534502
2019-06-19,24.88308080999299
2019-06-20,18.53000395326984
2019-06-21,33.91965208977438
2019-06-22,36.70577805805391
2019-06-23,34.96087307778796
2019-06-24,29.53331001440533
2019-06-25,19.930581195567687
2019-06-26,20.421305686944972
2019-06-27,18.564822900484327
2019-06-28,19.130259534355023
2019-06-29,29.348585821969806
2019-06-30,29.904176257968277
2019-07-01,18.379735296778748
2019-07-02,24.258605113853815
2019-07-03,33.45185271201281
2019-07-04,37.03015849243308
2019-07-05,26.97047105944514
2019-07-06,31.034071362395228
2019-07-07,47.81038722886404
2019-07-08,26.606020828110815
2019-07-09,31.926434402250617
2019-07-10,37.2633897353998
2019-07-11,19.69727180458528
2019-07-12,32.981822251176055
2019-07-13,44.945200052626284
2019-07-14,34.948640886875836
2019-07-15,28.13517037767626
2019-07-16,14.326655912806032
2019-07-17,19.42524171255981
2019-07-18,37.223758306386934
2019-07-19,23.54208315006554
2019-07-20,48.61288015014175
2019-07-21,50.30722450017424
2019-07-22,43.88974562500145
2019-07-23,40.369073487760694
2019-07-24,19.558428177281275
2019-07-25,19.658940928671793
2019-07-26,38.88383226390936
2019-07-27,41.830425654039914
2019-07-28,52.87064866030167
2019-07-29,39.75934923645748
2019-07-30,37.076310688083055
2019-07-31,34.028312980837484
2019-08-01,20.14628781786031
2019-08-02,28.992543002052326
2019-08-03,24.813579760087215
2019-08-04,52.783624235808084
2019-08-05,38.159280614244196
2019-08-06,35.03369882821071
2019-08-07,37.76662281358797
2019-08-08,35.61736920464642
2019-08-09,33.90107230811853
2019-08-10,43.69868285425467
2019-08-11,48.14011008813327
2019-08-12,37.03428754059722
2019-08-13,31.674517211303865
2019-08-14,33.28830244209487
2019-08-15,28.28594701703265
2019-08-16,36.88972117422219
2019-08-17,48.777856445698546
2019-08-18,47.31714128082799
2019-08-19,30.374235540667943
2019-08-20,30.01229209311794
2019-08-21,25.361669072498383
2019-08-22,28.501483087562725
2019-08-23,30.947477123391167
2019-08-24,34.869650527801795
2019-08-25,28.02015531422991
2019-08-26,22.345362397587813
2019-08-27,28.16998535044246
2019-08-28,27.670525011243917
2019-08-29,27.602320743272838
2019-08-30,28.233536525679263
2019-08-31,31.539918500152027
2019-09-01,30.683206817802148
2019-09-02,25.213978525289523
2019-09-03,25.423978233410555
2019-09-04,26.091600379865355
2019-09-05,20.940465753633067
2019-09-06,19.578613177080843
2019-09-07,21.05214311385655
2019-09-08,19.60363697932604
2019-09-09,17.244336957821723
2019-09-10,15.719283143443194
2019-09-11,16.593728501184714
2019-09-12,15.178307946852872
2019-09-13,16.349969253311702
2019-09-14,15.254294601976037
2019-09-15,14.94379894088898
2019-09-16,14.59437633176208
2019-09-17,12.087278789349407
2019-09-18,11.574779893615533
2019-09-19,10.184040855930034
2019-09-20,10.303545348774064
2019-09-21,12.758359552230173
2019-09-22,16.04303439884242
2019-09-23,11.398838679140015
2019-09-24,9.643885514699178
2019-09-25,9.352999913845496
2019-09-26,12.054932120876636
2019-09-27,11.809318937894146
2019-09-28,12.140064014575493
2019-09-29,12.993866084469325
2019-09-30,14.250234257691808
2019-10-01,27.582859937025866
2019-10-02,28.556618616026235
2019-10-03,21.93531020758477
2019-10-04,28.31498429181951
2019-10-05,32.69681125797975
2019-10-06,35.76586904488991
2019-10-07,31.544092627812514
2019-10-08,29.629736075271524
2019-10-09,24.563979943743416
2019-10-10,27.800657399031127
2019-10-11,29.562927437013016
2019-10-12,35.0058279457693
2019-10-13,36.687736666235615
2019-10-14,31.16022067484013
2019-10-15,30.108185462166503
2019-10-16,30.280409952835186
2019-10-17,31.83362234122639
2019-10-18,29.76449052239848
2019-10-19,33.25891903654123
2019-10-20,31.017082772688322
2019-10-21,29.43723809077455
2019-10-22,26.125888569335064
2019-10-23,20.45918906917045
2019-10-24,25.711038057417518
2019-10-25,23.93139904625798
2019-10-26,24.631465018985658
2019-10-27,30.122384420881136
2019-10-28,25.599191692938764
2019-10-29,24.714489131486438
2019-10-30,24.432179844374932
2019-10-31,25.510091094765627
2019-11-01,27.916702688382227
2019-11-02,34.23792973731847
2019-11-03,33.01454991009434
2019-11-04,28.171388613958598
2019-11-05,26.86002891513152
2019-11-06,29.20827984099893
2019-11-07,20.725850816478072
2019-11-08,27.06761200722702
2019-11-09,31.973196668998522
2019-11-10,32.30577562976378
2019-11-11,26.33673443782394
2019-11-12,27.404568299149904
2019-11-13,26.729554576037142
2019-11-14,26.436264261450617
2019-11-15,27.29127223559633
2019-11-16,34.20489537214699
2019-11-17,32.57379778868063
2019-11-18,21.358099933185436
2019-11-19,25.198001850817427
2019-11-20,25.83030745444438
2019-11-21,17.695967574218386
2019-11-22,11.049795399400628
2019-11-23,30.7063509596
2019-11-24,30.625764286904584
2019-11-25,13.635595212081205
2019-11-26,18.227009552906626
2019-11-27,22.625485142674798
2019-11-28,22.60181344559063
2019-11-29,26.193014856468398
2019-11-30,30.400111302817006
2019-12-01,24.777441297279157
2019-12-02,24.685270080721953
2019-12-03,28.19700941837817
2019-12-04,25.11184738904035
2019-12-05,29.232637035394816
2019-12-06,32.62303910849986
2019-12-07,39.30018532969173
2019-12-08,45.09846299352178
2019-12-09,31.94347468945303
2019-12-10,29.571552741904412
2019-12-11,28.22937385655452
2019-12-12,29.434066052789735
2019-12-13,29.646961619312492
2019-12-14,32.13976810564628
2019-12-15,31.32560157041516
2019-12-16,22.089017525537756
2019-12-17,16.75122977288894
2019-12-18,19.261444140299037
2019-12-19,25.13409812811215
2019-12-20,24.60235930522708
2019-12-21,31.6694059732212
2019-12-22,33.11727150209991
2019-12-23,25.03938843558323
2019-12-24,29.109211052851578
2019-12-25,29.886061943681916
2019-12-26,29.33546425534769
2019-12-27,30.33717409683997
2019-12-28,35.35172782371807
2019-12-29,36.42408025955041
2019-12-30,30.536493374488273
2019-12-31,28.730732300267682
2020-01-01,35.33063515341898
2020-01-02,41.89497223666895
2020-01-03,40.94522615436065
2020-01-04,50.76455202147923
2020-01-05,51.548267551891044
2020-01-06,38.78410034915103
2020-01-07,39.74781722747142
2020-01-08,33.10200645720197
2020-01-09,40.37400678665056
2020-01-10,34.24237384234714
2020-01-11,44.58568282928091
2020-01-12,48.2987913874533
2020-01-13,40.660762137485136
2020-01-14,28.01676882861225
2020-01-15,34.35269211815826
2020-01-16,40.7297918429431
2020-01-17,38.223896715115345
2020-01-18,40.41479379453305
2020-01-19,43.36212964231777
2020-01-20,46.80365383886748
2020-01-21,50.99722680836677
2020-01-22,54.426328998003044
2020-01-23,54.81239706437514
2020-01-24,54.98993987995856
2020-01-25,72.49257567329725
2020-01-26,71.15224803332433
2020-01-27,59.331725342414494
2020-01-28,53.06653388143005
2020-01-29,51.8070460115398
2020-01-30,44.6863940919074
2020-01-31,45.70984855457958
2020-02-01,50.32707998851506
2020-02-02,50.06031622298501
2020-02-03,43.43432516940902
2020-02-04,39.75881681236947
2020-02-05,31.963522123907634
2020-02-06,29.219536379619644
2020-02-07,29.062331345833666
2020-02-08,35.37074019093585
2020-02-09,37.82741329787611
2020-02-10,36.042086673633364
2020-02-11,33.11817178229331
2020-02-12,24.007434790212272
2020-02-13,26.138700501445054
2020-02-14,27.22034311134444
2020-02-15,28.316972976165477
2020-02-16,24.13577657664997
2020-02-17,29.264566587682715
2020-02-18,31.322936441726537
2020-02-19,29.206329729688793
2020-02-20,27.36308344675101
2020-02-21,40.593305101616565
2020-02-22,45.657143678387285
2020-02-23,38.70926079900997
2020-02-24,34.07002025352327
2020-02-25,29.41953831778489
2020-02-26,17.152302038443985
2020-02-27,25.917758854279857
2020-02-28,30.29106303926772
2020-02-29,42.686963710018716
2020-03-01,40.311864311478665
2020-03-02,39.51926095563744
2020-03-03,37.63076699817525
2020-03-04,37.36863883262452
2020-03-05,31.898372853903965
2020-03-06,35.23261300324474
2020-03-07,38.02977357417921
2020-03-08,21.146469466433746
2020-03-09,19.07207022584352
2020-03-10,30.024851719520427
2020-03-11,24.299187245375602
2020-03-12,3.6660055679632193
2020-03-13,3.736390624799266
2020-03-14,24.22720042790486
2020-03-15,27.110123107260367
2020-03-16,10.328300259642717
2020-03-17,18.98596902600115
2020-03-18,23.33403646888845
2020-03-19,16.40671011351032
2020-03-20,19.800519365069437
2020-03-21,27.64690955901421
2020-03-22,27.999003928878658
2020-03-23,24.425150706404008
2020-03-24,25.205091962448886
2020-03-25,25.925285693063525
2020-03-26,26.87585431175467
2020-03-27,28.950935526808653
2020-03-28,34.743377257961676
2020-03-29,40.103954132306974
2020-03-30,30.904317903002607
2020-03-31,28.13943602678033
2020-04-01,31.028292850190226
2020-04-02,27.081115171617625
2020-04-03,29.049340057547354
2020-04-04,38.289648551659766
2020-04-05,39.56420329616086
2020-04-06,22.077663369672788
2020-04-07,24.675085410811924
2020-04-08,27.645393648088003
2020-04-09,28.783129596875224
2020-04-10,27.334201882481597
2020-04-11,34.79459095658081
2020-04-12,38.35840181180601
2020-04-13,28.612485909282466
2020-04-14,26.89597017659029
2020-04-15,28.72293174841538
2020-04-16,20.652313811463962
2020-04-17,26.66507319818798
2020-04-18,24.19415322178789
2020-04-19,27.607148811914826
2020-04-20,21.654801764148573
2020-04-21,20.47519917561362
2020-04-22,21.864921338902693
2020-04-23,20.681603650845553
2020-04-24,21.54924109340967
2020-04-25,24.91337047293565
2020-04-26,22.405849244214433
2020-04-27,21.914413151529164
2020-04-28,23.711355563645792
2020-04-29,15.051898472936506
2020-04-30,11.688010466725034
2020-05-01,21.21912307417704
2020-05-02,27.271105520935528
2020-05-03,23.536056911027305
2020-05-04,19.48921786518978
2020-05-05,18.478239051599036
2020-05-06,15.267017672433887
2020-05-07,12.703120074999319
2020-05-08,13.023300032688509
2020-05-09,15.358862371963287
2020-05-10,9.053732511581948
2020-05-11,11.459644007945531
2020-05-12,10.282585496469062
2020-05-13,8.371519624807549
2020-05-14,7.088935173013851
2020-05-15,8.974847636012289
2020-05-16,10.799366572706644
2020-05-17,10.216954371942414
2020-05-18,7.764166985538618
2020-05-19,8.57136339260125
2020-05-20,7.598323369731731
2020-05-21,5.8535802490542
2020-05-22,7.971305913909096
2020-05-23,12.228703007407356
2020-05-24,9.394896724476968
2020-05-25,7.45877019819135
2020-05-26,7.386584566991836
2020-05-27,6.852427931947221
2020-05-28,6.9920263710293495
2020-05-29,7.931187351771766
2020-05-30,8.188311632199822
2020-05-31,9.704513319498748
2020-06-01,8.553928033952246
2020-06-02,7.572900847611198
2020-06-03,9.345954838156402
2020-06-04,8.789753042456201
2020-06-05,8.546031867662562
2020-06-06,7.591767710764604
2020-06-07,7.084790425794731
2020-06-08,6.97763190992252
2020-06-09,7.3700825237813445
2020-06-10,2.0327001519425862
2020-06-11,1.884698598676907
2020-06-12,7.686831079155278
2020-06-13,9.574382239139078
2020-06-14,11.198896775224465
2020-06-15,6.381619608011147
2020-06-16,6.8679449649490145
2020-06-17,6.569570354769712
2020-06-18,7.115809157643018
2020-06-19,6.540409665179805
2020-06-20,7.985796675070325
2020-06-21,7.8689759802495844
2020-06-22,5.773464848499182
2020-06-23,5.270367846366883
2020-06-24,5.132087594651564
2020-06-25,5.621911486686226
2020-06-26,6.060758449286892
2020-06-27,6.341705229515716
2020-06-28,6.671408429160564
2020-06-29,6.022282876113657
2020-06-30,4.802552726605226
2020-07-01,5.208787272460268
2020-07-02,5.669344503110219
2020-07-03,5.520735705117532
2020-07-04,7.018772988640828
2020-07-05,7.46954697280723
2020-07-06,6.0025523779737435
2020-07-07,5.949474339648785
2020-07-08,4.804958820923454
2020-07-09,5.174085640859595
2020-07-10,6.274721910887231
2020-07-11,7.116230935586496
2020-07-12,7.478671349941525
2020-07-13,4.796722757214971
2020-07-14,5.529081003316745
2020-07-15,4.803317656993611
2020-07-16,4.494693319831848
2020-07-17,4.4103179452531505
2020-07-18,4.772103940260132
2020-07-19,4.43670542275962
2020-07-20,3.678119865088473
2020-07-21,3.543968574553801
2020-07-22,3.6159911573055274
2020-07-23,3.29926113509186
2020-07-24,3.4335795849344435
2020-07-25,3.1806716692100325
2020-07-26,3.4966518855309876
2020-07-27,2.8341927150371373
2020-07-28,3.535020690199101
2020-07-29,3.427877892874229
2020-07-30,3.562207031692479
2020-07-31,3.305289074439005
2020-08-01,3.862865422471722
2020-08-02,3.32698378530035
2020-08-03,3.6087657565176117
2020-08-04,4.103531769686698
2020-08-05,4.332807980015037
2020-08-06,4.076407477831845
2020-08-07,3.3966566385403847
2020-08-08,3.6321811120087983
2020-08-09,3.247518648280707
2020-08-10,2.45775058432651
2020-08-11,2.364951122971893
2020-08-12,1.7721058144226853
2020-08-13,1.6707969553614204
2020-08-14,1.8320324972302495
2020-08-15,2.492020122214423
2020-08-16,2.7262568252952595
2020-08-17,2.5566762106032868
2020-08-18,2.3362652654014817
2020-08-19,2.2696746003386283
2020-08-20,2.4966838265851425
2020-08-21,2.0839783056743304
2020-08-22,2.6897028190326218
2020-08-23,3.0994931518339075
2020-08-24,2.7556792272794115
2020-08-25,2.6062978940154315
2020-08-26,2.9146752647447793
2020-08-27,2.843210502512919
2020-08-28,2.8936422691465156
2020-08-29,2.7364714443737372
2020-08-30,1.8224696190141207
2020-08-31,1.7296913810479984
2020-09-01,1.383224277165191
2020-09-02,1.357514569414353
2020-09-03,1.4360591644776763
2020-09-04,1.7693155513226733
2020-09-05,1.6230291620447992
2020-09-06,2.3757968031091576
2020-09-07,2.559232201148687
2020-09-08,2.7030750677799853
2020-09-09,2.4658776156295334
2020-09-10,1.979983418974175
2020-09-11,2.1850648605739353
2020-09-12,2.651081410572495
2020-09-13,2.463573681985454
2020-09-14,1.8693984892741884
2020-09-15,1.9228537310571676
2020-09-16,2.154979093578118
2020-09-17,1.3222202867157686
2020-09-18,1.5438700216684316
2020-09-19,2.0060511279879547
2020-09-20,2.35053425666806
2020-09-21,2.011778553069028
2020-09-22,2.1069425289668415
2020-09-23,2.3565470158113344
2020-09-24,2.6029511991004113
2020-09-25,2.7534316253506868
2020-09-26,3.136802598448634
2020-09-27,3.0782777051065344
2020-09-28,2.470199656949709
2020-09-29,2.1766887772211305
2020-09-30,2.5048106210091152
2020-10-01,2.787725980482135
2020-10-02,2.9466374776013455
2020-10-03,3.394369031553773
2020-10-04,3.248885538412893
2020-10-05,3.076258841120681
2020-10-06,2.614343363604326
2020-10-07,3.153183390877989
2020-10-08,3.2080073793236035
2020-10-09,3.3190287416665805
2020-10-10,4.0084966651967076
2020-10-11,4.8125993307978465
2020-10-12,3.4489264904030317
2020-10-13,3.4094824370807952
2020-10-14,3.2940196469429917
2020-10-15,3.3423534358179885
2020-10-16,3.844257916854463
2020-10-17,6.24748633615395
2020-10-18,5.875457916276979
2020-10-19,4.295986930681873
2020-10-20,3.9898427248537423
2020-10-21,3.3563652489826676
2020-10-22,3.807536345578206
2020-10-23,4.057079135445519
2020-10-24,7.054198952598163
2020-10-25,6.732291759903886
2020-10-26,4.048614610326223
2020-10-27,5.325705091185453
2020-10-28,3.813887681192782
2020-10-29,3.67201887762743
2020-10-30,3.916253669822931
2020-10-31,5.5291457056319775
2020-11-01,6.624752643618647
2020-11-02,4.057090206444141
2020-11-03,5.0403863571961836
2020-11-04,5.878421937802497
2020-11-05,4.604168740650783
2020-11-06,4.012323722651831
2020-11-07,4.16300095192643
2020-11-08,7.365144465664317
2020-11-09,5.245228063919572
2020-11-10,4.560771954793058
2020-11-11,4.612220463761916
2020-11-12,4.239454822026989
2020-11-13,4.304508098962266
2020-11-14,5.870410570034965
2020-11-15,6.393959521848458
2020-11-16,4.805693863301117
2020-11-17,3.3062970185246248
2020-11-18,3.1044850836601814
2020-11-19,4.537726481923227
2020-11-20,3.637472281309346
2020-11-21,3.6944759902881983
2020-11-22,3.7893391516445316
2020-11-23,3.3124199552373534
2020-11-24,2.909377731673106
2020-11-25,3.9495950875734183
2020-11-26,2.2104862299042742
2020-11-27,5.272613180899399
2020-11-28,7.111539431141797
2020-11-29,7.9038678720848585
2020-11-30,3.271358110624633
2020-12-01,3.074106378038249
2020-12-02,5.243991272119287
2020-12-03,4.903284162509686
2020-12-04,4.413716912888794
2020-12-05,6.076388323030109
2020-12-06,6.145291384305394
2020-12-07,4.7582652735794415
2020-12-08,3.7819273948041
2020-12-09,3.7273842125553207
2020-12-10,4.13262209160374
2020-12-11,3.797028235990132
2020-12-12,5.351970140192893
2020-12-13,5.041037450390616
2020-12-14,3.8608116404569315
2020-12-15,3.0658643114515947
2020-12-16,3.119425865217316
2020-12-17,2.23265000031625
2020-12-18,3.4270032480409536
2020-12-19,3.761537250976919
2020-12-20,4.985947644081016
2020-12-21,3.18786688697158
2020-12-22,3.5837066023695985
2020-12-23,2.5281683371304875
2020-12-24,3.0041983781564037
2020-12-25,2.8880862798010187
2020-12-26,3.638137197119274
2020-12-27,2.786317860632959
2020-12-28,2.5392621354175855
2020-12-29,2.7919427390647895
2020-12-30,2.509184774168332
2020-12-31,2.737477385592917
2021-01-01,3.608410008815541
2021-01-02,2.7060207966960586
2021-01-03,2.035981340719397
2021-01-04,1.6707190331517954
2021-01-05,2.2410896735352264
2021-01-06,2.3844308795447633
2021-01-07,2.25591509860124
2021-01-08,2.2189652543032543
2021-01-09,2.8657883761419223
2021-01-10,2.9396234408930493
2021-01-11,1.6872557381155882
2021-01-12,3.006909503073289
2021-01-13,3.536327534729697
2021-01-14,3.055131429392861
2021-01-15,2.838175323052567
2021-01-16,3.144204907196016
2021-01-17,3.769434609725609
2021-01-18,3.33589965021032
2021-01-19,2.7043749098784433
2021-01-20,3.0441610982311627
2021-01-21,2.382356656956425
2021-01-22,2.299801070511668
2021-01-23,3.139670454811577
2021-01-24,3.111063952028966
2021-01-25,2.5721771486104177
2021-01-26,3.0291832486019734
2021-01-27,2.7314777366163994
2021-01-28,2.847974735226275
2021-01-29,2.2306092283953642
2021-01-30,2.539782535502296
2021-01-31,2.3392170016826395
2021-02-01,2.1142760394177333
2021-02-02,1.9828342844197355
2021-02-03,1.987841438284102
2021-02-04,1.7241091866488991
2021-02-05,1.6803634180908031
2021-02-06,1.9612472412397628
2021-02-07,2.08468248950406
2021-02-08,1.815109216364251
2021-02-09,1.7358788839351198
2021-02-10,1.8015952371212784
2021-02-11,1.9947952793545465
2021-02-12,1.967333621735867
2021-02-13,1.921160284310765
2021-02-14,2.1669858210585775
2021-02-15,1.9462827597938195
2021-02-16,2.000426411631106
2021-02-17,1.9827352449210005
2021-02-18,1.9332443305823275
2021-02-19,1.9159889521490534
