Date,indicators/liveliness
2015-07-30,0.0
2015-07-31,0.0
2015-08-01,0.0
2015-08-02,0.0
2015-08-03,0.0
2015-08-04,0.0
2015-08-05,0.0
2015-08-06,0.0
2015-08-07,0.00891641965242337
2015-08-08,0.081268158503968
2015-08-09,0.187901769193232
2015-08-10,0.181831647251553
2015-08-11,0.17565777669675
2015-08-12,0.169392332336517
2015-08-13,0.163135302986292
2015-08-14,0.167349396889142
2015-08-15,0.168631637434268
2015-08-16,0.180068823439701
2015-08-17,0.177991759498367
2015-08-18,0.181638937277225
2015-08-19,0.181678622388112
2015-08-20,0.176788479560711
2015-08-21,0.172097272643174
2015-08-22,0.168320134561899
2015-08-23,0.164977852110648
2015-08-24,0.161493458043272
2015-08-25,0.158265580347687
2015-08-26,0.15563414167691
2015-08-27,0.151465981288996
2015-08-28,0.148306275428129
2015-08-29,0.146022758228073
2015-08-30,0.144540072579272
2015-08-31,0.142589320677079
2015-09-01,0.144894590204329
2015-09-02,0.14707017691863
2015-09-03,0.145160249457289
2015-09-04,0.143208924990909
2015-09-05,0.14036465443208
2015-09-06,0.137708141380906
2015-09-07,0.135359324488329
2015-09-08,0.133357594098269
2015-09-09,0.138314000145104
2015-09-10,0.141434452746451
2015-09-11,0.139483198755623
2015-09-12,0.138060471169101
2015-09-13,0.135870215901738
2015-09-14,0.134475687097865
2015-09-15,0.136848979749077
2015-09-16,0.137963303197804
2015-09-17,0.136101585015679
2015-09-18,0.135120903910256
2015-09-19,0.133965173719299
2015-09-20,0.131451227156518
2015-09-21,0.129113968174041
2015-09-22,0.127669895823705
2015-09-23,0.12569095553126
2015-09-24,0.124245497280249
2015-09-25,0.124144130764399
2015-09-26,0.123620023151882
2015-09-27,0.12251815833995
2015-09-28,0.122958873425035
2015-09-29,0.123314003744135
2015-09-30,0.122609665369627
2015-10-01,0.125043649439842
2015-10-02,0.124217829735428
2015-10-03,0.122551928681564
2015-10-04,0.122426901212738
2015-10-05,0.120988130279172
2015-10-06,0.12047915593237
2015-10-07,0.119598430356539
2015-10-08,0.119042588844427
2015-10-09,0.118326122594234
2015-10-10,0.117227900287857
2015-10-11,0.115871908493748
2015-10-12,0.115019796553645
2015-10-13,0.115776486746735
2015-10-14,0.117207667864432
2015-10-15,0.118922617273934
2015-10-16,0.123151811442236
2015-10-17,0.122467537057493
2015-10-18,0.12149695949377
2015-10-19,0.121911916485897
2015-10-20,0.121853692352781
2015-10-21,0.123213361728884
2015-10-22,0.123898334361585
2015-10-23,0.124802054025061
2015-10-24,0.125644453230324
2015-10-25,0.124341847398873
2015-10-26,0.125096945270298
2015-10-27,0.128919097598011
2015-10-28,0.137072072426529
2015-10-29,0.138937903116383
2015-10-30,0.146529477305834
2015-10-31,0.14826360470683
2015-11-01,0.147010170425562
2015-11-02,0.146028743249182
2015-11-03,0.145599556493614
2015-11-04,0.145944152582587
2015-11-05,0.145483579096522
2015-11-06,0.146194595557428
2015-11-07,0.149937134374353
2015-11-08,0.158017559190304
2015-11-09,0.160409993407145
2015-11-10,0.168375111170996
2015-11-11,0.167069930849756
2015-11-12,0.166094155923883
2015-11-13,0.165377665440942
2015-11-14,0.164210300940939
2015-11-15,0.16352158820815
2015-11-16,0.16240389269277
2015-11-17,0.17082143844016
2015-11-18,0.172763655808844
2015-11-19,0.174038614185066
2015-11-20,0.17284064741225
2015-11-21,0.171614025448192
2015-11-22,0.170517201627688
2015-11-23,0.172283305775348
2015-11-24,0.173690034502077
2015-11-25,0.173127646545668
2015-11-26,0.180560750948622
2015-11-27,0.183421408673211
2015-11-28,0.185979770451424
2015-11-29,0.184765237970201
2015-11-30,0.183909025609707
2015-12-01,0.182907244422127
2015-12-02,0.18201238681443
2015-12-03,0.180876720610919
2015-12-04,0.179793024076429
2015-12-05,0.178758030068606
2015-12-06,0.178085739111549
2015-12-07,0.177628736789436
2015-12-08,0.177017053699372
2015-12-09,0.176158857175649
2015-12-10,0.175211151253446
2015-12-11,0.174414027963201
2015-12-12,0.175289193532556
2015-12-13,0.174897450258221
2015-12-14,0.174182205056449
2015-12-15,0.177565509048554
2015-12-16,0.191248258427004
2015-12-17,0.192099656431501
2015-12-18,0.191976857423883
2015-12-19,0.191335697481996
2015-12-20,0.190144212674361
2015-12-21,0.189257650857071
2015-12-22,0.188643251696305
2015-12-23,0.187435978908291
2015-12-24,0.186386394905748
2015-12-25,0.185171908470422
2015-12-26,0.183952653203659
2015-12-27,0.182821592253538
2015-12-28,0.182173817792011
2015-12-29,0.182912811609806
2015-12-30,0.182619960217547
2015-12-31,0.182631927689891
2016-01-01,0.182093453282161
2016-01-02,0.18195260776785
2016-01-03,0.181289163153235
2016-01-04,0.18069736457432
2016-01-05,0.180954504822787
2016-01-06,0.183405206099157
2016-01-07,0.184673061029125
2016-01-08,0.184269504256653
2016-01-09,0.183344204555044
2016-01-10,0.182323291646343
2016-01-11,0.182117900347565
2016-01-12,0.182581224737947
2016-01-13,0.18268929379731
2016-01-14,0.182580546987248
2016-01-15,0.182934547689165
2016-01-16,0.184143153721113
2016-01-17,0.183840940715904
2016-01-18,0.187973675733478
2016-01-19,0.192235899214138
2016-01-20,0.192478396392118
2016-01-21,0.193527437838967
2016-01-22,0.194013834151845
2016-01-23,0.197849035933934
2016-01-24,0.202343333145983
2016-01-25,0.205834910123525
2016-01-26,0.210305892224291
2016-01-27,0.212689414508832
2016-01-28,0.214013912049157
2016-01-29,0.216713317326554
2016-01-30,0.21881883360677
2016-01-31,0.219789497122709
2016-02-01,0.220467777395341
2016-02-02,0.220979103475808
2016-02-03,0.223793742420696
2016-02-04,0.223692978594396
2016-02-05,0.22418609267801
2016-02-06,0.224393954751601
2016-02-07,0.224371263711913
2016-02-08,0.230985968925016
2016-02-09,0.23525790672933
2016-02-10,0.242407429417106
2016-02-11,0.249447301727195
2016-02-12,0.256482390565118
2016-02-13,0.259380690906053
2016-02-14,0.260803826386926
2016-02-15,0.262324927771173
2016-02-16,0.264151347318529
2016-02-17,0.266403035913112
2016-02-18,0.268453904152348
2016-02-19,0.270270399707529
2016-02-20,0.269438944092109
2016-02-21,0.269258692668329
2016-02-22,0.269217791224976
2016-02-23,0.26928582035978
2016-02-24,0.269470730467247
2016-02-25,0.270823040643373
2016-02-26,0.278688838095296
2016-02-27,0.292198174953253
2016-02-28,0.292677918257891
2016-02-29,0.292338531125864
2016-03-01,0.29277523505166
2016-03-02,0.296748587600698
2016-03-03,0.30993786758542
2016-03-04,0.314636607309463
2016-03-05,0.318534189625706
2016-03-06,0.325774835860292
2016-03-07,0.32939980562275
2016-03-08,0.336216975056362
2016-03-09,0.346965741305933
2016-03-10,0.347456403621489
2016-03-11,0.347893688402516
2016-03-12,0.349428310789366
2016-03-13,0.350779985176002
2016-03-14,0.353271060121006
2016-03-15,0.355984181801311
2016-03-16,0.356689316982112
2016-03-17,0.358530642372364
2016-03-18,0.358925489411916
2016-03-19,0.358587705716101
2016-03-20,0.358023478043363
2016-03-21,0.358010989884641
2016-03-22,0.357650434951292
2016-03-23,0.356983705738081
2016-03-24,0.357055783388954
2016-03-25,0.356772987345829
2016-03-26,0.356382355296245
2016-03-27,0.357134468192355
2016-03-28,0.358663730255841
2016-03-29,0.358910819357447
2016-03-30,0.360181672102249
2016-03-31,0.360293005753563
2016-04-01,0.359937695415774
2016-04-02,0.358746203911643
2016-04-03,0.357837606446308
2016-04-04,0.356513035905607
2016-04-05,0.355700316847676
2016-04-06,0.355220491770703
2016-04-07,0.354566412283491
2016-04-08,0.35411920648203
2016-04-09,0.353317403863069
2016-04-10,0.355394727933918
2016-04-11,0.355008441039361
2016-04-12,0.354030918607822
2016-04-13,0.354039874975101
2016-04-14,0.3535223240511
2016-04-15,0.355467782685108
2016-04-16,0.354404479364002
2016-04-17,0.35340928314822
2016-04-18,0.352153498840717
2016-04-19,0.350867413522452
2016-04-20,0.349872151943263
2016-04-21,0.349052582783307
2016-04-22,0.348179567251412
2016-04-23,0.34965923897007
2016-04-24,0.349713706256879
2016-04-25,0.348653106386564
2016-04-26,0.348158059719065
2016-04-27,0.347185891894596
2016-04-28,0.346331787628626
2016-04-29,0.34569361027866
2016-04-30,0.345875241133232
2016-05-01,0.350857990488062
2016-05-02,0.35213241548864
2016-05-03,0.352924414275516
2016-05-04,0.353470315924191
2016-05-05,0.353791064324901
2016-05-06,0.354935863984193
2016-05-07,0.357956586110706
2016-05-08,0.360182312806638
2016-05-09,0.362082184283036
2016-05-10,0.365613816363272
2016-05-11,0.369884273943491
2016-05-12,0.377857431720826
2016-05-13,0.391798484842518
2016-05-14,0.414179643228952
2016-05-15,0.425722771699424
2016-05-16,0.426853065843888
2016-05-17,0.426743080233136
2016-05-18,0.427112857156777
2016-05-19,0.428788271360842
2016-05-20,0.434614031189697
2016-05-21,0.433822844122357
2016-05-22,0.432893357913481
2016-05-23,0.433121944913194
2016-05-24,0.433600794320283
2016-05-25,0.435113325329981
2016-05-26,0.435498224720158
2016-05-27,0.436485003360773
2016-05-28,0.439354205735759
2016-05-29,0.440559714084024
2016-05-30,0.440420562507529
2016-05-31,0.439753138040938
2016-06-01,0.438991307591516
2016-06-02,0.438185826667636
2016-06-03,0.436903332348703
2016-06-04,0.435672259314412
2016-06-05,0.434569735668459
2016-06-06,0.433335589467701
2016-06-07,0.432284200909373
2016-06-08,0.433997830944698
2016-06-09,0.435176027420098
2016-06-10,0.434576552507337
2016-06-11,0.434013115946555
2016-06-12,0.433412756731819
2016-06-13,0.433062593623359
2016-06-14,0.43259639153464
2016-06-15,0.431959856333569
2016-06-16,0.432454235825595
2016-06-17,0.441651893626862
2016-06-18,0.449188619064363
2016-06-19,0.454041156760416
2016-06-20,0.454357299116403
2016-06-21,0.45753477997347
2016-06-22,0.468989248752919
2016-06-23,0.468584084116316
2016-06-24,0.470645505479703
2016-06-25,0.47129064870904
2016-06-26,0.470257055192431
2016-06-27,0.469071164550189
2016-06-28,0.4690538500452
2016-06-29,0.469760124980987
2016-06-30,0.470262370771634
2016-07-01,0.469483098978029
2016-07-02,0.468137930228033
2016-07-03,0.466888452294407
2016-07-04,0.466864475534513
2016-07-05,0.473274197108891
2016-07-06,0.474621985175521
2016-07-07,0.474675848115651
2016-07-08,0.474853901880166
2016-07-09,0.473897158387747
2016-07-10,0.472821203109429
2016-07-11,0.472023432299888
2016-07-12,0.47159005320727
2016-07-13,0.471530116262022
2016-07-14,0.470766006259799
2016-07-15,0.470733941365304
2016-07-16,0.476390445489202
2016-07-17,0.475359146270489
2016-07-18,0.474745905602891
2016-07-19,0.479862897921008
2016-07-20,0.507317747440795
2016-07-21,0.515374475032688
2016-07-22,0.515057450956639
2016-07-23,0.51431834926817
2016-07-24,0.516993833059909
2016-07-25,0.527545146658447
2016-07-26,0.536281738151373
2016-07-27,0.547937843995373
2016-07-28,0.555085921440742
2016-07-29,0.558464694587817
2016-07-30,0.559764614526725
2016-07-31,0.560511681862873
2016-08-01,0.56421883079957
2016-08-02,0.569014323142115
2016-08-03,0.576254823339204
2016-08-04,0.58099534650753
2016-08-05,0.585895480714587
2016-08-06,0.590107679588975
2016-08-07,0.590484712701861
2016-08-08,0.591385182530719
2016-08-09,0.593211272268384
2016-08-10,0.596703671068643
2016-08-11,0.601976099780552
2016-08-12,0.603745648696739
2016-08-13,0.603304262956906
2016-08-14,0.602783550764077
2016-08-15,0.602454837213183
2016-08-16,0.601051193877272
2016-08-17,0.600157788860582
2016-08-18,0.599415620194518
2016-08-19,0.59853199188649
2016-08-20,0.597099627019789
2016-08-21,0.596120288339079
2016-08-22,0.595276184490463
2016-08-23,0.595537043314137
2016-08-24,0.594476767522513
2016-08-25,0.593728792422837
2016-08-26,0.592669968307253
2016-08-27,0.591348550004418
2016-08-28,0.589891612033406
2016-08-29,0.589291972928028
2016-08-30,0.588352821558865
2016-08-31,0.587127075631471
2016-09-01,0.586069666925501
2016-09-02,0.585164828990967
2016-09-03,0.584107117236005
2016-09-04,0.582784813301693
2016-09-05,0.581995699328517
2016-09-06,0.580950357182025
2016-09-07,0.579743028487828
2016-09-08,0.579123234811456
2016-09-09,0.578520346301021
2016-09-10,0.577141990559902
2016-09-11,0.576138280032536
2016-09-12,0.575376864919273
2016-09-13,0.574870416946729
2016-09-14,0.573814040249857
2016-09-15,0.572814281087427
2016-09-16,0.572820694737639
2016-09-17,0.572972325432339
2016-09-18,0.571743443128833
2016-09-19,0.570409595508297
2016-09-20,0.569332653868443
2016-09-21,0.570166993015068
2016-09-22,0.57325028223981
2016-09-23,0.572298413426602
2016-09-24,0.572383703711133
2016-09-25,0.573234637730113
2016-09-26,0.572379760170966
2016-09-27,0.571322170665502
2016-09-28,0.570090022612244
2016-09-29,0.584880307013162
2016-09-30,0.585125673421392
2016-10-01,0.584432954807034
2016-10-02,0.583877869726431
2016-10-03,0.58322031983175
2016-10-04,0.581872802371091
2016-10-05,0.580731463249629
2016-10-06,0.579868493816294
2016-10-07,0.57879639385475
2016-10-08,0.577874567723735
2016-10-09,0.5766706223819
2016-10-10,0.575711780895612
2016-10-11,0.575929177664119
2016-10-12,0.577956090022305
2016-10-13,0.5765896073109
2016-10-14,0.575824567411141
2016-10-15,0.579475600306098
2016-10-16,0.578120128439369
2016-10-17,0.577080658634876
2016-10-18,0.576024189213255
2016-10-19,0.574828819493626
2016-10-20,0.573661262808066
2016-10-21,0.572807419884344
2016-10-22,0.57152892107899
2016-10-23,0.570220293413947
2016-10-24,0.5689473913847
2016-10-25,0.567969276841388
2016-10-26,0.567192755647985
2016-10-27,0.566619426949458
2016-10-28,0.567263439866921
2016-10-29,0.566675096449683
2016-10-30,0.567142491141732
2016-10-31,0.568441656784677
2016-11-01,0.567678261208561
2016-11-02,0.56706473981002
2016-11-03,0.56645793665559
2016-11-04,0.565509945337387
2016-11-05,0.564567364342914
2016-11-06,0.563291886913262
2016-11-07,0.562118180951908
2016-11-08,0.561045881413033
2016-11-09,0.559923834172909
2016-11-10,0.558810005431095
2016-11-11,0.558346002224686
2016-11-12,0.558161781752463
2016-11-13,0.557466541464567
2016-11-14,0.556689461659775
2016-11-15,0.555782260218395
2016-11-16,0.554869118170103
2016-11-17,0.554557789949006
2016-11-18,0.554217053225904
2016-11-19,0.553517484079225
2016-11-20,0.552911058610511
2016-11-21,0.552464067473952
2016-11-22,0.55187483605854
2016-11-23,0.551107626335389
2016-11-24,0.550315966960497
2016-11-25,0.549494649697613
2016-11-26,0.548645753582571
2016-11-27,0.548014816327306
2016-11-28,0.547080390772448
2016-11-29,0.547226643984601
2016-11-30,0.547165564243612
2016-12-01,0.546333245551938
2016-12-02,0.546175303433193
2016-12-03,0.546789357490224
2016-12-04,0.546108886908005
2016-12-05,0.545820838760537
2016-12-06,0.546780470366153
2016-12-07,0.546724897688203
2016-12-08,0.547988396152082
2016-12-09,0.547490401361922
2016-12-10,0.546464972465565
2016-12-11,0.546182732410589
2016-12-12,0.545153054871732
2016-12-13,0.544329528216058
2016-12-14,0.54355679311217
2016-12-15,0.542578880504701
2016-12-16,0.54160027634373
2016-12-17,0.541053921880383
2016-12-18,0.540440938021493
2016-12-19,0.539849510518598
2016-12-20,0.539203742884787
2016-12-21,0.53881451067008
2016-12-22,0.538364062352007
2016-12-23,0.538755982629598
2016-12-24,0.539875274834598
2016-12-25,0.538865307276157
2016-12-26,0.537950241051218
2016-12-27,0.537252017517751
2016-12-28,0.536740478594877
2016-12-29,0.536549310142657
2016-12-30,0.536404096266337
2016-12-31,0.535824938949918
2017-01-01,0.535973310007316
2017-01-02,0.53528877152416
2017-01-03,0.534621404345199
2017-01-04,0.534608256169248
2017-01-05,0.535437305107466
2017-01-06,0.535466271748663
2017-01-07,0.536339009490369
2017-01-08,0.535817808709835
2017-01-09,0.535599668308128
2017-01-10,0.535297280459722
2017-01-11,0.534676843344734
2017-01-12,0.534599429043092
2017-01-13,0.534584603699031
2017-01-14,0.534104476423308
2017-01-15,0.533256261413796
2017-01-16,0.53237405818989
2017-01-17,0.531705016929752
2017-01-18,0.531438487345122
2017-01-19,0.530822709166586
2017-01-20,0.53136932651071
2017-01-21,0.532129849430436
2017-01-22,0.531447795161073
2017-01-23,0.530993358670713
2017-01-24,0.530053229388206
2017-01-25,0.52962510963136
2017-01-26,0.529580836413092
2017-01-27,0.528870195585186
2017-01-28,0.527981247731742
2017-01-29,0.528314817814091
2017-01-30,0.527468246025617
2017-01-31,0.526529498121754
2017-02-01,0.525768815345689
2017-02-02,0.52531167721391
2017-02-03,0.525172329078383
2017-02-04,0.524702369274139
2017-02-05,0.52443922264161
2017-02-06,0.523718186899098
2017-02-07,0.523149602117863
2017-02-08,0.522615403199802
2017-02-09,0.521928760779064
2017-02-10,0.521783309465179
2017-02-11,0.521626380871995
2017-02-12,0.521231654387061
2017-02-13,0.520794825181269
2017-02-14,0.520439584072272
2017-02-15,0.520637734946608
2017-02-16,0.521151126954075
2017-02-17,0.521044368758535
2017-02-18,0.52022652433843
2017-02-19,0.519474216081806
2017-02-20,0.518727216862277
2017-02-21,0.518489890257918
2017-02-22,0.518083613571054
2017-02-23,0.517397525553669
2017-02-24,0.517019933927668
2017-02-25,0.516974194205797
2017-02-26,0.516310012801593
2017-02-27,0.518091080233148
2017-02-28,0.522150061837098
2017-03-01,0.522907207121736
2017-03-02,0.52500019886297
2017-03-03,0.528561004812971
2017-03-04,0.529200270596933
2017-03-05,0.528707912129503
2017-03-06,0.528411001972417
2017-03-07,0.529491305077608
2017-03-08,0.529857943227278
2017-03-09,0.530529021903264
2017-03-10,0.531464642063401
2017-03-11,0.531849926710873
2017-03-12,0.53189894864139
2017-03-13,0.533180100634982
2017-03-14,0.535393155944748
2017-03-15,0.538082869143455
2017-03-16,0.541317079281236
2017-03-17,0.546578643541906
2017-03-18,0.548575723566251
2017-03-19,0.548990009121274
2017-03-20,0.549525694095117
2017-03-21,0.551160172901098
2017-03-22,0.551611717813184
2017-03-23,0.552183230205581
2017-03-24,0.552353527983739
2017-03-25,0.55246472353183
2017-03-26,0.553321542104982
2017-03-27,0.55321648639501
2017-03-28,0.553189447105235
2017-03-29,0.5536231048041
2017-03-30,0.55586302129312
2017-03-31,0.557658075446359
2017-04-01,0.561403273136852
2017-04-02,0.561020703334577
2017-04-03,0.561571338347568
2017-04-04,0.56219252810394
2017-04-05,0.562350952969057
2017-04-06,0.562661161701811
2017-04-07,0.562961947611194
2017-04-08,0.562821742679768
2017-04-09,0.563227857644852
2017-04-10,0.56348400050522
2017-04-11,0.565334895270773
2017-04-12,0.565723329402146
2017-04-13,0.565410097797631
2017-04-14,0.56600147602852
2017-04-15,0.565430270739865
2017-04-16,0.564620074131009
2017-04-17,0.56377950034204
2017-04-18,0.563363751782897
2017-04-19,0.563323627417788
2017-04-20,0.56355549345451
2017-04-21,0.56311542593089
2017-04-22,0.563159115778967
2017-04-23,0.563444434992822
2017-04-24,0.562829920678322
2017-04-25,0.562617708053025
2017-04-26,0.565492485598379
2017-04-27,0.566083380806228
2017-04-28,0.565971024313252
2017-04-29,0.566030964802071
2017-04-30,0.566110279520411
2017-05-01,0.567858477497835
2017-05-02,0.571286530856261
2017-05-03,0.571217448133458
2017-05-04,0.571432731732862
2017-05-05,0.573267440525741
2017-05-06,0.575974859095404
2017-05-07,0.578771721642348
2017-05-08,0.579291497601978
2017-05-09,0.579463802366999
2017-05-10,0.580736756109537
2017-05-11,0.580478649247443
2017-05-12,0.580156476453957
2017-05-13,0.579879692489351
2017-05-14,0.579459457186999
2017-05-15,0.579372324800536
2017-05-16,0.579644427739373
2017-05-17,0.580071372809342
2017-05-18,0.580649034761915
2017-05-19,0.581863120262688
2017-05-20,0.582099038694048
2017-05-21,0.583287664747523
2017-05-22,0.586555773257092
2017-05-23,0.588261283586896
2017-05-24,0.589159484361554
2017-05-25,0.59069851813217
2017-05-26,0.591813447509306
2017-05-27,0.592383622835004
2017-05-28,0.593741370647923
2017-05-29,0.594075210493096
2017-05-30,0.594372504773451
2017-05-31,0.595932359415632
2017-06-01,0.596900092909976
2017-06-02,0.597056426808816
2017-06-03,0.597458949304119
2017-06-04,0.597477295338775
2017-06-05,0.597768937856621
2017-06-06,0.598048248962958
2017-06-07,0.598352377768274
2017-06-08,0.5996755460367
2017-06-09,0.599907541151043
2017-06-10,0.600032487370396
2017-06-11,0.600315635454456
2017-06-12,0.601411286200652
2017-06-13,0.603554159023227
2017-06-14,0.605191033644432
2017-06-15,0.605605003060125
2017-06-16,0.605751758907882
2017-06-17,0.605882809419921
2017-06-18,0.606016361925893
2017-06-19,0.605947115547063
2017-06-20,0.607575978638638
2017-06-21,0.608459511174126
2017-06-22,0.610558788591104
2017-06-23,0.612455095068799
2017-06-24,0.612358760459373
2017-06-25,0.612749781387322
2017-06-26,0.612759648588773
2017-06-27,0.612757569670193
2017-06-28,0.612512271104841
2017-06-29,0.613293459942169
2017-06-30,0.61919947823676
2017-07-01,0.620200207108988
2017-07-02,0.620354217635393
2017-07-03,0.621036594242876
2017-07-04,0.620850725148551
2017-07-05,0.620461843018267
2017-07-06,0.620160758169213
2017-07-07,0.619728933579278
2017-07-08,0.619508352266441
2017-07-09,0.619642347103797
2017-07-10,0.619193508677972
2017-07-11,0.619128541313205
2017-07-12,0.619638003394716
2017-07-13,0.6198858621732
2017-07-14,0.619888670425016
2017-07-15,0.620128338163639
2017-07-16,0.620303494521074
2017-07-17,0.620842540251025
2017-07-18,0.620643265982614
2017-07-19,0.620543840991775
2017-07-20,0.622632224058611
2017-07-21,0.622473119874399
2017-07-22,0.622344878992247
2017-07-23,0.622783619443729
2017-07-24,0.622411671216986
2017-07-25,0.622103624579983
2017-07-26,0.621687722115986
2017-07-27,0.62125145307432
2017-07-28,0.620945481994404
2017-07-29,0.621481537195229
2017-07-30,0.621154689353268
2017-07-31,0.620672194303767
2017-08-01,0.621168019786504
2017-08-02,0.62099293614712
2017-08-03,0.621135751562288
2017-08-04,0.621213481124447
2017-08-05,0.620769199949561
2017-08-06,0.620891855232665
2017-08-07,0.621499991590639
2017-08-08,0.621536503887737
2017-08-09,0.621733688681911
2017-08-10,0.623091137976194
2017-08-11,0.624250916736448
2017-08-12,0.624220723537443
2017-08-13,0.623900929343037
2017-08-14,0.623540799913956
2017-08-15,0.623394084172755
2017-08-16,0.624006903695054
2017-08-17,0.624027645558828
2017-08-18,0.623933338454377
2017-08-19,0.623587671506923
2017-08-20,0.623140044933253
2017-08-21,0.624008825409481
2017-08-22,0.623889741657033
2017-08-23,0.623667296229178
2017-08-24,0.624045477435153
2017-08-25,0.625097463388978
2017-08-26,0.625117142792854
2017-08-27,0.62536698931443
2017-08-28,0.625819483951724
2017-08-29,0.626703167848835
2017-08-30,0.6272252408522
2017-08-31,0.628329404085356
2017-09-01,0.628507007552358
2017-09-02,0.628732925979035
2017-09-03,0.629223252004771
2017-09-04,0.629057747358261
2017-09-05,0.629282524466936
2017-09-06,0.629094786104076
2017-09-07,0.629088974748267
2017-09-08,0.628736431662109
2017-09-09,0.628545432255254
2017-09-10,0.628382775685158
2017-09-11,0.62811295931615
2017-09-12,0.627825984035006
2017-09-13,0.628007749731473
2017-09-14,0.628806115264191
2017-09-15,0.629233620845457
2017-09-16,0.629333003381026
2017-09-17,0.629257965393959
2017-09-18,0.629264327646904
2017-09-19,0.628932434896068
2017-09-20,0.628653411034505
2017-09-21,0.628304423862503
2017-09-22,0.628091126093904
2017-09-23,0.627858203836031
2017-09-24,0.627723902468214
2017-09-25,0.627512648391786
2017-09-26,0.627587238523171
2017-09-27,0.628290350808811
2017-09-28,0.629220583516274
2017-09-29,0.629037491496906
2017-09-30,0.628775353837051
2017-10-01,0.629966744243854
2017-10-02,0.631471126187683
2017-10-03,0.632230774664283
2017-10-04,0.632266741189547
2017-10-05,0.631998549693683
2017-10-06,0.631726401434133
2017-10-07,0.631513501389649
2017-10-08,0.631265194340171
2017-10-09,0.631526853882446
2017-10-10,0.631850938730575
2017-10-11,0.631657885318058
2017-10-12,0.63152963239284
2017-10-13,0.631353517961795
2017-10-14,0.631133641087268
2017-10-15,0.630954535001674
2017-10-16,0.630647613130453
2017-10-17,0.630735015154451
2017-10-18,0.630422598610769
2017-10-19,0.629700292816184
2017-10-20,0.629023425863591
2017-10-21,0.628349449682024
2017-10-22,0.627561887003796
2017-10-23,0.627159895199735
2017-10-24,0.627083741264599
2017-10-25,0.626790711330726
2017-10-26,0.626063196705745
2017-10-27,0.625334046377017
2017-10-28,0.624938737196181
2017-10-29,0.624435307912786
2017-10-30,0.62386005675312
2017-10-31,0.623240496680912
2017-11-01,0.622643309456639
2017-11-02,0.622095156231414
2017-11-03,0.621422340662419
2017-11-04,0.620754568580283
2017-11-05,0.619998253987003
2017-11-06,0.619806980288967
2017-11-07,0.619481149767223
2017-11-08,0.620359235139308
2017-11-09,0.620834211567992
2017-11-10,0.62024840814711
2017-11-11,0.619546606016994
2017-11-12,0.619153400416304
2017-11-13,0.619145047080743
2017-11-14,0.618930925047468
2017-11-15,0.618703210801312
2017-11-16,0.618269609440455
2017-11-17,0.617812674583719
2017-11-18,0.61712861412614
2017-11-19,0.616610733342762
2017-11-20,0.616954617043855
2017-11-21,0.6172408839538
2017-11-22,0.619281100717045
2017-11-23,0.619058332017211
2017-11-24,0.618533026506792
2017-11-25,0.618507536748263
2017-11-26,0.618174513325196
2017-11-27,0.618307601160807
2017-11-28,0.619212156771335
2017-11-29,0.619275314780359
2017-11-30,0.620045242201962
2017-12-01,0.619632933253903
2017-12-02,0.619141784478067
2017-12-03,0.61853297955639
2017-12-04,0.618384365585815
2017-12-05,0.618369480727206
2017-12-06,0.618370208845576
2017-12-07,0.620883302328523
2017-12-08,0.621851315083466
2017-12-09,0.621729205059274
2017-12-10,0.621433740284697
2017-12-11,0.621254530795451
2017-12-12,0.621506832520093
2017-12-13,0.622277227443254
2017-12-14,0.622752294289266
2017-12-15,0.623099989829427
2017-12-16,0.62352505271267
2017-12-17,0.623881742606507
2017-12-18,0.624037874918178
2017-12-19,0.624044966636638
2017-12-20,0.62396784155662
2017-12-21,0.624150026356306
2017-12-22,0.624450739202938
2017-12-23,0.624231585789698
2017-12-24,0.623872755334612
2017-12-25,0.623918090867579
2017-12-26,0.623703356885016
2017-12-27,0.623470987240018
2017-12-28,0.623021289711721
2017-12-29,0.622605417816394
2017-12-30,0.622344214736042
2017-12-31,0.622526351468371
2018-01-01,0.623519388685509
2018-01-02,0.623324880456851
2018-01-03,0.623316132613704
2018-01-04,0.623575690892372
2018-01-05,0.624020182729726
2018-01-06,0.624766701958817
2018-01-07,0.624897804151757
2018-01-08,0.625254300317996
2018-01-09,0.625473951650962
2018-01-10,0.626074709399661
2018-01-11,0.626452301887848
2018-01-12,0.626972470137803
2018-01-13,0.627914796605441
2018-01-14,0.627968292684101
2018-01-15,0.628279556827528
2018-01-16,0.628600092862865
2018-01-17,0.628568139253034
2018-01-18,0.628388373013755
2018-01-19,0.62808431761471
2018-01-20,0.627762197587904
2018-01-21,0.627355145537783
2018-01-22,0.627394091361612
2018-01-23,0.627873884924274
2018-01-24,0.628514328440149
2018-01-25,0.628910857116405
2018-01-26,0.628780934974923
2018-01-27,0.628283362056551
2018-01-28,0.627894200509643
2018-01-29,0.627762823269127
2018-01-30,0.627903044526904
2018-01-31,0.627934152249071
2018-02-01,0.627741199128127
2018-02-02,0.627680661065631
2018-02-03,0.627557940506106
2018-02-04,0.627062308840284
2018-02-05,0.626586995606339
2018-02-06,0.626457484866097
2018-02-07,0.62704124143919
2018-02-08,0.626802970022963
2018-02-09,0.626460535644779
2018-02-10,0.625948146137893
2018-02-11,0.625534653845859
2018-02-12,0.625472754865011
2018-02-13,0.625410311801234
2018-02-14,0.624949819067559
2018-02-15,0.624673460269366
2018-02-16,0.624114970034921
2018-02-17,0.623538698218981
2018-02-18,0.623184144343435
2018-02-19,0.623309077547292
2018-02-20,0.623551470964343
2018-02-21,0.623162097959903
2018-02-22,0.625455839497742
2018-02-23,0.636054530104679
2018-02-24,0.635491074409885
2018-02-25,0.634822954146589
2018-02-26,0.634441542249951
2018-02-27,0.633970541803758
2018-02-28,0.633387845692482
2018-03-01,0.632891264144812
2018-03-02,0.632451743887651
2018-03-03,0.631977323328442
2018-03-04,0.631372017121995
2018-03-05,0.630841636341925
2018-03-06,0.630401722836096
2018-03-07,0.63016673880468
2018-03-08,0.629814729071941
2018-03-09,0.629554856372546
2018-03-10,0.629032840549284
2018-03-11,0.628444150466675
2018-03-12,0.627938398053855
2018-03-13,0.627648830065231
2018-03-14,0.627706608957099
2018-03-15,0.627491589781109
2018-03-16,0.627080337769556
2018-03-17,0.626525785981943
2018-03-18,0.626463512300043
2018-03-19,0.626529069910485
2018-03-20,0.62625921302431
2018-03-21,0.625925494606554
2018-03-22,0.625518697934533
2018-03-23,0.625233860889601
2018-03-24,0.624815400683525
2018-03-25,0.624217846727882
2018-03-26,0.623853204427047
2018-03-27,0.623705741435749
2018-03-28,0.623934822574459
2018-03-29,0.624678093807092
2018-03-30,0.625028115702008
2018-03-31,0.624576332542853
2018-04-01,0.624002778751997
2018-04-02,0.623446418228701
2018-04-03,0.622879874812332
2018-04-04,0.622476805842489
2018-04-05,0.622143764327701
2018-04-06,0.62170099139086
2018-04-07,0.621076426747166
2018-04-08,0.620501784317992
2018-04-09,0.620018401404348
2018-04-10,0.61949261080858
2018-04-11,0.618919592348941
2018-04-12,0.618715706018198
2018-04-13,0.618353987972538
2018-04-14,0.617858310476958
2018-04-15,0.61729468055813
2018-04-16,0.616733765986412
2018-04-17,0.616232905279037
2018-04-18,0.615739914590821
2018-04-19,0.6152890043477
2018-04-20,0.615826401834375
2018-04-21,0.615960449507005
2018-04-22,0.615499119847084
2018-04-23,0.615268457263689
2018-04-24,0.615861299143032
2018-04-25,0.615578266162095
2018-04-26,0.615421504473908
2018-04-27,0.61514090206847
2018-04-28,0.614828089504928
2018-04-29,0.614417681234982
2018-04-30,0.613960342207822
2018-05-01,0.613608470362718
2018-05-02,0.613352751219315
2018-05-03,0.613844311061781
2018-05-04,0.613883392827803
2018-05-05,0.613599430991728
2018-05-06,0.613194824366414
2018-05-07,0.612911921757983
2018-05-08,0.612575765117321
2018-05-09,0.612272461634719
2018-05-10,0.612153398010666
2018-05-11,0.611779641846091
2018-05-12,0.611374889261711
2018-05-13,0.610846600095593
2018-05-14,0.61036090604885
2018-05-15,0.60989617307397
2018-05-16,0.609453654058825
2018-05-17,0.609015531832608
2018-05-18,0.608575622095615
2018-05-19,0.608118900160066
2018-05-20,0.60761613945514
2018-05-21,0.607411348608673
2018-05-22,0.607116542416965
2018-05-23,0.606903388806369
2018-05-24,0.606642185724503
2018-05-25,0.606221949593198
2018-05-26,0.605819255456885
2018-05-27,0.605788223622696
2018-05-28,0.607908043627834
2018-05-29,0.608404967241708
2018-05-30,0.60828682045252
2018-05-31,0.608009200649848
2018-06-01,0.607716629524877
2018-06-02,0.607395048561321
2018-06-03,0.606884818504655
2018-06-04,0.606435338269436
2018-06-05,0.606045626525552
2018-06-06,0.605648840784377
2018-06-07,0.605264269412283
2018-06-08,0.605011895199551
2018-06-09,0.604534117780828
2018-06-10,0.604092268019802
2018-06-11,0.60383752179275
2018-06-12,0.603495001162023
2018-06-13,0.603195748151131
2018-06-14,0.602964117255687
2018-06-15,0.602646415817378
2018-06-16,0.602191913885055
2018-06-17,0.601597767235318
2018-06-18,0.601068113069274
2018-06-19,0.600584730609944
2018-06-20,0.600203764330976
2018-06-21,0.599867397666678
2018-06-22,0.599601631217422
2018-06-23,0.599248368073486
2018-06-24,0.598943229989743
2018-06-25,0.598769905793064
2018-06-26,0.59845481024354
2018-06-27,0.598056418677835
2018-06-28,0.597679079293922
2018-06-29,0.597299124414827
2018-06-30,0.596883112940531
2018-07-01,0.596372052783813
2018-07-02,0.595877175454249
2018-07-03,0.595626280526194
2018-07-04,0.595293871605532
2018-07-05,0.594809386562383
2018-07-06,0.594673413440302
2018-07-07,0.594165291276155
2018-07-08,0.593775421338123
2018-07-09,0.593417996910507
2018-07-10,0.593006617667087
2018-07-11,0.592543139161658
2018-07-12,0.592058595290998
2018-07-13,0.591625929537023
2018-07-14,0.59110150040041
2018-07-15,0.590642413831607
2018-07-16,0.590277164903862
2018-07-17,0.589988398473313
2018-07-18,0.589704048110278
2018-07-19,0.589367875838057
2018-07-20,0.588945330537985
2018-07-21,0.588696918298762
2018-07-22,0.588154895595115
2018-07-23,0.587752039665148
2018-07-24,0.587430659633213
2018-07-25,0.587088215249287
2018-07-26,0.586793759491729
2018-07-27,0.586457987532807
2018-07-28,0.585976813537238
2018-07-29,0.58542457061215
2018-07-30,0.585074472823085
2018-07-31,0.585052101205232
2018-08-01,0.584957474782827
2018-08-02,0.584677554573562
2018-08-03,0.584331826828246
2018-08-04,0.583914892154578
2018-08-05,0.583429164841
2018-08-06,0.583041116968619
2018-08-07,0.582730316839092
2018-08-08,0.582583211647411
2018-08-09,0.582438480903598
2018-08-10,0.582117143970877
2018-08-11,0.582048720276474
2018-08-12,0.581809310741641
2018-08-13,0.582843693573677
2018-08-14,0.583822232023908
2018-08-15,0.583912707407034
2018-08-16,0.583679663864501
2018-08-17,0.583269384443367
2018-08-18,0.582829613791082
2018-08-19,0.582321462860775
2018-08-20,0.581846845925434
2018-08-21,0.581472722255957
2018-08-22,0.581125960995523
2018-08-23,0.580878951659775
2018-08-24,0.580715223444185
2018-08-25,0.580584742048433
2018-08-26,0.581081553276793
2018-08-27,0.580763699382926
2018-08-28,0.580388004815881
2018-08-29,0.580046870813176
2018-08-30,0.579668935304938
2018-08-31,0.579295030000448
2018-09-01,0.578872498904538
2018-09-02,0.578424365172818
2018-09-03,0.578037954398794
2018-09-04,0.581245780825762
2018-09-05,0.581749184144823
2018-09-06,0.581850294548791
2018-09-07,0.58192811678545
2018-09-08,0.581963702389324
2018-09-09,0.582513610769179
2018-09-10,0.582513781471739
2018-09-11,0.582612134947899
2018-09-12,0.583204508658418
2018-09-13,0.583309612029657
2018-09-14,0.583137397054288
2018-09-15,0.582783341801312
2018-09-16,0.582419782283661
2018-09-17,0.582129893083895
2018-09-18,0.582169910045487
2018-09-19,0.581940222405882
2018-09-20,0.582493109282869
2018-09-21,0.582191423851932
2018-09-22,0.58178304974814
2018-09-23,0.581271938871352
2018-09-24,0.580836380017617
2018-09-25,0.580418871987696
2018-09-26,0.580053845114243
2018-09-27,0.580130835394766
2018-09-28,0.57981681614121
2018-09-29,0.579450482669572
2018-09-30,0.578981668619473
2018-10-01,0.578583538897568
2018-10-02,0.578161147508483
2018-10-03,0.577781042623798
2018-10-04,0.577732461903837
2018-10-05,0.578135838845645
2018-10-06,0.578015933728208
2018-10-07,0.577483395323139
2018-10-08,0.577066379926878
2018-10-09,0.576688034714664
2018-10-10,0.57652972998023
2018-10-11,0.576388911813994
2018-10-12,0.576158942753558
2018-10-13,0.575772580538347
2018-10-14,0.575371835119669
2018-10-15,0.575061107853102
2018-10-16,0.575834436631918
2018-10-17,0.57713409815088
2018-10-18,0.576897257326502
2018-10-19,0.576810320450463
2018-10-20,0.576427162152046
2018-10-21,0.5767556075535
2018-10-22,0.577220292308519
2018-10-23,0.576849711540965
2018-10-24,0.576451354412901
2018-10-25,0.576414184215964
2018-10-26,0.576208562484434
2018-10-27,0.575827226283163
2018-10-28,0.575432145102249
2018-10-29,0.575034379141137
2018-10-30,0.574660990156237
2018-10-31,0.574436731083624
2018-11-01,0.574057358917657
2018-11-02,0.574636562475936
2018-11-03,0.575857126133363
2018-11-04,0.575367215272947
2018-11-05,0.575020429957749
2018-11-06,0.574665740467923
2018-11-07,0.574499832356588
2018-11-08,0.574255222299441
2018-11-09,0.573912472978818
2018-11-10,0.573481951457148
2018-11-11,0.572968226806317
2018-11-12,0.572516999760684
2018-11-13,0.57210949061519
2018-11-14,0.571828511383086
2018-11-15,0.572101524263211
2018-11-16,0.572431481564132
2018-11-17,0.572151829730979
2018-11-18,0.57212756459274
2018-11-19,0.574522510486955
2018-11-20,0.578680788713924
2018-11-21,0.579656696199584
2018-11-22,0.580557429623833
2018-11-23,0.580577831656961
2018-11-24,0.580588242444251
2018-11-25,0.580983653030952
2018-11-26,0.581246632128823
2018-11-27,0.581404513147875
2018-11-28,0.58211717038917
2018-11-29,0.583482168887527
2018-11-30,0.588497539482188
2018-12-01,0.633928794401079
2018-12-02,0.635078863740971
2018-12-03,0.634717553170668
2018-12-04,0.634443505127428
2018-12-05,0.634985282348994
2018-12-06,0.636849894535128
2018-12-07,0.637571979534259
2018-12-08,0.637798283860403
2018-12-09,0.637914859145622
2018-12-10,0.637792740562988
2018-12-11,0.637627263286131
2018-12-12,0.637423382874718
2018-12-13,0.637222308282593
2018-12-14,0.636991656102368
2018-12-15,0.636878742091785
2018-12-16,0.636445086263827
2018-12-17,0.636181293841659
2018-12-18,0.636705908286789
2018-12-19,0.637781200944259
2018-12-20,0.638715877501385
2018-12-21,0.638851379812997
2018-12-22,0.638532368274404
2018-12-23,0.638297853717879
2018-12-24,0.638413062189009
2018-12-25,0.638472984563425
2018-12-26,0.638052248521319
2018-12-27,0.637810337856277
2018-12-28,0.637941221756673
2018-12-29,0.637723210455014
2018-12-30,0.637377963662861
2018-12-31,0.636965705204298
2019-01-01,0.636586717252429
2019-01-02,0.636180412163774
2019-01-03,0.636029326392911
2019-01-04,0.636084125524513
2019-01-05,0.636762040681811
2019-01-06,0.636873739083127
2019-01-07,0.636996769489738
2019-01-08,0.636806135928591
2019-01-09,0.636656344641322
2019-01-10,0.63657700319227
2019-01-11,0.638780478585698
2019-01-12,0.638582633610361
2019-01-13,0.640137209490478
2019-01-14,0.641907599751936
2019-01-15,0.64174867029454
2019-01-16,0.64178742650368
2019-01-17,0.641498570202668
2019-01-18,0.641197152057298
2019-01-19,0.640828762132439
2019-01-20,0.640401889729967
2019-01-21,0.64010809949362
2019-01-22,0.639885175644119
2019-01-23,0.639620278731704
2019-01-24,0.639551694946465
2019-01-25,0.639332899540736
2019-01-26,0.639008682196731
2019-01-27,0.638704895900341
2019-01-28,0.638549770554398
2019-01-29,0.638538258032282
2019-01-30,0.638711502859184
2019-01-31,0.639310673851768
2019-02-01,0.639067289577317
2019-02-02,0.638921585443323
2019-02-03,0.638578627576742
2019-02-04,0.638216282800261
2019-02-05,0.637978676793276
2019-02-06,0.638578397007745
2019-02-07,0.638465555722566
2019-02-08,0.638218347509494
2019-02-09,0.637990805330868
2019-02-10,0.63776255111826
2019-02-11,0.637728341718893
2019-02-12,0.637828295473856
2019-02-13,0.637584166775031
2019-02-14,0.637503010928825
2019-02-15,0.63725197275143
2019-02-16,0.637025857932851
2019-02-17,0.636738473174025
2019-02-18,0.636588604732011
2019-02-19,0.636600233024933
2019-02-20,0.636527543395435
2019-02-21,0.640103497346654
2019-02-22,0.641589484355868
2019-02-23,0.641391073686983
2019-02-24,0.641239838517909
2019-02-25,0.642030658992157
2019-02-26,0.642370592660589
2019-02-27,0.642148341207115
2019-02-28,0.642192230252199
2019-03-01,0.642077269901704
2019-03-02,0.641742851258861
2019-03-03,0.641188644634938
2019-03-04,0.640737475821965
2019-03-05,0.6403971663177
2019-03-06,0.639970760913071
2019-03-07,0.639581322755212
2019-03-08,0.640131782607569
2019-03-09,0.639794248514362
2019-03-10,0.639536648089197
2019-03-11,0.639276429039904
2019-03-12,0.638867329520255
2019-03-13,0.638443104271998
2019-03-14,0.637961464498414
2019-03-15,0.637533449997005
2019-03-16,0.637158500398542
2019-03-17,0.636828477679868
2019-03-18,0.636465478183151
2019-03-19,0.636051681051377
2019-03-20,0.635623155560506
2019-03-21,0.6355991590893
2019-03-22,0.635515839613015
2019-03-23,0.635224273508086
2019-03-24,0.634845128271686
2019-03-25,0.634484310513162
2019-03-26,0.634153221166126
2019-03-27,0.633762862323
2019-03-28,0.633798309598283
2019-03-29,0.63375000586137
2019-03-30,0.633479253026451
2019-03-31,0.633138607304306
2019-04-01,0.632883110859681
2019-04-02,0.632835432463069
2019-04-03,0.632731748602798
2019-04-04,0.632615441706915
2019-04-05,0.632259253035064
2019-04-06,0.631981987298018
2019-04-07,0.631592661455906
2019-04-08,0.631485748764632
2019-04-09,0.631536229118931
2019-04-10,0.631236376260079
2019-04-11,0.630805744248574
2019-04-12,0.630493771057671
2019-04-13,0.630177912213808
2019-04-14,0.629696515265446
2019-04-15,0.629221438679972
2019-04-16,0.628814451335726
2019-04-17,0.628436153791131
2019-04-18,0.628166527739697
2019-04-19,0.628006774000363
2019-04-20,0.627690411405872
2019-04-21,0.627311791518955
2019-04-22,0.626934398775445
2019-04-23,0.626551546796018
2019-04-24,0.62633143962614
2019-04-25,0.626191465703831
2019-04-26,0.626640923216319
2019-04-27,0.626359335153324
2019-04-28,0.625926124972305
2019-04-29,0.625755040794274
2019-04-30,0.625437661934654
2019-05-01,0.625147626354237
2019-05-02,0.62485015632055
2019-05-03,0.624449443093546
2019-05-04,0.624049546627066
2019-05-05,0.623638656954129
2019-05-06,0.623256290270528
2019-05-07,0.623098808806562
2019-05-08,0.622879293525502
2019-05-09,0.622605250613611
2019-05-10,0.622330184826835
2019-05-11,0.623234237392153
2019-05-12,0.623346309856529
2019-05-13,0.623122993354936
2019-05-14,0.623065858548102
2019-05-15,0.623426746691588
2019-05-16,0.624790070275767
2019-05-17,0.625538541622182
2019-05-18,0.625208113348165
2019-05-19,0.624969425247257
2019-05-20,0.624965672329019
2019-05-21,0.624704618763158
2019-05-22,0.624491494837546
2019-05-23,0.624120515450516
2019-05-24,0.623732931126554
2019-05-25,0.623373573074704
2019-05-26,0.622963276828572
2019-05-27,0.622617858717878
2019-05-28,0.622322615340437
2019-05-29,0.622573947967969
2019-05-30,0.622708412223864
2019-05-31,0.622635639388814
2019-06-01,0.622440205952544
2019-06-02,0.621998893360587
2019-06-03,0.621932451436568
2019-06-04,0.621767429291254
2019-06-05,0.621664787457577
2019-06-06,0.621306709421039
2019-06-07,0.621176506083595
2019-06-08,0.620831997229013
2019-06-09,0.620552075051787
2019-06-10,0.620215182934865
2019-06-11,0.620053885645515
2019-06-12,0.619815892200638
2019-06-13,0.61961500319992
2019-06-14,0.619567272292389
2019-06-15,0.619989728946458
2019-06-16,0.620218635026013
2019-06-17,0.619915221916227
2019-06-18,0.619867120956617
2019-06-19,0.620084312360886
2019-06-20,0.620327368546238
2019-06-21,0.620196545320748
2019-06-22,0.619947915656601
2019-06-23,0.619566314970144
2019-06-24,0.619221466348353
2019-06-25,0.618985108885614
2019-06-26,0.619228552395733
2019-06-27,0.619233548226885
2019-06-28,0.619657968701526
2019-06-29,0.619874074242769
2019-06-30,0.619506384894042
2019-07-01,0.619151929962534
2019-07-02,0.618874229919
2019-07-03,0.618690423423759
2019-07-04,0.618418252943831
2019-07-05,0.618163110702283
2019-07-06,0.617787799910139
2019-07-07,0.617399648815403
2019-07-08,0.617061857879739
2019-07-09,0.617553745936952
2019-07-10,0.619092570791311
2019-07-11,0.619164549295876
2019-07-12,0.619102701376843
2019-07-13,0.618695719106051
2019-07-14,0.618322010903179
2019-07-15,0.618488273739172
2019-07-16,0.618352244120516
2019-07-17,0.618355324157374
2019-07-18,0.618118467049442
2019-07-19,0.617832611217118
2019-07-20,0.617895100072002
2019-07-21,0.617563572700246
2019-07-22,0.61715058646799
2019-07-23,0.616834685539719
2019-07-24,0.616490180884383
2019-07-25,0.616074099593323
2019-07-26,0.615851811623561
2019-07-27,0.615588908441041
2019-07-28,0.615175917832263
2019-07-29,0.614896474240843
2019-07-30,0.614694562711393
2019-07-31,0.614459959441637
2019-08-01,0.615235818441536
2019-08-02,0.616452424513923
2019-08-03,0.616127725898644
2019-08-04,0.615869297015607
2019-08-05,0.615739408482792
2019-08-06,0.615607896496111
2019-08-07,0.615349994740128
2019-08-08,0.615044223056283
2019-08-09,0.614930333923261
2019-08-10,0.614574988114384
2019-08-11,0.614148727502332
2019-08-12,0.613793878299118
2019-08-13,0.614620969782813
2019-08-14,0.615102272382525
2019-08-15,0.615394032493321
2019-08-16,0.615796104570676
2019-08-17,0.615652651457716
2019-08-18,0.615209879183504
2019-08-19,0.614879286866928
2019-08-20,0.614669179561797
2019-08-21,0.614472965601589
2019-08-22,0.614238064966323
2019-08-23,0.614436314085673
2019-08-24,0.614058155907757
2019-08-25,0.613719661432452
2019-08-26,0.613436771799118
2019-08-27,0.613195688948297
2019-08-28,0.613106533517944
2019-08-29,0.612981227121087
2019-08-30,0.612761436317327
2019-08-31,0.61269349480148
2019-09-01,0.612615020438947
2019-09-02,0.612274714095973
2019-09-03,0.612371688269967
2019-09-04,0.612248208314972
2019-09-05,0.611889927600513
2019-09-06,0.611543979492397
2019-09-07,0.611235616466054
2019-09-08,0.610861745665623
2019-09-09,0.610490454478854
2019-09-10,0.610593246570697
2019-09-11,0.610609073737872
2019-09-12,0.610354374596464
2019-09-13,0.610132305083178
2019-09-14,0.60974171567135
2019-09-15,0.609326581382156
2019-09-16,0.609169587585562
2019-09-17,0.608902677041978
2019-09-18,0.608800266340218
2019-09-19,0.608544613676191
2019-09-20,0.60827180786336
2019-09-21,0.607912700793649
2019-09-22,0.607549852578229
2019-09-23,0.607177623489757
2019-09-24,0.606907908449968
2019-09-25,0.607265683271975
2019-09-26,0.60773381373978
2019-09-27,0.607760219563193
2019-09-28,0.607489307261541
2019-09-29,0.607123674269839
2019-09-30,0.606885345369841
2019-10-01,0.606741944581638
2019-10-02,0.606803144932328
2019-10-03,0.606494123547535
2019-10-04,0.606341439092704
2019-10-05,0.606573233120473
2019-10-06,0.606146319732934
2019-10-07,0.60582651226093
2019-10-08,0.606072501007636
2019-10-09,0.6061539662866
2019-10-10,0.606138020139316
2019-10-11,0.605913433419372
2019-10-12,0.60562925629779
2019-10-13,0.605238030286146
2019-10-14,0.606537196920202
2019-10-15,0.607408565799683
2019-10-16,0.607046725671984
2019-10-17,0.606733878558942
2019-10-18,0.606737517871971
2019-10-19,0.606898705339313
2019-10-20,0.606712246304341
2019-10-21,0.606418317027814
2019-10-22,0.60639699434719
2019-10-23,0.60641543750157
2019-10-24,0.6065885046555
2019-10-25,0.606557185723775
2019-10-26,0.606435897492529
2019-10-27,0.606440128693187
2019-10-28,0.606410985345743
2019-10-29,0.607513253345121
2019-10-30,0.607257574712477
2019-10-31,0.607059512992486
2019-11-01,0.60681215766633
2019-11-02,0.606809269598012
2019-11-03,0.60693483943931
2019-11-04,0.606609676464114
2019-11-05,0.606746677837923
2019-11-06,0.609539855898664
2019-11-07,0.609432021371288
2019-11-08,0.609595996563954
2019-11-09,0.609685740075297
2019-11-10,0.60931883173797
2019-11-11,0.609300836089287
2019-11-12,0.609511606960867
2019-11-13,0.609863486448885
2019-11-14,0.609668119712523
2019-11-15,0.609875750364413
2019-11-16,0.609947884845103
2019-11-17,0.609764493667401
2019-11-18,0.60966654091234
2019-11-19,0.609488179303497
2019-11-20,0.609256992633602
2019-11-21,0.608979016081073
2019-11-22,0.609033654109968
2019-11-23,0.609581518390105
2019-11-24,0.609564364717684
2019-11-25,0.610765700189342
2019-11-26,0.61110454569928
2019-11-27,0.61086023429404
2019-11-28,0.610642820149754
2019-11-29,0.610418834446968
2019-11-30,0.610156312726357
2019-12-01,0.609894313301455
2019-12-02,0.609756326176001
2019-12-03,0.609773907755187
2019-12-04,0.609488390461765
2019-12-05,0.609307649198425
2019-12-06,0.609337303886798
2019-12-07,0.609339998782404
2019-12-08,0.60898527300231
2019-12-09,0.608676670748512
2019-12-10,0.608447218409076
2019-12-11,0.60835051132664
2019-12-12,0.608730363641702
2019-12-13,0.60906806838279
2019-12-14,0.608839321164105
2019-12-15,0.608692312688502
2019-12-16,0.608471686234904
2019-12-17,0.608594970353714
2019-12-18,0.609077480324007
2019-12-19,0.610629598465815
2019-12-20,0.610664602173598
2019-12-21,0.61065094271654
2019-12-22,0.610362430349429
2019-12-23,0.610269844251869
2019-12-24,0.610405333166085
2019-12-25,0.610855935626249
2019-12-26,0.611240154726501
2019-12-27,0.611177015242273
2019-12-28,0.611165967425536
2019-12-29,0.611049868627065
2019-12-30,0.610856594569616
2019-12-31,0.611096280752038
2020-01-01,0.611027627243779
2020-01-02,0.61072508677368
2020-01-03,0.610454743098849
2020-01-04,0.610133723012514
2020-01-05,0.609812013181857
2020-01-06,0.609601596918662
2020-01-07,0.609474529960323
2020-01-08,0.60955638095824
2020-01-09,0.609675894767554
2020-01-10,0.609369016762591
2020-01-11,0.609072025613717
2020-01-12,0.609020339782875
2020-01-13,0.609163377614587
2020-01-14,0.608951030794465
2020-01-15,0.608758692423168
2020-01-16,0.608532586616217
2020-01-17,0.608386960296278
2020-01-18,0.608136867973331
2020-01-19,0.607880930527071
2020-01-20,0.607534225242706
2020-01-21,0.60724489192251
2020-01-22,0.606910604992206
2020-01-23,0.60666330313415
2020-01-24,0.607425334845415
2020-01-25,0.607584549448747
2020-01-26,0.607212374644833
2020-01-27,0.606854941802915
2020-01-28,0.606586638150067
2020-01-29,0.606350047810545
2020-01-30,0.60619661285674
2020-01-31,0.606316558975601
2020-02-01,0.60628566841047
2020-02-02,0.606070083505357
2020-02-03,0.60584123700931
2020-02-04,0.605647533226009
2020-02-05,0.605522105687462
2020-02-06,0.605493777477256
2020-02-07,0.605846905396806
2020-02-08,0.605678443435402
2020-02-09,0.60564528028939
2020-02-10,0.605831222831638
2020-02-11,0.605587910726919
2020-02-12,0.605497347137776
2020-02-13,0.605749888141091
2020-02-14,0.605794372946568
2020-02-15,0.60579851458503
2020-02-16,0.605610422290309
2020-02-17,0.605518526730824
2020-02-18,0.605440975234436
2020-02-19,0.60548015651386
2020-02-20,0.605556486974953
2020-02-21,0.605559584806814
2020-02-22,0.605406430473285
2020-02-23,0.605194190841268
2020-02-24,0.605178286505435
2020-02-25,0.604954560208919
2020-02-26,0.604793157669225
2020-02-27,0.604816904840271
2020-02-28,0.604885828416243
2020-02-29,0.604614242056096
2020-03-01,0.604300612305219
2020-03-02,0.604263507574204
2020-03-03,0.604420889031891
2020-03-04,0.604304065905067
2020-03-05,0.604167354198189
2020-03-06,0.604169200929162
2020-03-07,0.604480734489698
2020-03-08,0.60434134568906
2020-03-09,0.604357240493341
2020-03-10,0.604862069647476
2020-03-11,0.604960596318253
2020-03-12,0.60698626275613
2020-03-13,0.609895224190909
2020-03-14,0.610668742923929
2020-03-15,0.610964919621677
2020-03-16,0.611662922388618
2020-03-17,0.612386206672216
2020-03-18,0.612559579582183
2020-03-19,0.61261856778407
2020-03-20,0.612647430492141
2020-03-21,0.61252861924328
2020-03-22,0.612260918554478
2020-03-23,0.61239100812081
2020-03-24,0.613827573569562
2020-03-25,0.614066263648156
2020-03-26,0.613892066726866
2020-03-27,0.613597273230376
2020-03-28,0.613347579086149
2020-03-29,0.61313008168105
2020-03-30,0.612816697306628
2020-03-31,0.612675608441223
2020-04-01,0.612460722517062
2020-04-02,0.612170013241386
2020-04-03,0.612104962828991
2020-04-04,0.612068482237037
2020-04-05,0.611893044961783
2020-04-06,0.611767467697845
2020-04-07,0.611649004513542
2020-04-08,0.611438803461966
2020-04-09,0.61114885722972
2020-04-10,0.61097432467298
2020-04-11,0.610683207073912
2020-04-12,0.610328957700722
2020-04-13,0.610451618248395
2020-04-14,0.610456164621937
2020-04-15,0.610204359422424
2020-04-16,0.6101251081202
2020-04-17,0.609908366306218
2020-04-18,0.609690613634275
2020-04-19,0.609486235681509
2020-04-20,0.609881499429957
2020-04-21,0.609916092881859
2020-04-22,0.609898892418517
2020-04-23,0.609634154952041
2020-04-24,0.609512588158093
2020-04-25,0.609565378680053
2020-04-26,0.609429111465602
2020-04-27,0.609382570924647
2020-04-28,0.609234053276951
2020-04-29,0.609018279755013
2020-04-30,0.609084510430817
2020-05-01,0.608968592870943
2020-05-02,0.608750137888179
2020-05-03,0.608561056184146
2020-05-04,0.60833107894185
2020-05-05,0.60807044940308
2020-05-06,0.607880852327233
2020-05-07,0.607779943322841
2020-05-08,0.607665361137634
2020-05-09,0.607678405283741
2020-05-10,0.607515292543332
2020-05-11,0.607492171505486
2020-05-12,0.607487021299873
2020-05-13,0.60774719400458
2020-05-14,0.607648111130196
2020-05-15,0.607483081380181
2020-05-16,0.607367625773229
2020-05-17,0.607073145847073
2020-05-18,0.606789687403719
2020-05-19,0.60658737885755
2020-05-20,0.606510448055657
2020-05-21,0.606388113028519
2020-05-22,0.606250814656989
2020-05-23,0.606132154649176
2020-05-24,0.605873442546808
2020-05-25,0.605568677081686
2020-05-26,0.605613354871739
2020-05-27,0.60543968675551
2020-05-28,0.605289523090274
2020-05-29,0.60536197712611
2020-05-30,0.605250295902924
2020-05-31,0.605166963345405
2020-06-01,0.605061400540147
2020-06-02,0.605952713250436
2020-06-03,0.606062821906186
2020-06-04,0.605808216672187
2020-06-05,0.605580932742814
2020-06-06,0.60528479610045
2020-06-07,0.604945416268414
2020-06-08,0.60469779709993
2020-06-09,0.604554221605818
2020-06-10,0.604575508598523
2020-06-11,0.604666785969881
2020-06-12,0.604469192905698
2020-06-13,0.604128198106043
2020-06-14,0.603757170590814
2020-06-15,0.603553517720053
2020-06-16,0.603480726378009
2020-06-17,0.603402120174774
2020-06-18,0.603264485739845
2020-06-19,0.603165896348782
2020-06-20,0.602904153089457
2020-06-21,0.602658489469097
2020-06-22,0.602706518520907
2020-06-23,0.602785267349246
2020-06-24,0.60319309003199
2020-06-25,0.60391586433694
2020-06-26,0.605549849552966
2020-06-27,0.605852963328606
2020-06-28,0.605883648481516
2020-06-29,0.605663255085899
2020-06-30,0.605639892458649
2020-07-01,0.605493093464037
2020-07-02,0.605313896273171
2020-07-03,0.605105201424752
2020-07-04,0.604833487862221
2020-07-05,0.604560609238787
2020-07-06,0.604316071271503
2020-07-07,0.604206837998162
2020-07-08,0.604301817573814
2020-07-09,0.604384463988756
2020-07-10,0.604400643247343
2020-07-11,0.604262913530025
2020-07-12,0.604048921817825
2020-07-13,0.604019767085898
2020-07-14,0.604248211207598
2020-07-15,0.604451529055411
2020-07-16,0.604288872550634
2020-07-17,0.604067581700641
2020-07-18,0.603804956554661
2020-07-19,0.603582848545189
2020-07-20,0.603400812677946
2020-07-21,0.603238540228346
2020-07-22,0.603330223929936
2020-07-23,0.603645580311744
2020-07-24,0.604249511460057
2020-07-25,0.604503415086289
2020-07-26,0.604669841886298
2020-07-27,0.60508794991613
2020-07-28,0.606132916949761
2020-07-29,0.606345584395878
2020-07-30,0.606509370590784
2020-07-31,0.606558642714211
2020-08-01,0.606785008799274
2020-08-02,0.607178502235003
2020-08-03,0.607412319843477
2020-08-04,0.607487313011314
2020-08-05,0.607413078054971
2020-08-06,0.607330639960027
2020-08-07,0.607247095089181
2020-08-08,0.607118603069372
2020-08-09,0.606884776370084
2020-08-10,0.607086010180447
2020-08-11,0.607708303182882
2020-08-12,0.608188332893348
2020-08-13,0.60849461227375
2020-08-14,0.609131055839957
2020-08-15,0.609589862551438
2020-08-16,0.609547569489137
2020-08-17,0.609453652596588
2020-08-18,0.609457639348682
2020-08-19,0.609367319819678
2020-08-20,0.609531126322056
2020-08-21,0.609629937889979
2020-08-22,0.609673109812704
2020-08-23,0.609483155314476
2020-08-24,0.609286023013761
2020-08-25,0.609246295890422
2020-08-26,0.609057731509089
2020-08-27,0.608993347743664
2020-08-28,0.608839925672241
2020-08-29,0.608681455992931
2020-08-30,0.608472835431521
2020-08-31,0.608541595015845
2020-09-01,0.609449891933776
2020-09-02,0.6113136456225
2020-09-03,0.611899238262958
2020-09-04,0.612668654551971
2020-09-05,0.61299224850728
2020-09-06,0.613552735031753
2020-09-07,0.613439708202643
2020-09-08,0.61346805201939
2020-09-09,0.613750566476071
2020-09-10,0.613842471869445
2020-09-11,0.613800406182273
2020-09-12,0.614323857442763
2020-09-13,0.614566806560551
2020-09-14,0.614403976819734
2020-09-15,0.614302204559273
2020-09-16,0.614821043220075
2020-09-17,0.615137413625442
2020-09-18,0.615367115841092
2020-09-19,0.615819691639461
2020-09-20,0.615883572916614
2020-09-21,0.616028168417752
2020-09-22,0.616287316215828
2020-09-23,0.617364084501881
2020-09-24,0.617800440751741
2020-09-25,0.617662433457173
2020-09-26,0.617544365550063
2020-09-27,0.617567728990231
2020-09-28,0.617629035404031
2020-09-29,0.618130663989774
2020-09-30,0.618512965866387
2020-10-01,0.618454478094994
2020-10-02,0.618418497214778
2020-10-03,0.618166395906592
2020-10-04,0.6178585233388
2020-10-05,0.617561046600305
2020-10-06,0.617341971475754
2020-10-07,0.617450688206672
2020-10-08,0.617694782673415
2020-10-09,0.617531882073831
2020-10-10,0.617318491229435
2020-10-11,0.617058642501063
2020-10-12,0.616829371533069
2020-10-13,0.616676231982254
2020-10-14,0.617316356822361
2020-10-15,0.61739976665984
2020-10-16,0.617324898959461
2020-10-17,0.617131427067608
2020-10-18,0.61682979258077
2020-10-19,0.616559017362908
2020-10-20,0.616365320685721
2020-10-21,0.616455043155611
2020-10-22,0.616480461300773
2020-10-23,0.616794394824157
2020-10-24,0.616937049408802
2020-10-25,0.616736528282687
2020-10-26,0.616814502497732
2020-10-27,0.617137500082386
2020-10-28,0.617074917687405
2020-10-29,0.616936531879411
2020-10-30,0.616727335082294
2020-10-31,0.616536183287825
2020-11-01,0.616243028146205
2020-11-02,0.616052124879782
2020-11-03,0.615879479521779
2020-11-04,0.615824698846773
2020-11-05,0.615784244640034
2020-11-06,0.616125706259303
2020-11-07,0.616362444195591
2020-11-08,0.616273280145154
2020-11-09,0.616226044288486
2020-11-10,0.616130718148132
2020-11-11,0.616012368737162
2020-11-12,0.616842457149987
2020-11-13,0.617170596806027
2020-11-14,0.618019854218727
2020-11-15,0.61783856602188
2020-11-16,0.617697973799329
2020-11-17,0.617707152273356
2020-11-18,0.617956696603596
2020-11-19,0.618595097182692
2020-11-20,0.61873423679858
2020-11-21,0.619432438846335
2020-11-22,0.619816697071135
2020-11-23,0.620245032851219
2020-11-24,0.621782678018042
2020-11-25,0.622375379513254
2020-11-26,0.622473120298684
2020-11-27,0.622674472897701
2020-11-28,0.622670450256821
2020-11-29,0.622857965532635
2020-11-30,0.62303041831709
2020-12-01,0.623235813767111
2020-12-02,0.624024817280243
2020-12-03,0.624200359998839
2020-12-04,0.624274321927057
2020-12-05,0.624286052205049
2020-12-06,0.624201525655392
2020-12-07,0.624498080261399
2020-12-08,0.625234704978649
2020-12-09,0.62548258807413
2020-12-10,0.625538736086395
2020-12-11,0.625558040975062
2020-12-12,0.62542154707367
2020-12-13,0.625242352885909
2020-12-14,0.625432305739229
2020-12-15,0.625967303424561
2020-12-16,0.626063914894438
2020-12-17,0.626852630915291
2020-12-18,0.628014289607783
2020-12-19,0.630127447350383
2020-12-20,0.636496068295863
2020-12-21,0.636492946220216
2020-12-22,0.636864659680511
2020-12-23,0.637510771169154
2020-12-24,0.637454678902891
2020-12-25,0.637315170552041
2020-12-26,0.637090226261367
2020-12-27,0.637125983936418
2020-12-28,0.637628973125957
2020-12-29,0.63808213759228
2020-12-30,0.638739155985958
2020-12-31,0.639052727574671
2021-01-01,0.639150468463058
2021-01-02,0.639165943678683
2021-01-03,0.639629698572039
2021-01-04,0.641886129125845
2021-01-05,0.643964919174313
2021-01-06,0.645199492233247
2021-01-07,0.64687589183767
2021-01-08,0.648134090827438
2021-01-09,0.648800514922664
2021-01-10,0.649223076483635
2021-01-11,0.650529762797179
2021-01-12,0.651329319036516
2021-01-13,0.651965035928787
2021-01-14,0.654426716314653
2021-01-15,0.656088179583984
2021-01-16,0.656315939611055
2021-01-17,0.656375518793568
2021-01-18,0.656548652721236
2021-01-19,0.65709580256363
2021-01-20,0.65844220410908
2021-01-21,0.659137978200243
2021-01-22,0.659355130936531
2021-01-23,0.660499388156884
2021-01-24,0.660425548783087
2021-01-25,0.660591433841222
2021-01-26,0.660700806655123
2021-01-27,0.661294679250165
2021-01-28,0.661408065777061
2021-01-29,0.661446404606108
2021-01-30,0.661525618054014
2021-01-31,0.661362171825783
2021-02-01,0.661323396777906
2021-02-02,0.661427857526669
2021-02-03,0.662052203961977
2021-02-04,0.662540999650049
2021-02-05,0.662736215581515
2021-02-06,0.662852913954273
2021-02-07,0.662896692496106
2021-02-08,0.662971414869358
2021-02-09,0.663583968106348
2021-02-10,0.663730695699744
2021-02-11,0.663761498530676
2021-02-12,0.663990093657301
2021-02-13,0.664059374063264
2021-02-14,0.664112153133855
2021-02-15,0.664281574823747
2021-02-16,0.664484398897967
2021-02-17,0.66473243833534
2021-02-18,0.664966541942492
2021-02-19,0.665211943027952
