Date,indicators/velocity
2015-08-07,0.027789440588815
2015-08-08,0.18784912142227994
2015-08-09,0.016111804928298626
2015-08-10,0.023090352431091747
2015-08-11,0.020523253778581444
2015-08-12,0.010321257043757208
2015-08-13,0.024677661788162254
2015-08-14,0.03167086189005482
2015-08-15,0.06387360642286878
2015-08-16,0.023555943588491574
2015-08-17,0.030936059729175663
2015-08-18,0.02133588378593821
2015-08-19,0.015831231406544098
2015-08-20,0.00574570140469166
2015-08-21,0.008075516028643417
2015-08-22,0.0068023464579330005
2015-08-23,0.0068462582259676465
2015-08-24,0.006355062000587717
2015-08-25,0.00558543806104783
2015-08-26,0.006035841101936446
2015-08-27,0.003745779585138857
2015-08-28,0.004124521907606497
2015-08-29,0.005907201466316865
2015-08-30,0.005706147446516242
2015-08-31,0.005278371760338555
2015-09-01,0.019468131016255972
2015-09-02,0.003804730327368893
2015-09-03,0.007630639886544473
2015-09-04,0.0024188087084116685
2015-09-05,0.0022937056374724416
2015-09-06,0.0040556965021254325
2015-09-07,0.002771733747942666
2015-09-08,0.0036074813032842897
2015-09-09,0.015670760163313955
2015-09-10,0.002816341239572153
2015-09-11,0.009927711434196901
2015-09-12,0.0029745191723510754
2015-09-13,0.0030615382016357
2015-09-14,0.00365080984510228
2015-09-15,0.008235036891182107
2015-09-16,0.007575034512494878
2015-09-17,0.004033020394760079
2015-09-18,0.005559393929610941
2015-09-19,0.005324790223305331
2015-09-20,0.0017922915451964987
2015-09-21,0.0021475827048533726
2015-09-22,0.002649359271805136
2015-09-23,0.0017840341630830615
2015-09-24,0.004172189032839714
2015-09-25,0.008996292496500472
2015-09-26,0.0034164288813683815
2015-09-27,0.005202885067686995
2015-09-28,0.009695269476227423
2015-09-29,0.005488858460474123
2015-09-30,0.006919667254350505
2015-10-01,0.007307067886301517
2015-10-02,0.002018995353564106
2015-10-03,0.0016674601347175895
2015-10-04,0.003761995446482493
2015-10-05,0.002221046052096071
2015-10-06,0.006862668849254195
2015-10-07,0.0042002465860592935
2015-10-08,0.004242455343510139
2015-10-09,0.0030343274121792762
2015-10-10,0.001737993814307505
2015-10-11,0.0020675656350812597
2015-10-12,0.0036613070228449286
2015-10-13,0.005556100686887633
2015-10-14,0.013405775421997102
2015-10-15,0.010799724029009888
2015-10-16,0.00486078904277199
2015-10-17,0.0032902906765319285
2015-10-18,0.0024456331728212664
2015-10-19,0.00694013983429521
2015-10-20,0.006760899740078302
2015-10-21,0.009391844528285818
2015-10-22,0.008340973661086156
2015-10-23,0.01040720468051199
2015-10-24,0.001343979572856342
2015-10-25,0.0035198504020420374
2015-10-26,0.009622919260580926
2015-10-27,0.025456631105347412
2015-10-28,0.013119504403112638
2015-10-29,0.006955859944691256
2015-10-30,0.016242172848846506
2015-10-31,0.0037109735079054874
2015-11-01,0.0019529614966805717
2015-11-02,0.004718566127287247
2015-11-03,0.007975410694419193
2015-11-04,0.010795037423638775
2015-11-05,0.0046121230412467604
2015-11-06,0.012567353184046663
2015-11-07,0.00570402236619861
2015-11-08,0.012002925019318648
2015-11-09,0.012671421433604724
2015-11-10,0.011919847383780262
2015-11-11,0.004030099971487776
2015-11-12,0.0037549087758465115
2015-11-13,0.006227718236192132
2015-11-14,0.003787930396208044
2015-11-15,0.002343874363560945
2015-11-16,0.0058111306591200305
2015-11-17,0.01543911010967618
2015-11-18,0.0026540755340265973
2015-11-19,0.003658570824626132
2015-11-20,0.0025931199756998266
2015-11-21,0.0017864536051272356
2015-11-22,0.0034097316968848307
2015-11-23,0.009113786152846854
2015-11-24,0.0052385147372406675
2015-11-25,0.0025056766811877495
2015-11-26,0.012908710768204405
2015-11-27,0.009027259193980586
2015-11-28,0.0016038834490171672
2015-11-29,0.002528441307159018
2015-11-30,0.003128852412921752
2015-12-01,0.002962148305947083
2015-12-02,0.003911017603479118
2015-12-03,0.0029354861581050848
2015-12-04,0.002226477487252765
2015-12-05,0.001907993504518272
2015-12-06,0.003171496103154142
2015-12-07,0.0059828498444467765
2015-12-08,0.0023483021715628933
2015-12-09,0.0032444914057246847
2015-12-10,0.002865574538675578
2015-12-11,0.004221261161470143
2015-12-12,0.006407621861959881
2015-12-13,0.004275275799712242
2015-12-14,0.0040790760927144065
2015-12-15,0.007068743203467129
2015-12-16,0.01925949814198978
2015-12-17,0.005800247882468051
2015-12-18,0.0031310020688213873
2015-12-19,0.003005463623257172
2015-12-20,0.002709381429799726
2015-12-21,0.003086792534326555
2015-12-22,0.0031310320289220264
2015-12-23,0.0018891684094164759
2015-12-24,0.001653397101182658
2015-12-25,0.0009029729216221557
2015-12-26,0.001910900366137222
2015-12-27,0.001044211994123883
2015-12-28,0.0058105592684320395
2015-12-29,0.0037621806603572315
2015-12-30,0.002827188629884835
2015-12-31,0.005116180278602986
2016-01-01,0.004523625931552469
2016-01-02,0.0034023828061472993
2016-01-03,0.004865041704979746
2016-01-04,0.002021350543960452
2016-01-05,0.013585958201466443
2016-01-06,0.0034319728149060096
2016-01-07,0.004588289130471711
2016-01-08,0.00257065788085973
2016-01-09,0.002759358479579251
2016-01-10,0.0018439247149176035
2016-01-11,0.006600602425114055
2016-01-12,0.012952726362118031
2016-01-13,0.005532827817861135
2016-01-14,0.004345229087326818
2016-01-15,0.012350245685233904
2016-01-16,0.007459688872060994
2016-01-17,0.004842732421054992
2016-01-18,0.029571008507409773
2016-01-19,0.016186234250494064
2016-01-20,0.007826942501834973
2016-01-21,0.006453495319178811
2016-01-22,0.01197709836888668
2016-01-23,0.014901851261041385
2016-01-24,0.025011371027910005
2016-01-25,0.027852718109034703
2016-01-26,0.018807365635895957
2016-01-27,0.015322844696866162
2016-01-28,0.01199005632006053
2016-01-29,0.01122622413971941
2016-01-30,0.012864223715183797
2016-01-31,0.014228326007263445
2016-02-01,0.007791693718052154
2016-02-02,0.008040262224967698
2016-02-03,0.008051710067332159
2016-02-04,0.004280668366597644
2016-02-05,0.007477000459718104
2016-02-06,0.003034097942639485
2016-02-07,0.011606544358156964
2016-02-08,0.019087921367304198
2016-02-09,0.020290682742881847
2016-02-10,0.025076331905236948
2016-02-11,0.02325769235229983
2016-02-12,0.027202063449104513
2016-02-13,0.016710199394854665
2016-02-14,0.011889344769334906
2016-02-15,0.009468850377840616
2016-02-16,0.016790383518567834
2016-02-17,0.009738116831759897
2016-02-18,0.014547189718502055
2016-02-19,0.0063760081316006825
2016-02-20,0.015379268264556024
2016-02-21,0.0061532616939442035
2016-02-22,0.010372617790044773
2016-02-23,0.01998372147709201
2016-02-24,0.02699256097321621
2016-02-25,0.01188637584563554
2016-02-26,0.051655788546571754
2016-02-27,0.027968838033887247
2016-02-28,0.010028888625626552
2016-02-29,0.009153071070918697
2016-03-01,0.016765253819963258
2016-03-02,0.04574570686886652
2016-03-03,0.026968565504502145
2016-03-04,0.01941401723919041
2016-03-05,0.03677767143039621
2016-03-06,0.020709831658241362
2016-03-07,0.01898126479575997
2016-03-08,0.02754605080430416
2016-03-09,0.01442609859788618
2016-03-10,0.0109916760007724
2016-03-11,0.01204525339215296
2016-03-12,0.019502480640468153
2016-03-13,0.02538848409618466
2016-03-14,0.02090417079243522
2016-03-15,0.016506217039646845
2016-03-16,0.014152258371373204
2016-03-17,0.022300271223019027
2016-03-18,0.030109908018773925
2016-03-19,0.010113977517391437
2016-03-20,0.007097289473325717
2016-03-21,0.011369342234197288
2016-03-22,0.00873672745634971
2016-03-23,0.007313132994652758
2016-03-24,0.012167410156321595
2016-03-25,0.007064863118056385
2016-03-26,0.004246205934008007
2016-03-27,0.01494417506923974
2016-03-28,0.010099027498076498
2016-03-29,0.016414341754283735
2016-03-30,0.017142198415060997
2016-03-31,0.011391965662640176
2016-04-01,0.004857066454188648
2016-04-02,0.004766398928667851
2016-04-03,0.0027738217908304034
2016-04-04,0.005576545689939357
2016-04-05,0.008745408017095778
2016-04-06,0.007469918653925248
2016-04-07,0.009181325246272035
2016-04-08,0.00697081059381283
2016-04-09,0.016559348709663597
2016-04-10,0.01492345532901049
2016-04-11,0.007893491751944075
2016-04-12,0.013799949777512865
2016-04-13,0.014396185121829322
2016-04-14,0.011936038969570047
2016-04-15,0.0074719596399931846
2016-04-16,0.005477104529171696
2016-04-17,0.010417604130672256
2016-04-18,0.00806163396529218
2016-04-19,0.005156800193061514
2016-04-20,0.008510873071220953
2016-04-21,0.005968777325287073
2016-04-22,0.009507140305130663
2016-04-23,0.012778545092727085
2016-04-24,0.004725772669471458
2016-04-25,0.008974398286365292
2016-04-26,0.014639299054023221
2016-04-27,0.009794431488140118
2016-04-28,0.0096476657561254
2016-04-29,0.00735652175984416
2016-04-30,0.03321710965439885
2016-05-01,0.021349134220422103
2016-05-02,0.023343787681423173
2016-05-03,0.016756496177554266
2016-05-04,0.013606974303652378
2016-05-05,0.01366167828613624
2016-05-06,0.02531502344406342
2016-05-07,0.01888416628772218
2016-05-08,0.01752823644133857
2016-05-09,0.024570886340738136
2016-05-10,0.025212463783531498
2016-05-11,0.03734935503575525
2016-05-12,0.03975092761467542
2016-05-13,0.09916188359643816
2016-05-14,0.07303432185750444
2016-05-15,0.018356545744425554
2016-05-16,0.0184058931089757
2016-05-17,0.016342250614849445
2016-05-18,0.022599156736874532
2016-05-19,0.03309879007594446
2016-05-20,0.02806144818131866
2016-05-21,0.012359091980336346
2016-05-22,0.008285866465032477
2016-05-23,0.015502924343709814
2016-05-24,0.02187772947467971
2016-05-25,0.02124516394344617
2016-05-26,0.01583228682516238
2016-05-27,0.032012840022629975
2016-05-28,0.027322504596091677
2016-05-29,0.012485682345537905
2016-05-30,0.012568934640716158
2016-05-31,0.012671158245727662
2016-06-01,0.00977479302439163
2016-06-02,0.006194349180638024
2016-06-03,0.007765465869302629
2016-06-04,0.005764079472727815
2016-06-05,0.005635865392284366
2016-06-06,0.005945636500260821
2016-06-07,0.012379074836658331
2016-06-08,0.026624003943884953
2016-06-09,0.005715188683465883
2016-06-10,0.011065514747903961
2016-06-11,0.0065125195477114175
2016-06-12,0.013586787098293342
2016-06-13,0.01457259480221973
2016-06-14,0.01745226459863904
2016-06-15,0.011307026002794198
2016-06-16,0.018277082132117196
2016-06-17,0.051842000972749554
2016-06-18,0.06337817602595655
2016-06-19,0.02234928179227957
2016-06-20,0.032192688649314766
2016-06-21,0.021991965968961292
2016-06-22,0.02537434375817678
2016-06-23,0.02184483399780677
2016-06-24,0.013807016760651106
2016-06-25,0.01544985398847779
2016-06-26,0.007646748324128874
2016-06-27,0.008013457872737205
2016-06-28,0.01913572930638915
2016-06-29,0.015534753140845453
2016-06-30,0.010642930120819016
2016-07-01,0.010540526382215656
2016-07-02,0.005672058440046795
2016-07-03,0.006295732050641994
2016-07-04,0.014325152712233342
2016-07-05,0.04344555120420576
2016-07-06,0.012990464387488377
2016-07-07,0.012058103869638131
2016-07-08,0.008427126218776235
2016-07-09,0.007236242824695601
2016-07-10,0.00811470030794008
2016-07-11,0.009843031307824334
2016-07-12,0.010567338457239013
2016-07-13,0.011498859065460729
2016-07-14,0.011342092271920698
2016-07-15,0.047615863514231575
2016-07-16,0.00952966528856314
2016-07-17,0.009311250425525188
2016-07-18,0.03483408697406462
2016-07-19,0.11870937612232038
2016-07-20,0.17090626727755875
2016-07-21,0.021391778861755483
2016-07-22,0.03673208744887963
2016-07-23,0.031950303298994356
2016-07-24,0.15144184368683763
2016-07-25,0.1179551754778782
2016-07-26,0.2518974236850699
2016-07-27,0.15028991907477326
2016-07-28,0.09014935713137846
2016-07-29,0.06448840814067387
2016-07-30,0.04299387637632768
2016-07-31,0.04389942426989929
2016-08-01,0.06478037490038291
2016-08-02,0.12288731443917804
2016-08-03,0.10596552588351339
2016-08-04,0.04455834513199991
2016-08-05,0.050726672146880224
2016-08-06,0.021824040348293557
2016-08-07,0.025333296692549696
2016-08-08,0.025417829959592443
2016-08-09,0.038250589473649274
2016-08-10,0.05818896536365341
2016-08-11,0.046935336093494755
2016-08-12,0.02768172948880789
2016-08-13,0.024072261770594922
2016-08-14,0.01940765896989036
2016-08-15,0.017243719351135677
2016-08-16,0.011243769166158468
2016-08-17,0.021244354557881245
2016-08-18,0.014049651418731561
2016-08-19,0.012321944224934817
2016-08-20,0.018612834226943854
2016-08-21,0.042695847539394836
2016-08-22,0.026753552191370152
2016-08-23,0.053773270421399746
2016-08-24,0.012013722451692483
2016-08-25,0.010671971994931705
2016-08-26,0.022921922359335694
2016-08-27,0.01073472247170358
2016-08-28,0.008993319905065186
2016-08-29,0.013328412658327607
2016-08-30,0.009322493108623311
2016-08-31,0.012089692519170971
2016-09-01,0.022755608763006804
2016-09-02,0.020057077306414744
2016-09-03,0.013907130774636052
2016-09-04,0.016591962598889284
2016-09-05,0.008765014918365972
2016-09-06,0.010373174570620607
2016-09-07,0.009582302157925672
2016-09-08,0.017155332750947487
2016-09-09,0.007357873408616371
2016-09-10,0.007019640794686879
2016-09-11,0.009141170280686318
2016-09-12,0.010743631078030483
2016-09-13,0.011397295087736865
2016-09-14,0.00896041930907395
2016-09-15,0.007339141181194894
2016-09-16,0.027003277503034676
2016-09-17,0.009501452191166875
2016-09-18,0.018615697763051314
2016-09-19,0.01090170095099167
2016-09-20,0.043788080649501564
2016-09-21,0.04757742538337178
2016-09-22,0.022221745104044035
2016-09-23,0.023735642302520142
2016-09-24,0.015881313931418724
2016-09-25,0.028653285878289622
2016-09-26,0.011702316158979114
2016-09-27,0.013392093814768191
2016-09-28,0.02952148468759786
2016-09-29,0.024942374288507676
2016-09-30,0.010766875635224658
2016-10-01,0.00971675111787969
2016-10-02,0.02070574945124932
2016-10-03,0.0072145732273128154
2016-10-04,0.008270199611951532
2016-10-05,0.011442411709358296
2016-10-06,0.010996306680603212
2016-10-07,0.011042398145414864
2016-10-08,0.012404433115929713
2016-10-09,0.03048068607402045
2016-10-10,0.030468548253506065
2016-10-11,0.027103327374228627
2016-10-12,0.030957685759354602
2016-10-13,0.012012169977387783
2016-10-14,0.0309103571767189
2016-10-15,0.011485264190793104
2016-10-16,0.018798356925633822
2016-10-17,0.021512154526508544
2016-10-18,0.03251370042508645
2016-10-19,0.007807233915452861
2016-10-20,0.008528567516070878
2016-10-21,0.007275638628022983
2016-10-22,0.005886303040329768
2016-10-23,0.005075015410257447
2016-10-24,0.007632450018065661
2016-10-25,0.012954373221271295
2016-10-26,0.01091435921260442
2016-10-27,0.01084611964024605
2016-10-28,0.01803881337236386
2016-10-29,0.021861120163483072
2016-10-30,0.028403825925837185
2016-10-31,0.014352121668357488
2016-11-01,0.03360696990114216
2016-11-02,0.05036350562561952
2016-11-03,0.11615922770718978
2016-11-04,0.013993541967598371
2016-11-05,0.010079393265406559
2016-11-06,0.00600064607405166
2016-11-07,0.007481518347785277
2016-11-08,0.00787531836010849
2016-11-09,0.023730345797390126
2016-11-10,0.011893299517806979
2016-11-11,0.04156989719089118
2016-11-12,0.014464701961558997
2016-11-13,0.01473872174111323
2016-11-14,0.006215962060310457
2016-11-15,0.011980611170582535
2016-11-16,0.012574174592622608
2016-11-17,0.03731682106896178
2016-11-18,0.01256438591720801
2016-11-19,0.0099939634630218
2016-11-20,0.0073999351778632596
2016-11-21,0.00766618509977198
2016-11-22,0.03002799930099934
2016-11-23,0.02813442357528439
2016-11-24,0.009697049687919746
2016-11-25,0.017551582074909474
2016-11-26,0.008141076147091985
2016-11-27,0.0082490052864103
2016-11-28,0.009200275233124439
2016-11-29,0.015244186406042507
2016-11-30,0.013719756601015626
2016-12-01,0.011989935688321575
2016-12-02,0.03830689063641386
2016-12-03,0.05574181099348003
2016-12-04,0.01953971522343817
2016-12-05,0.042049215734620296
2016-12-06,0.07223065646646726
2016-12-07,0.028188352997590895
2016-12-08,0.028882536168814626
2016-12-09,0.02912302782075329
2016-12-10,0.016276986581690637
2016-12-11,0.02242306617133923
2016-12-12,0.012251269599922607
2016-12-13,0.012733333483551934
2016-12-14,0.012109700559170438
2016-12-15,0.02437850081119619
2016-12-16,0.015856617283906124
2016-12-17,0.035683840013703456
2016-12-18,0.024809937490983248
2016-12-19,0.015874256773821902
2016-12-20,0.01598117873506147
2016-12-21,0.023854715085827982
2016-12-22,0.03825592276866221
2016-12-23,0.07171310361433736
2016-12-24,0.026974690127432435
2016-12-25,0.01214264252887441
2016-12-26,0.00952064356249843
2016-12-27,0.016220571503367406
2016-12-28,0.03320655500424147
2016-12-29,0.052211961155389
2016-12-30,0.03749816273214293
2016-12-31,0.07271689390244346
2017-01-01,0.020780096079993596
2017-01-02,0.03264421178404243
2017-01-03,0.05786996556503814
2017-01-04,0.0897871548712853
2017-01-05,0.09219784267430359
2017-01-06,0.08463435552464643
2017-01-07,0.0502009757976801
2017-01-08,0.028525477126940334
2017-01-09,0.050280434884924084
2017-01-10,0.052294074675639686
2017-01-11,0.05256270400030473
2017-01-12,0.0518121961250636
2017-01-13,0.028399448427189018
2017-01-14,0.010667134119770704
2017-01-15,0.006654343084443397
2017-01-16,0.009143612420897812
2017-01-17,0.017698516095795033
2017-01-18,0.009915206947956277
2017-01-19,0.011382701696347485
2017-01-20,0.030633488291216166
2017-01-21,0.010733250966136795
2017-01-22,0.01111504211275358
2017-01-23,0.010005206830725456
2017-01-24,0.008943193653815096
2017-01-25,0.01073476770195525
2017-01-26,0.012111608772409176
2017-01-27,0.011608441143302596
2017-01-28,0.006789470608825945
2017-01-29,0.00985626483587882
2017-01-30,0.007880547793402642
2017-01-31,0.014443242590516157
2017-02-01,0.01435129131956237
2017-02-02,0.013900226264755525
2017-02-03,0.0185114791711055
2017-02-04,0.019976101281747337
2017-02-05,0.008409873622966382
2017-02-06,0.015162879712370183
2017-02-07,0.014392526259811786
2017-02-08,0.01347000227888633
2017-02-09,0.015076605959594836
2017-02-10,0.018525089245827943
2017-02-11,0.010509150080426818
2017-02-12,0.013637208721197494
2017-02-13,0.013557376421096745
2017-02-14,0.03926474902482853
2017-02-15,0.04449583452611704
2017-02-16,0.026809545232362706
2017-02-17,0.02906069373306615
2017-02-18,0.026764913171632057
2017-02-19,0.026323641088770423
2017-02-20,0.027531851832618474
2017-02-21,0.04255239841365239
2017-02-22,0.030241187617832715
2017-02-23,0.029160243588107686
2017-02-24,0.05741694497674242
2017-02-25,0.03573442710180997
2017-02-26,0.043110210742378176
2017-02-27,0.10229719859394684
2017-02-28,0.1266209143127215
2017-03-01,0.13199301355879747
2017-03-02,0.19363720536072448
2017-03-03,0.18423516128524528
2017-03-04,0.11945592710244014
2017-03-05,0.10236777143226403
2017-03-06,0.1711206031667692
2017-03-07,0.11581603935175988
2017-03-08,0.12564450233274513
2017-03-09,0.16598921166570135
2017-03-10,0.15076338316601873
2017-03-11,0.17750698826808953
2017-03-12,0.2690347631160281
2017-03-13,0.20995620141669868
2017-03-14,0.08776458208298656
2017-03-15,0.08751976509193192
2017-03-16,0.3516229913106144
2017-03-17,0.17908809023876834
2017-03-18,0.2620027113448015
2017-03-19,0.05800266872950633
2017-03-20,0.07332777581753702
2017-03-21,0.14598212348493805
2017-03-22,0.12680809098107193
2017-03-23,0.12881641605878588
2017-03-24,0.17698135993927547
2017-03-25,0.13436864831152331
2017-03-26,0.10662308005261438
2017-03-27,0.12235299330226797
2017-03-28,0.12207487571148475
2017-03-29,0.147110149763576
2017-03-30,0.19123926049670045
2017-03-31,0.16254733829299936
2017-04-01,0.1068244982503251
2017-04-02,0.16789955626874395
2017-04-03,0.18822118542036356
2017-04-04,0.09328394864525856
2017-04-05,0.13471324574207283
2017-04-06,0.1910062312979078
2017-04-07,0.056804214473260256
2017-04-08,0.07471839411999107
2017-04-09,0.07492782117297173
2017-04-10,0.09500634869053826
2017-04-11,0.09422955444495637
2017-04-12,0.0877163210799709
2017-04-13,0.06477365201165194
2017-04-14,0.07878564706791256
2017-04-15,0.03907867719802992
2017-04-16,0.019813898942574976
2017-04-17,0.02640167392373808
2017-04-18,0.09388514484370626
2017-04-19,0.10460174952778889
2017-04-20,0.12115161675959027
2017-04-21,0.08528047975385002
2017-04-22,0.07638391691209936
2017-04-23,0.0769413839942955
2017-04-24,0.09365915523518248
2017-04-25,0.08628885753463639
2017-04-26,0.12257206100757315
2017-04-27,0.16752643192281153
2017-04-28,0.15935339961895398
2017-04-29,0.1538968521665509
2017-04-30,0.17689309651156251
2017-05-01,0.26775306793655224
2017-05-02,0.22110857893760766
2017-05-03,0.2471319378186077
2017-05-04,0.2509346220374157
2017-05-05,0.25490125073162473
2017-05-06,0.16969480119102973
2017-05-07,0.21749999318928748
2017-05-08,0.2130253078070734
2017-05-09,0.2133542177447181
2017-05-10,0.20390854484097973
2017-05-11,0.24954433168096588
2017-05-12,0.19792909692172936
2017-05-13,0.14643618457706797
2017-05-14,0.13689900444947145
2017-05-15,0.18519979279240073
2017-05-16,0.23724550026901098
2017-05-17,0.1544708777486508
2017-05-18,0.10311966796330806
2017-05-19,0.1639699001805819
2017-05-20,0.10533811104046405
2017-05-21,0.14005716261524048
2017-05-22,0.2856001098834738
2017-05-23,0.1757726627654644
2017-05-24,0.16991231533209364
2017-05-25,0.15849571074278612
2017-05-26,0.17874549166758447
2017-05-27,0.1309784564367916
2017-05-28,0.10754081235916274
2017-05-29,0.11327651774006903
2017-05-30,0.12988496173078334
2017-05-31,0.24237968814146352
2017-06-01,0.179734581160361
2017-06-02,0.17685141743689275
2017-06-03,0.1675414587162966
2017-06-04,0.1484643952095965
2017-06-05,0.18512779814355013
2017-06-06,0.22017395982058627
2017-06-07,0.19418021120795276
2017-06-08,0.16802124731565468
2017-06-09,0.17369318793086233
2017-06-10,0.12146411872618113
2017-06-11,0.13176676356502937
2017-06-12,0.28137451243942074
2017-06-13,0.2314220667669204
2017-06-14,0.14385192134169225
2017-06-15,0.22402437123319496
2017-06-16,0.19725597526731356
2017-06-17,0.11078238816930318
2017-06-18,0.10218339068500813
2017-06-19,0.11973231966662169
2017-06-20,0.15162472937476515
2017-06-21,0.053858990974998404
2017-06-22,0.08930449328010001
2017-06-23,0.10949097375149415
2017-06-24,0.12081075723811599
2017-06-25,0.04372930693521538
2017-06-26,0.11007673510089862
2017-06-27,0.12572373745613385
2017-06-28,0.11348562289140764
2017-06-29,0.12012382188823575
2017-06-30,0.10709418490260189
2017-07-01,0.09694399434083423
2017-07-02,0.07607706665779872
2017-07-03,0.26524066203689417
2017-07-04,0.21632308795794425
2017-07-05,0.07532432452200148
2017-07-06,0.08948898317785743
2017-07-07,0.09783701035050896
2017-07-08,0.08044170742771103
2017-07-09,0.03682695663696104
2017-07-10,0.11455386610363026
2017-07-11,0.13775456117304513
2017-07-12,0.13736423078523521
2017-07-13,0.23241322376316426
2017-07-14,0.2689786465057255
2017-07-15,0.26283561360000746
2017-07-16,0.2739402022274264
2017-07-17,0.24557480245914326
2017-07-18,0.2839825537241253
2017-07-19,0.24983786015936685
2017-07-20,0.22036734586242565
2017-07-21,0.224799396704324
2017-07-22,0.04891237607428136
2017-07-23,0.07428200337807415
2017-07-24,0.22338840635092977
2017-07-25,0.24749554104303093
2017-07-26,0.2024444929238345
2017-07-27,0.2250050532291838
2017-07-28,0.2610446937927266
2017-07-29,0.2364242302774233
2017-07-30,0.15170153536849956
2017-07-31,0.09327669024983615
2017-08-01,0.10167974325749572
2017-08-02,0.09547841942053954
2017-08-03,0.08074705836857983
2017-08-04,0.08310214584985495
2017-08-05,0.09715603076342991
2017-08-06,0.09230553417704869
2017-08-07,0.10425206794832557
2017-08-08,0.11656882627819115
2017-08-09,0.1181329257509118
2017-08-10,0.24686511387544727
2017-08-11,0.4949002361491474
2017-08-12,0.29481276675981827
2017-08-13,0.3233055666657046
2017-08-14,0.2572377386054337
2017-08-15,0.20547882947015736
2017-08-16,0.16330425315331495
2017-08-17,0.15943270047102875
2017-08-18,0.16519903798153615
2017-08-19,0.1248431095601026
2017-08-20,0.10711681723861025
2017-08-21,0.13177014433921933
2017-08-22,0.1204637527199146
2017-08-23,0.1382760343874306
2017-08-24,0.1257431283377038
2017-08-25,0.10964108840063888
2017-08-26,0.05675074917290773
2017-08-27,0.20741012344361714
2017-08-28,0.29776102238650315
2017-08-29,0.22227918596033036
2017-08-30,0.37744367756242186
2017-08-31,0.17408428597491593
2017-09-01,0.1641542021618311
2017-09-02,0.14465617307605835
2017-09-03,0.11168528286474026
2017-09-04,0.17011890093577772
2017-09-05,0.16421200873433806
2017-09-06,0.16841171112833672
2017-09-07,0.12066683448598045
2017-09-08,0.13930240264572927
2017-09-09,0.20787408738717747
2017-09-10,0.1793071202348205
2017-09-11,0.15733866819942907
2017-09-12,0.15923341676248057
2017-09-13,0.10174403507422111
2017-09-14,0.15676474912455682
2017-09-15,0.1861265212422358
2017-09-16,0.10007181978510782
2017-09-17,0.12507350468797113
2017-09-18,0.19376288088636193
2017-09-19,0.15521975769463037
2017-09-20,0.10055947997731315
2017-09-21,0.09729097315759538
2017-09-22,0.08818224893357283
2017-09-23,0.07823541279691326
2017-09-24,0.06880791299462953
2017-09-25,0.08717576567604056
2017-09-26,0.0897239007770975
2017-09-27,0.09493223644327017
2017-09-28,0.10090542456682189
2017-09-29,0.08600843089317427
2017-09-30,0.0672935556656965
2017-10-01,0.04712652870573895
2017-10-02,0.0739011423940496
2017-10-03,0.23658801998485676
2017-10-04,0.1566749070715364
2017-10-05,0.09867167684264586
2017-10-06,0.0987885570745669
2017-10-07,0.07866159935449234
2017-10-08,0.08915474899538157
2017-10-09,0.10825788365425046
2017-10-10,0.11610958749459767
2017-10-11,0.10283344422000314
2017-10-12,0.11426532690073882
2017-10-13,0.1458553066636887
2017-10-14,0.10522209287080729
2017-10-15,0.09665309213226034
2017-10-16,0.07784819795157906
2017-10-17,0.11656165802353285
2017-10-18,0.15337389914860716
2017-10-19,0.1298763548106682
2017-10-20,0.11926307584188138
2017-10-21,0.10953893932987756
2017-10-22,0.09714950303350446
2017-10-23,0.13427892676872996
2017-10-24,0.13145122469997392
2017-10-25,0.10665488484795103
2017-10-26,0.1020526885126436
2017-10-27,0.10801897555073127
2017-10-28,0.13187228456543137
2017-10-29,0.12037328751932239
2017-10-30,0.11337390467712066
2017-10-31,0.12024047486742111
2017-11-01,0.14654582512276476
2017-11-02,0.16447072295114187
2017-11-03,0.13016495976892103
2017-11-04,0.08841737476382183
2017-11-05,0.08307327226702968
2017-11-06,0.10087780616232299
2017-11-07,0.08330191915740542
2017-11-08,0.11836657106190297
2017-11-09,0.19277306217753457
2017-11-10,0.14142572302203935
2017-11-11,0.13093519822416935
2017-11-12,0.1798219173565098
2017-11-13,0.11721741192801972
2017-11-14,0.11409950146409516
2017-11-15,0.17386916381101172
2017-11-16,0.15983955354808357
2017-11-17,0.16090960758042436
2017-11-18,0.13328958834830568
2017-11-19,0.1322223464063576
2017-11-20,0.1752709116707436
2017-11-21,0.17068286010352215
2017-11-22,0.17369832694916226
2017-11-23,0.16831674976346278
2017-11-24,0.14356167143611026
2017-11-25,0.16818709074534155
2017-11-26,0.16296491831590235
2017-11-27,0.20561033128000755
2017-11-28,0.25229167404473685
2017-11-29,0.2870673775247604
2017-11-30,0.2683895314776981
2017-12-01,0.22164545284087106
2017-12-02,0.23318190693594673
2017-12-03,0.22051151139174868
2017-12-04,0.21413464367782872
2017-12-05,0.10222928482660795
2017-12-06,0.14779417293787975
2017-12-07,0.1131243628162954
2017-12-08,0.09369526622568669
2017-12-09,0.06660248863330089
2017-12-10,0.06616570340423517
2017-12-11,0.0680659251362251
2017-12-12,0.13479145022179667
2017-12-13,0.10920595069720365
2017-12-14,0.1257565518646355
2017-12-15,0.10472927265628638
2017-12-16,0.08476617936379699
2017-12-17,0.08363629244669409
2017-12-18,0.08996713911649079
2017-12-19,0.116780062095597
2017-12-20,0.13490912594742355
2017-12-21,0.13720834146172667
2017-12-22,0.14844542613409498
2017-12-23,0.09853972974952835
2017-12-24,0.07689800344225503
2017-12-25,0.0648301189673933
2017-12-26,0.09163445887098397
2017-12-27,0.10494049491665076
2017-12-28,0.1306678399921172
2017-12-29,0.15189982124077817
2017-12-30,0.16878603176185472
2017-12-31,0.09354865883317845
2018-01-01,0.08527171959196785
2018-01-02,0.14457031461481934
2018-01-03,0.14444453057166962
2018-01-04,0.20905987758320804
2018-01-05,0.19130658338549314
2018-01-06,0.15914629638175498
2018-01-07,0.12681531461078907
2018-01-08,0.15630555041787286
2018-01-09,0.166319937000201
2018-01-10,0.1791107210958343
2018-01-11,0.16273221718889808
2018-01-12,0.12865770032337864
2018-01-13,0.09860461087174703
2018-01-14,0.2563438351061914
2018-01-15,0.12065953172903504
2018-01-16,0.15633899634445833
2018-01-17,0.16436338016569668
2018-01-18,0.1419617174839012
2018-01-19,0.09369410613227155
2018-01-20,0.08022451103621844
2018-01-21,0.07670600422325562
2018-01-22,0.09181771249825377
2018-01-23,0.08828528303350315
2018-01-24,0.08853150025203384
2018-01-25,0.04209856682399636
2018-01-26,0.10237773484740366
2018-01-27,0.06598239772071174
2018-01-28,0.07517271885034808
2018-01-29,0.08112230288302962
2018-01-30,0.08715311614392797
2018-01-31,0.08437708750591115
2018-02-01,0.0842364286183546
2018-02-02,0.11381773171414039
2018-02-03,0.063744580996287
2018-02-04,0.05211040879957899
2018-02-05,0.07368045520999392
2018-02-06,0.0913455131559469
2018-02-07,0.07209487564961213
2018-02-08,0.037285463727415584
2018-02-09,0.05273834884814174
2018-02-10,0.05912167962631033
2018-02-11,0.04087125952421103
2018-02-12,0.047689050898335014
2018-02-13,0.0659214059403306
2018-02-14,0.049952183324087074
2018-02-15,0.056220067709842066
2018-02-16,0.044483007662546425
2018-02-17,0.04286126190706543
2018-02-18,0.04239113751882681
2018-02-19,0.03891378244532756
2018-02-20,0.04544944645147376
2018-02-21,0.04434649354032962
2018-02-22,0.05787866766051583
2018-02-23,0.032207846942059006
2018-02-24,0.029702736443287175
2018-02-25,0.019197163655166972
2018-02-26,0.025098173313077465
2018-02-27,0.015734034382312002
2018-02-28,0.015849253105195082
2018-03-01,0.01724776055220095
2018-03-02,0.015797416437603937
2018-03-03,0.010569152938610464
2018-03-04,0.01093444572503124
2018-03-05,0.015993264962891548
2018-03-06,0.0198821250861204
2018-03-07,0.02024553346407582
2018-03-08,0.01703722459396628
2018-03-09,0.01849543766230802
2018-03-10,0.011616332038190697
2018-03-11,0.011091043311074104
2018-03-12,0.015102054444907245
2018-03-13,0.02774088117491891
2018-03-14,0.019569357845989913
2018-03-15,0.019119885575311395
2018-03-16,0.014094365383136478
2018-03-17,0.012539731405515408
2018-03-18,0.02908752910783894
2018-03-19,0.023670600697860863
2018-03-20,0.019298009222776833
2018-03-21,0.018028434101425378
2018-03-22,0.01570088221080034
2018-03-23,0.020519773025499163
2018-03-24,0.012087146618600227
2018-03-25,0.010035285770327102
2018-03-26,0.01982229093278783
2018-03-27,0.02520690441317151
2018-03-28,0.02497408583774862
2018-03-29,0.02603425181071132
2018-03-30,0.02352683714572554
2018-03-31,0.015158758192312117
2018-04-01,0.012700980637009921
2018-04-02,0.014433565227061821
2018-04-03,0.016884364740844322
2018-04-04,0.015884258733518876
2018-04-05,0.013112448669627482
2018-04-06,0.01332203923222051
2018-04-07,0.008904463903298495
2018-04-08,0.012638728595831995
2018-04-09,0.015756989402504445
2018-04-10,0.012766283637634197
2018-04-11,0.015008033062132975
2018-04-12,0.022897109532538158
2018-04-13,0.022463179387694602
2018-04-14,0.009785370524441658
2018-04-15,0.011804258221047892
2018-04-16,0.01408431764050521
2018-04-17,0.01458474683676633
2018-04-18,0.017466650788940444
2018-04-19,0.018265284809375015
2018-04-20,0.021905725809353137
2018-04-21,0.017144260731811144
2018-04-22,0.012695847248512472
2018-04-23,0.031137841990596105
2018-04-24,0.027385642198324615
2018-04-25,0.025388052960554266
2018-04-26,0.020402369431520552
2018-04-27,0.021200011222436074
2018-04-28,0.018068396834160408
2018-04-29,0.01670076261190621
2018-04-30,0.02023227492829384
2018-05-01,0.0188863966220497
2018-05-02,0.026827914237835218
2018-05-03,0.02719159581106893
2018-05-04,0.025674768419476485
2018-05-05,0.01747473557657131
2018-05-06,0.015361984847773204
2018-05-07,0.029735214554594894
2018-05-08,0.021175820634677045
2018-05-09,0.022432338484852245
2018-05-10,0.021520766288505903
2018-05-11,0.022002796044488983
2018-05-12,0.016116090067915857
2018-05-13,0.011913899780412723
2018-05-14,0.0217756999537228
2018-05-15,0.019788717019105607
2018-05-16,0.016745670973593283
2018-05-17,0.01700272926327366
2018-05-18,0.016553769695199422
2018-05-19,0.012128399531560882
2018-05-20,0.012674296912740206
2018-05-21,0.0165208342687528
2018-05-22,0.0220687105975177
2018-05-23,0.026478836091412185
2018-05-24,0.021187603249000604
2018-05-25,0.01812582057416916
2018-05-26,0.013292109087447516
2018-05-27,0.01957432378350262
2018-05-28,0.02733547093390394
2018-05-29,0.02239525667253888
2018-05-30,0.021720830485406847
2018-05-31,0.022567300403005815
2018-06-01,0.0247120169971395
2018-06-02,0.01297688991598918
2018-06-03,0.011112436144515
2018-06-04,0.020225988274888636
2018-06-05,0.020658292723679934
2018-06-06,0.022235731311191987
2018-06-07,0.021366276868885932
2018-06-08,0.023140200324611126
2018-06-09,0.01182436748865332
2018-06-10,0.01794022631333374
2018-06-11,0.02169621619885589
2018-06-12,0.02969891229684828
2018-06-13,0.04092044871219248
2018-06-14,0.04067914108405964
2018-06-15,0.03580041373079508
2018-06-16,0.015586574794193937
2018-06-17,0.01178895007292477
2018-06-18,0.01584996313335995
2018-06-19,0.018953476437996032
2018-06-20,0.02065130002884878
2018-06-21,0.018545651366463533
2018-06-22,0.02393358399913143
2018-06-23,0.012829506719502745
2018-06-24,0.019554842294364112
2018-06-25,0.02334106335192624
2018-06-26,0.01931964252579772
2018-06-27,0.01922811471125919
2018-06-28,0.01791966266870611
2018-06-29,0.021561652096720164
2018-06-30,0.012361289961338463
2018-07-01,0.009990753173157747
2018-07-02,0.014096756722022296
2018-07-03,0.017905914000238398
2018-07-04,0.015306044384133572
2018-07-05,0.01638800036877804
2018-07-06,0.015691420113970008
2018-07-07,0.01107898808428138
2018-07-08,0.01259797172072843
2018-07-09,0.01735763679354974
2018-07-10,0.01897783632536476
2018-07-11,0.014127269912834991
2018-07-12,0.01293348693993301
2018-07-13,0.012364752491384972
2018-07-14,0.00921853863551293
2018-07-15,0.007857088538262978
2018-07-16,0.017131013923075627
2018-07-17,0.01768819190598885
2018-07-18,0.020166161812751954
2018-07-19,0.016438512886225592
2018-07-20,0.017474797424598745
2018-07-21,0.010719659683968876
2018-07-22,0.010266982921609623
2018-07-23,0.01617860220970916
2018-07-24,0.017130850946389612
2018-07-25,0.015096609532804343
2018-07-26,0.012233990615620843
2018-07-27,0.013438608704725902
2018-07-28,0.007849445727388934
2018-07-29,0.007592168953938027
2018-07-30,0.015383387423029842
2018-07-31,0.028083967982037418
2018-08-01,0.014966432223236452
2018-08-02,0.015686339408380993
2018-08-03,0.013031479145451677
2018-08-04,0.009359944177323457
2018-08-05,0.008774790646760601
2018-08-06,0.012070716659787626
2018-08-07,0.013564531425551045
2018-08-08,0.02034207237324795
2018-08-09,0.015877520818712965
2018-08-10,0.017971748092097187
2018-08-11,0.01635812908248595
2018-08-12,0.009965789832243988
2018-08-13,0.02457493869422602
2018-08-14,0.03095380314015561
2018-08-15,0.0229748120398363
2018-08-16,0.01520055142953633
2018-08-17,0.0183506035553974
2018-08-18,0.010959420904181215
2018-08-19,0.007741898493262008
2018-08-20,0.014326477633139524
2018-08-21,0.014459419898442395
2018-08-22,0.017098983698338885
2018-08-23,0.014420967610682678
2018-08-24,0.014023484336475671
2018-08-25,0.01060825396854298
2018-08-26,0.009648378075388339
2018-08-27,0.015873536239849096
2018-08-28,0.01426694060719399
2018-08-29,0.015360395601692493
2018-08-30,0.014027938770026104
2018-08-31,0.014761729595114688
2018-09-01,0.011235722834828162
2018-09-02,0.00896701741757222
2018-09-03,0.017596543607971596
2018-09-04,0.028682943286274104
2018-09-05,0.02420351840771267
2018-09-06,0.02967273855755691
2018-09-07,0.02513903630630886
2018-09-08,0.020722069428551024
2018-09-09,0.021325686908594526
2018-09-10,0.024154604624179496
2018-09-11,0.024377600615651338
2018-09-12,0.037012831050020456
2018-09-13,0.022949786877790906
2018-09-14,0.020930443647826206
2018-09-15,0.014092815174549833
2018-09-16,0.011932063894898376
2018-09-17,0.019052430088133947
2018-09-18,0.017795215405884263
2018-09-19,0.015169941528154766
2018-09-20,0.018493278007896706
2018-09-21,0.028506672613745718
2018-09-22,0.015355126443574197
2018-09-23,0.013528319626838313
2018-09-24,0.018436869233505716
2018-09-25,0.018381168052733893
2018-09-26,0.018015569948662442
2018-09-27,0.01626634722886675
2018-09-28,0.016509797563384387
2018-09-29,0.01394301943677137
2018-09-30,0.013192417623120173
2018-10-01,0.012223570536827242
2018-10-02,0.010691776152250233
2018-10-03,0.015616875623004584
2018-10-04,0.01559906831967824
2018-10-05,0.014439763765761142
2018-10-06,0.010360947994115351
2018-10-07,0.009508362403396775
2018-10-08,0.015867673220426225
2018-10-09,0.013853688921606981
2018-10-10,0.01448097476366444
2018-10-11,0.03009543097528233
2018-10-12,0.019665487829517447
2018-10-13,0.011616857205786866
2018-10-14,0.011241828029656153
2018-10-15,0.032621219811628
2018-10-16,0.021849934342465172
2018-10-17,0.018670606415688462
2018-10-18,0.02286985600008041
2018-10-19,0.01626662646329452
2018-10-20,0.01396899413618027
2018-10-21,0.019105324437611152
2018-10-22,0.015497673885683303
2018-10-23,0.01663983250510998
2018-10-24,0.015941339684537374
2018-10-25,0.021473051704181886
2018-10-26,0.016773801422338273
2018-10-27,0.009665079747245212
2018-10-28,0.0098544991878032
2018-10-29,0.019270214133124557
2018-10-30,0.01619007836968503
2018-10-31,0.016926578307498368
2018-11-01,0.015728302281298272
2018-11-02,0.018280184925003665
2018-11-03,0.010606076426758497
2018-11-04,0.01478167508885334
2018-11-05,0.02285831050145211
2018-11-06,0.01808376253288643
2018-11-07,0.02063439679975656
2018-11-08,0.01671302803569933
2018-11-09,0.016052113602216027
2018-11-10,0.010728499695688965
2018-11-11,0.010843646798548824
2018-11-12,0.018065999776268403
2018-11-13,0.01648165307979372
2018-11-14,0.028869207470491955
2018-11-15,0.030572201218058224
2018-11-16,0.02163728152202716
2018-11-17,0.013499953827336125
2018-11-18,0.018352237498517672
2018-11-19,0.04668564323818556
2018-11-20,0.05448569602420712
2018-11-21,0.03692266768898586
2018-11-22,0.02534956975831563
2018-11-23,0.029357595973570686
2018-11-24,0.021836604662574546
2018-11-25,0.03819277117973523
2018-11-26,0.033010107291395044
2018-11-27,0.027460970366267164
2018-11-28,0.0324532570328539
2018-11-29,0.03496453669916534
2018-11-30,0.1674577280851804
2018-12-01,0.1495154521366667
2018-12-02,0.01362220912253259
2018-12-03,0.021945251862464776
2018-12-04,0.02182715022834904
2018-12-05,0.027774814799498
2018-12-06,0.03673331936674366
2018-12-07,0.0471431857254722
2018-12-08,0.025977310540724653
2018-12-09,0.02275793514329979
2018-12-10,0.024047939553093995
2018-12-11,0.024706230795675795
2018-12-12,0.022444074698655895
2018-12-13,0.028796154728966076
2018-12-14,0.02600104970945404
2018-12-15,0.017550035362920702
2018-12-16,0.01707236547267278
2018-12-17,0.033228518910489134
2018-12-18,0.03101707071113206
2018-12-19,0.04177606040364827
2018-12-20,0.04214651490688668
2018-12-21,0.04309122486007005
2018-12-22,0.02024725217140346
2018-12-23,0.028494400275752056
2018-12-24,0.03769244524743315
2018-12-25,0.02321965179774294
2018-12-26,0.02058152716784613
2018-12-27,0.02718701867802042
2018-12-28,0.028646821410286006
2018-12-29,0.03629350351329636
2018-12-30,0.015587802019932075
2018-12-31,0.020140312061872966
2019-01-01,0.015968546404506432
2019-01-02,0.026321451519363936
2019-01-03,0.023957385352479425
2019-01-04,0.036678235614177115
2019-01-05,0.040047129978726795
2019-01-06,0.023066830994419255
2019-01-07,0.025176045278120295
2019-01-08,0.022456268898894342
2019-01-09,0.02103282621043044
2019-01-10,0.030221409835854095
2019-01-11,0.03723039862573725
2019-01-12,0.014235256789787758
2019-01-13,0.016990323246756343
2019-01-14,0.03312606831802466
2019-01-15,0.02283025653129656
2019-01-16,0.0253614245998841
2019-01-17,0.020653328860639416
2019-01-18,0.016919089124489948
2019-01-19,0.013959237765915485
2019-01-20,0.016456778200471176
2019-01-21,0.017550777122046453
2019-01-22,0.017567431633374615
2019-01-23,0.018889653333198614
2019-01-24,0.022723095820304445
2019-01-25,0.018783376820316073
2019-01-26,0.012311974512061098
2019-01-27,0.01783032959955116
2019-01-28,0.030757550852805023
2019-01-29,0.02180345013557733
2019-01-30,0.022627396321061376
2019-01-31,0.022488734134226133
2019-02-01,0.01866427353567287
2019-02-02,0.01161706869521604
2019-02-03,0.012395562894947967
2019-02-04,0.009475071679175212
2019-02-05,0.009415425399651981
2019-02-06,0.01675682419064544
2019-02-07,0.013801309974488397
2019-02-08,0.02052490948535196
2019-02-09,0.01094433177064363
2019-02-10,0.01381091365032221
2019-02-11,0.018214142350943537
2019-02-12,0.014672207671980178
2019-02-13,0.01713827404059561
2019-02-14,0.015890309363321028
2019-02-15,0.01512849219885343
2019-02-16,0.010284809532867973
2019-02-17,0.016705257848969743
2019-02-18,0.028619179453546906
2019-02-19,0.026342217487948894
2019-02-20,0.021159083786083763
2019-02-21,0.020389326405051908
2019-02-22,0.020101202562152594
2019-02-23,0.014574702514784977
2019-02-24,0.02729594297000188
2019-02-25,0.03508509246287585
2019-02-26,0.017917325111368915
2019-02-27,0.027804756351429056
2019-02-28,0.022320957145917846
2019-03-01,0.017653552185948093
2019-03-02,0.014135771120872463
2019-03-03,0.016151672933343186
2019-03-04,0.023873292088979373
2019-03-05,0.022170649987065957
2019-03-06,0.02080918535142922
2019-03-07,0.020190884788860903
2019-03-08,0.022881650275412203
2019-03-09,0.01733183965706733
2019-03-10,0.016341123300195742
2019-03-11,0.023467658673771926
2019-03-12,0.02246804058161733
2019-03-13,0.019593346500305926
2019-03-14,0.02168650325249641
2019-03-15,0.020767291666341118
2019-03-16,0.018276903442690152
2019-03-17,0.016609400527955967
2019-03-18,0.024586072849415597
2019-03-19,0.018020933403742063
2019-03-20,0.027382172002238556
2019-03-21,0.023567111501828147
2019-03-22,0.019688694951850303
2019-03-23,0.024304183308056435
2019-03-24,0.016827863581407195
2019-03-25,0.02708673973456503
2019-03-26,0.024143738833849085
2019-03-27,0.021768645911822756
2019-03-28,0.02209161198827786
2019-03-29,0.024475408396769892
2019-03-30,0.02388487607121222
2019-03-31,0.020324462942680907
2019-04-01,0.02315706461303178
2019-04-02,0.03887444838064176
2019-04-03,0.03939094979163503
2019-04-04,0.02751367243015615
2019-04-05,0.025485017039870234
2019-04-06,0.01768641543568599
2019-04-07,0.02276539706726193
2019-04-08,0.0359087903634024
2019-04-09,0.031726864254173225
2019-04-10,0.026939673352204974
2019-04-11,0.027831644208726213
2019-04-12,0.02379632079758291
2019-04-13,0.014658829879084219
2019-04-14,0.016365777970819565
2019-04-15,0.024145897979702655
2019-04-16,0.02097060684418589
2019-04-17,0.02106554495195454
2019-04-18,0.02488836110067722
2019-04-19,0.021799945192738857
2019-04-20,0.017742997216721255
2019-04-21,0.01896253211251242
2019-04-22,0.022725114052642686
2019-04-23,0.0259355466184112
2019-04-24,0.032836391043232514
2019-04-25,0.02981562111875989
2019-04-26,0.042737860143933264
2019-04-27,0.01807685468724978
2019-04-28,0.02200240473024649
2019-04-29,0.029072223361728985
2019-04-30,0.027980286023153573
2019-05-01,0.024702983922497285
2019-05-02,0.01983510996495096
2019-05-03,0.02385684414904657
2019-05-04,0.018708337589254605
2019-05-05,0.01756997282757041
2019-05-06,0.028267879655141145
2019-05-07,0.03192122700030806
2019-05-08,0.0294990600638613
2019-05-09,0.02669821777041003
2019-05-10,0.026896877927392187
2019-05-11,0.04238945066816856
2019-05-12,0.02696431804344086
2019-05-13,0.03610472402746916
2019-05-14,0.0328780167708927
2019-05-15,0.041130887071397504
2019-05-16,0.06619094366309128
2019-05-17,0.04337069962900664
2019-05-18,0.021477404746199243
2019-05-19,0.022431873912560157
2019-05-20,0.02969076163542895
2019-05-21,0.02670278833154483
2019-05-22,0.026994131888835732
2019-05-23,0.029001412575096936
2019-05-24,0.023342126274211342
2019-05-25,0.017508412671964884
2019-05-26,0.02290059126953131
2019-05-27,0.03010726221560871
2019-05-28,0.024058329339951334
2019-05-29,0.03536218479023206
2019-05-30,0.034313128327545246
2019-05-31,0.03252141006900688
2019-06-01,0.017529203278948993
2019-06-02,0.014915672449871057
2019-06-03,0.02702686579738032
2019-06-04,0.03084008974516603
2019-06-05,0.03216154442299169
2019-06-06,0.019139452504783928
2019-06-07,0.019182983611114576
2019-06-08,0.011875030587700447
2019-06-09,0.016937794568963573
2019-06-10,0.02340302768538927
2019-06-11,0.020628567130699535
2019-06-12,0.022965156174588768
2019-06-13,0.025567172363580092
2019-06-14,0.025559436250347834
2019-06-15,0.023278647346556783
2019-06-16,0.02160076604705257
2019-06-17,0.021967908374846343
2019-06-18,0.026876639371635872
2019-06-19,0.02808862747084362
2019-06-20,0.021954276785097534
2019-06-21,0.028370538778679472
2019-06-22,0.026406003547813292
2019-06-23,0.02004801057815515
2019-06-24,0.023650130223813754
2019-06-25,0.02696317996221119
2019-06-26,0.03486761761080719
2019-06-27,0.03426581664229364
2019-06-28,0.0251914113782781
2019-06-29,0.024018376020416364
2019-06-30,0.018404820800187304
2019-07-01,0.022886483009205844
2019-07-02,0.021592752260094626
2019-07-03,0.019332479957386954
2019-07-04,0.016314455278422214
2019-07-05,0.015273248184477785
2019-07-06,0.010701460842152077
2019-07-07,0.013396850506286952
2019-07-08,0.016585710314178256
2019-07-09,0.03980180298836124
2019-07-10,0.023189006698228577
2019-07-11,0.03480749560040824
2019-07-12,0.01734019855574873
2019-07-13,0.009670051654700534
2019-07-14,0.020541844012500223
2019-07-15,0.02839425832243206
2019-07-16,0.02380068780136152
2019-07-17,0.025996604864736764
2019-07-18,0.022370877856396767
2019-07-19,0.01847515623377616
2019-07-20,0.012875060316414656
2019-07-21,0.0103575964321208
2019-07-22,0.015341723763337669
2019-07-23,0.014617230773252051
2019-07-24,0.014595612894297026
2019-07-25,0.015420984272306957
2019-07-26,0.023767580699281688
2019-07-27,0.010743197935147391
2019-07-28,0.009104921969150437
2019-07-29,0.01598146260428586
2019-07-30,0.01602561426520411
2019-07-31,0.015621952161156775
2019-08-01,0.027158779695545997
2019-08-02,0.017867912894732146
2019-08-03,0.011708707692295662
2019-08-04,0.009033540372117663
2019-08-05,0.026350301917455063
2019-08-06,0.021183555721060343
2019-08-07,0.016556421730074378
2019-08-08,0.020081066764895246
2019-08-09,0.017387086501305368
2019-08-10,0.012755910335430078
2019-08-11,0.011051339510681529
2019-08-12,0.014111005023257808
2019-08-13,0.015341992197623215
2019-08-14,0.021138296802670827
2019-08-15,0.024279438465473212
2019-08-16,0.019129449607946283
2019-08-17,0.011419965750843732
2019-08-18,0.011517711834359104
2019-08-19,0.015943237257720635
2019-08-20,0.02240192117515166
2019-08-21,0.01655679396479749
2019-08-22,0.01670343069830983
2019-08-23,0.01679526455101285
2019-08-24,0.011676875595266235
2019-08-25,0.011359977921315392
2019-08-26,0.01734678075885956
2019-08-27,0.014917029792028134
2019-08-28,0.017603505169730572
2019-08-29,0.0187684661194876
2019-08-30,0.01883498705382038
2019-08-31,0.02290384442418683
2019-09-01,0.011286339034274891
2019-09-02,0.01656257401980207
2019-09-03,0.024005177560728373
2019-09-04,0.017588679036386945
2019-09-05,0.015560982193175298
2019-09-06,0.01686446997393004
2019-09-07,0.01763247204760634
2019-09-08,0.014387179292668384
2019-09-09,0.017959587159189386
2019-09-10,0.013744188577615578
2019-09-11,0.01725814997183846
2019-09-12,0.014405330697073244
2019-09-13,0.01808833766158287
2019-09-14,0.010955447631307761
2019-09-15,0.012219752685072144
2019-09-16,0.021614047122339802
2019-09-17,0.022333028918556718
2019-09-18,0.02421766324575229
2019-09-19,0.018015425341120342
2019-09-20,0.01729365625298712
2019-09-21,0.009724625954433009
2019-09-22,0.009784595680850987
2019-09-23,0.016521182269954873
2019-09-24,0.03072449139864596
2019-09-25,0.02566025725246879
2019-09-26,0.02546140652154696
2019-09-27,0.020139653240354265
2019-09-28,0.014779147984214069
2019-09-29,0.011825400384039592
2019-09-30,0.024308155089891106
2019-10-01,0.015706528992406456
2019-10-02,0.011501170819865522
2019-10-03,0.00927215259080759
2019-10-04,0.0103809616863981
2019-10-05,0.007952146513333319
2019-10-06,0.00885837220465108
2019-10-07,0.013076913454090705
2019-10-08,0.015194889038861783
2019-10-09,0.01707365513433189
2019-10-10,0.013437617653054134
2019-10-11,0.013590307006589348
2019-10-12,0.01128136338782159
2019-10-13,0.007526534181097694
2019-10-14,0.019235554924326485
2019-10-15,0.012373230035662623
2019-10-16,0.013674306213604699
2019-10-17,0.011091466445887942
2019-10-18,0.014003825927664828
2019-10-19,0.008103543377371783
2019-10-20,0.011028125922538375
2019-10-21,0.012517544935966027
2019-10-22,0.01238685918409687
2019-10-23,0.023527204766828878
2019-10-24,0.02279398001561008
2019-10-25,0.01822990896518632
2019-10-26,0.021354292581590616
2019-10-27,0.011180422542858543
2019-10-28,0.02882866639864397
2019-10-29,0.01825443939145729
2019-10-30,0.01602996733759364
2019-10-31,0.01580214126809821
2019-11-01,0.012907396833928799
2019-11-02,0.008635742024253075
2019-11-03,0.009718010023644167
2019-11-04,0.01648997265306986
2019-11-05,0.020697158804974056
2019-11-06,0.0124445502372317
2019-11-07,0.010684173071678365
2019-11-08,0.013258371911228433
2019-11-09,0.007767137195788494
2019-11-10,0.007382639111659577
2019-11-11,0.0114004903001464
2019-11-12,0.015443492717663996
2019-11-13,0.011932243862561805
2019-11-14,0.010385412703244258
2019-11-15,0.013696078364778104
2019-11-16,0.007810677100063964
2019-11-17,0.007244759828747741
2019-11-18,0.012774452123661361
2019-11-19,0.013382285036841501
2019-11-20,0.012198151742319155
2019-11-21,0.01767673844462851
2019-11-22,0.030812976467689775
2019-11-23,0.011345191950771305
2019-11-24,0.00969070124749795
2019-11-25,0.02667029384347575
2019-11-26,0.012368424315594557
2019-11-27,0.020660021773110195
2019-11-28,0.018882029396342686
2019-11-29,0.012708095610515197
2019-11-30,0.012006685953174378
2019-12-01,0.007660157070136883
2019-12-02,0.01572232363979207
2019-12-03,0.011652332123377289
2019-12-04,0.012798568903322812
2019-12-05,0.01261993481091449
2019-12-06,0.01293851355177531
2019-12-07,0.006919729070118803
2019-12-08,0.0050910547443137255
2019-12-09,0.010484665259187101
2019-12-10,0.014272839361836808
2019-12-11,0.00816933230253441
2019-12-12,0.010829362915514664
2019-12-13,0.010019223982440126
2019-12-14,0.0073119723768082
2019-12-15,0.0059608394413196535
2019-12-16,0.01427219782245133
2019-12-17,0.024446202039446068
2019-12-18,0.028126952570331192
2019-12-19,0.029985010651469343
2019-12-20,0.01242918820002568
2019-12-21,0.00775759858262509
2019-12-22,0.007400126555575802
2019-12-23,0.016588752090653126
2019-12-24,0.011104354433353891
2019-12-25,0.013354104063136337
2019-12-26,0.010661855695162455
2019-12-27,0.011527811649652449
2019-12-28,0.00904423593971042
2019-12-29,0.009334450460473705
2019-12-30,0.013330152473139895
2019-12-31,0.018995479758354538
2020-01-01,0.005645470144066794
2020-01-02,0.010228648594638953
2020-01-03,0.016961670204419407
2020-01-04,0.010369177778825683
2020-01-05,0.008232390789826731
2020-01-06,0.01502772531366325
2020-01-07,0.012839317031430195
2020-01-08,0.017727434837083743
2020-01-09,0.012251590955996794
2020-01-10,0.012065977257436269
2020-01-11,0.012360067189171202
2020-01-12,0.009090255614456817
2020-01-13,0.013096743049271492
2020-01-14,0.02371903730238414
2020-01-15,0.019101809848358523
2020-01-16,0.015431190946348435
2020-01-17,0.01447004451458693
2020-01-18,0.01559686710917895
2020-01-19,0.010792345223799333
2020-01-20,0.009666003243708353
2020-01-21,0.009002101179250205
2020-01-22,0.008424309372940648
2020-01-23,0.010174094520733439
2020-01-24,0.013700244810776408
2020-01-25,0.0041051150856082205
2020-01-26,0.005607611637953491
2020-01-27,0.00986442127190152
2020-01-28,0.010853523935024046
2020-01-29,0.0115427498603003
2020-01-30,0.012394679175624585
2020-01-31,0.01746607160716726
2020-02-01,0.009990279363628663
2020-02-02,0.010026049496025294
2020-02-03,0.012009339348125533
2020-02-04,0.014321780027108872
2020-02-05,0.014390927572851965
2020-02-06,0.02110848906485488
2020-02-07,0.021951637955887802
2020-02-08,0.011783504093980211
2020-02-09,0.011954104655314676
2020-02-10,0.01661473389497859
2020-02-11,0.013088681641077455
2020-02-12,0.025190660720689623
2020-02-13,0.020985768845819985
2020-02-14,0.01738259015523737
2020-02-15,0.01713669734098502
2020-02-16,0.015240599436798688
2020-02-17,0.02429858914949996
2020-02-18,0.020568209174456443
2020-02-19,0.016143089968007757
2020-02-20,0.02063627491851701
2020-02-21,0.015543362415154251
2020-02-22,0.008412913208551831
2020-02-23,0.011319555295213642
2020-02-24,0.015521541745722333
2020-02-25,0.017021004860447886
2020-02-26,0.025897368411945156
2020-02-27,0.024344575319630333
2020-02-28,0.01637121324278795
2020-02-29,0.01046246357355179
2020-03-01,0.015031851034464123
2020-03-02,0.02291720085308025
2020-03-03,0.015995695250382466
2020-03-04,0.013516357933724927
2020-03-05,0.015758756763178575
2020-03-06,0.016930547814361416
2020-03-07,0.010774580476398189
2020-03-08,0.016990506844765205
2020-03-09,0.03478511735377327
2020-03-10,0.0238342895853154
2020-03-11,0.022189408118866705
2020-03-12,0.08378270534515021
2020-03-13,0.07426677501124508
2020-03-14,0.028808437730659484
2020-03-15,0.028386873195404713
2020-03-16,0.05676048906685419
2020-03-17,0.03016651980025407
2020-03-18,0.025120869908847102
2020-03-19,0.03459518105386342
2020-03-20,0.03413409396637044
2020-03-21,0.015292990585025429
2020-03-22,0.0157275554640046
2020-03-23,0.023854365275612785
2020-03-24,0.03959814161378403
2020-03-25,0.02095662095645812
2020-03-26,0.019138978930388403
2020-03-27,0.015538344850662364
2020-03-28,0.01698024399130593
2020-03-29,0.010979026222362803
2020-03-30,0.014940068212735018
2020-03-31,0.018853167228776956
2020-04-01,0.01291627658177253
2020-04-02,0.020205159755739215
2020-04-03,0.019955068051089486
2020-04-04,0.010733328987652278
2020-04-05,0.00871888473408586
2020-04-06,0.024436519031738862
2020-04-07,0.02547542634404472
2020-04-08,0.01654379050561473
2020-04-09,0.013822709669055053
2020-04-10,0.027938660001238173
2020-04-11,0.008995037901056036
2020-04-12,0.009740106863787587
2020-04-13,0.01905886854468466
2020-04-14,0.012354939371220694
2020-04-15,0.012456377920675398
2020-04-16,0.024662191606207105
2020-04-17,0.015183313452879587
2020-04-18,0.015626250561604587
2020-04-19,0.012982413455223513
2020-04-20,0.023030970784943143
2020-04-21,0.01925088455827574
2020-04-22,0.017777378657668985
2020-04-23,0.019523063262250975
2020-04-24,0.030436685804679495
2020-04-25,0.013141249668325763
2020-04-26,0.012284511186532078
2020-04-27,0.018687584207788422
2020-04-28,0.011723702370757712
2020-04-29,0.024045348603965074
2020-04-30,0.028199923136094037
2020-05-01,0.013130215764770966
2020-05-02,0.010925295635355381
2020-05-03,0.011268526861964112
2020-05-04,0.01514352690806748
2020-05-05,0.01452660797752619
2020-05-06,0.01975545272685583
2020-05-07,0.027058647608624434
2020-05-08,0.019702558383135317
2020-05-09,0.013172467460967804
2020-05-10,0.029158072360430057
2020-05-11,0.02150601663658189
2020-05-12,0.021751423847149714
2020-05-13,0.02243269922070577
2020-05-14,0.020347788128837436
2020-05-15,0.01732573095445946
2020-05-16,0.011344060389959056
2020-05-17,0.012079483067988917
2020-05-18,0.0189054133110515
2020-05-19,0.014231090565294074
2020-05-20,0.014960181959567255
2020-05-21,0.01801213021471567
2020-05-22,0.01668842549437199
2020-05-23,0.014890328544126162
2020-05-24,0.011080469531238485
2020-05-25,0.01372629464064886
2020-05-26,0.01693428200308294
2020-05-27,0.013669582312211315
2020-05-28,0.018901802235567623
2020-05-29,0.023257312686056308
2020-05-30,0.021893292230666585
2020-05-31,0.019519208416552438
2020-06-01,0.018796276422492014
2020-06-02,0.03355233122858118
2020-06-03,0.013556710448424528
2020-06-04,0.014179211699164673
2020-06-05,0.01697295604059661
2020-06-06,0.008140156802519722
2020-06-07,0.010165405641226187
2020-06-08,0.014058163138022708
2020-06-09,0.014729054500616423
2020-06-10,0.016649064320771664
2020-06-11,0.021250878056370753
2020-06-12,0.014597501689224654
2020-06-13,0.007538240626713711
2020-06-14,0.00902707100251602
2020-06-15,0.023476147381175264
2020-06-16,0.014663404753834241
2020-06-17,0.014557615920951322
2020-06-18,0.01639991654862289
2020-06-19,0.017393333217414222
2020-06-20,0.009330903348103919
2020-06-21,0.013544789401179985
2020-06-22,0.022409401038440226
2020-06-23,0.021298301074481715
2020-06-24,0.037427235961863724
2020-06-25,0.050501175445024735
2020-06-26,0.02507134396193026
2020-06-27,0.016283940496681592
2020-06-28,0.012025988741668808
2020-06-29,0.013940073048500205
2020-06-30,0.017829139974381705
2020-07-01,0.01637186623022373
2020-07-02,0.016170781583629598
2020-07-03,0.0160978480968726
2020-07-04,0.010690350031045041
2020-07-05,0.009056682105194343
2020-07-06,0.02007158810422337
2020-07-07,0.020270741479819675
2020-07-08,0.028286933103377935
2020-07-09,0.021649977895611794
2020-07-10,0.021919374991962715
2020-07-11,0.009780872469706327
2020-07-12,0.0110028402801353
2020-07-13,0.02230474094586642
2020-07-14,0.028432135509302132
2020-07-15,0.016732932500559756
2020-07-16,0.019602635030566647
2020-07-17,0.016758130296386748
2020-07-18,0.011882485781624996
2020-07-19,0.014434559837743291
2020-07-20,0.019801461627863958
2020-07-21,0.020871145876184688
2020-07-22,0.026047726574833563
2020-07-23,0.04548718460576704
2020-07-24,0.027188524754182604
2020-07-25,0.025284344026830777
2020-07-26,0.029850420599015683
2020-07-27,0.04339611752790623
2020-07-28,0.02890408118234939
2020-07-29,0.027057447967666393
2020-07-30,0.028407803509400188
2020-07-31,0.029776927486890536
2020-08-01,0.027194822622561496
2020-08-02,0.029232967083209407
2020-08-03,0.028622677873047064
2020-08-04,0.029879306131147077
2020-08-05,0.02155679642890051
2020-08-06,0.021797916475315746
2020-08-07,0.0252986652290616
2020-08-08,0.0143686947814308
2020-08-09,0.016401287612951895
2020-08-10,0.028742085860834307
2020-08-11,0.026903340087844896
2020-08-12,0.036776768608690176
2020-08-13,0.03461543706292965
2020-08-14,0.039977445197788675
2020-08-15,0.019429258637215892
2020-08-16,0.018326288188572074
2020-08-17,0.02607584028225458
2020-08-18,0.02570084566985576
2020-08-19,0.0262540642800635
2020-08-20,0.026546450789463428
2020-08-21,0.027388637125391684
2020-08-22,0.01905208643374778
2020-08-23,0.013197615175546738
2020-08-24,0.02519564634328485
2020-08-25,0.024572790161997836
2020-08-26,0.024890538243555475
2020-08-27,0.020255962048356495
2020-08-28,0.03018057386509789
2020-08-29,0.023799297233742023
2020-08-30,0.029903729920840227
2020-08-31,0.04750957593468173
2020-09-01,0.05886313695079768
2020-09-02,0.0569123120949874
2020-09-03,0.055592430582481034
2020-09-04,0.05669277836627098
2020-09-05,0.05515407318871954
2020-09-06,0.044983923213531965
2020-09-07,0.0366626544725553
2020-09-08,0.03408468805981001
2020-09-09,0.03773593179605323
2020-09-10,0.04980095992850267
2020-09-11,0.04291321158559018
2020-09-12,0.037751382008202175
2020-09-13,0.03741731636999977
2020-09-14,0.047447713306820155
2020-09-15,0.03820657344073544
2020-09-16,0.04168627903086629
2020-09-17,0.051492011693876225
2020-09-18,0.05803073368509654
2020-09-19,0.030328738262388574
2020-09-20,0.03024843482738626
2020-09-21,0.04401440442114646
2020-09-22,0.03214135209416413
2020-09-23,0.03793032361960151
2020-09-24,0.03106969728584582
2020-09-25,0.026720793503999946
2020-09-26,0.020234799169929794
2020-09-27,0.02238418817969423
2020-09-28,0.02802961901691884
2020-09-29,0.03082834028230092
2020-09-30,0.032606370303582204
2020-10-01,0.033109650315103455
2020-10-02,0.029104909257801594
2020-10-03,0.015891454892494564
2020-10-04,0.01477678972660002
2020-10-05,0.021824601973862368
2020-10-06,0.022349208444539043
2020-10-07,0.030148123569855155
2020-10-08,0.025666122444090805
2020-10-09,0.02830906328077901
2020-10-10,0.020180405104286297
2020-10-11,0.01661916801114526
2020-10-12,0.026319589649451126
2020-10-13,0.02218305414340046
2020-10-14,0.030079440561793607
2020-10-15,0.021429086643478663
2020-10-16,0.0255275715105783
2020-10-17,0.0128171789076422
2020-10-18,0.012208922404020984
2020-10-19,0.01956389299052615
2020-10-20,0.02008975027127759
2020-10-21,0.032763441746957264
2020-10-22,0.03282229240161846
2020-10-23,0.02532373102978874
2020-10-24,0.015725727588513757
2020-10-25,0.012257148838436286
2020-10-26,0.028614384320866708
2020-10-27,0.0238855128434589
2020-10-28,0.029946536276096537
2020-10-29,0.0191570932663722
2020-10-30,0.028291041208903384
2020-10-31,0.017006014354406893
2020-11-01,0.01321855866413314
2020-11-02,0.028969415785711355
2020-11-03,0.025315684549975907
2020-11-04,0.02925189196008409
2020-11-05,0.03448825445923274
2020-11-06,0.0371879263849844
2020-11-07,0.031160576190688356
2020-11-08,0.013728051596165088
2020-11-09,0.02400733896089855
2020-11-10,0.022364881427688697
2020-11-11,0.026883366457972745
2020-11-12,0.034321838996449354
2020-11-13,0.02785407510388297
2020-11-14,0.01629565815603468
2020-11-15,0.01440089960194965
2020-11-16,0.02264470287712154
2020-11-17,0.035280434602656
2020-11-18,0.03610371928305335
2020-11-19,0.025915071838566416
2020-11-20,0.03130758804752374
2020-11-21,0.03769129092303038
2020-11-22,0.030073647248308345
2020-11-23,0.03906504290355388
2020-11-24,0.04427537762739457
2020-11-25,0.025377299076373483
2020-11-26,0.04347578094869153
2020-11-27,0.02798186614236455
2020-11-28,0.014820264349067991
2020-11-29,0.015406855167013752
2020-11-30,0.028624939155782472
2020-12-01,0.035503594522246565
2020-12-02,0.021136618155666878
2020-12-03,0.020668969536192988
2020-12-04,0.022741220847383625
2020-12-05,0.015608355881093518
2020-12-06,0.013500068214370154
2020-12-07,0.02377850990839182
2020-12-08,0.021992991396419376
2020-12-09,0.029125271782584842
2020-12-10,0.026037631362714076
2020-12-11,0.025573256483944297
2020-12-12,0.015129149466060636
2020-12-13,0.01438392040747037
2020-12-14,0.018282252742529356
2020-12-15,0.021026509518331314
2020-12-16,0.0283419650729387
2020-12-17,0.042227437481727255
2020-12-18,0.026442902117907063
2020-12-19,0.02601480149596825
2020-12-20,0.015308694917741401
2020-12-21,0.02979214093450222
2020-12-22,0.02650271284216416
2020-12-23,0.024464225946283114
2020-12-24,0.024800000425822383
2020-12-25,0.015243713625360391
2020-12-26,0.017163316612771387
2020-12-27,0.029268024604858972
2020-12-28,0.031110801995008378
2020-12-29,0.03586943483619973
2020-12-30,0.03179286109030813
2020-12-31,0.02632752114061789
2021-01-01,0.021786438590806274
2021-01-02,0.022253410517150598
2021-01-03,0.050631542257385614
2021-01-04,0.06615099989813694
2021-01-05,0.04135611937337221
2021-01-06,0.049131085989999865
2021-01-07,0.049086936853724734
2021-01-08,0.05165121890090255
2021-01-09,0.027788773886159888
2021-01-10,0.02929654811441053
2021-01-11,0.058611830797987
2021-01-12,0.031773577874527774
2021-01-13,0.0337848469447333
2021-01-14,0.05781338921347264
2021-01-15,0.032491722433122094
2021-01-16,0.02489613424730035
2021-01-17,0.020826379274191672
2021-01-18,0.024989678240100042
2021-01-19,0.04749484161974892
2021-01-20,0.05034586889255605
2021-01-21,0.038061713560948576
2021-01-22,0.04021184324599695
2021-01-23,0.021242812100303488
2021-01-24,0.0268504367142253
2021-01-25,0.03467429641795079
2021-01-26,0.03465778773575247
2021-01-27,0.034250426432012135
2021-01-28,0.029412777171884476
2021-01-29,0.045682154030411155
2021-01-30,0.028159169234544337
2021-01-31,0.025891102846814885
2021-02-01,0.02732534356642408
2021-02-02,0.04336926724837009
2021-02-03,0.040830900989025275
2021-02-04,0.0437408058502146
2021-02-05,0.036859650299562445
2021-02-06,0.029891904876326494
2021-02-07,0.025526711535422932
2021-02-08,0.034590996440882565
2021-02-09,0.0310690372803183
2021-02-10,0.03099240374039512
2021-02-11,0.0260742665361691
2021-02-12,0.02865526907859442
2021-02-13,0.019112012233700956
2021-02-14,0.01855278131668955
2021-02-15,0.023671296409352557
2021-02-16,0.024274854669827966
2021-02-17,0.02717093872154597
2021-02-18,0.03241545548999669
2021-02-19,0.026155209477360088
