Date,indicators/cdd
2015-08-07,13578364.0375134
2015-08-08,115907754.164767
2015-08-09,5399171.05719957
2015-08-10,9413977.11817756
2015-08-11,5332549.35104379
2015-08-12,4078404.90985315
2015-08-13,9757533.57969835
2015-08-14,17053682.2062707
2015-08-15,27008525.2229149
2015-08-16,9444090.19968637
2015-08-17,17639495.1246215
2015-08-18,14233931.9090785
2015-08-19,5168761.77150204
2015-08-20,3250469.75319917
2015-08-21,4146760.6333303
2015-08-22,5636126.25402972
2015-08-23,6363519.67491
2015-08-24,4099960.06056889
2015-08-25,5816905.93178024
2015-08-26,3909521.71488388
2015-08-27,2111127.34387516
2015-08-28,3317478.67720368
2015-08-29,6268674.26754996
2015-08-30,3808070.21343006
2015-08-31,3267380.35759727
2015-09-01,25172936.3235761
2015-09-02,1923931.06029303
2015-09-03,2874395.897304
2015-09-04,3009166.23311498
2015-09-05,1509880.03690298
2015-09-06,3859755.5016474
2015-09-07,2714832.39657954
2015-09-08,4833887.94361743
2015-09-09,40548963.061691
2015-09-10,1981962.16735962
2015-09-11,6948303.61938625
2015-09-12,4171862.60227903
2015-09-13,3626883.99553688
2015-09-14,3303690.11219957
2015-09-15,27869569.067385
2015-09-16,5283232.53862848
2015-09-17,3240585.99418507
2015-09-18,8071087.1093031
2015-09-19,1965487.86422866
2015-09-20,695299.461577782
2015-09-21,2347123.10935142
2015-09-22,3205892.18626293
2015-09-23,1345070.1674553
2015-09-24,6702183.68079723
2015-09-25,8915643.20370724
2015-09-26,4468508.72856581
2015-09-27,5514085.09432227
2015-09-28,15062057.732397
2015-09-29,4682700.34790512
2015-09-30,8503710.69364442
2015-10-01,19071297.6642731
2015-10-02,2767067.58305138
2015-10-03,608979.602594535
2015-10-04,9396945.47536842
2015-10-05,2155168.51447432
2015-10-06,7967526.30845006
2015-10-07,4378324.56681547
2015-10-08,5998722.20385785
2015-10-09,4281908.55894432
2015-10-10,1151677.18981897
2015-10-11,1364681.06015036
2015-10-12,9065614.66014066
2015-10-13,12006188.8145138
2015-10-14,23668343.0209027
2015-10-15,37156077.636416
2015-10-16,5462659.74392595
2015-10-17,4884560.1342103
2015-10-18,2859420.39290972
2015-10-19,15693772.3009492
2015-10-20,12272604.9776926
2015-10-21,15997915.0460141
2015-10-22,13206485.9667649
2015-10-23,21992669.7966723
2015-10-24,755093.153652274
2015-10-25,3696033.93102609
2015-10-26,17645265.7928047
2015-10-27,87674874.9589695
2015-10-28,19407904.952458
2015-10-29,40867345.1593293
2015-10-30,49611685.7412004
2015-10-31,6453628.43253001
2015-11-01,2402506.22273563
2015-11-02,7209146.73610008
2015-11-03,6937376.00602703
2015-11-04,15407404.6532564
2015-11-05,8280254.20195932
2015-11-06,42282819.19447
2015-11-07,77547644.3214959
2015-11-08,6377567.89661491
2015-11-09,97000736.0122814
2015-11-10,3339529.56417934
2015-11-11,1594267.27467305
2015-11-12,7017238.08002224
2015-11-13,5769334.79868524
2015-11-14,6743073.81647924
2015-11-15,3431527.82163905
2015-11-16,5847657.6761445
2015-11-17,86639514.7587807
2015-11-18,43490103.8804977
2015-11-19,2348788.23467007
2015-11-20,3083656.24598053
2015-11-21,2109879.04092446
2015-11-22,4517269.58423198
2015-11-23,48087003.9120692
2015-11-24,8780615.62960208
2015-11-25,3234020.91870223
2015-11-26,84148058.5502386
2015-11-27,68178688.4077739
2015-11-28,956239.399813818
2015-11-29,5943737.20120584
2015-11-30,5546452.03884988
2015-12-01,4728006.23226883
2015-12-02,5113894.09784889
2015-12-03,2068973.41125535
2015-12-04,4704848.2084764
2015-12-05,2046911.47899503
2015-12-06,7591208.29646193
2015-12-07,13584371.4868094
2015-12-08,3995011.78206186
2015-12-09,3489428.28433046
2015-12-10,6699545.89928126
2015-12-11,15061349.8359516
2015-12-12,16405197.0930233
2015-12-13,4130572.37608662
2015-12-14,42551768.5547318
2015-12-15,20218670.6439389
2015-12-16,154618041.078436
2015-12-17,22430211.9045655
2015-12-18,6177613.49917713
2015-12-19,5642821.09742603
2015-12-20,2680185.07225762
2015-12-21,10229444.2929839
2015-12-22,1669469.75176296
2015-12-23,3016884.63863738
2015-12-24,1033831.40922434
2015-12-25,528084.149724944
2015-12-26,1222337.64877239
2015-12-27,1385131.74885694
2015-12-28,26862345.52827
2015-12-29,9412613.49402698
2015-12-30,7205396.87769272
2015-12-31,12222614.3049128
2016-01-01,12464247.8000515
2016-01-02,7144353.26254684
2016-01-03,10157711.4764559
2016-01-04,1269191.91653028
2016-01-05,35894662.1463254
2016-01-06,49233422.9072899
2016-01-07,12239942.659167
2016-01-08,3143188.10777172
2016-01-09,2084626.68015555
2016-01-10,2539781.18858546
2016-01-11,18472473.8651427
2016-01-12,23543225.1397002
2016-01-13,5010068.19233111
2016-01-14,15888167.280218
2016-01-15,35416482.1887676
2016-01-16,14313934.6814626
2016-01-17,16803598.7500198
2016-01-18,97941161.0310331
2016-01-19,35217374.726101
2016-01-20,26429600.5672187
2016-01-21,13502803.7063448
2016-01-22,64578454.9159564
2016-01-23,46240900.0713759
2016-01-24,78249028.7781229
2016-01-25,76523585.1082402
2016-01-26,54982784.8189835
2016-01-27,43956523.1086327
2016-01-28,44316002.2199232
2016-01-29,51124939.1645464
2016-01-30,36369186.0478549
2016-01-31,24834656.9062128
2016-02-01,24094642.7013534
2016-02-02,44634818.0970185
2016-02-03,36432303.03982
2016-02-04,7146198.69114604
2016-02-05,36804977.8715046
2016-02-06,6923062.92737971
2016-02-07,90743829.1203399
2016-02-08,69477990.8388267
2016-02-09,110464577.957999
2016-02-10,155940150.035593
2016-02-11,74439025.5351818
2016-02-12,118236994.171755
2016-02-13,37492638.8532661
2016-02-14,40933851.7425702
2016-02-15,42602852.8327753
2016-02-16,70649429.4538021
2016-02-17,22173588.8530122
2016-02-18,84393973.8025483
2016-02-19,8259657.10217737
2016-02-20,8814247.00603026
2016-02-21,21889409.1199272
2016-02-22,20691805.5437324
2016-02-23,23449784.2135174
2016-02-24,33313232.6016861
2016-02-25,41036772.9086101
2016-02-26,343941720.525805
2016-02-27,42095925.3426231
2016-02-28,12594044.1503047
2016-02-29,21313104.6921715
2016-03-01,46907867.7506875
2016-03-02,258059264.884365
2016-03-03,107600131.454989
2016-03-04,74443890.6244899
2016-03-05,145089147.605269
2016-03-06,85759564.8905728
2016-03-07,106381055.07828
2016-03-08,262147483.072305
2016-03-09,33319971.6741481
2016-03-10,35801306.7192233
2016-03-11,57527753.7574554
2016-03-12,41947521.9239687
2016-03-13,75670420.8268146
2016-03-14,58383182.8083901
2016-03-15,70742939.2896609
2016-03-16,45972502.2849176
2016-03-17,58159348.2806698
2016-03-18,32094673.6603212
2016-03-19,21780798.7274373
2016-03-20,33842898.6897261
2016-03-21,31736491.890018
2016-03-22,19588899.6654298
2016-03-23,16635338.8261099
2016-03-24,45537543.0112492
2016-03-25,25362556.4743548
2016-03-26,18395050.3649574
2016-03-27,92984629.5049628
2016-03-28,14827883.774032
2016-03-29,57039420.8678988
2016-03-30,45900749.1792643
2016-03-31,36540564.7884711
2016-04-01,10913260.3962313
2016-04-02,16907046.4566485
2016-04-03,6432104.23771902
2016-04-04,15136348.4195865
2016-04-05,21699291.267331
2016-04-06,21199528.9422393
2016-04-07,18060087.854077
2016-04-08,26095559.1974989
2016-04-09,57020286.958282
2016-04-10,36997919.0769935
2016-04-11,10691371.3054528
2016-04-12,22250286.654963
2016-04-13,28142162.3642228
2016-04-14,77411441.5277653
2016-04-15,10894095.7963404
2016-04-16,12453697.0269551
2016-04-17,9359383.63240742
2016-04-18,6899833.94640173
2016-04-19,9323328.66452968
2016-04-20,16798252.8521287
2016-04-21,10778388.1831612
2016-04-22,17252213.9770155
2016-04-23,81669261.0639359
2016-04-24,7380128.95213571
2016-04-25,13704497.3510073
2016-04-26,18647885.4685552
2016-04-27,13026130.406181
2016-04-28,12774586.8699324
2016-04-29,17203652.1269586
2016-04-30,123208558.355943
2016-05-01,71800409.3050302
2016-05-02,41594487.1822124
2016-05-03,57065244.9538504
2016-05-04,24433228.2846124
2016-05-05,52142499.5997807
2016-05-06,72281308.1824005
2016-05-07,100102595.956142
2016-05-08,57924966.684706
2016-05-09,109102627.563082
2016-05-10,79962955.6938238
2016-05-11,219191200.606376
2016-05-12,160157372.587735
2016-05-13,494714401.953034
2016-05-14,476307775.968369
2016-05-15,98949072.1912847
2016-05-16,58740670.8344078
2016-05-17,21957992.2367986
2016-05-18,59126206.6667847
2016-05-19,185640745.948892
2016-05-20,48061630.8341981
2016-05-21,12157058.773214
2016-05-22,31219183.8820592
2016-05-23,48936804.3077325
2016-05-24,48312715.5343297
2016-05-25,72243298.0984409
2016-05-26,44068271.4324794
2016-05-27,88533570.8972572
2016-05-28,101867146.519175
2016-05-29,48105642.6792963
2016-05-30,19761552.8665317
2016-05-31,24125072.7714898
2016-06-01,17108003.0363752
2016-06-02,18564101.8495702
2016-06-03,8243610.13949413
2016-06-04,13344798.7170356
2016-06-05,12952824.556716
2016-06-06,7839824.44935893
2016-06-07,42239823.9655276
2016-06-08,89647674.5089492
2016-06-09,29555120.4188776
2016-06-10,28624403.2082797
2016-06-11,21175581.4392882
2016-06-12,35055767.1143046
2016-06-13,24489506.2465881
2016-06-14,26471867.8881382
2016-06-15,23179309.9173325
2016-06-16,98953075.3121916
2016-06-17,316669754.411384
2016-06-18,218015117.858927
2016-06-19,35313857.1070696
2016-06-20,62393270.7913818
2016-06-21,345027307.16476
2016-06-22,45570281.7273769
2016-06-23,71810246.4530715
2016-06-24,69539597.1005952
2016-06-25,34075945.1336575
2016-06-26,5321557.86635826
2016-06-27,21133782.6751057
2016-06-28,60402842.8980112
2016-06-29,52560398.344337
2016-06-30,43812558.6179326
2016-07-01,13029120.8251818
2016-07-02,6947856.55986811
2016-07-03,16432363.9293782
2016-07-04,104387227.000789
2016-07-05,201926297.397801
2016-07-06,8275410.7375883
2016-07-07,76384644.5814181
2016-07-08,23445740.0279207
2016-07-09,4280379.55782517
2016-07-10,22568401.4582996
2016-07-11,30005145.3324278
2016-07-12,24702656.1712123
2016-07-13,41265205.281461
2016-07-14,13105349.8050692
2016-07-15,206663297.05268
2016-07-16,20143769.3965357
2016-07-17,22875320.6465957
2016-07-18,16659520.4674694
2016-07-19,708557035.387223
2016-07-20,401445485.50132
2016-07-21,30867242.2619484
2016-07-22,31250927.5081862
2016-07-23,23968198.8608306
2016-07-24,277451287.627028
2016-07-25,315674127.547103
2016-07-26,342346924.906432
2016-07-27,318739477.8323
2016-07-28,122834800.814429
2016-07-29,136000555.469239
2016-07-30,59919529.0671104
2016-07-31,90730478.117241
2016-08-01,234857965.285108
2016-08-02,99085753.4906842
2016-08-03,318831975.806557
2016-08-04,140550997.705576
2016-08-05,246050035.220116
2016-08-06,61882552.0515001
2016-08-07,68709621.505323
2016-08-08,64415875.5206678
2016-08-09,171185778.38743
2016-08-10,179978538.710418
2016-08-11,174728390.168564
2016-08-12,27876736.6396932
2016-08-13,49214080.3212183
2016-08-14,48365658.5067444
2016-08-15,21185997.9108633
2016-08-16,12235360.4012929
2016-08-17,37033179.3614263
2016-08-18,29528938.787059
2016-08-19,19104703.4602813
2016-08-20,14052576.712604
2016-08-21,29370070.0368394
2016-08-22,60036434.4226977
2016-08-23,25239158.9073582
2016-08-24,21972387.4587781
2016-08-25,27991908.2328477
2016-08-26,19325955.9104506
2016-08-27,8982761.93948676
2016-08-28,10391499.1536658
2016-08-29,44041375.6141241
2016-08-30,16865329.2221496
2016-08-31,17146012.6413242
2016-09-01,20698129.4567616
2016-09-02,24274426.6544124
2016-09-03,12708438.3698182
2016-09-04,21436355.0975551
2016-09-05,18106835.1456371
2016-09-06,22750378.6651744
2016-09-07,14513233.0273259
2016-09-08,44357609.3557834
2016-09-09,19293134.8580254
2016-09-10,7609014.76005859
2016-09-11,28467368.4130756
2016-09-12,38731127.7459045
2016-09-13,19699263.2797081
2016-09-14,26269090.0545862
2016-09-15,8065724.8783283
2016-09-16,95352083.5917771
2016-09-17,6422966.25470856
2016-09-18,12281061.0877811
2016-09-19,8821052.9744077
2016-09-20,27092725.9634682
2016-09-21,193847861.822986
2016-09-22,35183825.7145715
2016-09-23,14348193.0920377
2016-09-24,117678729.94983
2016-09-25,25202337.4192134
2016-09-26,17819055.9408291
2016-09-27,9549812.27529105
2016-09-28,437354880.925525
2016-09-29,140427188.392225
2016-09-30,46358216.074941
2016-10-01,23760745.8387343
2016-10-02,41757029.9842371
2016-10-03,10768943.8480308
2016-10-04,9891725.13355157
2016-10-05,18189750.1328722
2016-10-06,21528469.1127128
2016-10-07,15167728.7210575
2016-10-08,18311006.5049096
2016-10-09,14838508.3005077
2016-10-10,25262109.6392429
2016-10-11,90240825.637714
2016-10-12,71452202.6736215
2016-10-13,6312801.38173549
2016-10-14,184053676.065619
2016-10-15,7160509.51736923
2016-10-16,7436008.15975088
2016-10-17,21831142.8759383
2016-10-18,9029884.01634915
2016-10-19,9885576.3747104
2016-10-20,11304178.0168677
2016-10-21,24362003.7306148
2016-10-22,4577719.46435009
2016-10-23,6766131.53042086
2016-10-24,12952172.5100102
2016-10-25,17227317.4071383
2016-10-26,40879495.0304785
2016-10-27,12334833.430595
2016-10-28,81796942.1383343
2016-10-29,34770747.9167546
2016-10-30,128935990.553436
2016-10-31,18998409.9660095
2016-11-01,25854957.8530062
2016-11-02,35930155.0250785
2016-11-03,17464338.7375486
2016-11-04,11745761.9752013
2016-11-05,15603592.4147014
2016-11-06,7065074.72310001
2016-11-07,14398497.5712845
2016-11-08,9822575.0861448
2016-11-09,9057770.43768056
2016-11-10,9114939.93210836
2016-11-11,62960669.3574277
2016-11-12,19939657.8412115
2016-11-13,34698094.6239694
2016-11-14,5241191.13500063
2016-11-15,22729592.3527181
2016-11-16,14762419.8836083
2016-11-17,54811802.9217533
2016-11-18,15883369.3194747
2016-11-19,28677054.6313779
2016-11-20,41437551.7955124
2016-11-21,22451039.5044539
2016-11-22,32910026.6353883
2016-11-23,7443340.58455807
2016-11-24,30151051.8798173
2016-11-25,11222797.2128664
2016-11-26,29543286.8982746
2016-11-27,10576686.6036784
2016-11-28,33118802.7493289
2016-11-29,56659671.252667
2016-11-30,29917249.14647
2016-12-01,35447491.4344162
2016-12-02,46575891.7269386
2016-12-03,60331309.7848204
2016-12-04,22156856.1454869
2016-12-05,52839940.6997876
2016-12-06,86243743.0814797
2016-12-07,57060091.1559455
2016-12-08,72101357.5277183
2016-12-09,13428845.722554
2016-12-10,11598314.9827223
2016-12-11,39017963.5200499
2016-12-12,8291623.21041079
2016-12-13,28612477.0984891
2016-12-14,7949542.33344437
2016-12-15,13468286.2307735
2016-12-16,10459798.9187525
2016-12-17,42454142.0446938
2016-12-18,12231481.2905635
2016-12-19,32222119.1086646
2016-12-20,26053013.2853537
2016-12-21,35413816.6900899
2016-12-22,23131306.9166785
2016-12-23,135105573.185996
2016-12-24,5435420.99948614
2016-12-25,11741422.8505667
2016-12-26,16760538.5274406
2016-12-27,30203158.9413351
2016-12-28,31968598.2794484
2016-12-29,37738087.6549142
2016-12-30,38681412.9803091
2016-12-31,14815569.2979211
2017-01-01,65442218.1874961
2017-01-02,14796095.9014905
2017-01-03,23207797.227399
2017-01-04,83196551.8419735
2017-01-05,52881650.5706184
2017-01-06,85056208.8263088
2017-01-07,54960346.5557826
2017-01-08,8526363.19248036
2017-01-09,56802141.7837931
2017-01-10,32022990.1809203
2017-01-11,8136827.19680544
2017-01-12,60828113.310826
2017-01-13,44157648.3132929
2017-01-14,21791124.4205075
2017-01-15,12625726.6246433
2017-01-16,8541894.80404028
2017-01-17,47470462.4207763
2017-01-18,7959888.47772275
2017-01-19,33244459.6080285
2017-01-20,127494341.795331
2017-01-21,14250306.5491589
2017-01-22,33062790.0876618
2017-01-23,12963437.6251937
2017-01-24,9866818.90840395
2017-01-25,64787733.1949266
2017-01-26,15801776.0363832
2017-01-27,16709061.2330577
2017-01-28,6435069.79973842
2017-01-29,71366627.3462698
2017-01-30,6053183.16301971
2017-01-31,12465231.6390804
2017-02-01,13405108.5623485
2017-02-02,55909230.3594737
2017-02-03,15761232.8169826
2017-02-04,39357614.8729996
2017-02-05,26819857.6832336
2017-02-06,19142489.3642685
2017-02-07,25462747.9202135
2017-02-08,20132694.9548933
2017-02-09,13855541.9582951
2017-02-10,58497419.0485176
2017-02-11,38254823.9159786
2017-02-12,28241591.5796792
2017-02-13,18621017.6509647
2017-02-14,44772921.9144408
2017-02-15,52344561.5586869
2017-02-16,84537683.7582082
2017-02-17,13977918.1042144
2017-02-18,9098126.91814735
2017-02-19,16933350.4615515
2017-02-20,15110278.9187256
2017-02-21,49014909.2946646
2017-02-22,17332126.1458468
2017-02-23,17206051.5506018
2017-02-24,43980182.8637553
2017-02-25,28337167.0498412
2017-02-26,38303728.2544982
2017-02-27,243822466.897812
2017-02-28,112707724.192255
2017-03-01,93898077.8007745
2017-03-02,209152036.203282
2017-03-03,159230234.604037
2017-03-04,31130688.1598719
2017-03-05,22752445.4507393
2017-03-06,65991898.9190063
2017-03-07,76644988.4732071
2017-03-08,74563297.5810839
2017-03-09,78453690.3197653
2017-03-10,93422530.7810526
2017-03-11,50880073.3008701
2017-03-12,57812800.9197757
2017-03-13,162044010.658453
2017-03-14,193318595.154089
2017-03-15,97486241.8777637
2017-03-16,307683037.696939
2017-03-17,240773273.13259
2017-03-18,81711516.887238
2017-03-19,32070944.3070456
2017-03-20,160882451.23581
2017-03-21,70664939.7393697
2017-03-22,86572509.584313
2017-03-23,39476718.9259305
2017-03-24,70920024.986603
2017-03-25,43912236.9624791
2017-03-26,95439126.4577276
2017-03-27,34323674.6705858
2017-03-28,51072051.5821355
2017-03-29,111596936.234105
2017-03-30,148353943.9986
2017-03-31,285251681.840353
2017-04-01,40952737.1852747
2017-04-02,39952530.6637191
2017-04-03,114033368.855493
2017-04-04,41375876.1609665
2017-04-05,85483267.6377084
2017-04-06,52960056.5450732
2017-04-07,66537220.7308696
2017-04-08,23750534.0277759
2017-04-09,74105644.6920412
2017-04-10,110595201.649394
2017-04-11,101389254.9774
2017-04-12,59522341.3175953
2017-04-13,42205304.3315897
2017-04-14,67480501.3164925
2017-04-15,14174203.2780652
2017-04-16,7385979.17560963
2017-04-17,21162468.5564449
2017-04-18,46512933.1853203
2017-04-19,38504355.0564623
2017-04-20,61060827.8548122
2017-04-21,18377932.1991298
2017-04-22,100510684.320411
2017-04-23,15505000.684672
2017-04-24,38162836.0163439
2017-04-25,31557612.960107
2017-04-26,252764595.142092
2017-04-27,23593861.0531767
2017-04-28,56609433.7526882
2017-04-29,55343551.0564977
2017-04-30,53363268.5998179
2017-05-01,307687076.142986
2017-05-02,52386771.1163424
2017-05-03,31345757.3613183
2017-05-04,108386755.746032
2017-05-05,246536872.951887
2017-05-06,112701831.877378
2017-05-07,158309842.741098
2017-05-08,43522237.3066853
2017-05-09,132724636.747119
2017-05-10,45764456.6168576
2017-05-11,29672343.4503393
2017-05-12,49118019.0295384
2017-05-13,15479939.6495202
2017-05-14,44069132.3851782
2017-05-15,64026773.2928892
2017-05-16,45002013.5122067
2017-05-17,113811882.484789
2017-05-18,27377514.8760273
2017-05-19,140076035.311168
2017-05-20,34768041.0523442
2017-05-21,213212024.013925
2017-05-22,184025310.381004
2017-05-23,113687416.415272
2017-05-24,104605319.408346
2017-05-25,139779577.246932
2017-05-26,103543304.203579
2017-05-27,135341074.419476
2017-05-28,68266956.1421972
2017-05-29,51330649.3142737
2017-05-30,74357745.9477757
2017-05-31,161813063.311331
2017-06-01,75185829.6820638
2017-06-02,36421094.5280147
2017-06-03,90857682.466519
2017-06-04,29069621.5090254
2017-06-05,84308827.6046738
2017-06-06,51704051.4399111
2017-06-07,141054397.567737
2017-06-08,50456163.1738662
2017-06-09,72133570.0538395
2017-06-10,59985625.1619432
2017-06-11,49734585.5488119
2017-06-12,190947047.149209
2017-06-13,158980368.407645
2017-06-14,96028818.0557809
2017-06-15,60464138.4552417
2017-06-16,53229880.2975307
2017-06-17,64305878.5610782
2017-06-18,60589292.7125787
2017-06-19,58597754.2956651
2017-06-20,176698473.978386
2017-06-21,72405933.3730143
2017-06-22,251365997.4165
2017-06-23,43206193.7903684
2017-06-24,55916647.3959898
2017-06-25,64194089.7928063
2017-06-26,56969097.282654
2017-06-27,45372130.6784833
2017-06-28,22063744.5330606
2017-06-29,440854689.990315
2017-06-30,105750399.091175
2017-07-01,53135250.4917269
2017-07-02,81900951.1963221
2017-07-03,66249470.8883849
2017-07-04,31274781.1353356
2017-07-05,29170511.9972594
2017-07-06,29306541.6294816
2017-07-07,27833115.7054312
2017-07-08,75195998.9601693
2017-07-09,18128370.5556275
2017-07-10,36055544.416236
2017-07-11,38975275.8658662
2017-07-12,82476032.4698153
2017-07-13,67524812.1891183
2017-07-14,60509025.4547593
2017-07-15,37360608.1581468
2017-07-16,75461098.318296
2017-07-17,73417514.5323265
2017-07-18,22271022.0349249
2017-07-19,120578241.450143
2017-07-20,107280174.216958
2017-07-21,29956087.0844241
2017-07-22,85648747.0297318
2017-07-23,21875215.2931543
2017-07-24,38548959.5965122
2017-07-25,24404705.1798741
2017-07-26,22847205.6269919
2017-07-27,23775318.2852299
2017-07-28,86498924.4761553
2017-07-29,38551223.9757878
2017-07-30,13132313.4022918
2017-07-31,29118973.7534452
2017-08-01,79106145.0867867
2017-08-02,28718018.1021131
2017-08-03,74538644.3874387
2017-08-04,15476174.7227862
2017-08-05,17159880.7840825
2017-08-06,71365808.9587514
2017-08-07,81877687.2495625
2017-08-08,29060420.9822466
2017-08-09,121073447.046197
2017-08-10,106695754.334215
2017-08-11,94773775.8103808
2017-08-12,17804597.0117552
2017-08-13,30399335.2248642
2017-08-14,24209885.7131787
2017-08-15,42005451.0193512
2017-08-16,100835371.533438
2017-08-17,30500355.6184202
2017-08-18,39533652.5563707
2017-08-19,17385035.5025205
2017-08-20,41405165.0837129
2017-08-21,109359617.371334
2017-08-22,28874699.0542067
2017-08-23,41116162.6386181
2017-08-24,138516910.818036
2017-08-25,47725724.7955683
2017-08-26,26869831.4434636
2017-08-27,69518118.8998963
2017-08-28,95908427.8811191
2017-08-29,101015630.31564
2017-08-30,74296090.8603894
2017-08-31,92865523.423782
2017-09-01,44819270.6243472
2017-09-02,95984684.7694084
2017-09-03,17864238.9870248
2017-09-04,62563698.012166
2017-09-05,35450268.2331445
2017-09-06,46643550.4530953
2017-09-07,20847531.5185852
2017-09-08,21895263.8695558
2017-09-09,42777070.3284209
2017-09-10,18624199.3192477
2017-09-11,29012710.7002092
2017-09-12,30465622.5157805
2017-09-13,66859714.116642
2017-09-14,113071639.34425
2017-09-15,61049511.6159435
2017-09-16,29627354.5799455
2017-09-17,58371922.3316302
2017-09-18,24908621.5851201
2017-09-19,20521922.7714555
2017-09-20,22230930.2002302
2017-09-21,22147065.8973908
2017-09-22,25226292.9890432
2017-09-23,21457372.4857777
2017-09-24,26190274.8133477
2017-09-25,23984055.1218826
2017-09-26,62793018.1592325
2017-09-27,125464786.441611
2017-09-28,31738419.6030848
2017-09-29,15740639.0149651
2017-09-30,20675530.9140272
2017-10-01,199259177.713112
2017-10-02,119878320.101795
2017-10-03,48167609.3793843
2017-10-04,20961434.7106365
2017-10-05,12861344.3397219
2017-10-06,21549303.6940956
2017-10-07,18798186.2906568
2017-10-08,21383788.0673963
2017-10-09,84478578.182353
2017-10-10,32694513.1011354
2017-10-11,28106655.4936831
2017-10-12,23149661.7652387
2017-10-13,28539854.0711257
2017-10-14,19572461.5588705
2017-10-15,30534835.1716407
2017-10-16,21287705.9496773
2017-10-17,102233029.522509
2017-10-18,23978943.7555964
2017-10-19,29192132.7177653
2017-10-20,28096679.298655
2017-10-21,22177821.1688622
2017-10-22,16333816.0169052
2017-10-23,91134532.7925292
2017-10-24,26107428.7606724
2017-10-25,51664256.7296621
2017-10-26,17944778.4205926
2017-10-27,17523701.4330783
2017-10-28,59389782.1644099
2017-10-29,32388398.2456856
2017-10-30,27183261.8636957
2017-10-31,26146334.6182897
2017-11-01,31864467.183351
2017-11-02,28912803.2122523
2017-11-03,22215609.6340323
2017-11-04,20260862.5570967
2017-11-05,27397318.6701217
2017-11-06,71794014.0788956
2017-11-07,33976164.1336324
2017-11-08,193646936.57948
2017-11-09,40589123.4623726
2017-11-10,25205138.9260726
2017-11-11,19926512.0878093
2017-11-12,59866183.6761459
2017-11-13,69340583.6344745
2017-11-14,68865952.4877485
2017-11-15,33754496.1309492
2017-11-16,38951850.3974669
2017-11-17,29476089.783522
2017-11-18,15409332.7717049
2017-11-19,41794877.8265557
2017-11-20,137645771.876867
2017-11-21,163409103.39525
2017-11-22,140356847.368821
2017-11-23,31561744.2072113
2017-11-24,51839971.9038803
2017-11-25,56795447.7720878
2017-11-26,42779629.3432985
2017-11-27,160561888.410032
2017-11-28,51846904.4395491
2017-11-29,128026547.343933
2017-11-30,73470376.8515528
2017-12-01,29217552.6273891
2017-12-02,26535308.0928183
2017-12-03,23533793.1039179
2017-12-04,72939435.4298972
2017-12-05,59943772.9742546
2017-12-06,57814733.7858238
2017-12-07,252707872.592173
2017-12-08,149374609.654743
2017-12-09,25441827.8635682
2017-12-10,70855406.9140131
2017-12-11,33790149.1830687
2017-12-12,148667770.477479
2017-12-13,80466743.630433
2017-12-14,137449062.414565
2017-12-15,36339561.6420409
2017-12-16,149587064.1512
2017-12-17,72571693.447978
2017-12-18,53988160.0602587
2017-12-19,72245420.1184517
2017-12-20,43292266.9449358
2017-12-21,94044118.7888073
2017-12-22,87028314.8170011
2017-12-23,24197902.7254474
2017-12-24,47881508.5959135
2017-12-25,83222853.5057257
2017-12-26,51739384.0371592
2017-12-27,32473627.4565427
2017-12-28,31194833.6363527
2017-12-29,46042940.136404
2017-12-30,26474523.0803097
2017-12-31,179074361.755246
2018-01-01,48926274.099188
2018-01-02,72603910.9419814
2018-01-03,47733164.8483719
2018-01-04,120170445.576218
2018-01-05,63969436.1045643
2018-01-06,135983889.767426
2018-01-07,45351422.7763122
2018-01-08,111944283.746331
2018-01-09,69323966.4542617
2018-01-10,118893681.6221
2018-01-11,83635723.5976501
2018-01-12,162129255.313953
2018-01-13,69600495.971645
2018-01-14,52704177.8686492
2018-01-15,112473562.224145
2018-01-16,66840394.5794408
2018-01-17,66622571.9095954
2018-01-18,33673932.0337848
2018-01-19,45550118.8435736
2018-01-20,38024261.0097768
2018-01-21,30625703.5746357
2018-01-22,109637949.330767
2018-01-23,81653215.388267
2018-01-24,136820095.743144
2018-01-25,82553601.6734822
2018-01-26,34336917.6539196
2018-01-27,26551317.0890907
2018-01-28,46117321.2259896
2018-01-29,86720083.9223739
2018-01-30,47344835.2884749
2018-01-31,74874260.3464203
2018-02-01,40426344.5026565
2018-02-02,70673249.5696677
2018-02-03,40530749.7443137
2018-02-04,28388181.039463
2018-02-05,40959377.6497738
2018-02-06,65907234.9589506
2018-02-07,115147912.97855
2018-02-08,49765245.6233458
2018-02-09,19463792.8371954
2018-02-10,38071877.5968447
2018-02-11,22957134.2538076
2018-02-12,83906705.4458048
2018-02-13,43506655.9247491
2018-02-14,31257412.2425507
2018-02-15,36981457.7858435
2018-02-16,19680589.651561
2018-02-17,20286141.9636311
2018-02-18,41135856.7403283
2018-02-19,133395600.023354
2018-02-20,25025848.442161
2018-02-21,66714639.3080997
2018-02-22,1100983130.97682
2018-02-23,25521159.5386597
2018-02-24,17873225.7474666
2018-02-25,11169303.9392943
2018-02-26,48358793.9162469
2018-02-27,18394890.9491998
2018-02-28,21866752.7925764
2018-03-01,25731182.5405645
2018-03-02,35001957.1140596
2018-03-03,19391908.4436704
2018-03-04,20129142.1503098
2018-03-05,29044173.0799687
2018-03-06,36915547.4231389
2018-03-07,43293622.187506
2018-03-08,47123684.2642967
2018-03-09,31012574.2599109
2018-03-10,17863205.5495422
2018-03-11,20835877.3129217
2018-03-12,30973372.9433801
2018-03-13,62794138.5441053
2018-03-14,52945879.0629015
2018-03-15,42535088.245735
2018-03-16,23329844.3706582
2018-03-17,22607739.549579
2018-03-18,105870355.818216
2018-03-19,38815535.6353632
2018-03-20,47204346.3175205
2018-03-21,27234590.348778
2018-03-22,44153044.2113789
2018-03-23,33439451.1662708
2018-03-24,23905794.4359201
2018-03-25,15269359.2254623
2018-03-26,52457804.7942523
2018-03-27,53006706.9574096
2018-03-28,106695379.209748
2018-03-29,141525703.400468
2018-03-30,45031551.3244548
2018-03-31,23047324.4893863
2018-04-01,21023236.7856004
2018-04-02,19137235.458633
2018-04-03,23970471.7138855
2018-04-04,38944451.4007638
2018-04-05,38487688.3350896
2018-04-06,17995674.8659473
2018-04-07,9809533.7418723
2018-04-08,22709484.826257
2018-04-09,29822135.39703
2018-04-10,15995116.0779546
2018-04-11,23116147.548665
2018-04-12,52424703.9706374
2018-04-13,34328835.8471733
2018-04-14,8855218.75854714
2018-04-15,23279616.9612777
2018-04-16,19629137.0510368
2018-04-17,18128787.958095
2018-04-18,23787651.7801937
2018-04-19,31625308.523511
2018-04-20,145106061.197416
2018-04-21,35539060.8686121
2018-04-22,14467971.9582214
2018-04-23,128724017.146032
2018-04-24,41066895.1380124
2018-04-25,37714215.6361392
2018-04-26,51538232.7839477
2018-04-27,26088741.4029607
2018-04-28,40222801.3573858
2018-04-29,23592714.8642616
2018-04-30,33944773.7721489
2018-05-01,25795757.9381183
2018-05-02,47371975.9115046
2018-05-03,128100347.698618
2018-05-04,40206396.240883
2018-05-05,30835259.3417384
2018-05-06,25127498.7903592
2018-05-07,44068641.0739994
2018-05-08,27462634.8678581
2018-05-09,59645222.6001772
2018-05-10,28597259.812807
2018-05-11,31423127.0492308
2018-05-12,23166618.7568825
2018-05-13,12294680.4693261
2018-05-14,23460303.3362151
2018-05-15,22308897.1016974
2018-05-16,23860147.0238192
2018-05-17,21255148.1366216
2018-05-18,25586573.8219161
2018-05-19,16895236.4587946
2018-05-20,17129848.9012219
2018-05-21,47364010.5418575
2018-05-22,46396094.0222162
2018-05-23,38641745.6531742
2018-05-24,27016013.0273567
2018-05-25,23056906.6173559
2018-05-26,24923149.2252111
2018-05-27,242561227.218476
2018-05-28,135485595.379736
2018-05-29,65300764.1343996
2018-05-30,33726410.5499536
2018-05-31,35238566.0526934
2018-06-01,33968449.1800203
2018-06-02,26674117.2437566
2018-06-03,11653205.1760699
2018-06-04,28334934.8741708
2018-06-05,25738877.4988425
2018-06-06,22091829.9283834
2018-06-07,30687025.1702177
2018-06-08,36831312.8899576
2018-06-09,11818564.9290524
2018-06-10,37332326.3205539
2018-06-11,31653299.2538059
2018-06-12,28793047.2833893
2018-06-13,43897461.0009598
2018-06-14,30417660.3625806
2018-06-15,34478436.7632283
2018-06-16,12121287.9289062
2018-06-17,8175724.22776769
2018-06-18,20036300.4413817
2018-06-19,21022307.1408135
2018-06-20,39746346.7414203
2018-06-21,20085727.6970243
2018-06-22,52935474.9316642
2018-06-23,12534273.6046326
2018-06-24,58554037.0971904
2018-06-25,33199155.0624739
2018-06-26,28836493.9051629
2018-06-27,29253849.4125837
2018-06-28,23716855.9717428
2018-06-29,28748587.9248499
2018-06-30,17745390.2618507
2018-07-01,14389220.3299262
2018-07-02,22263371.7316117
2018-07-03,49282250.4514119
2018-07-04,17005542.0482925
2018-07-05,40135996.8751096
2018-07-06,27265133.6151728
2018-07-07,24023528.8933043
2018-07-08,23538016.9693587
2018-07-09,21290021.8557316
2018-07-10,25277406.3247055
2018-07-11,15626269.8463672
2018-07-12,22681996.2524108
2018-07-13,19082735.4089376
2018-07-14,14604013.5440437
2018-07-15,23738888.9649976
2018-07-16,37491698.5482777
2018-07-17,30703867.444259
2018-07-18,36774486.9391885
2018-07-19,20902699.9065131
2018-07-20,44736364.3751096
2018-07-21,12723816.9484912
2018-07-22,14617404.0609083
2018-07-23,32729226.3189881
2018-07-24,31519141.4266674
2018-07-25,35379178.5551178
2018-07-26,21791183.9960481
2018-07-27,31988537.7790048
2018-07-28,10840893.102358
2018-07-29,10741985.9552102
2018-07-30,60710506.9409531
2018-07-31,58064842.4292442
2018-08-01,40075083.6293367
2018-08-02,27811056.9539872
2018-08-03,26697534.9676337
2018-08-04,16905624.6246532
2018-08-05,14305991.0822592
2018-08-06,32152487.8088678
2018-08-07,41815333.271982
2018-08-08,56861496.8362274
2018-08-09,33551514.6613688
2018-08-10,39822376.409201
2018-08-11,60099408.7565507
2018-08-12,13993734.1300915
2018-08-13,248013014.586728
2018-08-14,113898442.360686
2018-08-15,47622222.5922274
2018-08-16,18542321.8008501
2018-08-17,24931816.4282929
2018-08-18,16152357.9383412
2018-08-19,10401364.0064785
2018-08-20,23635213.9060968
2018-08-21,23497087.8153646
2018-08-22,32998717.2127782
2018-08-23,36963512.3599411
2018-08-24,43699666.1769262
2018-08-25,126525318.118107
2018-08-26,38833494.1307345
2018-08-27,24997967.4036712
2018-08-28,28333083.1608451
2018-08-29,23450212.3388775
2018-08-30,24841296.7896868
2018-08-31,26926667.3649412
2018-09-01,13911259.6989258
2018-09-02,20261985.071387
2018-09-03,30352000.4391601
2018-09-04,446210928.529618
2018-09-05,49340850.031562
2018-09-06,83606500.5362145
2018-09-07,69302185.4390428
2018-09-08,103076537.391306
2018-09-09,68972861.4712419
2018-09-10,69744150.8809212
2018-09-11,73413500.3869665
2018-09-12,133370248.175
2018-09-13,49682198.4801135
2018-09-14,34644357.8663804
2018-09-15,28072736.1497438
2018-09-16,22821046.0397982
2018-09-17,44429170.4910549
2018-09-18,69059486.0379009
2018-09-19,115480307.872719
2018-09-20,39812653.5456764
2018-09-21,28441057.4103092
2018-09-22,14276028.0309155
2018-09-23,14342179.4342631
2018-09-24,22188259.0077419
2018-09-25,21439688.1763644
2018-09-26,74377741.245184
2018-09-27,29884415.5453965
2018-09-28,32983697.7526619
2018-09-29,18491603.7611847
2018-09-30,14989109.1831704
2018-10-01,27389792.6363394
2018-10-02,20055259.7538756
2018-10-03,31189787.4920126
2018-10-04,91690476.2013398
2018-10-05,98276143.9379242
2018-10-06,12803228.7655806
2018-10-07,14012289.851281
2018-10-08,22034965.5241748
2018-10-09,30731390.1856335
2018-10-10,48238345.9915762
2018-10-11,56934669.8365018
2018-10-12,28932078.7754734
2018-10-13,23055256.8914537
2018-10-14,18383864.2229926
2018-10-15,50413237.7105404
2018-10-16,302048581.262388
2018-10-17,28754612.0533596
2018-10-18,64773308.0621611
2018-10-19,27195195.9830592
2018-10-20,19079708.3289123
2018-10-21,179820919.813343
2018-10-22,28050450.4649334
2018-10-23,16458418.4314037
2018-10-24,28609774.5078764
2018-10-25,75299063.1247381
2018-10-26,21528307.6717551
2018-10-27,27758642.8244279
2018-10-28,15492400.712836
2018-10-29,25599257.8943584
2018-10-30,23252016.156874
2018-10-31,40711313.0214286
2018-11-01,18910065.7557746
2018-11-02,296433256.47548
2018-11-03,17237869.3169936
2018-11-04,18137138.6857766
2018-11-05,26161983.5249358
2018-11-06,34268506.5364613
2018-11-07,49017520.6780272
2018-11-08,27832584.7741285
2018-11-09,24667650.5621942
2018-11-10,11135618.5009824
2018-11-11,9036352.26849119
2018-11-12,21535172.752703
2018-11-13,17809099.9487104
2018-11-14,61284319.7551527
2018-11-15,129872588.448313
2018-11-16,45089902.4144819
2018-11-17,19713473.8801561
2018-11-18,134558294.245641
2018-11-19,635590855.344721
2018-11-20,224361566.861196
2018-11-21,189725026.181774
2018-11-22,41094525.9774615
2018-11-23,76304627.6193531
2018-11-24,73779396.859608
2018-11-25,121447499.94898
2018-11-26,70431937.7716817
2018-11-27,72609645.8584173
2018-11-28,211516566.839726
2018-11-29,163395652.04012
2018-11-30,2560454525.94007
2018-12-01,3177611938.05985
2018-12-02,14812999.4839519
2018-12-03,41309496.7511685
2018-12-04,45667765.3133402
2018-12-05,319473698.230013
2018-12-06,133775923.151736
2018-12-07,133922398.877538
2018-12-08,47293696.7242997
2018-12-09,91115074.5328059
2018-12-10,59471423.8423356
2018-12-11,39225421.7452765
2018-12-12,56939415.2126916
2018-12-13,34056268.6937748
2018-12-14,70223297.4426003
2018-12-15,25084739.4275178
2018-12-16,22181034.1734587
2018-12-17,85986800.8940829
2018-12-18,97137430.8614687
2018-12-19,283664450.665993
2018-12-20,102483008.434827
2018-12-21,38671830.406771
2018-12-22,25380433.9119107
2018-12-23,56153681.5455321
2018-12-24,115568919.986937
2018-12-25,22246625.1549024
2018-12-26,21814502.3751948
2018-12-27,93010143.6409808
2018-12-28,38400488.2886844
2018-12-29,45383757.9459946
2018-12-30,21236685.8919618
2018-12-31,28558226.6303738
2019-01-01,18333427.1309825
2019-01-02,43636311.4254734
2019-01-03,48017411.4802689
2019-01-04,89510536.2062703
2019-01-05,152652162.01117
2019-01-06,25303099.5789683
2019-01-07,86878844.0063538
2019-01-08,44511349.4288259
2019-01-09,47285099.8838945
2019-01-10,60817258.4416232
2019-01-11,317119742.233886
2019-01-12,16593407.7972209
2019-01-13,478231715.838157
2019-01-14,42559934.6543369
2019-01-15,62678120.0610628
2019-01-16,52008783.2397951
2019-01-17,29935494.1968999
2019-01-18,28614415.0368773
2019-01-19,21083530.4305508
2019-01-20,22719062.7350989
2019-01-21,29768457.0639199
2019-01-22,37673866.1115645
2019-01-23,27083063.9290646
2019-01-24,57658001.9119002
2019-01-25,28762307.6367002
2019-01-26,21221040.3256164
2019-01-27,19796021.711746
2019-01-28,66729616.2931442
2019-01-29,47090049.5846143
2019-01-30,150936917.592805
2019-01-31,42848934.010256
2019-02-01,44855587.1104349
2019-02-02,27551985.6601077
2019-02-03,12108366.017222
2019-02-04,25317323.2173371
2019-02-05,120321265.186619
2019-02-06,51230073.437846
2019-02-07,32472000.5680852
2019-02-08,30074325.7937811
2019-02-09,35419457.7445134
2019-02-10,22840123.6947211
2019-02-11,85251536.1891134
2019-02-12,23482601.4532086
2019-02-13,33031558.468415
2019-02-14,28854409.1488041
2019-02-15,27967040.8386612
2019-02-16,14705408.2042959
2019-02-17,21624127.166754
2019-02-18,57159134.4848046
2019-02-19,35596354.4777833
2019-02-20,50232652.7735195
2019-02-21,648109556.850997
2019-02-22,36608095.5590329
2019-02-23,30709592.5323005
2019-02-24,34673058.6483277
2019-02-25,210161858.722163
2019-02-26,20822729.2016937
2019-02-27,46221155.7980503
2019-02-28,58340843.3930805
2019-03-01,53220116.9365786
2019-03-02,13954202.1135342
2019-03-03,11935024.6777713
2019-03-04,34277331.1818327
2019-03-05,34429736.6327889
2019-03-06,27630567.0565705
2019-03-07,41102151.6108082
2019-03-08,148826870.747975
2019-03-09,20902325.6179994
2019-03-10,67406136.0400736
2019-03-11,26090976.8401148
2019-03-12,29177871.4353748
2019-03-13,19126285.1224439
2019-03-14,25547223.1951018
2019-03-15,30968398.1153381
2019-03-16,25241660.4521688
2019-03-17,44763016.1907062
2019-03-18,29318846.9753577
2019-03-19,22558429.1341596
2019-03-20,47207420.2651291
2019-03-21,97089629.4877367
2019-03-22,26640982.8783043
2019-03-23,47337818.9915972
2019-03-24,21293952.707394
2019-03-25,36859968.4966234
2019-03-26,33406917.0108647
2019-03-27,31662936.1174194
2019-03-28,112990999.412456
2019-03-29,34467679.0027859
2019-03-30,47996626.4567198
2019-03-31,33893824.9601886
2019-04-01,68955440.2041657
2019-04-02,50358690.6984609
2019-04-03,69085186.0446914
2019-04-04,40748039.9967779
2019-04-05,37023643.7378782
2019-04-06,37585284.0573909
2019-04-07,41448777.461765
2019-04-08,55108765.4963414
2019-04-09,81275243.3904559
2019-04-10,26271580.4790557
2019-04-11,26056297.9464445
2019-04-12,52390748.0369203
2019-04-13,19938601.9108603
2019-04-14,10950223.1310473
2019-04-15,25274609.1893975
2019-04-16,23657304.4195179
2019-04-17,36910577.2393069
2019-04-18,33911570.0592621
2019-04-19,59979850.2293906
2019-04-20,31395468.0438747
2019-04-21,25349468.9721066
2019-04-22,27605286.8110003
2019-04-23,25874906.5255708
2019-04-24,60162084.7521677
2019-04-25,54527396.5531772
2019-04-26,134551476.497593
2019-04-27,18686601.9897002
2019-04-28,42832962.5124587
2019-04-29,34636588.884006
2019-04-30,33343829.6918907
2019-05-01,50925064.732078
2019-05-02,21640285.2328729
2019-05-03,24278339.056126
2019-05-04,27233624.7527978
2019-05-05,17186403.4937756
2019-05-06,40584712.9611406
2019-05-07,51554093.7538835
2019-05-08,39608671.8872436
2019-05-09,46135170.4412364
2019-05-10,25111146.594381
2019-05-11,228043024.860157
2019-05-12,56608350.9782775
2019-05-13,66977428.715792
2019-05-14,105983230.520095
2019-05-15,60130147.6318004
2019-05-16,350012957.276531
2019-05-17,45200137.3387446
2019-05-18,20614846.1278504
2019-05-19,50888703.2679694
2019-05-20,74745967.7342331
2019-05-21,48882111.5558529
2019-05-22,34207764.8936815
2019-05-23,18700201.4412923
2019-05-24,33608256.1679984
2019-05-25,25187630.5091363
2019-05-26,19157660.1748042
2019-05-27,35013089.0498621
2019-05-28,36736729.6209155
2019-05-29,154134553.835912
2019-05-30,44409991.3060852
2019-05-31,74998877.2386199
2019-06-01,15380911.2046168
2019-06-02,20733626.5300965
2019-06-03,84696872.7585086
2019-06-04,49956514.8415808
2019-06-05,40813115.7063308
2019-06-06,41884189.0694481
2019-06-07,45285118.1153002
2019-06-08,39499374.8405618
2019-06-09,24028786.3933229
2019-06-10,51503235.0590236
2019-06-11,42995636.3588167
2019-06-12,36378853.8891709
2019-06-13,54066039.7954746
2019-06-14,117410137.278905
2019-06-15,130887839.742818
2019-06-16,30189325.75359
2019-06-17,35893839.5090108
2019-06-18,99293358.4451229
2019-06-19,133236147.769191
2019-06-20,52147239.6249417
2019-06-21,41756159.4172233
2019-06-22,31092149.0735484
2019-06-23,22346595.0645249
2019-06-24,32145324.2882902
2019-06-25,67178146.298455
2019-06-26,99914820.5864678
2019-06-27,55052039.2228639
2019-06-28,182775598.231073
2019-06-29,34494404.2088873
2019-06-30,19590997.4669923
2019-07-01,35077339.6892836
2019-07-02,49550665.3515996
2019-07-03,34682172.0996968
2019-07-04,44431914.3532063
2019-07-05,27564995.658304
2019-07-06,26291575.895346
2019-07-07,18240200.28618
2019-07-08,48868639.076178
2019-07-09,288455882.597268
2019-07-10,121682900.633541
2019-07-11,80833218.8287323
2019-07-12,23575142.3896253
2019-07-13,15713714.052566
2019-07-14,38607896.8035567
2019-07-15,104452404.682886
2019-07-16,67498492.0672478
2019-07-17,54049858.7625561
2019-07-18,22992941.6473694
2019-07-19,41858581.74194
2019-07-20,88717413.4935436
2019-07-21,12211337.403047
2019-07-22,30895216.9563662
2019-07-23,30738501.1213703
2019-07-24,16642257.7009751
2019-07-25,18732892.6622003
2019-07-26,62885007.6272793
2019-07-27,22164962.8398388
2019-07-28,10474886.5164511
2019-07-29,51235247.3208985
2019-07-30,39034135.745281
2019-07-31,38460086.7534891
2019-08-01,372260280.553723
2019-08-02,21651049.8617948
2019-08-03,50912850.2628808
2019-08-04,11778525.9456317
2019-08-05,76755677.7352775
2019-08-06,54387077.1830957
2019-08-07,19816341.4632006
2019-08-08,59834702.3742364
2019-08-09,36078749.4031991
2019-08-10,16784359.0381094
2019-08-11,14483667.3548622
2019-08-12,50883429.3540145
2019-08-13,253227415.807066
2019-08-14,60164989.1799558
2019-08-15,158760988.344172
2019-08-16,102406792.866681
2019-08-17,10869342.0939516
2019-08-18,22442697.923184
2019-08-19,31015707.1514685
2019-08-20,53881479.4740087
2019-08-21,35708542.8373334
2019-08-22,48815417.4361053
2019-08-23,85471634.0960744
2019-08-24,17111340.657969
2019-08-25,43717578.8034075
2019-08-26,24698806.9557559
2019-08-27,62221086.3883793
2019-08-28,58682328.7390456
2019-08-29,31666678.8043324
2019-08-30,55569309.6432844
2019-08-31,74810462.3284375
2019-09-01,26231444.8565254
2019-09-02,32582488.2811339
2019-09-03,105883859.790333
2019-09-04,24408967.1220322
2019-09-05,24784925.4650903
2019-09-06,28256452.5329127
2019-09-07,26214398.2178496
2019-09-08,15754010.1538361
2019-09-09,31245506.4531442
2019-09-10,122444736.702613
2019-09-11,35693393.8662735
2019-09-12,37595811.3425108
2019-09-13,33995196.0932717
2019-09-14,11300471.0263866
2019-09-15,19831555.986183
2019-09-16,49535618.0535607
2019-09-17,50562725.0507296
2019-09-18,46269692.69725
2019-09-19,28412245.4279907
2019-09-20,33244768.3163404
2019-09-21,15114459.8919395
2019-09-22,24902451.23051
2019-09-23,22014811.5078095
2019-09-24,54574989.4372886
2019-09-25,186849824.782876
2019-09-26,88456532.0606993
2019-09-27,27622158.4645293
2019-09-28,28994992.4726428
2019-09-29,20226298.0396398
2019-09-30,62624090.1497843
2019-10-01,64791186.5875624
2019-10-02,52844585.8792968
2019-10-03,15112462.6891154
2019-10-04,131314277.694825
2019-10-05,22431408.2923151
2019-10-06,9419928.72712539
2019-10-07,54622082.9702777
2019-10-08,138024987.333268
2019-10-09,38206039.1679116
2019-10-10,67793723.6350955
2019-10-11,38762985.5523678
2019-10-12,17395538.0056087
2019-10-13,14015736.4978719
2019-10-14,412507285.383429
2019-10-15,22913748.7706121
2019-10-16,22295875.6073012
2019-10-17,36428897.7752447
2019-10-18,104644929.913965
2019-10-19,49036924.6251841
2019-10-20,46477233.3701963
2019-10-21,22568465.8465015
2019-10-22,106970615.987325
2019-10-23,74560582.393652
2019-10-24,85012642.4277716
2019-10-25,32203171.9519951
2019-10-26,96021128.7361926
2019-10-27,16485584.3363505
2019-10-28,240698846.495713
2019-10-29,40417497.0187286
2019-10-30,38570682.6155377
2019-10-31,32524328.0242604
2019-11-01,59820881.9705264
2019-11-02,81066206.5427682
2019-11-03,46805577.8260131
2019-11-04,29675859.7204842
2019-11-05,505825098.482492
2019-11-06,30322122.5407922
2019-11-07,78907244.002542
2019-11-08,127560171.967021
2019-11-09,16515405.9369325
2019-11-10,29621519.6892299
2019-11-11,56982012.600917
2019-11-12,190028402.714939
2019-11-13,25406194.5805972
2019-11-14,94564337.3342771
2019-11-15,59852741.3393203
2019-11-16,78368679.417168
2019-11-17,19414657.0147765
2019-11-18,64343565.2082774
2019-11-19,34673044.1431292
2019-11-20,30539229.3147397
2019-11-21,34559221.9411189
2019-11-22,114537168.135038
2019-11-23,119115336.04864
2019-11-24,45849491.5297418
2019-11-25,313644781.869223
2019-11-26,19751218.2787872
2019-11-27,34940877.7489113
2019-11-28,26834142.880503
2019-11-29,34406217.5613959
2019-11-30,27605572.0780657
2019-12-01,14310135.8680061
2019-12-02,88334335.0360162
2019-12-03,23348664.6369261
2019-12-04,24239829.1472001
2019-12-05,54413152.5628618
2019-12-06,90571300.9655341
2019-12-07,13010055.7161899
2019-12-08,12283499.3333167
2019-12-09,20779690.5774462
2019-12-10,45789415.2668887
2019-12-11,43020061.6737464
2019-12-12,197068754.853879
2019-12-13,31807748.0352011
2019-12-14,36891659.2944673
2019-12-15,23097597.9678586
2019-12-16,43956109.5713525
2019-12-17,110593600.638903
2019-12-18,103727292.384909
2019-12-19,254788351.334865
2019-12-20,81282106.6839297
2019-12-21,15343281.2443223
2019-12-22,12655916.570061
2019-12-23,77897958.2763187
2019-12-24,50899194.1917329
2019-12-25,181493585.561182
2019-12-26,53251056.2229983
2019-12-27,53316734.4360509
2019-12-28,64329492.5840885
2019-12-29,17930418.419128
2019-12-30,44239174.2726706
2019-12-31,106781937.324688
2020-01-01,12649111.5064379
2020-01-02,19710946.4814976
2020-01-03,31006488.4726016
2020-01-04,34606806.9146973
2020-01-05,17159871.317038
2020-01-06,71901859.355691
2020-01-07,30679680.7960938
2020-01-08,155226244.050051
2020-01-09,23602598.0202567
2020-01-10,35182972.7128376
2020-01-11,18560559.0453713
2020-01-12,145401776.930293
2020-01-13,23320863.7377875
2020-01-14,51744116.7067924
2020-01-15,42155952.3456896
2020-01-16,55577125.9358203
2020-01-17,34811930.0091958
2020-01-18,42280783.7056378
2020-01-19,22737559.1455242
2020-01-20,23426718.898772
2020-01-21,27304746.0402168
2020-01-22,26003446.0050952
2020-01-23,62996527.4748281
2020-01-24,238932301.905438
2020-01-25,18221384.0283775
2020-01-26,18102014.4672674
2020-01-27,24209959.5099627
2020-01-28,36811336.7288888
2020-01-29,38999270.4664137
2020-01-30,86219716.9158791
2020-01-31,71160489.3858749
2020-02-01,53939467.4945864
2020-02-02,35903794.6055151
2020-02-03,40536600.8650185
2020-02-04,51509788.696802
2020-02-05,50091057.5807133
2020-02-06,95640958.9138495
2020-02-07,97866543.4225185
2020-02-08,33408457.4077339
2020-02-09,136078562.150683
2020-02-10,31637908.4665943
2020-02-11,36389628.607633
2020-02-12,94672271.3602902
2020-02-13,100771348.714117
2020-02-14,74400412.0652673
2020-02-15,61937003.7542627
2020-02-16,31866336.0026256
2020-02-17,63228863.8662713
2020-02-18,62393560.3028184
2020-02-19,99161789.3512881
2020-02-20,68460304.4806504
2020-02-21,60337692.7388353
2020-02-22,43047126.336709
2020-02-23,73009450.1718322
2020-02-24,38760658.0087548
2020-02-25,35838147.8313329
2020-02-26,62351471.2705155
2020-02-27,104901706.62853
2020-02-28,38231908.0035671
2020-02-29,18274422.5613741
2020-03-01,40457652.5183503
2020-03-02,121984246.813847
2020-03-03,31855412.3170514
2020-03-04,70858065.588714
2020-03-05,41258950.2212309
2020-03-06,98095685.1652518
2020-03-07,108832387.897076
2020-03-08,33286655.2390179
2020-03-09,143972419.62063
2020-03-10,124385818.212848
2020-03-11,71226406.4673321
2020-03-12,586275827.899833
2020-03-13,418876424.147025
2020-03-14,95822757.2515855
2020-03-15,121155202.730588
2020-03-16,243696782.390293
2020-03-17,96967411.4642607
2020-03-18,107044000.454925
2020-03-19,60664220.5351474
2020-03-20,76329011.3987965
2020-03-21,35172687.7776887
2020-03-22,38907533.58057
2020-03-23,110112807.563448
2020-03-24,330382258.484658
2020-03-25,45025269.6713673
2020-03-26,31511180.003836
2020-03-27,26286314.8767316
2020-03-28,47049487.3122761
2020-03-29,27594853.4120619
2020-03-30,18485825.5965054
2020-03-31,68465239.7629879
2020-04-01,21055278.8978801
2020-04-02,50033530.5568862
2020-04-03,65757443.7688229
2020-04-04,45306321.4662285
2020-04-05,55735327.67522
2020-04-06,53121927.268627
2020-04-07,47118635.1713039
2020-04-08,26806795.5841975
2020-04-09,31374704.7427563
2020-04-10,48327373.7773631
2020-04-11,12777592.9259195
2020-04-12,20967425.6536222
2020-04-13,132204967.546251
2020-04-14,43886635.7672334
2020-04-15,20428639.4669274
2020-04-16,74151235.784406
2020-04-17,28287565.060536
2020-04-18,49358921.4624132
2020-04-19,28177125.4647033
2020-04-20,171894706.295849
2020-04-21,82938293.935082
2020-04-22,28966845.2784794
2020-04-23,40428706.4647185
2020-04-24,90713804.114996
2020-04-25,25425239.3092286
2020-04-26,67644480.081
2020-04-27,68944061.6955912
2020-04-28,26157104.5730178
2020-04-29,55004465.0031109
2020-04-30,86206804.3833897
2020-05-01,38065331.955152
2020-05-02,45406559.2304007
2020-05-03,33304655.4704145
2020-05-04,32960596.4606064
2020-05-05,38064332.556095
2020-05-06,50916301.5732335
2020-05-07,47318446.0718375
2020-05-08,78979433.1483646
2020-05-09,35790186.2945116
2020-05-10,82711027.8722147
2020-05-11,34286045.1993423
2020-05-12,148994154.968441
2020-05-13,40733264.0232829
2020-05-14,59761353.3351681
2020-05-15,33739440.1034693
2020-05-16,54946075.6891596
2020-05-17,16235676.4743293
2020-05-18,33972456.7565165
2020-05-19,58595002.1607727
2020-05-20,61742954.5613436
2020-05-21,29069583.2215346
2020-05-22,64309509.5083181
2020-05-23,41831108.8464685
2020-05-24,17086805.3965535
2020-05-25,23208170.9612676
2020-05-26,95825710.1285176
2020-05-27,37717086.9225235
2020-05-28,49721980.7005727
2020-05-29,76076553.658488
2020-05-30,66874410.6304787
2020-05-31,45607178.8100274
2020-06-01,53882187.7171938
2020-06-02,257385569.485275
2020-06-03,27032068.7661472
2020-06-04,32117863.8530322
2020-06-05,33153297.4834238
2020-06-06,15266550.156576
2020-06-07,22401121.0498749
2020-06-08,43804097.3364153
2020-06-09,43812366.2836306
2020-06-10,110445353.047472
2020-06-11,54143135.9422505
2020-06-12,20539651.0242719
2020-06-13,11214304.6706012
2020-06-14,17011873.1517908
2020-06-15,56829476.0612831
2020-06-16,62027550.2659369
2020-06-17,48598533.712876
2020-06-18,54834078.2640418
2020-06-19,38036280.5188909
2020-06-20,22375558.8304127
2020-06-21,37980267.6544774
2020-06-22,105843259.344759
2020-06-23,79233480.7204574
2020-06-24,205966977.932922
2020-06-25,245712921.975835
2020-06-26,257180979.30149
2020-06-27,61577060.7749336
2020-06-28,58771416.6781267
2020-06-29,29767581.101995
2020-06-30,70026800.0956982
2020-07-01,49972298.6495051
2020-07-02,40187948.5483837
2020-07-03,27095398.1902371
2020-07-04,29171281.6206676
2020-07-05,25151934.4507621
2020-07-06,40408053.6243149
2020-07-07,80931208.9987974
2020-07-08,81295606.0526218
2020-07-09,100160281.751605
2020-07-10,43120300.9508732
2020-07-11,44573931.3674049
2020-07-12,48355811.4547802
2020-07-13,75750985.0636972
2020-07-14,147775534.786301
2020-07-15,40081892.621927
2020-07-16,37139811.7236763
2020-07-17,35525851.9434661
2020-07-18,33851157.2102793
2020-07-19,36033174.7075993
2020-07-20,36728969.6936549
2020-07-21,49709218.3466471
2020-07-22,120979846.203684
2020-07-23,172247762.00507
2020-07-24,108997166.812525
2020-07-25,103830013.605915
2020-07-26,97311409.3155261
2020-07-27,284554283.430744
2020-07-28,117539736.368956
2020-07-29,109072941.074821
2020-07-30,60508989.4760673
2020-07-31,111562865.53465
2020-08-01,112040878.012417
2020-08-02,130612109.364736
2020-08-03,103225960.194673
2020-08-04,63683350.4424854
2020-08-05,52604256.7295174
2020-08-06,54249407.6973478
2020-08-07,73388223.2401637
2020-08-08,25561968.0917123
2020-08-09,38834175.7921465
2020-08-10,220600810.294079
2020-08-11,87536379.4612048
2020-08-12,174320904.686826
2020-08-13,90415084.075657
2020-08-14,197142976.551609
2020-08-15,134409605.875285
2020-08-16,37603882.0093439
2020-08-17,75963430.3464694
2020-08-18,54457814.3285205
2020-08-19,60308693.8601956
2020-08-20,93315166.4365266
2020-08-21,125304642.170937
2020-08-22,41331595.9315025
2020-08-23,34023251.1789725
2020-08-24,65243428.5292109
2020-08-25,41387577.9071801
2020-08-26,37853760.8868571
2020-08-27,67061945.0667418
2020-08-28,46326176.7691847
2020-08-29,38549028.3722575
2020-08-30,44139860.20005
2020-08-31,127804299.589414
2020-09-01,312811030.229485
2020-09-02,329142338.950965
2020-09-03,106128805.74328
2020-09-04,186803531.072189
2020-09-05,162955454.375571
2020-09-06,127337043.453076
2020-09-07,44440968.5497976
2020-09-08,103981213.332823
2020-09-09,124366333.638043
2020-09-10,64909178.1396897
2020-09-11,58185591.9206165
2020-09-12,233362606.586355
2020-09-13,32883696.0699738
2020-09-14,57728410.5087585
2020-09-15,47980794.3985507
2020-09-16,232833075.922462
2020-09-17,80692998.4455646
2020-09-18,186652657.746693
2020-09-19,58474191.7701276
2020-09-20,80485306.9573101
2020-09-21,152548065.238733
2020-09-22,70971111.280895
2020-09-23,328564356.009091
2020-09-24,62595329.447825
2020-09-25,48558310.3435289
2020-09-26,68323969.2820746
2020-09-27,87789734.4936051
2020-09-28,82983752.5876534
2020-09-29,177284316.255175
2020-09-30,87377885.2549036
2020-10-01,78891031.5263976
2020-10-02,33640401.533302
2020-10-03,18925584.0642312
2020-10-04,16787535.4899086
2020-10-05,27096490.8945603
2020-10-06,51402771.6159798
2020-10-07,151456807.734684
2020-10-08,38377686.7735507
2020-10-09,43333166.2559152
2020-10-10,31123358.141452
2020-10-11,25680262.0519024
2020-10-12,46336640.8561296
2020-10-13,48966729.2334873
2020-10-14,222626070.357979
2020-10-15,50426518.0166396
2020-10-16,59432538.6935412
2020-10-17,19172295.6043188
2020-10-18,19937436.5344184
2020-10-19,31027613.4946667
2020-10-20,59809477.5600346
2020-10-21,87024979.9519515
2020-10-22,110491437.946616
2020-10-23,115849663.919008
2020-10-24,69261701.7242199
2020-10-25,26573153.7809566
2020-10-26,167838408.762476
2020-10-27,69868641.8788432
2020-10-28,52774905.1000302
2020-10-29,36774957.1139148
2020-10-30,48439377.2348885
2020-10-31,18723037.7589137
2020-11-01,27229957.5858947
2020-11-02,44839229.6749361
2020-11-03,56451398.0495211
2020-11-04,59186430.2766607
2020-11-05,112206268.815799
2020-11-06,113379558.817731
2020-11-07,99803825.5661502
2020-11-08,59272157.485426
2020-11-09,53802700.2955817
2020-11-10,49885889.7930307
2020-11-11,63235016.3212359
2020-11-12,236282009.020093
2020-11-13,281832687.580791
2020-11-14,49579944.5252584
2020-11-15,39529042.9841919
2020-11-16,49261574.5537283
2020-11-17,82285802.5775392
2020-11-18,250257169.840766
2020-11-19,63069623.6566024
2020-11-20,135472085.253704
2020-11-21,209123789.612143
2020-11-22,108482968.930898
2020-11-23,240841601.283644
2020-11-24,343777377.907975
2020-11-25,75820232.3411181
2020-11-26,91870685.2380313
2020-11-27,117977498.935968
2020-11-28,40302567.0604393
2020-11-29,139799941.184455
2020-11-30,106407438.50992
2020-12-01,204183596.670241
2020-12-02,123725840.791944
2020-12-03,95564638.6791732
2020-12-04,86618011.1846014
2020-12-05,66359429.1327618
2020-12-06,52499936.7511106
2020-12-07,269476911.648804
2020-12-08,97699206.1217338
2020-12-09,102679472.036122
2020-12-10,83830017.1115844
2020-12-11,66506246.1478547
2020-12-12,31084701.325794
2020-12-13,55206554.3638452
2020-12-14,183470557.97497
2020-12-15,133987636.44126
2020-12-16,75541637.0088778
2020-12-17,409815022.311976
2020-12-18,88989489.1104225
2020-12-19,1677045629.98063
2020-12-20,55373459.9699659
2020-12-21,112699666.010084
2020-12-22,187665199.380339
2020-12-23,121703389.579984
2020-12-24,51468721.1547173
2020-12-25,51081502.3558182
2020-12-26,37861182.4921783
2020-12-27,142177369.268657
2020-12-28,165024640.331033
2020-12-29,228521056.318775
2020-12-30,89566377.9648446
2020-12-31,148283569.519365
2021-01-01,67032656.1971532
2021-01-02,87226804.9987157
2021-01-03,333169287.59679
2021-01-04,620275214.978822
2021-01-05,269430900.174787
2021-01-06,363851321.074074
2021-01-07,353039577.950971
2021-01-08,248445173.805609
2021-01-09,149967597.963956
2021-01-10,155010613.192427
2021-01-11,405192756.703611
2021-01-12,130848901.748484
2021-01-13,260198601.445298
2021-01-14,686892404.308518
2021-01-15,152613442.131918
2021-01-16,83622487.7550526
2021-01-17,85642366.7990935
2021-01-18,112665078.813254
2021-01-19,267946555.253006
2021-01-20,323494544.209583
2021-01-21,124711396.142378
2021-01-22,303073285.311019
2021-01-23,72406921.0743819
2021-01-24,71259977.5887189
2021-01-25,120997463.643827
2021-01-26,92890888.1512792
2021-01-27,202905087.456223
2021-01-28,74298160.9940626
2021-01-29,116129504.011043
2021-01-30,46277700.5752399
2021-01-31,62771522.4727962
2021-02-01,72348866.2593037
2021-02-02,174198271.113026
2021-02-03,162769348.601923
2021-02-04,152179719.217323
2021-02-05,111707888.120338
2021-02-06,86265902.5006787
2021-02-07,71614836.5008965
2021-02-08,198502612.588699
2021-02-09,112918389.682306
2021-02-10,85995297.9665122
2021-02-11,100100406.823418
2021-02-12,115724492.313305
2021-02-13,85742030.7508989
2021-02-14,115254852.239022
2021-02-15,121325398.264376
2021-02-16,95469316.6749612
2021-02-17,122731504.24269
2021-02-18,150017479.792879
2021-02-19,106058556.968111
