Date,supply/active_2y_3y
2015-07-30,0.0
2015-07-31,0.0
2015-08-01,0.0
2015-08-02,0.0
2015-08-03,0.0
2015-08-04,0.0
2015-08-05,0.0
2015-08-06,0.0
2015-08-07,0.0
2015-08-08,0.0
2015-08-09,0.0
2015-08-10,0.0
2015-08-11,0.0
2015-08-12,0.0
2015-08-13,0.0
2015-08-14,0.0
2015-08-15,0.0
2015-08-16,0.0
2015-08-17,0.0
2015-08-18,0.0
2015-08-19,0.0
2015-08-20,0.0
2015-08-21,0.0
2015-08-22,0.0
2015-08-23,0.0
2015-08-24,0.0
2015-08-25,0.0
2015-08-26,0.0
2015-08-27,0.0
2015-08-28,0.0
2015-08-29,0.0
2015-08-30,0.0
2015-08-31,0.0
2015-09-01,0.0
2015-09-02,0.0
2015-09-03,0.0
2015-09-04,0.0
2015-09-05,0.0
2015-09-06,0.0
2015-09-07,0.0
2015-09-08,0.0
2015-09-09,0.0
2015-09-10,0.0
2015-09-11,0.0
2015-09-12,0.0
2015-09-13,0.0
2015-09-14,0.0
2015-09-15,0.0
2015-09-16,0.0
2015-09-17,0.0
2015-09-18,0.0
2015-09-19,0.0
2015-09-20,0.0
2015-09-21,0.0
2015-09-22,0.0
2015-09-23,0.0
2015-09-24,0.0
2015-09-25,0.0
2015-09-26,0.0
2015-09-27,0.0
2015-09-28,0.0
2015-09-29,0.0
2015-09-30,0.0
2015-10-01,0.0
2015-10-02,0.0
2015-10-03,0.0
2015-10-04,0.0
2015-10-05,0.0
2015-10-06,0.0
2015-10-07,0.0
2015-10-08,0.0
2015-10-09,0.0
2015-10-10,0.0
2015-10-11,0.0
2015-10-12,0.0
2015-10-13,0.0
2015-10-14,0.0
2015-10-15,0.0
2015-10-16,0.0
2015-10-17,0.0
2015-10-18,0.0
2015-10-19,0.0
2015-10-20,0.0
2015-10-21,0.0
2015-10-22,0.0
2015-10-23,0.0
2015-10-24,0.0
2015-10-25,0.0
2015-10-26,0.0
2015-10-27,0.0
2015-10-28,0.0
2015-10-29,0.0
2015-10-30,0.0
2015-10-31,0.0
2015-11-01,0.0
2015-11-02,0.0
2015-11-03,0.0
2015-11-04,0.0
2015-11-05,0.0
2015-11-06,0.0
2015-11-07,0.0
2015-11-08,0.0
2015-11-09,0.0
2015-11-10,0.0
2015-11-11,0.0
2015-11-12,0.0
2015-11-13,0.0
2015-11-14,0.0
2015-11-15,0.0
2015-11-16,0.0
2015-11-17,0.0
2015-11-18,0.0
2015-11-19,0.0
2015-11-20,0.0
2015-11-21,0.0
2015-11-22,0.0
2015-11-23,0.0
2015-11-24,0.0
2015-11-25,0.0
2015-11-26,0.0
2015-11-27,0.0
2015-11-28,0.0
2015-11-29,0.0
2015-11-30,0.0
2015-12-01,0.0
2015-12-02,0.0
2015-12-03,0.0
2015-12-04,0.0
2015-12-05,0.0
2015-12-06,0.0
2015-12-07,0.0
2015-12-08,0.0
2015-12-09,0.0
2015-12-10,0.0
2015-12-11,0.0
2015-12-12,0.0
2015-12-13,0.0
2015-12-14,0.0
2015-12-15,0.0
2015-12-16,0.0
2015-12-17,0.0
2015-12-18,0.0
2015-12-19,0.0
2015-12-20,0.0
2015-12-21,0.0
2015-12-22,0.0
2015-12-23,0.0
2015-12-24,0.0
2015-12-25,0.0
2015-12-26,0.0
2015-12-27,0.0
2015-12-28,0.0
2015-12-29,0.0
2015-12-30,0.0
2015-12-31,0.0
2016-01-01,0.0
2016-01-02,0.0
2016-01-03,0.0
2016-01-04,0.0
2016-01-05,0.0
2016-01-06,0.0
2016-01-07,0.0
2016-01-08,0.0
2016-01-09,0.0
2016-01-10,0.0
2016-01-11,0.0
2016-01-12,0.0
2016-01-13,0.0
2016-01-14,0.0
2016-01-15,0.0
2016-01-16,0.0
2016-01-17,0.0
2016-01-18,0.0
2016-01-19,0.0
2016-01-20,0.0
2016-01-21,0.0
2016-01-22,0.0
2016-01-23,0.0
2016-01-24,0.0
2016-01-25,0.0
2016-01-26,0.0
2016-01-27,0.0
2016-01-28,0.0
2016-01-29,0.0
2016-01-30,0.0
2016-01-31,0.0
2016-02-01,0.0
2016-02-02,0.0
2016-02-03,0.0
2016-02-04,0.0
2016-02-05,0.0
2016-02-06,0.0
2016-02-07,0.0
2016-02-08,0.0
2016-02-09,0.0
2016-02-10,0.0
2016-02-11,0.0
2016-02-12,0.0
2016-02-13,0.0
2016-02-14,0.0
2016-02-15,0.0
2016-02-16,0.0
2016-02-17,0.0
2016-02-18,0.0
2016-02-19,0.0
2016-02-20,0.0
2016-02-21,0.0
2016-02-22,0.0
2016-02-23,0.0
2016-02-24,0.0
2016-02-25,0.0
2016-02-26,0.0
2016-02-27,0.0
2016-02-28,0.0
2016-02-29,0.0
2016-03-01,0.0
2016-03-02,0.0
2016-03-03,0.0
2016-03-04,0.0
2016-03-05,0.0
2016-03-06,0.0
2016-03-07,0.0
2016-03-08,0.0
2016-03-09,0.0
2016-03-10,0.0
2016-03-11,0.0
2016-03-12,0.0
2016-03-13,0.0
2016-03-14,0.0
2016-03-15,0.0
2016-03-16,0.0
2016-03-17,0.0
2016-03-18,0.0
2016-03-19,0.0
2016-03-20,0.0
2016-03-21,0.0
2016-03-22,0.0
2016-03-23,0.0
2016-03-24,0.0
2016-03-25,0.0
2016-03-26,0.0
2016-03-27,0.0
2016-03-28,0.0
2016-03-29,0.0
2016-03-30,0.0
2016-03-31,0.0
2016-04-01,0.0
2016-04-02,0.0
2016-04-03,0.0
2016-04-04,0.0
2016-04-05,0.0
2016-04-06,0.0
2016-04-07,0.0
2016-04-08,0.0
2016-04-09,0.0
2016-04-10,0.0
2016-04-11,0.0
2016-04-12,0.0
2016-04-13,0.0
2016-04-14,0.0
2016-04-15,0.0
2016-04-16,0.0
2016-04-17,0.0
2016-04-18,0.0
2016-04-19,0.0
2016-04-20,0.0
2016-04-21,0.0
2016-04-22,0.0
2016-04-23,0.0
2016-04-24,0.0
2016-04-25,0.0
2016-04-26,0.0
2016-04-27,0.0
2016-04-28,0.0
2016-04-29,0.0
2016-04-30,0.0
2016-05-01,0.0
2016-05-02,0.0
2016-05-03,0.0
2016-05-04,0.0
2016-05-05,0.0
2016-05-06,0.0
2016-05-07,0.0
2016-05-08,0.0
2016-05-09,0.0
2016-05-10,0.0
2016-05-11,0.0
2016-05-12,0.0
2016-05-13,0.0
2016-05-14,0.0
2016-05-15,0.0
2016-05-16,0.0
2016-05-17,0.0
2016-05-18,0.0
2016-05-19,0.0
2016-05-20,0.0
2016-05-21,0.0
2016-05-22,0.0
2016-05-23,0.0
2016-05-24,0.0
2016-05-25,0.0
2016-05-26,0.0
2016-05-27,0.0
2016-05-28,0.0
2016-05-29,0.0
2016-05-30,0.0
2016-05-31,0.0
2016-06-01,0.0
2016-06-02,0.0
2016-06-03,0.0
2016-06-04,0.0
2016-06-05,0.0
2016-06-06,0.0
2016-06-07,0.0
2016-06-08,0.0
2016-06-09,0.0
2016-06-10,0.0
2016-06-11,0.0
2016-06-12,0.0
2016-06-13,0.0
2016-06-14,0.0
2016-06-15,0.0
2016-06-16,0.0
2016-06-17,0.0
2016-06-18,0.0
2016-06-19,0.0
2016-06-20,0.0
2016-06-21,0.0
2016-06-22,0.0
2016-06-23,0.0
2016-06-24,0.0
2016-06-25,0.0
2016-06-26,0.0
2016-06-27,0.0
2016-06-28,0.0
2016-06-29,0.0
2016-06-30,0.0
2016-07-01,0.0
2016-07-02,0.0
2016-07-03,0.0
2016-07-04,0.0
2016-07-05,0.0
2016-07-06,0.0
2016-07-07,0.0
2016-07-08,0.0
2016-07-09,0.0
2016-07-10,0.0
2016-07-11,0.0
2016-07-12,0.0
2016-07-13,0.0
2016-07-14,0.0
2016-07-15,0.0
2016-07-16,0.0
2016-07-17,0.0
2016-07-18,0.0
2016-07-19,0.0
2016-07-20,0.0
2016-07-21,0.0
2016-07-22,0.0
2016-07-23,0.0
2016-07-24,0.0
2016-07-25,0.0
2016-07-26,0.0
2016-07-27,0.0
2016-07-28,0.0
2016-07-29,0.0
2016-07-30,0.0
2016-07-31,0.0
2016-08-01,0.0
2016-08-02,0.0
2016-08-03,0.0
2016-08-04,0.0
2016-08-05,0.0
2016-08-06,0.0
2016-08-07,0.0
2016-08-08,0.0
2016-08-09,0.0
2016-08-10,0.0
2016-08-11,0.0
2016-08-12,0.0
2016-08-13,0.0
2016-08-14,0.0
2016-08-15,0.0
2016-08-16,0.0
2016-08-17,0.0
2016-08-18,0.0
2016-08-19,0.0
2016-08-20,0.0
2016-08-21,0.0
2016-08-22,0.0
2016-08-23,0.0
2016-08-24,0.0
2016-08-25,0.0
2016-08-26,0.0
2016-08-27,0.0
2016-08-28,0.0
2016-08-29,0.0
2016-08-30,0.0
2016-08-31,0.0
2016-09-01,0.0
2016-09-02,0.0
2016-09-03,0.0
2016-09-04,0.0
2016-09-05,0.0
2016-09-06,0.0
2016-09-07,0.0
2016-09-08,0.0
2016-09-09,0.0
2016-09-10,0.0
2016-09-11,0.0
2016-09-12,0.0
2016-09-13,0.0
2016-09-14,0.0
2016-09-15,0.0
2016-09-16,0.0
2016-09-17,0.0
2016-09-18,0.0
2016-09-19,0.0
2016-09-20,0.0
2016-09-21,0.0
2016-09-22,0.0
2016-09-23,0.0
2016-09-24,0.0
2016-09-25,0.0
2016-09-26,0.0
2016-09-27,0.0
2016-09-28,0.0
2016-09-29,0.0
2016-09-30,0.0
2016-10-01,0.0
2016-10-02,0.0
2016-10-03,0.0
2016-10-04,0.0
2016-10-05,0.0
2016-10-06,0.0
2016-10-07,0.0
2016-10-08,0.0
2016-10-09,0.0
2016-10-10,0.0
2016-10-11,0.0
2016-10-12,0.0
2016-10-13,0.0
2016-10-14,0.0
2016-10-15,0.0
2016-10-16,0.0
2016-10-17,0.0
2016-10-18,0.0
2016-10-19,0.0
2016-10-20,0.0
2016-10-21,0.0
2016-10-22,0.0
2016-10-23,0.0
2016-10-24,0.0
2016-10-25,0.0
2016-10-26,0.0
2016-10-27,0.0
2016-10-28,0.0
2016-10-29,0.0
2016-10-30,0.0
2016-10-31,0.0
2016-11-01,0.0
2016-11-02,0.0
2016-11-03,0.0
2016-11-04,0.0
2016-11-05,0.0
2016-11-06,0.0
2016-11-07,0.0
2016-11-08,0.0
2016-11-09,0.0
2016-11-10,0.0
2016-11-11,0.0
2016-11-12,0.0
2016-11-13,0.0
2016-11-14,0.0
2016-11-15,0.0
2016-11-16,0.0
2016-11-17,0.0
2016-11-18,0.0
2016-11-19,0.0
2016-11-20,0.0
2016-11-21,0.0
2016-11-22,0.0
2016-11-23,0.0
2016-11-24,0.0
2016-11-25,0.0
2016-11-26,0.0
2016-11-27,0.0
2016-11-28,0.0
2016-11-29,0.0
2016-11-30,0.0
2016-12-01,0.0
2016-12-02,0.0
2016-12-03,0.0
2016-12-04,0.0
2016-12-05,0.0
2016-12-06,0.0
2016-12-07,0.0
2016-12-08,0.0
2016-12-09,0.0
2016-12-10,0.0
2016-12-11,0.0
2016-12-12,0.0
2016-12-13,0.0
2016-12-14,0.0
2016-12-15,0.0
2016-12-16,0.0
2016-12-17,0.0
2016-12-18,0.0
2016-12-19,0.0
2016-12-20,0.0
2016-12-21,0.0
2016-12-22,0.0
2016-12-23,0.0
2016-12-24,0.0
2016-12-25,0.0
2016-12-26,0.0
2016-12-27,0.0
2016-12-28,0.0
2016-12-29,0.0
2016-12-30,0.0
2016-12-31,0.0
2017-01-01,0.0
2017-01-02,0.0
2017-01-03,0.0
2017-01-04,0.0
2017-01-05,0.0
2017-01-06,0.0
2017-01-07,0.0
2017-01-08,0.0
2017-01-09,0.0
2017-01-10,0.0
2017-01-11,0.0
2017-01-12,0.0
2017-01-13,0.0
2017-01-14,0.0
2017-01-15,0.0
2017-01-16,0.0
2017-01-17,0.0
2017-01-18,0.0
2017-01-19,0.0
2017-01-20,0.0
2017-01-21,0.0
2017-01-22,0.0
2017-01-23,0.0
2017-01-24,0.0
2017-01-25,0.0
2017-01-26,0.0
2017-01-27,0.0
2017-01-28,0.0
2017-01-29,0.0
2017-01-30,0.0
2017-01-31,0.0
2017-02-01,0.0
2017-02-02,0.0
2017-02-03,0.0
2017-02-04,0.0
2017-02-05,0.0
2017-02-06,0.0
2017-02-07,0.0
2017-02-08,0.0
2017-02-09,0.0
2017-02-10,0.0
2017-02-11,0.0
2017-02-12,0.0
2017-02-13,0.0
2017-02-14,0.0
2017-02-15,0.0
2017-02-16,0.0
2017-02-17,0.0
2017-02-18,0.0
2017-02-19,0.0
2017-02-20,0.0
2017-02-21,0.0
2017-02-22,0.0
2017-02-23,0.0
2017-02-24,0.0
2017-02-25,0.0
2017-02-26,0.0
2017-02-27,0.0
2017-02-28,0.0
2017-03-01,0.0
2017-03-02,0.0
2017-03-03,0.0
2017-03-04,0.0
2017-03-05,0.0
2017-03-06,0.0
2017-03-07,0.0
2017-03-08,0.0
2017-03-09,0.0
2017-03-10,0.0
2017-03-11,0.0
2017-03-12,0.0
2017-03-13,0.0
2017-03-14,0.0
2017-03-15,0.0
2017-03-16,0.0
2017-03-17,0.0
2017-03-18,0.0
2017-03-19,0.0
2017-03-20,0.0
2017-03-21,0.0
2017-03-22,0.0
2017-03-23,0.0
2017-03-24,0.0
2017-03-25,0.0
2017-03-26,0.0
2017-03-27,0.0
2017-03-28,0.0
2017-03-29,0.0
2017-03-30,0.0
2017-03-31,0.0
2017-04-01,0.0
2017-04-02,0.0
2017-04-03,0.0
2017-04-04,0.0
2017-04-05,0.0
2017-04-06,0.0
2017-04-07,0.0
2017-04-08,0.0
2017-04-09,0.0
2017-04-10,0.0
2017-04-11,0.0
2017-04-12,0.0
2017-04-13,0.0
2017-04-14,0.0
2017-04-15,0.0
2017-04-16,0.0
2017-04-17,0.0
2017-04-18,0.0
2017-04-19,0.0
2017-04-20,0.0
2017-04-21,0.0
2017-04-22,0.0
2017-04-23,0.0
2017-04-24,0.0
2017-04-25,0.0
2017-04-26,0.0
2017-04-27,0.0
2017-04-28,0.0
2017-04-29,0.0
2017-04-30,0.0
2017-05-01,0.0
2017-05-02,0.0
2017-05-03,0.0
2017-05-04,0.0
2017-05-05,0.0
2017-05-06,0.0
2017-05-07,0.0
2017-05-08,0.0
2017-05-09,0.0
2017-05-10,0.0
2017-05-11,0.0
2017-05-12,0.0
2017-05-13,0.0
2017-05-14,0.0
2017-05-15,0.0
2017-05-16,0.0
2017-05-17,0.0
2017-05-18,0.0
2017-05-19,0.0
2017-05-20,0.0
2017-05-21,0.0
2017-05-22,0.0
2017-05-23,0.0
2017-05-24,0.0
2017-05-25,0.0
2017-05-26,0.0
2017-05-27,0.0
2017-05-28,0.0
2017-05-29,0.0
2017-05-30,0.0
2017-05-31,0.0
2017-06-01,0.0
2017-06-02,0.0
2017-06-03,0.0
2017-06-04,0.0
2017-06-05,0.0
2017-06-06,0.0
2017-06-07,0.0
2017-06-08,0.0
2017-06-09,0.0
2017-06-10,0.0
2017-06-11,0.0
2017-06-12,0.0
2017-06-13,0.0
2017-06-14,0.0
2017-06-15,0.0
2017-06-16,0.0
2017-06-17,0.0
2017-06-18,0.0
2017-06-19,0.0
2017-06-20,0.0
2017-06-21,0.0
2017-06-22,0.0
2017-06-23,0.0
2017-06-24,0.0
2017-06-25,0.0
2017-06-26,0.0
2017-06-27,0.0
2017-06-28,0.0
2017-06-29,0.0
2017-06-30,0.0
2017-07-01,0.0
2017-07-02,0.0
2017-07-03,0.0
2017-07-04,0.0
2017-07-05,0.0
2017-07-06,0.0
2017-07-07,0.0
2017-07-08,0.0
2017-07-09,0.0
2017-07-10,0.0
2017-07-11,0.0
2017-07-12,0.0
2017-07-13,0.0
2017-07-14,0.0
2017-07-15,0.0
2017-07-16,0.0
2017-07-17,0.0
2017-07-18,0.0
2017-07-19,0.0
2017-07-20,0.0
2017-07-21,0.0
2017-07-22,0.0
2017-07-23,0.0
2017-07-24,0.0
2017-07-25,0.0
2017-07-26,0.0
2017-07-27,0.0
2017-07-28,0.0
2017-07-29,8936203.5600936
2017-07-30,8957618.53059015
2017-07-31,9063173.17929466
2017-08-01,9067848.18816239
2017-08-02,9065916.51417486
2017-08-03,9078589.68127352
2017-08-04,9085350.4706945
2017-08-05,9089593.57778845
2017-08-06,9121519.57858773
2017-08-07,9132605.6042633
2017-08-08,9876844.27714839
2017-08-09,9874183.74310607
2017-08-10,9900227.1268724
2017-08-11,9893966.11697609
2017-08-12,9897015.02730536
2017-08-13,9889398.49075196
2017-08-14,10106892.19447
2017-08-15,10103993.2115349
2017-08-16,10143159.9211089
2017-08-17,10146372.2187903
2017-08-18,10147549.9044423
2017-08-19,10222290.1201511
2017-08-20,10223755.5369617
2017-08-21,10217397.3183324
2017-08-22,10216604.3227822
2017-08-23,10214456.5332892
2017-08-24,10198859.9853758
2017-08-25,10181589.0758535
2017-08-26,10164479.9961844
2017-08-27,10163204.430343
2017-08-28,10162386.9529147
2017-08-29,10167036.9613461
2017-08-30,10165784.6874092
2017-08-31,10178702.8525143
2017-09-01,10174190.5454532
2017-09-02,10171223.4935095
2017-09-03,10170087.1830178
2017-09-04,10159438.0699869
2017-09-05,10158785.4992184
2017-09-06,10137737.2306271
2017-09-07,10136768.2726955
2017-09-08,10139766.1266846
2017-09-09,10135610.2437452
2017-09-10,10144642.0001411
2017-09-11,10139391.7311505
2017-09-12,10134300.0274827
2017-09-13,10133753.5979629
2017-09-14,10133046.9332825
2017-09-15,10137902.4661987
2017-09-16,10135024.8537693
2017-09-17,10106700.5962464
2017-09-18,10104433.7364144
2017-09-19,10113024.6655652
2017-09-20,10118248.2211515
2017-09-21,10120787.4200343
2017-09-22,10121163.7307608
2017-09-23,10122562.9048646
2017-09-24,10121587.5842248
2017-09-25,10118784.7277916
2017-09-26,10250687.2714318
2017-09-27,10269816.8370996
2017-09-28,10254462.1526831
2017-09-29,10254760.3980042
2017-09-30,10254058.7619091
2017-10-01,10019919.9208326
2017-10-02,10010774.0629526
2017-10-03,10010549.9609621
2017-10-04,10006456.2857743
2017-10-05,10004121.5671964
2017-10-06,10002629.9812891
2017-10-07,10007211.7766163
2017-10-08,10002818.0048425
2017-10-09,10000946.294854
2017-10-10,9996160.29050545
2017-10-11,9997295.89863285
2017-10-12,9997907.7027497
2017-10-13,9997464.44194319
2017-10-14,10006616.2831795
2017-10-15,10005465.3746501
2017-10-16,10004416.3803343
2017-10-17,10174098.1159844
2017-10-18,10178356.8994409
2017-10-19,10182614.3863926
2017-10-20,10179063.6542521
2017-10-21,10188587.462371
2017-10-22,10188458.256891
2017-10-23,10185731.473457
2017-10-24,10181440.2767549
2017-10-25,10137367.7507524
2017-10-26,10135173.1834033
2017-10-27,10132484.8148144
2017-10-28,10132854.8423719
2017-10-29,10129840.1615121
2017-10-30,10125177.8529163
2017-10-31,10123116.84482
2017-11-01,10119127.536415
2017-11-02,10116615.0520229
2017-11-03,10115313.2911727
2017-11-04,10114891.3648228
2017-11-05,10101474.9391796
2017-11-06,10039158.3474976
2017-11-07,10134459.7030607
2017-11-08,10129575.2003158
2017-11-09,10152475.5949865
2017-11-10,10162258.6794387
2017-11-11,10164515.0074064
2017-11-12,10166865.4733258
2017-11-13,10300434.3156972
2017-11-14,10265630.3099454
2017-11-15,10267422.6732697
2017-11-16,10410559.8520784
2017-11-17,10403291.4720056
2017-11-18,10409345.9317495
2017-11-19,10436359.7636933
2017-11-20,10435176.0398415
2017-11-21,10431261.3113355
2017-11-22,10429987.2909111
2017-11-23,10481584.9826352
2017-11-24,10463769.977204
2017-11-25,10458563.3192049
2017-11-26,10496357.3555693
2017-11-27,10493691.8601605
2017-11-28,10501885.4810553
2017-11-29,10443313.1653993
2017-11-30,10440575.1492419
2017-12-01,10432930.4049035
2017-12-02,10429937.2888626
2017-12-03,10428810.5033023
2017-12-04,10430108.1584927
2017-12-05,10431326.010293
2017-12-06,10426063.9008051
2017-12-07,10430109.6729093
2017-12-08,10424568.3739659
2017-12-09,10431760.0038428
2017-12-10,10423310.4130511
2017-12-11,10419678.8809037
2017-12-12,10407039.6433391
2017-12-13,10400846.0985053
2017-12-14,10391917.8123129
2017-12-15,10427332.6006008
2017-12-16,10430639.5948544
2017-12-17,10426969.0781993
2017-12-18,10420476.1330229
2017-12-19,10403624.2758728
2017-12-20,10400475.4197729
2017-12-21,10394661.1980447
2017-12-22,10393117.6839517
2017-12-23,10406755.2191954
2017-12-24,10410841.0159111
2017-12-25,10401938.49475
2017-12-26,10394602.7672977
2017-12-27,10388289.1019806
2017-12-28,10383468.9429491
2017-12-29,10486568.45922
2017-12-30,10480460.9715055
2017-12-31,10473011.1826183
2018-01-01,10455495.2074905
2018-01-02,10429004.0338976
2018-01-03,10418882.7738216
2018-01-04,10381302.0092827
2018-01-05,10381076.8983865
2018-01-06,10300997.1577917
2018-01-07,10294955.2049671
2018-01-08,10283243.6641571
2018-01-09,10279812.9244298
2018-01-10,10275267.8317753
2018-01-11,10296160.9024699
2018-01-12,10292247.1782089
2018-01-13,10286073.4662264
2018-01-14,10292204.8868375
2018-01-15,10287470.8429944
2018-01-16,10278284.3813995
2018-01-17,10273848.1311521
2018-01-18,10319052.3781587
2018-01-19,10318516.1687783
2018-01-20,10315252.8943944
2018-01-21,10351386.877173
2018-01-22,10280365.7271303
2018-01-23,10298176.984415
2018-01-24,10197764.6132088
2018-01-25,10144533.0857847
2018-01-26,10501570.4666784
2018-01-27,10506450.3240856
2018-01-28,10556474.5390086
2018-01-29,10519258.2202218
2018-01-30,10509730.337781
2018-01-31,10509093.4125429
2018-02-01,10506909.8504585
2018-02-02,10511629.7971842
2018-02-03,10510103.9206602
2018-02-04,10508573.5160041
2018-02-05,10517661.3676889
2018-02-06,10525474.4558718
2018-02-07,10530388.6921435
2018-02-08,10529244.8626015
2018-02-09,10528647.2324056
2018-02-10,10552018.0978656
2018-02-11,10552919.7359652
2018-02-12,10566933.479859
2018-02-13,10575747.2871751
2018-02-14,10583236.1334414
2018-02-15,10580087.6905627
2018-02-16,10580171.5970303
2018-02-17,10583188.3510945
2018-02-18,10584300.2331524
2018-02-19,10585331.1583835
2018-02-20,10585398.6262377
2018-02-21,10583976.7174223
2018-02-22,10598861.7838872
2018-02-23,10601019.1815674
2018-02-24,10603598.9887375
2018-02-25,10606860.6912067
2018-02-26,10608016.435555
2018-02-27,10608139.5643018
2018-02-28,10605619.4533831
2018-03-01,10601553.1554373
2018-03-02,10593159.6712783
2018-03-03,10602809.5785432
2018-03-04,10608671.2185818
2018-03-05,10608200.8469043
2018-03-06,10614951.1001052
2018-03-07,10674329.9149587
2018-03-08,10675743.3802375
2018-03-09,10674559.5937789
2018-03-10,10675596.1727176
2018-03-11,10694965.2872788
2018-03-12,10698261.2151068
2018-03-13,10702362.375773
2018-03-14,10708011.8555767
2018-03-15,10712625.2765741
2018-03-16,10714236.3323417
2018-03-17,10713304.5696737
2018-03-18,10714824.5918874
2018-03-19,10718938.9731368
2018-03-20,10720818.3773403
2018-03-21,10721045.4603852
2018-03-22,10716503.0096549
2018-03-23,10729489.8759286
2018-03-24,10733916.7115815
2018-03-25,10735427.9011776
2018-03-26,10734298.4704384
2018-03-27,10733674.0633973
2018-03-28,10739356.8553356
2018-03-29,10746781.3711662
2018-03-30,11221369.3966703
2018-03-31,11222488.5959348
2018-04-01,11221515.9527733
2018-04-02,11222174.7976169
2018-04-03,11224513.7942715
2018-04-04,11204470.2075307
2018-04-05,11187978.4882244
2018-04-06,11188379.1669694
2018-04-07,11187840.3616282
2018-04-08,11181885.3527217
2018-04-09,11182564.9114031
2018-04-10,11183232.2371658
2018-04-11,11184472.5280787
2018-04-12,11186398.8000024
2018-04-13,11188029.7309292
2018-04-14,11188455.5065128
2018-04-15,11187949.3678847
2018-04-16,11188321.5756856
2018-04-17,11193079.8145543
2018-04-18,11196170.5867937
2018-04-19,11195669.6468055
2018-04-20,11094843.2540589
2018-04-21,11096854.3423392
2018-04-22,11097486.6955115
2018-04-23,11096762.7578301
2018-04-24,11095448.36899
2018-04-25,11095701.3916274
2018-04-26,11094393.3624538
2018-04-27,11094212.779828
2018-04-28,11092177.5083363
2018-04-29,11093805.5395232
2018-04-30,11092416.519739
2018-05-01,11093400.8512802
2018-05-02,11094148.9279168
2018-05-03,11095747.4297316
2018-05-04,11094799.1607666
2018-05-05,11097542.2530109
2018-05-06,11117272.6306012
2018-05-07,11117833.2794258
2018-05-08,11169350.0787483
2018-05-09,11170297.3740151
2018-05-10,11234970.8668927
2018-05-11,11356879.265032
2018-05-12,11362847.8219163
2018-05-13,11366762.8817151
2018-05-14,11372995.3975491
2018-05-15,11373103.8487548
2018-05-16,11373600.8424576
2018-05-17,11374955.1329989
2018-05-18,11377487.2405573
2018-05-19,11378552.2006515
2018-05-20,11385382.8102629
2018-05-21,11359332.2542105
2018-05-22,11355487.8895309
2018-05-23,11721959.2232982
2018-05-24,11742959.3151176
2018-05-25,11742427.5878526
2018-05-26,11748253.8044242
2018-05-27,11750536.9207899
2018-05-28,11653898.9908713
2018-05-29,11652575.5288963
2018-05-30,11654132.3898886
2018-05-31,11653856.2807223
2018-06-01,11655560.0847801
2018-06-02,11660254.5041568
2018-06-03,11663573.9464879
2018-06-04,11664870.8308381
2018-06-05,11674309.5683511
2018-06-06,11673377.4295656
2018-06-07,11675489.6412611
2018-06-08,11676650.4087454
2018-06-09,11676905.1698423
2018-06-10,11668408.8623862
2018-06-11,11669212.8862091
2018-06-12,11670736.3656631
2018-06-13,11670415.5055764
2018-06-14,11679357.5036789
2018-06-15,11686512.0044911
2018-06-16,11689153.5391172
2018-06-17,11692291.9661933
2018-06-18,11693537.3080451
2018-06-19,11695676.7423852
2018-06-20,11698352.5877086
2018-06-21,11751666.633812
2018-06-22,11750199.7340307
2018-06-23,11752056.3751308
2018-06-24,11747506.906892
2018-06-25,11748766.9024738
2018-06-26,11752427.3570977
2018-06-27,11760736.6529682
2018-06-28,11761733.3712276
2018-06-29,11762787.1565593
2018-06-30,11766643.3861322
2018-07-01,11762915.0308542
2018-07-02,11772715.6721206
2018-07-03,11773183.7577438
2018-07-04,11774047.6668563
2018-07-05,11774993.7289235
2018-07-06,11776730.1276188
2018-07-07,11777337.810095
2018-07-08,11778066.3824925
2018-07-09,11777927.5448136
2018-07-10,11779727.669592
2018-07-11,11783899.2101178
2018-07-12,11783231.2308993
2018-07-13,11786160.2115337
2018-07-14,11789011.2166318
2018-07-15,11780022.0710462
2018-07-16,11786770.1864749
2018-07-17,11787062.29564
2018-07-18,11778120.3049582
2018-07-19,11804074.1441818
2018-07-20,12889758.6632322
2018-07-21,12898696.7850871
2018-07-22,12914697.1079438
2018-07-23,12923323.6248649
2018-07-24,12991632.8912523
2018-07-25,13021156.0493619
2018-07-26,13069508.5961665
2018-07-27,14541656.9332443
2018-07-28,14650854.0872913
2018-07-29,7659028.74482915
2018-07-30,7667002.4179352
2018-07-31,7782471.65566117
2018-08-01,7796310.59742244
2018-08-02,7894418.13793952
2018-08-03,8025097.08869904
2018-08-04,8069143.01465917
2018-08-05,8611693.51999942
2018-08-06,8723379.12675839
2018-08-07,8845218.60808723
2018-08-08,8910632.51188675
2018-08-09,9048024.28425476
2018-08-10,9162736.47580433
2018-08-11,9388861.27975457
2018-08-12,9456507.59066074
2018-08-13,9429943.11440949
2018-08-14,9284550.75393838
2018-08-15,8664269.00921864
2018-08-16,8705032.93798284
2018-08-17,8739886.37572325
2018-08-18,8772753.2445718
2018-08-19,8789609.89139812
2018-08-20,8831861.23272678
2018-08-21,8873153.11165293
2018-08-22,8938618.10398274
2018-08-23,8980609.7209989
2018-08-24,9013299.49104854
2018-08-25,8940063.15714389
2018-08-26,8981414.7599823
2018-08-27,9073005.1314484
2018-08-28,9104009.48347172
2018-08-29,9120814.41131711
2018-08-30,9136515.64946889
2018-08-31,9142141.3702154
2018-09-01,9147092.35672151
2018-09-02,9158244.84962748
2018-09-03,9157480.03125778
2018-09-04,8723315.98698738
2018-09-05,8733209.43268655
2018-09-06,8731282.57300782
2018-09-07,8744844.74737686
2018-09-08,8741738.06014736
2018-09-09,8755346.96643217
2018-09-10,8743669.90949386
2018-09-11,8748577.38544868
2018-09-12,8747546.14235621
2018-09-13,8747929.21102595
2018-09-14,8762857.17165795
2018-09-15,8816229.66711091
2018-09-16,8900918.23995668
2018-09-17,8881795.33070329
2018-09-18,8888485.46916076
2018-09-19,8907518.77084241
2018-09-20,8899526.13251721
2018-09-21,8910481.82832229
2018-09-22,8916665.00378389
2018-09-23,8919731.90527999
2018-09-24,8941856.6718263
2018-09-25,8947726.83338884
2018-09-26,8896178.17042235
2018-09-27,8892133.9516294
2018-09-28,8912617.96201957
2018-09-29,8957306.51286255
2018-09-30,8964768.18304929
2018-10-01,8976325.11285468
2018-10-02,9106073.00852548
2018-10-03,9096103.30704848
2018-10-04,9115564.89834196
2018-10-05,9125505.90095946
2018-10-06,9136059.15254383
2018-10-07,9144596.7929126
2018-10-08,9151189.98669426
2018-10-09,9244449.26859956
2018-10-10,9346361.77427703
2018-10-11,9396493.00110538
2018-10-12,10070623.620406
2018-10-13,10072062.528093
2018-10-14,11414710.8990891
2018-10-15,11421983.4296675
2018-10-16,11675614.8330391
2018-10-17,11506715.7790875
2018-10-18,11505565.2284029
2018-10-19,11508168.1759563
2018-10-20,11506529.5541649
2018-10-21,11513761.8300529
2018-10-22,11518217.7818525
2018-10-23,11522272.3506739
2018-10-24,11525112.8044571
2018-10-25,11572327.299905
2018-10-26,11599023.5351973
2018-10-27,11599708.7495496
2018-10-28,11752226.9775682
2018-10-29,11773724.5195835
2018-10-30,11792816.8817189
2018-10-31,11789790.1690151
2018-11-01,11806604.1936824
2018-11-02,11810291.9401474
2018-11-03,11805396.7546672
2018-11-04,11833875.9108094
2018-11-05,11836390.1909216
2018-11-06,11838418.7629074
2018-11-07,11774241.3397472
2018-11-08,11797716.669892
2018-11-09,11776626.6597345
2018-11-10,11771330.2674291
2018-11-11,12144714.8742172
2018-11-12,12154475.7823337
2018-11-13,12042382.1827127
2018-11-14,12054752.5868427
2018-11-15,12051664.325293
2018-11-16,11907408.1940166
2018-11-17,11911177.0151998
2018-11-18,11925591.834355
2018-11-19,11907573.0041766
2018-11-20,11859140.8249921
2018-11-21,11856243.1886698
2018-11-22,11882911.2957952
2018-11-23,11826702.3556676
2018-11-24,11817350.9047065
2018-11-25,11810427.1557503
2018-11-26,11773122.1518468
2018-11-27,11784162.4697606
2018-11-28,11763188.1603677
2018-11-29,11768025.5687834
2018-11-30,9750757.86155933
2018-12-01,9755546.12817219
2018-12-02,10756011.1200261
2018-12-03,10796308.910896
2018-12-04,10793881.8771918
2018-12-05,10880784.9048889
2018-12-06,10853036.8951472
2018-12-07,10846799.1905631
2018-12-08,10867521.6445896
2018-12-09,10821581.0471359
2018-12-10,10792188.9778776
2018-12-11,10800492.2737453
2018-12-12,10789516.5947588
2018-12-13,10779510.7588931
2018-12-14,10765234.6815898
2018-12-15,10723782.7737431
2018-12-16,10713012.5140741
2018-12-17,10739193.0008256
2018-12-18,10744302.3797318
2018-12-19,10732775.5118392
2018-12-20,10730588.2002563
2018-12-21,10742232.1510809
2018-12-22,10749861.1198401
2018-12-23,10740067.5915026
2018-12-24,10667797.5922378
2018-12-25,10670842.1621499
2018-12-26,10677528.7290666
2018-12-27,10659860.8980922
2018-12-28,10680502.0804569
2018-12-29,10825036.5178547
2018-12-30,10832480.3784249
2018-12-31,10844989.3626133
2019-01-01,10863731.2390859
2019-01-02,10858058.4656965
2019-01-03,10861752.7763319
2019-01-04,11071498.0200281
2019-01-05,11055437.0815928
2019-01-06,11059337.2914001
2019-01-07,11059139.834309
2019-01-08,11062659.5789531
2019-01-09,11076786.0671618
2019-01-10,11100341.9656827
2019-01-11,11099366.7771354
2019-01-12,11139291.456019
2019-01-13,11130396.561814
2019-01-14,11126744.952815
2019-01-15,11136438.1421406
2019-01-16,11136725.5653561
2019-01-17,11139198.6797635
2019-01-18,11087993.3248681
2019-01-19,11078708.3416213
2019-01-20,11210074.9456092
2019-01-21,11175357.6473438
2019-01-22,11185825.9896984
2019-01-23,11173257.0727472
2019-01-24,11181777.0054403
2019-01-25,11185755.6765651
2019-01-26,10830552.9110786
2019-01-27,10869541.4507405
2019-01-28,10824891.6145483
2019-01-29,10818404.4170134
2019-01-30,10823788.3076224
2019-01-31,10826712.1528052
2019-02-01,10813793.0498326
2019-02-02,10803189.6982734
2019-02-03,10814401.7396047
2019-02-04,10820587.1324488
2019-02-05,10822534.9356605
2019-02-06,10791746.0842932
2019-02-07,10792011.6660654
2019-02-08,10805387.3072168
2019-02-09,10815850.2163215
2019-02-10,10808061.1916729
2019-02-11,10826928.2101454
2019-02-12,10798747.6842248
2019-02-13,10793819.8092453
2019-02-14,10798004.5121361
2019-02-15,10851477.403355
2019-02-16,10901316.5013343
2019-02-17,10895911.049184
2019-02-18,10921898.3132638
2019-02-19,10940777.3060874
2019-02-20,10960549.2946336
2019-02-21,10905811.6536683
2019-02-22,10892702.3709409
2019-02-23,10903111.0043307
2019-02-24,10903854.9406275
2019-02-25,10926575.2188336
2019-02-26,10938680.9207815
2019-02-27,10983958.5768951
2019-02-28,10996628.7058177
2019-03-01,11068288.4026762
2019-03-02,11106140.7231725
2019-03-03,11123830.7118396
2019-03-04,11160758.7275038
2019-03-05,11182825.6114331
2019-03-06,11202855.7052804
2019-03-07,11155353.5343614
2019-03-08,11167641.8236326
2019-03-09,11171160.4759279
2019-03-10,11205440.7279401
2019-03-11,11213548.8804364
2019-03-12,11224855.8688694
2019-03-13,11241803.6098437
2019-03-14,11282986.6649852
2019-03-15,11300244.1108978
2019-03-16,11383660.1552585
2019-03-17,11434954.5268987
2019-03-18,11447294.5215743
2019-03-19,11518024.0749023
2019-03-20,11748216.7292262
2019-03-21,11777932.7244172
2019-03-22,11802296.1937828
2019-03-23,11846410.6831258
2019-03-24,11968716.1455984
2019-03-25,12029515.3126131
2019-03-26,12692735.8774381
2019-03-27,12712522.1853192
2019-03-28,12753647.0242203
2019-03-29,12755629.1006638
2019-03-30,12805474.142265
2019-03-31,13010247.9293708
2019-04-01,12964526.8859171
2019-04-02,12983049.3513453
2019-04-03,12976895.419962
2019-04-04,13082401.0172738
2019-04-05,13190351.4255325
2019-04-06,13264730.4909283
2019-04-07,13280778.6229654
2019-04-08,13297439.1495822
2019-04-09,13325176.0472186
2019-04-10,13349055.5450813
2019-04-11,13432584.8268348
2019-04-12,13424537.5086255
2019-04-13,13470575.0659912
2019-04-14,13551437.9629839
2019-04-15,13560856.8738995
2019-04-16,13590313.0064203
2019-04-17,13882660.056144
2019-04-18,13894639.0053855
2019-04-19,13935869.4090818
2019-04-20,13940507.7086514
2019-04-21,13960655.2412559
2019-04-22,14008240.5248113
2019-04-23,14015525.9646319
2019-04-24,14196681.7327932
2019-04-25,14208407.8200309
2019-04-26,14231499.9552048
2019-04-27,14241819.1238672
2019-04-28,14284644.3135469
2019-04-29,14313932.2450738
2019-04-30,14338830.5119003
2019-05-01,14368767.4199691
2019-05-02,14379406.7470482
2019-05-03,14404818.8054126
2019-05-04,14429867.0063649
2019-05-05,14500829.0319047
2019-05-06,14517838.4202439
2019-05-07,14871062.9195027
2019-05-08,14842266.2917719
2019-05-09,14889044.8867692
2019-05-10,14914528.2093237
2019-05-11,14837165.2187199
2019-05-12,14850495.8917815
2019-05-13,14868964.8966065
2019-05-14,14824961.1931926
2019-05-15,14846711.3149667
2019-05-16,14881900.1384386
2019-05-17,15050272.7519488
2019-05-18,15082965.0384934
2019-05-19,15070115.60406
2019-05-20,15079841.1095895
2019-05-21,15364135.9884946
2019-05-22,15377021.2353244
2019-05-23,15150189.7974302
2019-05-24,15260547.6359789
2019-05-25,15282556.398618
2019-05-26,15381692.3512172
2019-05-27,15434677.0595857
2019-05-28,15496682.2488778
2019-05-29,15530101.5428697
2019-05-30,15578949.1034941
2019-05-31,15620430.2731605
2019-06-01,15661566.9188067
2019-06-02,15678582.3469781
2019-06-03,15845125.9470561
2019-06-04,15867604.0014712
2019-06-05,15911449.9098247
2019-06-06,15943996.6935787
2019-06-07,15971712.5719487
2019-06-08,16029043.2670565
2019-06-09,16065385.2533577
2019-06-10,16104651.6514099
2019-06-11,16177797.5298529
2019-06-12,16269155.9448363
2019-06-13,16356930.1258721
2019-06-14,16360772.4680008
2019-06-15,16381263.2402189
2019-06-16,16422159.1249307
2019-06-17,16444297.4784126
2019-06-18,16396851.8665368
2019-06-19,16462881.754065
2019-06-20,16485740.5075167
2019-06-21,16462318.7921608
2019-06-22,16539215.1958908
2019-06-23,16565235.4018977
2019-06-24,16619195.5072585
2019-06-25,16634887.8944679
2019-06-26,16718964.5242328
2019-06-27,16738703.4762264
2019-06-28,16614774.0896209
2019-06-29,16650081.5893387
2019-06-30,16837780.0336873
2019-07-01,16856961.7900368
2019-07-02,16851800.6672642
2019-07-03,16895936.1687209
2019-07-04,16918851.4792448
2019-07-05,16954247.5651543
2019-07-06,16960246.8916261
2019-07-07,17034997.8818574
2019-07-08,17039896.7100031
2019-07-09,17090553.483531
2019-07-10,17132249.7190013
2019-07-11,17142265.654019
2019-07-12,17202320.3632244
2019-07-13,17211536.2450708
2019-07-14,17264496.9134234
2019-07-15,17274558.106771
2019-07-16,17301453.649292
2019-07-17,17363980.827875
2019-07-18,17390839.7100236
2019-07-19,17542276.7756437
2019-07-20,16553893.8478345
2019-07-21,16577704.1796947
2019-07-22,16619045.5985988
2019-07-23,16771473.6180151
2019-07-24,16778416.6040186
2019-07-25,16892024.520357
2019-07-26,16880764.837122
2019-07-27,15461669.9784883
2019-07-28,15417323.9889958
2019-07-29,15389218.0591024
2019-07-30,15396204.6653267
2019-07-31,15379974.9517035
2019-08-01,15383519.2870442
2019-08-02,15314031.9654041
2019-08-03,15282095.9957504
2019-08-04,15280116.0723996
2019-08-05,15205445.6453487
2019-08-06,14993455.36141
2019-08-07,14720757.1338421
2019-08-08,14671697.6016723
2019-08-09,14555215.7305084
2019-08-10,14493174.1515153
2019-08-11,14350506.82165
2019-08-12,14311365.8038703
2019-08-13,14265189.6152944
2019-08-14,14224935.0639492
2019-08-15,14211734.40978
2019-08-16,14219472.4712892
2019-08-17,14197685.3445682
2019-08-18,14227220.7119777
2019-08-19,14164841.2594575
2019-08-20,14508600.0043658
2019-08-21,14855173.3957492
2019-08-22,14838707.632261
2019-08-23,14878737.6561711
2019-08-24,14938308.963638
2019-08-25,14994033.9118545
2019-08-26,14972178.10056
2019-08-27,14923092.2594705
2019-08-28,14902814.4686522
2019-08-29,14953088.1527694
2019-08-30,14968038.7445377
2019-08-31,15051849.9724787
2019-09-01,15089732.407495
2019-09-02,15117906.8928305
2019-09-03,15182999.1151839
2019-09-04,15173028.943418
2019-09-05,15177754.2665155
2019-09-06,15191903.4236452
2019-09-07,15300931.6938398
2019-09-08,15321747.2116269
2019-09-09,15349937.3644483
2019-09-10,15363591.6010213
2019-09-11,15388534.0244893
2019-09-12,15398249.4389549
2019-09-13,15418558.5555875
2019-09-14,15440979.7973101
2019-09-15,15445825.8846061
2019-09-16,15387939.9691757
2019-09-17,15399130.5310945
2019-09-18,15411424.7605252
2019-09-19,15436720.6797332
2019-09-20,15485574.5121854
2019-09-21,15503422.7671956
2019-09-22,15544181.8228647
2019-09-23,15572924.0300945
2019-09-24,15574320.5872792
2019-09-25,15588024.9052798
2019-09-26,15608937.9121978
2019-09-27,15757770.5517453
2019-09-28,15788078.7170652
2019-09-29,15787235.3262864
2019-09-30,15797182.6214526
2019-10-01,15919638.0277736
2019-10-02,15884033.0980794
2019-10-03,15916499.975037
2019-10-04,15940955.5903191
2019-10-05,15937052.6715917
2019-10-06,16067461.9542379
2019-10-07,16086525.3324278
2019-10-08,16088593.2183135
2019-10-09,16031374.2620743
2019-10-10,16079463.6346809
2019-10-11,16043544.3030294
2019-10-12,16377611.7434313
2019-10-13,16384907.7620655
2019-10-14,16465584.9424138
2019-10-15,16487165.7457206
2019-10-16,16459279.811707
2019-10-17,16513685.0467171
2019-10-18,16558914.1996207
2019-10-19,16579341.5842321
2019-10-20,16619309.1790096
2019-10-21,16625326.9948962
2019-10-22,16633075.5086553
2019-10-23,16643348.6816923
2019-10-24,16667428.0810768
2019-10-25,16695212.0526658
2019-10-26,16693737.9022504
2019-10-27,16709183.483598
2019-10-28,16683909.3361273
2019-10-29,16729391.8986154
2019-10-30,16759038.6260579
2019-10-31,16788375.0722495
2019-11-01,16784140.3271773
2019-11-02,16803143.0701978
2019-11-03,16816505.9606198
2019-11-04,16821652.0069512
2019-11-05,16844267.9200953
2019-11-06,16895508.8125975
2019-11-07,16898294.7733913
2019-11-08,16897909.4362289
2019-11-09,16987954.8923002
2019-11-10,17813067.8423708
2019-11-11,17819500.2822081
2019-11-12,17853694.9075386
2019-11-13,17874270.0786385
2019-11-14,17672355.011218
2019-11-15,17662290.5280478
2019-11-16,17704816.1041508
2019-11-17,17742460.9777982
2019-11-18,17763137.8367097
2019-11-19,17832508.469073
2019-11-20,17865174.4564749
2019-11-21,17889699.1399105
2019-11-22,17916013.9441791
2019-11-23,17948876.5392854
2019-11-24,17988253.730932
2019-11-25,18012885.9393322
2019-11-26,18051584.7231302
2019-11-27,18068463.2035024
2019-11-28,18186093.3098683
2019-11-29,18279566.4394526
2019-11-30,18328573.8359141
2019-12-01,18350700.3771633
2019-12-02,17332947.5515191
2019-12-03,17350216.4474129
2019-12-04,17398068.9981755
2019-12-05,17399951.7706203
2019-12-06,17461420.6165831
2019-12-07,17554259.2755145
2019-12-08,17570260.1142693
2019-12-09,17597217.0790608
2019-12-10,17621499.50934
2019-12-11,17682421.8922785
2019-12-12,17722579.609198
2019-12-13,17745652.0778663
2019-12-14,17781293.9641677
2019-12-15,17821067.6134044
2019-12-16,17862030.1821456
2019-12-17,17893159.3983666
2019-12-18,17926251.5146461
2019-12-19,17924356.4381646
2019-12-20,17934936.9274253
2019-12-21,18093253.7039569
2019-12-22,18121738.7184932
2019-12-23,18158284.5202454
2019-12-24,18188810.3688234
2019-12-25,18210031.5407428
2019-12-26,18239127.6846773
2019-12-27,18279259.2046271
2019-12-28,18333042.5092024
2019-12-29,18238863.5573165
2019-12-30,18275882.4129854
2019-12-31,18314690.7560795
2020-01-01,18381508.3919356
2020-01-02,18497395.3167753
2020-01-03,18530786.2294259
2020-01-04,18406496.8841056
2020-01-05,18378106.3077487
2020-01-06,18404255.8878983
2020-01-07,18431115.3698954
2020-01-08,18464399.7646278
2020-01-09,18492641.5153162
2020-01-10,18507407.2638993
2020-01-11,18603496.5525593
2020-01-12,18490234.1767366
2020-01-13,18556684.8953873
2020-01-14,18601468.9284763
2020-01-15,18635625.8992863
2020-01-16,18655974.147025
2020-01-17,18698598.6559867
2020-01-18,18714407.2892927
2020-01-19,18757230.5763552
2020-01-20,18688027.7978298
2020-01-21,18732198.373986
2020-01-22,18763596.5621276
2020-01-23,18797125.7476275
2020-01-24,18813238.5122493
2020-01-25,18857154.2970151
2020-01-26,18878472.1591491
2020-01-27,18872441.9189673
2020-01-28,18932040.6194644
2020-01-29,18970259.8286916
2020-01-30,19004249.087232
2020-01-31,19014090.7054263
2020-02-01,19124846.5817986
2020-02-02,19155938.869344
2020-02-03,19173010.003302
2020-02-04,19170725.0863152
2020-02-05,19164085.4269198
2020-02-06,19178143.9261382
2020-02-07,19155629.6268856
2020-02-08,19195529.1970474
2020-02-09,19207258.8206392
2020-02-10,19212239.3046185
2020-02-11,19205133.1010098
2020-02-12,19215479.0281482
2020-02-13,19258425.9414425
2020-02-14,19415621.6776317
2020-02-15,19420292.2987496
2020-02-16,19448572.686554
2020-02-17,19459598.4204249
2020-02-18,19463639.6950463
2020-02-19,19447181.7329844
2020-02-20,19399704.342616
2020-02-21,19416687.8957082
2020-02-22,19452584.0850711
2020-02-23,19481067.3796694
2020-02-24,19492268.128785
2020-02-25,19506610.587792
2020-02-26,19529429.1827987
2020-02-27,19512019.9908963
2020-02-28,19505528.7778998
2020-02-29,19472929.6831028
2020-03-01,19483483.9840315
2020-03-02,19400505.8724146
2020-03-03,19418885.6467608
2020-03-04,19431724.4173039
2020-03-05,19522098.644019
2020-03-06,19501265.3350611
2020-03-07,19431825.7287959
2020-03-08,19445598.2045585
2020-03-09,19358668.898807
2020-03-10,19340773.7938471
2020-03-11,19318024.0646931
2020-03-12,19258179.8257842
2020-03-13,19091243.1931509
2020-03-14,19050503.2171195
2020-03-15,19000905.8115355
2020-03-16,18887222.3448321
2020-03-17,18856841.9043241
2020-03-18,18808244.9534252
2020-03-19,18568305.1192627
2020-03-20,18516760.0604589
2020-03-21,18525366.8889102
2020-03-22,18470215.3704682
2020-03-23,18362953.6780435
2020-03-24,18380034.7685314
2020-03-25,17737876.6102212
2020-03-26,17735050.3146785
2020-03-27,17717309.3166587
2020-03-28,17717459.3940517
2020-03-29,17716145.4731407
2020-03-30,17599757.2063308
2020-03-31,17570524.2198443
2020-04-01,17663914.2008313
2020-04-02,17663640.1235172
2020-04-03,17561313.8614863
2020-04-04,17522683.5814645
2020-04-05,17469747.0951214
2020-04-06,17454512.0901205
2020-04-07,17440308.6502506
2020-04-08,17544804.8301139
2020-04-09,17528905.4613105
2020-04-10,17467477.0173859
2020-04-11,17460509.4239299
2020-04-12,17458230.2297245
2020-04-13,17285271.0795083
2020-04-14,17286760.3995034
2020-04-15,17304814.2291034
2020-04-16,16989600.4959013
2020-04-17,16987784.2765666
2020-04-18,16956458.9469206
2020-04-19,16966900.0820103
2020-04-20,17295250.3707024
2020-04-21,17295752.5213884
2020-04-22,17346788.4737557
2020-04-23,17282572.1226979
2020-04-24,17279621.774081
2020-04-25,17321810.7298366
2020-04-26,17415548.7181448
2020-04-27,17450805.1506721
2020-04-28,17439228.1027141
2020-04-29,17458061.0732413
2020-04-30,17394220.1147633
2020-05-01,17380916.2280005
2020-05-02,17362779.9478714
2020-05-03,17352947.7868767
2020-05-04,17314433.2281514
2020-05-05,17310677.6264524
2020-05-06,17144054.1918292
2020-05-07,17136748.8671262
2020-05-08,17118215.4919965
2020-05-09,17183870.8716154
2020-05-10,17135377.6936402
2020-05-11,17036957.7064525
2020-05-12,16924511.8477136
2020-05-13,16900054.4268899
2020-05-14,16855140.1761529
2020-05-15,16853428.0508552
2020-05-16,16852557.5688788
2020-05-17,16837659.3105081
2020-05-18,16823798.2831313
2020-05-19,16809420.27772
2020-05-20,16763218.3181262
2020-05-21,16750327.8672682
2020-05-22,16721609.5274278
2020-05-23,16640917.7197252
2020-05-24,16641147.8249043
2020-05-25,16554080.8953229
2020-05-26,16529912.3763529
2020-05-27,16494816.8338331
2020-05-28,16507197.7389384
2020-05-29,16480952.500258
2020-05-30,16442291.4947821
2020-05-31,16576910.120683
2020-06-01,16554581.2113704
2020-06-02,16378472.8295861
2020-06-03,16372622.4911023
2020-06-04,16351817.2971155
2020-06-05,16315584.4259057
2020-06-06,16296981.4807958
2020-06-07,16264580.4497414
2020-06-08,16214226.7428378
2020-06-09,16193170.2427453
2020-06-10,16161164.6434809
2020-06-11,16113570.9692983
2020-06-12,16126174.886951
2020-06-13,16073642.5704225
2020-06-14,16051696.8666413
2020-06-15,16068027.4480334
2020-06-16,16041921.5149681
2020-06-17,16011363.8183171
2020-06-18,16034619.3187173
2020-06-19,15993155.8579925
2020-06-20,16004588.3708318
2020-06-21,15924628.2172631
2020-06-22,15907097.9580496
2020-06-23,15842061.7739895
2020-06-24,15831203.8295916
2020-06-25,15799415.9954744
2020-06-26,15795063.9608843
2020-06-27,15788379.5663237
2020-06-28,15730438.0521775
2020-06-29,15613341.4283974
2020-06-30,15577382.2477809
2020-07-01,15568234.0211619
2020-07-02,15542292.2555563
2020-07-03,15525019.6176086
2020-07-04,15526939.5347016
2020-07-05,15522613.3857159
2020-07-06,15498717.5596478
2020-07-07,15493196.2017961
2020-07-08,15466552.9528074
2020-07-09,15417716.3733124
2020-07-10,15419692.8330857
2020-07-11,15399614.1374958
2020-07-12,15394622.0936736
2020-07-13,15436122.6171981
2020-07-14,15423247.119925
2020-07-15,15426077.1260166
2020-07-16,15361390.1390136
2020-07-17,15351016.9244533
2020-07-18,15210258.7033565
2020-07-19,15154751.0684035
2020-07-20,15146328.6765448
2020-07-21,15108617.5214801
2020-07-22,14967841.8471781
2020-07-23,14918987.822285
2020-07-24,14798546.470654
2020-07-25,14781816.6435028
2020-07-26,14764216.797859
2020-07-27,14721348.8802398
2020-07-28,14710932.9630666
2020-07-29,14633930.2682911
2020-07-30,14554219.0620149
2020-07-31,14533094.1754549
2020-08-01,14512834.0639699
2020-08-02,14456874.3226827
2020-08-03,14410975.3356198
2020-08-04,14394254.9106493
2020-08-05,14394556.3337564
2020-08-06,14382130.2024722
2020-08-07,14383791.7398312
2020-08-08,14357480.3113396
2020-08-09,14343703.772108
2020-08-10,14155487.2345419
2020-08-11,14134042.4819935
2020-08-12,14124371.1915806
2020-08-13,14114727.5835207
2020-08-14,14056094.5623147
2020-08-15,14044750.6959796
2020-08-16,14030074.4400954
2020-08-17,14002840.4234805
2020-08-18,14015897.2060153
2020-08-19,13650648.665932
2020-08-20,13383329.2959055
2020-08-21,13332863.4167388
2020-08-22,13304436.3490341
2020-08-23,13260240.5673051
2020-08-24,13325868.9052141
2020-08-25,13311946.8932917
2020-08-26,13303492.7559428
2020-08-27,13280056.3095716
2020-08-28,13239407.0918549
2020-08-29,13217079.9923888
2020-08-30,13168017.636003
2020-08-31,13136594.8805294
2020-09-01,13079994.9237522
2020-09-02,13041591.0559986
2020-09-03,12998497.7027893
2020-09-04,12904296.5454337
2020-09-05,12815634.5855407
2020-09-06,12755531.9446726
2020-09-07,12722280.9935482
2020-09-08,12665447.5714916
2020-09-09,12656056.1778353
2020-09-10,12627585.8688397
2020-09-11,12619096.6674723
2020-09-12,12615708.1779602
2020-09-13,12613596.8555227
2020-09-14,12567470.940604
2020-09-15,12558953.7632913
2020-09-16,12346213.0358924
2020-09-17,12330759.3944995
2020-09-18,12290895.2364376
2020-09-19,12263434.5373956
2020-09-20,12895024.0602167
2020-09-21,12741211.9467277
2020-09-22,12719473.7398777
2020-09-23,12835897.2897602
2020-09-24,12809407.7437036
2020-09-25,12799563.7855402
2020-09-26,12651768.1132537
2020-09-27,12559158.2316249
2020-09-28,12551558.078397
2020-09-29,12546436.5203989
2020-09-30,12410614.9679065
2020-10-01,12349017.0073278
2020-10-02,12334360.0153029
2020-10-03,12363598.6069312
2020-10-04,12411710.7124729
2020-10-05,12460316.4104062
2020-10-06,12448900.5775916
2020-10-07,12335643.4930748
2020-10-08,12323000.5627579
2020-10-09,12165674.3204387
2020-10-10,12144320.3679706
2020-10-11,11859929.5695921
2020-10-12,11851049.6376542
2020-10-13,11842081.3377814
2020-10-14,11804625.6589599
2020-10-15,11791868.9648882
2020-10-16,11775722.5787541
2020-10-17,11727493.7159965
2020-10-18,11707616.1834572
2020-10-19,11682852.379058
2020-10-20,11663570.0336029
2020-10-21,11661910.7305451
2020-10-22,11685918.7669365
2020-10-23,11660745.4569267
2020-10-24,11637395.6752962
2020-10-25,11638385.2603233
2020-10-26,11671359.9078005
2020-10-27,11570742.6627338
2020-10-28,11512972.9304166
2020-10-29,11512968.2683258
2020-10-30,11486241.6838753
2020-10-31,11481986.108852
2020-11-01,11485007.3448432
2020-11-02,11470970.0478766
2020-11-03,11462950.1247942
2020-11-04,11450303.0745951
2020-11-05,11401163.6241526
2020-11-06,11375405.1603828
2020-11-07,11326265.7725223
2020-11-08,11313638.6338184
2020-11-09,11300152.2760232
2020-11-10,11281265.1640576
2020-11-11,11224858.3081918
2020-11-12,11211397.7800284
2020-11-13,11227987.15394
2020-11-14,11156703.0672087
2020-11-15,11136792.5712712
2020-11-16,11106576.0893303
2020-11-17,11080574.9955538
2020-11-18,10994129.9139481
2020-11-19,11019433.3460264
2020-11-20,10399868.602973
2020-11-21,10377241.4421062
2020-11-22,10344476.8008799
2020-11-23,10299428.5637742
2020-11-24,10134370.2694745
2020-11-25,10095205.5683581
2020-11-26,10074148.1625148
2020-11-27,10050504.9669909
2020-11-28,10036003.9834906
2020-11-29,11437922.9615486
2020-11-30,16044750.6065379
2020-12-01,16017766.4466284
2020-12-02,15965528.2617374
2020-12-03,15882014.5196068
2020-12-04,15988123.755843
2020-12-05,15936129.5945216
2020-12-06,15852035.04222
2020-12-07,15817688.4267891
2020-12-08,15809766.8457365
2020-12-09,15766148.2812592
2020-12-10,15734454.9969071
2020-12-11,15710657.8410594
2020-12-12,16080767.8632289
2020-12-13,16026931.8150307
2020-12-14,15995461.7373208
2020-12-15,15936846.3919091
2020-12-16,15896385.4057149
2020-12-17,15852784.1979328
2020-12-18,16037470.7875655
2020-12-19,16004912.4704998
2020-12-20,15947500.0244108
2020-12-21,16061630.2551147
2020-12-22,15971479.1934267
2020-12-23,15951644.8532204
2020-12-24,15927390.571292
2020-12-25,15900052.0688929
2020-12-26,15867618.3656898
2020-12-27,15771346.0816485
2020-12-28,15701455.2574362
2020-12-29,15631043.2539454
2020-12-30,15605380.4493751
2020-12-31,15570085.862944
2021-01-01,15494780.497712
2021-01-02,15464815.4410884
2021-01-03,15736828.9289943
2021-01-04,16254236.8453107
2021-01-05,16176878.3096755
2021-01-06,16121299.9919683
2021-01-07,16010242.0489138
2021-01-08,15988512.8602253
2021-01-09,15881787.5801781
2021-01-10,15792784.8885671
2021-01-11,15730709.7703631
2021-01-12,15709721.6152608
2021-01-13,15655282.1902247
2021-01-14,15568113.5351209
2021-01-15,15528405.5090429
2021-01-16,15889266.2967124
2021-01-17,15855261.1042235
2021-01-18,15835748.8580657
2021-01-19,15752506.0001778
2021-01-20,15668888.7067076
2021-01-21,15633791.6952847
2021-01-22,15794282.7794475
2021-01-23,15978339.8735754
2021-01-24,16159597.562188
2021-01-25,16114892.9077648
2021-01-26,16086113.7196592
2021-01-27,15929949.3177399
2021-01-28,15903881.657969
2021-01-29,15871901.1139143
2021-01-30,15846352.8341343
2021-01-31,15831987.8785755
2021-02-01,15812768.1779271
2021-02-02,15767429.055742
2021-02-03,15721592.1602863
2021-02-04,15680235.9918342
2021-02-05,15663647.4849479
2021-02-06,15658997.0978037
2021-02-07,15825672.1618182
2021-02-08,15782822.5413099
2021-02-09,15769914.7052565
2021-02-10,15758348.7358077
2021-02-11,15689870.7651418
2021-02-12,15685389.033131
2021-02-13,15771005.4769155
2021-02-14,15734167.0947643
2021-02-15,15721902.0187996
2021-02-16,15695432.839662
2021-02-17,15663612.9752662
2021-02-18,15674864.2820619
2021-02-19,15854499.0575013
