Date,supply/active_3m_6m
2015-07-30,0.0
2015-07-31,0.0
2015-08-01,0.0
2015-08-02,0.0
2015-08-03,0.0
2015-08-04,0.0
2015-08-05,0.0
2015-08-06,0.0
2015-08-07,0.0
2015-08-08,0.0
2015-08-09,0.0
2015-08-10,0.0
2015-08-11,0.0
2015-08-12,0.0
2015-08-13,0.0
2015-08-14,0.0
2015-08-15,0.0
2015-08-16,0.0
2015-08-17,0.0
2015-08-18,0.0
2015-08-19,0.0
2015-08-20,0.0
2015-08-21,0.0
2015-08-22,0.0
2015-08-23,0.0
2015-08-24,0.0
2015-08-25,0.0
2015-08-26,0.0
2015-08-27,0.0
2015-08-28,0.0
2015-08-29,0.0
2015-08-30,0.0
2015-08-31,0.0
2015-09-01,0.0
2015-09-02,0.0
2015-09-03,0.0
2015-09-04,0.0
2015-09-05,0.0
2015-09-06,0.0
2015-09-07,0.0
2015-09-08,0.0
2015-09-09,0.0
2015-09-10,0.0
2015-09-11,0.0
2015-09-12,0.0
2015-09-13,0.0
2015-09-14,0.0
2015-09-15,0.0
2015-09-16,0.0
2015-09-17,0.0
2015-09-18,0.0
2015-09-19,0.0
2015-09-20,0.0
2015-09-21,0.0
2015-09-22,0.0
2015-09-23,0.0
2015-09-24,0.0
2015-09-25,0.0
2015-09-26,0.0
2015-09-27,0.0
2015-09-28,0.0
2015-09-29,0.0
2015-09-30,0.0
2015-10-01,0.0
2015-10-02,0.0
2015-10-03,0.0
2015-10-04,0.0
2015-10-05,0.0
2015-10-06,0.0
2015-10-07,0.0
2015-10-08,0.0
2015-10-09,0.0
2015-10-10,0.0
2015-10-11,0.0
2015-10-12,0.0
2015-10-13,0.0
2015-10-14,0.0
2015-10-15,0.0
2015-10-16,0.0
2015-10-17,0.0
2015-10-18,0.0
2015-10-19,0.0
2015-10-20,0.0
2015-10-21,0.0
2015-10-22,0.0
2015-10-23,0.0
2015-10-24,0.0
2015-10-25,0.0
2015-10-26,0.0
2015-10-27,0.0
2015-10-28,45400681.0568869
2015-10-29,45371995.569816
2015-10-30,45510311.196863
2015-10-31,45464282.1653146
2015-11-01,45461123.2335076
2015-11-02,45458801.2482498
2015-11-03,45455751.8836653
2015-11-04,45332396.4706463
2015-11-05,45501911.176272
2015-11-06,51308838.3088786
2015-11-07,50538838.7121119
2015-11-08,50581109.7856249
2015-11-09,49828524.4955106
2015-11-10,49909749.6428162
2015-11-11,49971706.8859325
2015-11-12,50165476.6278329
2015-11-13,51785967.5652946
2015-11-14,51998611.0093031
2015-11-15,52523867.290661
2015-11-16,52636815.2634699
2015-11-17,51928412.2512955
2015-11-18,51593258.6645224
2015-11-19,51664574.367134
2015-11-20,51765946.9547177
2015-11-21,51888098.3385144
2015-11-22,51909122.7200009
2015-11-23,51744348.1038875
2015-11-24,51868879.3662791
2015-11-25,51909387.633619
2015-11-26,51264234.9258147
2015-11-27,50984383.1922219
2015-11-28,51066703.2466901
2015-11-29,51047468.6086607
2015-11-30,51395702.6041667
2015-12-01,51431538.2466131
2015-12-02,51497481.8695992
2015-12-03,51509380.9676042
2015-12-04,51534096.0162442
2015-12-05,51603683.5067598
2015-12-06,51599053.9135602
2015-12-07,51316839.3408551
2015-12-08,51457752.5823567
2015-12-09,51473131.0415726
2015-12-10,51544595.4221543
2015-12-11,51731691.790737
2015-12-12,52364995.5438393
2015-12-13,52382555.1310066
2015-12-14,52513247.8562933
2015-12-15,52503992.2390161
2015-12-16,51879439.0012961
2015-12-17,57452300.1337193
2015-12-18,57483566.813053
2015-12-19,57596595.1559173
2015-12-20,57607890.4174875
2015-12-21,57786187.4394944
2015-12-22,57864202.0445108
2015-12-23,57970738.4550321
2015-12-24,58507293.1044796
2015-12-25,58517976.6124836
2015-12-26,58581142.629108
2015-12-27,58633186.7939002
2015-12-28,58577872.5046707
2015-12-29,58671368.0403421
2015-12-30,58910017.524124
2015-12-31,58867336.1631937
2016-01-01,58912377.1117426
2016-01-02,58973568.4457082
2016-01-03,59241538.8271518
2016-01-04,59247763.9104064
2016-01-05,59262451.6420404
2016-01-06,58936424.5489286
2016-01-07,58933622.1598393
2016-01-08,58993610.2675839
2016-01-09,59037514.9461028
2016-01-10,59039725.6154314
2016-01-11,59025790.2826163
2016-01-12,59201030.2575751
2016-01-13,59876750.6414978
2016-01-14,59822664.2842802
2016-01-15,59706238.259572
2016-01-16,59866601.4991437
2016-01-17,59838171.3129872
2016-01-18,59975092.6663919
2016-01-19,60081012.938339
2016-01-20,60032896.5008606
2016-01-21,60009462.0769383
2016-01-22,59580090.7234727
2016-01-23,59835521.079682
2016-01-24,59718150.2398668
2016-01-25,60042056.2321941
2016-01-26,20572421.6490632
2016-01-27,20680731.8509732
2016-01-28,20196462.8743816
2016-01-29,19981657.3702789
2016-01-30,19980100.778073
2016-01-31,20468325.3454453
2016-02-01,20570544.1583501
2016-02-02,20334738.5270704
2016-02-03,20306969.1310085
2016-02-04,18910434.0712424
2016-02-05,18610147.2854603
2016-02-06,18974750.3055325
2016-02-07,18780255.895249
2016-02-08,18803672.0354079
2016-02-09,18857174.4162666
2016-02-10,18504226.5188268
2016-02-11,17746577.6091955
2016-02-12,17864216.4922146
2016-02-13,17631282.9485801
2016-02-14,17873502.9162404
2016-02-15,18432194.0900606
2016-02-16,18093632.674364
2016-02-17,17976164.4419111
2016-02-18,18140137.2712987
2016-02-19,18108399.5571705
2016-02-20,18412753.6664223
2016-02-21,18242185.4242621
2016-02-22,18321984.0660901
2016-02-23,18189299.1864949
2016-02-24,18181149.0248194
2016-02-25,18509088.2251237
2016-02-26,18845438.9229667
2016-02-27,20229131.5789641
2016-02-28,20135712.8505823
2016-02-29,20337178.5926283
2016-03-01,20256071.9328371
2016-03-02,19868565.2756062
2016-03-03,20121677.197973
2016-03-04,20075426.1335916
2016-03-05,20158786.8647108
2016-03-06,20280782.9422403
2016-03-07,20118753.1034029
2016-03-08,20093911.3371344
2016-03-09,20141306.0615885
2016-03-10,20224819.1526105
2016-03-11,19682246.442592
2016-03-12,19780587.2782378
2016-03-13,19778852.6913365
2016-03-14,19661551.2422687
2016-03-15,19299843.0287809
2016-03-16,19123668.762423
2016-03-17,18874860.197739
2016-03-18,19223150.0408895
2016-03-19,19142047.7337474
2016-03-20,19141650.8352727
2016-03-21,18954898.2554839
2016-03-22,18915337.4117185
2016-03-23,18823374.7406592
2016-03-24,18765618.2663814
2016-03-25,18604421.8715004
2016-03-26,18626839.463221
2016-03-27,18646753.9751687
2016-03-28,18860240.334954
2016-03-29,19075566.3457953
2016-03-30,19009033.0641018
2016-03-31,18950595.5764981
2016-04-01,18918868.7460528
2016-04-02,18894228.567505
2016-04-03,18905998.4657328
2016-04-04,18996652.234137
2016-04-05,19008834.7707282
2016-04-06,19551756.8273645
2016-04-07,19571458.2747494
2016-04-08,19662825.4696681
2016-04-09,19593059.9637851
2016-04-10,19617675.4752747
2016-04-11,19647897.8905543
2016-04-12,19049598.745209
2016-04-13,19260746.2879532
2016-04-14,19284082.9659925
2016-04-15,19077704.6137465
2016-04-16,18961488.5736696
2016-04-17,19005341.5440995
2016-04-18,19198122.616861
2016-04-19,19196984.3680445
2016-04-20,19243416.8708821
2016-04-21,19707459.8410396
2016-04-22,19756944.2617088
2016-04-23,19996699.7871155
2016-04-24,20059622.8270187
2016-04-25,20315303.8488307
2016-04-26,20494513.2452619
2016-04-27,20701487.0164526
2016-04-28,20835934.0085794
2016-04-29,20786371.2182621
2016-04-30,20297200.1804318
2016-05-01,20126843.4965306
2016-05-02,20342504.8450183
2016-05-03,20338465.2133781
2016-05-04,19985792.9396989
2016-05-05,19986800.2383668
2016-05-06,19577624.0675885
2016-05-07,19520720.3433527
2016-05-08,19499972.8654067
2016-05-09,19513306.9385104
2016-05-10,19353109.4674824
2016-05-11,19207459.3018683
2016-05-12,18999438.5278028
2016-05-13,17823768.5958013
2016-05-14,16904048.7814716
2016-05-15,16873817.0869864
2016-05-16,16834770.0774597
2016-05-17,16966749.4306801
2016-05-18,17016222.0896418
2016-05-19,17158292.9878618
2016-05-20,17287214.3397526
2016-05-21,17449089.3663208
2016-05-22,17615397.1803515
2016-05-23,17659001.4912591
2016-05-24,17746338.0098568
2016-05-25,17244203.279035
2016-05-26,17235858.6529349
2016-05-27,17309359.5692077
2016-05-28,17508783.5581675
2016-05-29,17595113.0323692
2016-05-30,17781673.777498
2016-05-31,17713452.6029935
2016-06-01,17989298.0744203
2016-06-02,18126802.7402306
2016-06-03,18699989.0779411
2016-06-04,18835648.2195393
2016-06-05,19028675.2050012
2016-06-06,19356665.1114006
2016-06-07,19546093.4888382
2016-06-08,19438711.7579212
2016-06-09,19566389.9174788
2016-06-10,19625869.1444744
2016-06-11,19785147.6082897
2016-06-12,19923615.4862116
2016-06-13,20030000.1854717
2016-06-14,20198582.4436596
2016-06-15,20330145.8105018
2016-06-16,20155657.9750294
2016-06-17,20129498.6079808
2016-06-18,19913491.0123927
2016-06-19,19907491.1828023
2016-06-20,19757341.2448016
2016-06-21,19803531.7663684
2016-06-22,19767947.0532235
2016-06-23,19765280.1169158
2016-06-24,19676606.3802553
2016-06-25,19829236.4457034
2016-06-26,19875553.8218954
2016-06-27,19775060.5932847
2016-06-28,20164708.1681755
2016-06-29,20275685.0721607
2016-06-30,20246502.926131
2016-07-01,20288526.5293232
2016-07-02,20334602.5370322
2016-07-03,12821811.5456768
2016-07-04,12507352.5483018
2016-07-05,12529358.5634452
2016-07-06,12538434.4012358
2016-07-07,12565337.1135249
2016-07-08,12696645.9612742
2016-07-09,12796186.2931163
2016-07-10,12792262.0173769
2016-07-11,12789955.4029103
2016-07-12,12775031.5798615
2016-07-13,12750958.3775422
2016-07-14,12926882.8058909
2016-07-15,12588981.0957597
2016-07-16,12641759.5316474
2016-07-17,12628160.8534288
2016-07-18,12643818.7909373
2016-07-19,8935890.62115108
2016-07-20,15864654.2319016
2016-07-21,15886553.0716493
2016-07-22,15840440.5504789
2016-07-23,15824403.557783
2016-07-24,16586412.6970425
2016-07-25,16405637.3060584
2016-07-26,16988914.451681
2016-07-27,16547730.9326215
2016-07-28,16418927.7856038
2016-07-29,16302134.5142544
2016-07-30,16194309.9106704
2016-07-31,16074999.6599559
2016-08-01,15754446.0774413
2016-08-02,15726515.1067385
2016-08-03,14636606.8958885
2016-08-04,14142199.7147814
2016-08-05,13866498.6770239
2016-08-06,13663665.0103731
2016-08-07,13337163.079326
2016-08-08,13318750.1753827
2016-08-09,13078161.7446932
2016-08-10,12831474.4538169
2016-08-11,12767186.4444971
2016-08-12,12729509.3743639
2016-08-13,12229825.6494965
2016-08-14,12172610.4655847
2016-08-15,12168460.2366794
2016-08-16,12122580.1544777
2016-08-17,11977862.0096043
2016-08-18,11992216.5324164
2016-08-19,11957020.9887548
2016-08-20,11925128.4588716
2016-08-21,11858536.5607853
2016-08-22,11908471.516971
2016-08-23,11970916.7364389
2016-08-24,12238691.7117772
2016-08-25,12237562.3899273
2016-08-26,12335968.6885479
2016-08-27,12191239.0290052
2016-08-28,12192087.3600804
2016-08-29,12032638.015998
2016-08-30,11963002.7018947
2016-08-31,11950543.351078
2016-09-01,11897255.2867638
2016-09-02,11727726.4949162
2016-09-03,11717333.2918476
2016-09-04,11726853.1986241
2016-09-05,11777960.5568368
2016-09-06,11832471.2961523
2016-09-07,11863491.4239953
2016-09-08,11530171.9266253
2016-09-09,11517350.1105213
2016-09-10,11522378.011973
2016-09-11,11941518.2944336
2016-09-12,11792264.1474134
2016-09-13,11788098.6571483
2016-09-14,11992095.6541008
2016-09-15,12213967.6576582
2016-09-16,12076553.6322003
2016-09-17,12076114.4566896
2016-09-18,12981381.973481
2016-09-19,12990293.8531823
2016-09-20,13040985.6439172
2016-09-21,13003977.5818174
2016-09-22,12885325.2942545
2016-09-23,12917687.3498784
2016-09-24,12750787.816918
2016-09-25,12771660.1287095
2016-09-26,12328202.9408623
2016-09-27,12416500.9289846
2016-09-28,12391746.9190805
2016-09-29,12342399.4155409
2016-09-30,12199027.4191796
2016-10-01,12192834.2353979
2016-10-02,12272539.7656362
2016-10-03,12257642.2257045
2016-10-04,12242439.6504821
2016-10-05,12233860.7598013
2016-10-06,12186949.9843802
2016-10-07,12184741.438876
2016-10-08,12193360.2938615
2016-10-09,12242501.4094623
2016-10-10,12347398.2807192
2016-10-11,12155361.7917196
2016-10-12,11698551.0801299
2016-10-13,11713317.4001883
2016-10-14,11145180.2036931
2016-10-15,11159507.744722
2016-10-16,11234063.0390172
2016-10-17,11309248.9753706
2016-10-18,19523866.1855727
2016-10-19,20135802.0073682
2016-10-20,20480271.0592895
2016-10-21,20548060.4074732
2016-10-22,21049555.3692177
2016-10-23,21684889.621387
2016-10-24,22486520.5253269
2016-10-25,17247887.9477403
2016-10-26,18392547.3423233
2016-10-27,19250529.5124888
2016-10-28,19999191.0674702
2016-10-29,28264395.816989
2016-10-30,28826645.9727099
2016-10-31,29358438.2875691
2016-11-01,30416625.2527741
2016-11-02,23672803.9635052
2016-11-03,24702793.8060038
2016-11-04,24932133.2629342
2016-11-05,25293484.4597834
2016-11-06,25984949.2793595
2016-11-07,26418545.684446
2016-11-08,27102536.7328339
2016-11-09,27837176.0630493
2016-11-10,28034759.2173042
2016-11-11,28234610.8359622
2016-11-12,28412207.1128169
2016-11-13,28709005.8852071
2016-11-14,29566692.9741724
2016-11-15,29864769.1763064
2016-11-16,29833926.6891689
2016-11-17,29606023.1971475
2016-11-18,29777230.6934526
2016-11-19,30313205.1909976
2016-11-20,30478762.8090407
2016-11-21,30420152.6407305
2016-11-22,30105789.8609902
2016-11-23,30199981.6232881
2016-11-24,30403663.8870674
2016-11-25,30469938.0707368
2016-11-26,30340439.7658831
2016-11-27,30600520.54764
2016-11-28,30668689.4657105
2016-11-29,30641610.3957172
2016-11-30,30860660.5580781
2016-12-01,30692310.2803528
2016-12-02,30586180.9727915
2016-12-03,30674127.6411862
2016-12-04,30745061.9402131
2016-12-05,30555554.7204065
2016-12-06,30424911.0833896
2016-12-07,30428107.7859765
2016-12-08,30409198.0267402
2016-12-09,30360000.0439949
2016-12-10,30391791.4881646
2016-12-11,30471678.818772
2016-12-12,30498620.442854
2016-12-13,30260306.7467777
2016-12-14,30470909.8166382
2016-12-15,30585759.5047982
2016-12-16,30653919.7178455
2016-12-17,30639946.7786437
2016-12-18,30675953.2839545
2016-12-19,30716023.602706
2016-12-20,30742491.7069484
2016-12-21,30569853.3941956
2016-12-22,31118810.4931856
2016-12-23,30400851.8611753
2016-12-24,30480903.0476581
2016-12-25,30525626.441069
2016-12-26,30513265.0242814
2016-12-27,31323976.7586763
2016-12-28,31810433.1169395
2016-12-29,32112987.0009112
2016-12-30,32002690.7586507
2016-12-31,32869414.9038736
2017-01-01,32627526.4837397
2017-01-02,32678712.6837701
2017-01-03,32772670.5176161
2017-01-04,32449282.4385785
2017-01-05,32468502.5955905
2017-01-06,32452336.1678411
2017-01-07,32424368.2518574
2017-01-08,32670053.2003107
2017-01-09,32985767.5376737
2017-01-10,33681539.9907467
2017-01-11,33712737.4611943
2017-01-12,35547816.74205
2017-01-13,35551447.0927866
2017-01-14,35594504.4901821
2017-01-15,35572560.0800287
2017-01-16,27984636.2908887
2017-01-17,27267312.2689961
2017-01-18,27222927.8846902
2017-01-19,27237705.648114
2017-01-20,26987730.9205941
2017-01-21,26723042.9794088
2017-01-22,26048008.2932156
2017-01-23,24276843.2212045
2017-01-24,24055562.7303501
2017-01-25,23342242.6650626
2017-01-26,23120818.3195159
2017-01-27,22524500.2812379
2017-01-28,22401155.3351713
2017-01-29,22075461.7297572
2017-01-30,21605418.9889367
2017-01-31,21318149.8901897
2017-02-01,20258712.1759688
2017-02-02,20177481.7547931
2017-02-03,19919395.9590442
2017-02-04,19483375.5409524
2017-02-05,18996399.3765238
2017-02-06,18479011.5186748
2017-02-07,17981847.8857117
2017-02-08,17964236.0574268
2017-02-09,21398291.6125639
2017-02-10,21163044.5504329
2017-02-11,20888469.4438248
2017-02-12,20070368.4232823
2017-02-13,19779813.9728769
2017-02-14,19728170.7657842
2017-02-15,19288184.2595407
2017-02-16,19375504.4834423
2017-02-17,19667819.587467
2017-02-18,19582449.4374303
2017-02-19,19453738.7164609
2017-02-20,19486516.6319268
2017-02-21,19395159.7273224
2017-02-22,19313510.5996337
2017-02-23,19119858.9354997
2017-02-24,19502692.152678
2017-02-25,19231674.0986234
2017-02-26,19195942.2441257
2017-02-27,19182745.851165
2017-02-28,19273538.3542971
2017-03-01,19353321.7740813
2017-03-02,18340521.5867277
2017-03-03,18174467.1562038
2017-03-04,18238541.7371679
2017-03-05,18245744.6630981
2017-03-06,17091594.7721389
2017-03-07,17104211.3221239
2017-03-08,17186163.9021267
2017-03-09,17187181.6018109
2017-03-10,17129045.3189393
2017-03-11,17125481.656368
2017-03-12,17217169.379836
2017-03-13,16926221.6399725
2017-03-14,16705799.2323379
2017-03-15,16652142.7041635
2017-03-16,16457191.9077068
2017-03-17,15999866.2289421
2017-03-18,16010969.1377853
2017-03-19,15998283.3877372
2017-03-20,15942419.350843
2017-03-21,15987235.9435828
2017-03-22,16023713.5807356
2017-03-23,17066846.7215816
2017-03-24,17271994.3422087
2017-03-25,17240883.5979583
2017-03-26,17237287.7179949
2017-03-27,16462618.8838583
2017-03-28,15868912.1432786
2017-03-29,15918459.48656
2017-03-30,15808226.71492
2017-03-31,14695956.2513743
2017-04-01,14584771.2834624
2017-04-02,14527768.4590636
2017-04-03,13965033.3414882
2017-04-04,14057204.7594783
2017-04-05,14014818.5550476
2017-04-06,17151782.7127149
2017-04-07,18726292.6618195
2017-04-08,18656057.2645383
2017-04-09,18386587.2878656
2017-04-10,19138688.4242584
2017-04-11,19187151.6002732
2017-04-12,17271925.5720024
2017-04-13,17274341.7941371
2017-04-14,16872143.2339043
2017-04-15,16953580.6465873
2017-04-16,16991658.8029334
2017-04-17,17292149.3814642
2017-04-18,17259679.2529434
2017-04-19,17145623.073886
2017-04-20,17158660.7733729
2017-04-21,17136596.4985333
2017-04-22,17245748.3492726
2017-04-23,17082010.78367
2017-04-24,17128512.261039
2017-04-25,17098826.3111111
2017-04-26,16872971.3254017
2017-04-27,16919191.1810863
2017-04-28,16821039.7947427
2017-04-29,16915951.9340094
2017-04-30,17148249.0764919
2017-05-01,15558677.0650363
2017-05-02,15354496.8591871
2017-05-03,15369895.2238321
2017-05-04,15401747.5474057
2017-05-05,14777057.0575514
2017-05-06,14889313.0483984
2017-05-07,14952756.022814
2017-05-08,14995549.3163603
2017-05-09,14986141.1872174
2017-05-10,14481181.7958785
2017-05-11,14500194.4347563
2017-05-12,14445095.5655555
2017-05-13,14485237.8303298
2017-05-14,13137840.5335859
2017-05-15,12882885.0498193
2017-05-16,12833885.6434732
2017-05-17,12620030.7090202
2017-05-18,12575166.9753776
2017-05-19,12667091.9727853
2017-05-20,12612136.9737477
2017-05-21,12497373.17243
2017-05-22,12507932.6776902
2017-05-23,12362120.2791686
2017-05-24,12395281.9436575
2017-05-25,12718772.3376535
2017-05-26,12513283.0138985
2017-05-27,12495793.8903094
2017-05-28,12701260.1778972
2017-05-29,12799162.8935566
2017-05-30,12764963.6387383
2017-05-31,12882134.6130484
2017-06-01,12794170.2713375
2017-06-02,12865124.0632631
2017-06-03,12724481.0189111
2017-06-04,12796249.621453
2017-06-05,12509041.381152
2017-06-06,12505940.7235221
2017-06-07,12576400.6148222
2017-06-08,12636108.5912171
2017-06-09,12637236.282593
2017-06-10,12631308.3122697
2017-06-11,12738561.7528172
2017-06-12,12650337.0699406
2017-06-13,12589966.8773441
2017-06-14,12160287.9790101
2017-06-15,12383650.8405437
2017-06-16,12429505.4684892
2017-06-17,12652373.330047
2017-06-18,12987602.900955
2017-06-19,13100842.205279
2017-06-20,13717349.4075815
2017-06-21,13445806.7893506
2017-06-22,13660407.3942431
2017-06-23,13627509.2960309
2017-06-24,14603546.0268932
2017-06-25,14700746.6613705
2017-06-26,14743619.1974944
2017-06-27,14756391.2311965
2017-06-28,14813421.7228956
2017-06-29,15153783.85631
2017-06-30,15856595.7064958
2017-07-01,15998051.4145693
2017-07-02,16045292.4556126
2017-07-03,15955920.9208132
2017-07-04,16124526.1967856
2017-07-05,12974192.6622351
2017-07-06,11507648.6116902
2017-07-07,11576333.479767
2017-07-08,11783755.3409976
2017-07-09,11757700.9623801
2017-07-10,11950293.7582861
2017-07-11,11976138.883657
2017-07-12,12067056.9920456
2017-07-13,12012290.1175118
2017-07-14,11878876.6771031
2017-07-15,11855386.2710237
2017-07-16,12142207.5735925
2017-07-17,12201055.3122678
2017-07-18,12304998.0209588
2017-07-19,12136236.496841
2017-07-20,12214220.3684704
2017-07-21,12197581.0551133
2017-07-22,12227182.2099553
2017-07-23,12484111.5709177
2017-07-24,12430156.3233546
2017-07-25,12468148.6545571
2017-07-26,12478863.3845959
2017-07-27,12582699.9649519
2017-07-28,12648377.7327783
2017-07-29,12715691.3943113
2017-07-30,14381103.7849134
2017-07-31,14381210.7662783
2017-08-01,14407028.3858305
2017-08-02,14557400.8158801
2017-08-03,14617935.6172521
2017-08-04,14564401.6028058
2017-08-05,14989780.4126618
2017-08-06,15025328.5513519
2017-08-07,15254692.4262345
2017-08-08,15372574.7290167
2017-08-09,16232434.7824186
2017-08-10,16260659.4359385
2017-08-11,16310308.3807345
2017-08-12,16396466.4517226
2017-08-13,16417676.2321546
2017-08-14,16455953.0960332
2017-08-15,16644847.0018703
2017-08-16,16698549.0299822
2017-08-17,16825082.7502121
2017-08-18,16828716.311391
2017-08-19,17363024.9735809
2017-08-20,17398089.5829218
2017-08-21,18022334.0463692
2017-08-22,18200978.7770459
2017-08-23,18045074.8757002
2017-08-24,18814865.2332082
2017-08-25,18860460.420322
2017-08-26,18798266.5046932
2017-08-27,18637529.404002
2017-08-28,18615563.5712469
2017-08-29,18361248.302958
2017-08-30,18415399.1342869
2017-08-31,18433798.3355058
2017-09-01,18609634.8858131
2017-09-02,18665723.0540371
2017-09-03,18860750.0267285
2017-09-04,18911764.1909204
2017-09-05,19091456.6864747
2017-09-06,19189613.2304108
2017-09-07,19250605.0067672
2017-09-08,19289191.0399322
2017-09-09,19386788.1890962
2017-09-10,19497486.9223991
2017-09-11,19680796.9348577
2017-09-12,19591042.0581544
2017-09-13,19527217.0653224
2017-09-14,19480847.7421367
2017-09-15,19300334.043221
2017-09-16,19069887.3809272
2017-09-17,19188116.4601455
2017-09-18,19211654.3353846
2017-09-19,19477832.3599335
2017-09-20,19691888.4372675
2017-09-21,19672988.8975591
2017-09-22,18933784.5707836
2017-09-23,18882283.9577654
2017-09-24,18869380.014309
2017-09-25,18922921.6629221
2017-09-26,18811744.2636434
2017-09-27,18789065.2629439
2017-09-28,18987759.2658569
2017-09-29,19105411.4508153
2017-09-30,18923036.5840281
2017-10-01,18928331.5967997
2017-10-02,18422714.0248328
2017-10-03,18326996.423365
2017-10-04,17873277.803802
2017-10-05,17839578.5553414
2017-10-06,17685954.3687311
2017-10-07,17698142.7232327
2017-10-08,17602546.3462077
2017-10-09,17541557.136581
2017-10-10,17525243.7968565
2017-10-11,17951565.66502
2017-10-12,18020430.5077074
2017-10-13,18094117.7302535
2017-10-14,17878525.2331189
2017-10-15,17903222.5894312
2017-10-16,17895173.209684
2017-10-17,18139986.4601611
2017-10-18,17719121.3209711
2017-10-19,17686467.6267367
2017-10-20,17714830.6000311
2017-10-21,17532478.031971
2017-10-22,17612232.4658549
2017-10-23,17777765.8126276
2017-10-24,18004992.5467298
2017-10-25,18015657.2178979
2017-10-26,17999980.0448356
2017-10-27,18219494.0797388
2017-10-28,16618426.1766282
2017-10-29,16660162.7261335
2017-10-30,16638915.2555658
2017-10-31,16579448.4353485
2017-11-01,16454679.0801536
2017-11-02,16415304.5634232
2017-11-03,16031710.3385339
2017-11-04,16189471.0148536
2017-11-05,16054325.4096334
2017-11-06,15941537.0352983
2017-11-07,16203576.8398073
2017-11-08,16286189.4596675
2017-11-09,16256782.3246775
2017-11-10,16231253.3015849
2017-11-11,16162871.8876428
2017-11-12,16235359.228765
2017-11-13,15975866.9281775
2017-11-14,16110997.6952438
2017-11-15,16011010.7700183
2017-11-16,16055448.7294764
2017-11-17,15866771.5801232
2017-11-18,16243741.5644455
2017-11-19,16959292.6923379
2017-11-20,16899720.6498802
2017-11-21,16818326.5623226
2017-11-22,16091527.7181545
2017-11-23,16101786.4661743
2017-11-24,16026863.6492684
2017-11-25,16048286.2919935
2017-11-26,16107923.1693581
2017-11-27,15969702.2420645
2017-11-28,16018300.9339247
2017-11-29,16126579.1604932
2017-11-30,16035960.1145286
2017-12-01,16147690.7601699
2017-12-02,15945691.9875619
2017-12-03,15926657.6797229
2017-12-04,15922649.2460874
2017-12-05,15747588.8967388
2017-12-06,15730452.8307228
2017-12-07,15549947.1096258
2017-12-08,15499991.9082886
2017-12-09,15429893.4233986
2017-12-10,15681968.976467
2017-12-11,15638108.3255798
2017-12-12,15491936.6167512
2017-12-13,15403073.5410494
2017-12-14,15311427.1002235
2017-12-15,15258420.856711
2017-12-16,15202383.9682012
2017-12-17,14717960.1065214
2017-12-18,14384958.1582812
2017-12-19,14109183.5830171
2017-12-20,14198130.3117842
2017-12-21,14166964.5792843
2017-12-22,14683621.5865031
2017-12-23,14581390.665121
2017-12-24,14506158.4500561
2017-12-25,14513577.4390468
2017-12-26,14694121.8357605
2017-12-27,14703554.6662796
2017-12-28,14380768.9932701
2017-12-29,14409368.7660949
2017-12-30,14579511.0049129
2017-12-31,14593197.4166753
2018-01-01,14685701.3989723
2018-01-02,14690984.2870547
2018-01-03,14611926.4388178
2018-01-04,14314085.8495214
2018-01-05,14231885.8898528
2018-01-06,14187280.049475
2018-01-07,14239176.128943
2018-01-08,14182288.3674627
2018-01-09,13726740.2119738
2018-01-10,13959900.190297
2018-01-11,13794296.2630243
2018-01-12,13726790.6627652
2018-01-13,13565389.7797425
2018-01-14,13572501.4201217
2018-01-15,13264372.9087585
2018-01-16,13125931.6730209
2018-01-17,13043028.5617664
2018-01-18,12956874.5552899
2018-01-19,12816949.5035823
2018-01-20,12757735.2029975
2018-01-21,12668578.6900679
2018-01-22,12532419.9051248
2018-01-23,12532516.3653997
2018-01-24,12512461.641139
2018-01-25,12458601.4676243
2018-01-26,12563586.3973146
2018-01-27,12583393.9606669
2018-01-28,12623805.5349251
2018-01-29,12631327.9384767
2018-01-30,12581707.2529829
2018-01-31,12538560.188944
2018-02-01,12435444.1223617
2018-02-02,12498170.5094074
2018-02-03,12366633.4265301
2018-02-04,12922955.8519363
2018-02-05,12772811.4055719
2018-02-06,12711614.1443987
2018-02-07,12672219.4515693
2018-02-08,12674516.7060328
2018-02-09,12696458.9121923
2018-02-10,12842618.3918431
2018-02-11,12908200.8948887
2018-02-12,12805515.2610953
2018-02-13,12799520.6180957
2018-02-14,12828790.5665043
2018-02-15,12735356.673945
2018-02-16,12322891.3622178
2018-02-17,11412016.2077857
2018-02-18,11413128.8952062
2018-02-19,12327582.5933009
2018-02-20,12319826.2516901
2018-02-21,12269261.4254823
2018-02-22,12298573.9677768
2018-02-23,12296766.6220883
2018-02-24,12312749.633275
2018-02-25,12364356.5537168
2018-02-26,12394528.8513804
2018-02-27,12487622.8266782
2018-02-28,12520311.9509387
2018-03-01,12483966.8328227
2018-03-02,12412593.3521693
2018-03-03,12400454.8146894
2018-03-04,12411868.54817
2018-03-05,12441100.922033
2018-03-06,12499583.5067156
2018-03-07,12532698.7469488
2018-03-08,12576036.7410675
2018-03-09,12584066.3084221
2018-03-10,12028210.4256683
2018-03-11,12113033.8419703
2018-03-12,12084563.1550694
2018-03-13,12095236.5212578
2018-03-14,12049241.9884177
2018-03-15,12271285.9449044
2018-03-16,12328554.5030608
2018-03-17,12469697.1127145
2018-03-18,12347152.5327443
2018-03-19,12378442.8855072
2018-03-20,12357013.9479424
2018-03-21,12523960.8722685
2018-03-22,12521290.862764
2018-03-23,12645522.5307706
2018-03-24,12771706.7246787
2018-03-25,12816303.1095732
2018-03-26,12669758.3477926
2018-03-27,12775715.0612887
2018-03-28,12251132.7861555
2018-03-29,12156486.5379331
2018-03-30,12037797.7663018
2018-03-31,12107957.2905661
2018-04-01,12150725.0160852
2018-04-02,12207806.0324668
2018-04-03,12225664.6395685
2018-04-04,12180498.8894362
2018-04-05,12246119.1508547
2018-04-06,12329682.45981
2018-04-07,12292195.6716822
2018-04-08,12207707.4982074
2018-04-09,12259525.5686972
2018-04-10,12048990.4906976
2018-04-11,12202812.3983093
2018-04-12,12207058.1503208
2018-04-13,12337152.4243806
2018-04-14,12429620.3410681
2018-04-15,12928588.1259918
2018-04-16,12999578.410742
2018-04-17,13066274.7758535
2018-04-18,13111319.7108082
2018-04-19,13112945.2507137
2018-04-20,13173291.4579631
2018-04-21,13290234.0751367
2018-04-22,13418653.5253495
2018-04-23,13426649.57004
2018-04-24,13284467.7451227
2018-04-25,13389951.8178758
2018-04-26,13316721.8512966
2018-04-27,13353167.7235084
2018-04-28,13288503.6618007
2018-04-29,13372972.8352421
2018-04-30,13473536.6114761
2018-05-01,13523966.2414208
2018-05-02,13511684.370958
2018-05-03,13462900.2533731
2018-05-04,13481018.7105885
2018-05-05,13451085.0744722
2018-05-06,13358218.3873108
2018-05-07,13422494.5895299
2018-05-08,13471552.8725489
2018-05-09,13491511.3907657
2018-05-10,13591773.0254978
2018-05-11,13788442.9351137
2018-05-12,13764285.8375083
2018-05-13,13820321.7361341
2018-05-14,13883434.0420331
2018-05-15,13927468.424151
2018-05-16,13885960.4508697
2018-05-17,14824837.6968136
2018-05-18,14796573.2875536
2018-05-19,14723594.2738944
2018-05-20,14788771.0082705
2018-05-21,14689688.5830798
2018-05-22,14744938.1929253
2018-05-23,16413823.302787
2018-05-24,16458041.4289426
2018-05-25,16457894.6421837
2018-05-26,16397383.3651201
2018-05-27,16356393.1405404
2018-05-28,15639441.992447
2018-05-29,15571171.4929562
2018-05-30,15549925.4839311
2018-05-31,16007083.7048737
2018-06-01,16005480.0045908
2018-06-02,16043892.9304046
2018-06-03,16054138.8487242
2018-06-04,16053237.5211732
2018-06-05,15926476.9548037
2018-06-06,15875609.9491247
2018-06-07,15835964.6115902
2018-06-08,15850606.4067064
2018-06-09,15813780.7624266
2018-06-10,15756661.1777148
2018-06-11,16416699.1721663
2018-06-12,16398606.1644108
2018-06-13,16328856.2636441
2018-06-14,16343191.5524267
2018-06-15,16224627.4843937
2018-06-16,16527615.4149256
2018-06-17,16517291.7687768
2018-06-18,16531307.2336542
2018-06-19,16288976.6679994
2018-06-20,16208790.4174721
2018-06-21,16221280.8008101
2018-06-22,16093163.1834799
2018-06-23,16145801.2443613
2018-06-24,16160147.282359
2018-06-25,16148199.1268298
2018-06-26,16592768.5494716
2018-06-27,16400619.6106475
2018-06-28,16303436.3635124
2018-06-29,16341751.532566
2018-06-30,16307750.0912372
2018-07-01,16164619.48214
2018-07-02,16136338.8939704
2018-07-03,16078288.9932797
2018-07-04,16027510.790022
2018-07-05,15884673.5546206
2018-07-06,15797574.0295296
2018-07-07,15682491.1258086
2018-07-08,15580281.7385612
2018-07-09,15549454.4904393
2018-07-10,15401858.1942007
2018-07-11,15365551.1943818
2018-07-12,15786922.0780366
2018-07-13,15756397.8860676
2018-07-14,15629338.5785651
2018-07-15,15627890.0339951
2018-07-16,15501415.5212412
2018-07-17,15421786.21945
2018-07-18,15391955.9207429
2018-07-19,15544714.4628133
2018-07-20,15475050.023402
2018-07-21,15444651.2228545
2018-07-22,15468799.3144514
2018-07-23,15372731.7561374
2018-07-24,15358070.6547149
2018-07-25,15344427.4850451
2018-07-26,15585617.3254381
2018-07-27,15680561.8122403
2018-07-28,15644467.3842975
2018-07-29,15653390.0002614
2018-07-30,15622021.3251354
2018-07-31,15508510.7238557
2018-08-01,15849788.4131865
2018-08-02,15735267.8225193
2018-08-03,15739414.2567552
2018-08-04,15738202.6551698
2018-08-05,15733981.3316673
2018-08-06,15683785.4699332
2018-08-07,15707325.642327
2018-08-08,15685840.8224064
2018-08-09,15392872.8280838
2018-08-10,15307019.3536274
2018-08-11,15123824.6054596
2018-08-12,15022787.1767891
2018-08-13,15026833.6669032
2018-08-14,14830030.9770693
2018-08-15,14737861.6857249
2018-08-16,14724225.732367
2018-08-17,14701640.4269636
2018-08-18,14704346.7716418
2018-08-19,14725499.8823877
2018-08-20,14685775.4376069
2018-08-21,13082255.468525
2018-08-22,13106709.0557553
2018-08-23,13083318.9039575
2018-08-24,12996595.3448121
2018-08-25,13119586.4942217
2018-08-26,13479703.1357004
2018-08-27,13372956.5799796
2018-08-28,13422774.7707595
2018-08-29,13016868.613968
2018-08-30,13000106.6841458
2018-08-31,12922313.7804976
2018-09-01,12915381.5353253
2018-09-02,12860386.7225781
2018-09-03,12913286.0337628
2018-09-04,12834589.3281079
2018-09-05,12802501.2081162
2018-09-06,12741363.5250943
2018-09-07,12729115.9515754
2018-09-08,12617843.9099018
2018-09-09,11946597.417858
2018-09-10,11939341.2156266
2018-09-11,12069707.5748844
2018-09-12,11923454.1797722
2018-09-13,11900743.6049902
2018-09-14,11566215.9114825
2018-09-15,11562732.2586118
2018-09-16,11620991.2448751
2018-09-17,11664136.6464255
2018-09-18,11651934.4951086
2018-09-19,11562843.7202739
2018-09-20,11583585.754173
2018-09-21,11536160.3053548
2018-09-22,11490726.8694243
2018-09-23,11482500.850375
2018-09-24,11160494.7401815
2018-09-25,11172965.1381951
2018-09-26,11187558.9762603
2018-09-27,11159751.4123589
2018-09-28,11123587.5300299
2018-09-29,11077800.5083295
2018-09-30,11090112.9033079
2018-10-01,11112966.7135247
2018-10-02,11062285.9430816
2018-10-03,11120955.7731942
2018-10-04,11150758.3744515
2018-10-05,11129891.6503127
2018-10-06,11159963.7900577
2018-10-07,11125353.6377058
2018-10-08,11153599.1551584
2018-10-09,11154576.1115027
2018-10-10,10657724.0720364
2018-10-11,9915799.41658022
2018-10-12,9936579.48956262
2018-10-13,9933761.69653784
2018-10-14,9995604.54422319
2018-10-15,10180474.6181032
2018-10-16,10133709.75017
2018-10-17,9989776.50491236
2018-10-18,9938934.82785547
2018-10-19,9879310.56391441
2018-10-20,9891731.91021081
2018-10-21,8898371.66908548
2018-10-22,8929761.27729965
2018-10-23,8932461.00468269
2018-10-24,8690963.97579909
2018-10-25,8293772.25864499
2018-10-26,8409135.02494879
2018-10-27,8397312.49777965
2018-10-28,8430330.45154258
2018-10-29,8389214.87853441
2018-10-30,8276617.12494901
2018-10-31,8321254.13334618
2018-11-01,8301853.63152323
2018-11-02,8256959.57141346
2018-11-03,8255310.34579567
2018-11-04,8292806.21699597
2018-11-05,7718036.43653936
2018-11-06,7607418.75168895
2018-11-07,7657153.41844563
2018-11-08,7465634.71195017
2018-11-09,7537004.34989893
2018-11-10,7512468.92299057
2018-11-11,7536037.46372763
2018-11-12,7545767.23936596
2018-11-13,7585937.98965204
2018-11-14,7518653.26545757
2018-11-15,7459025.24090502
2018-11-16,7528600.70194089
2018-11-17,7508566.6042197
2018-11-18,7479509.67437257
2018-11-19,7275028.48833481
2018-11-20,7797501.86171365
2018-11-21,7846652.17725567
2018-11-22,7861970.87822459
2018-11-23,7912947.12465817
2018-11-24,7797834.97105522
2018-11-25,7798266.52787954
2018-11-26,7770070.10143944
2018-11-27,7772940.94147888
2018-11-28,7762454.27200519
2018-11-29,6875335.38457105
2018-11-30,6927827.35332975
2018-12-01,6896356.13530266
2018-12-02,6872360.96944443
2018-12-03,7255931.41032786
2018-12-04,7234829.11598655
2018-12-05,7234813.18753933
2018-12-06,7212414.86258777
2018-12-07,7082827.81772229
2018-12-08,7264622.30634785
2018-12-09,7217134.69849435
2018-12-10,7151017.91896196
2018-12-11,7163906.54101569
2018-12-12,7255451.07011806
2018-12-13,7202751.22135448
2018-12-14,7178579.86266681
2018-12-15,7167107.11440146
2018-12-16,7187715.51350297
2018-12-17,7193442.71410536
2018-12-18,7325931.45549414
2018-12-19,7278262.45126092
2018-12-20,8002631.79828148
2018-12-21,7950314.6691639
2018-12-22,7944479.40429978
2018-12-23,8220527.91780071
2018-12-24,8242157.7328648
2018-12-25,8264006.43112909
2018-12-26,8272021.6388944
2018-12-27,8333082.91523323
2018-12-28,8340734.58259433
2018-12-29,8305742.82024697
2018-12-30,8293195.56806129
2018-12-31,8126041.78135657
2019-01-01,8072445.99817638
2019-01-02,8047302.17716269
2019-01-03,8065257.72121681
2019-01-04,8077187.7972118
2019-01-05,8017694.80920259
2019-01-06,8169973.54229336
2019-01-07,7959301.90389033
2019-01-08,8345744.78582063
2019-01-09,8331892.99090776
2019-01-10,8307858.08092168
2019-01-11,8332295.92210492
2019-01-12,8351805.48249345
2019-01-13,8169305.63008253
2019-01-14,8166191.5501411
2019-01-15,8083330.52787534
2019-01-16,8078318.69320169
2019-01-17,8027960.08599252
2019-01-18,8215999.89322047
2019-01-19,9309451.33313965
2019-01-20,9335930.25875163
2019-01-21,9127011.21272443
2019-01-22,9271763.78532383
2019-01-23,9279220.40547011
2019-01-24,9190888.12256972
2019-01-25,9236152.23029934
2019-01-26,9236443.84269165
2019-01-27,9230895.78026269
2019-01-28,9205971.4273769
2019-01-29,9302503.19569009
2019-01-30,9369664.70675672
2019-01-31,9391973.05705846
2019-02-01,9384377.86160323
2019-02-02,9381732.74936499
2019-02-03,9545583.37733257
2019-02-04,9519537.61832397
2019-02-05,9516739.27902876
2019-02-06,9473018.02771985
2019-02-07,9433506.03565316
2019-02-08,9434351.79324382
2019-02-09,9633958.80431425
2019-02-10,9702766.9555972
2019-02-11,9712166.81538811
2019-02-12,9743161.94647075
2019-02-13,9660656.37756718
2019-02-14,9579099.12234178
2019-02-15,9507292.83620907
2019-02-16,9479952.68885168
2019-02-17,11530290.7648127
2019-02-18,11433676.2700945
2019-02-19,11573757.6520862
2019-02-20,11628444.076712
2019-02-21,11497167.0680797
2019-02-22,9509619.56155036
2019-02-23,9492389.27964726
2019-02-24,9403601.70386237
2019-02-25,8712650.32713618
2019-02-26,8770598.92085847
2019-02-27,8784906.05091838
2019-02-28,15106597.4543631
2019-03-01,19777421.6477437
2019-03-02,19786298.4802913
2019-03-03,19411616.8321595
2019-03-04,19401379.1592827
2019-03-05,19677714.6471039
2019-03-06,19691284.6880297
2019-03-07,19761902.0318448
2019-03-08,19638016.9416413
2019-03-09,19337545.6707212
2019-03-10,19310935.6870444
2019-03-11,19219552.9969796
2019-03-12,19148197.8758729
2019-03-13,19501334.8963948
2019-03-14,19471754.5819492
2019-03-15,19474985.3512742
2019-03-16,19494977.9447919
2019-03-17,19800811.3695504
2019-03-18,19856197.8228937
2019-03-19,22496888.7167349
2019-03-20,21758828.4134331
2019-03-21,22074674.9661996
2019-03-22,22104781.9033051
2019-03-23,21890220.6149189
2019-03-24,21975250.7936221
2019-03-25,21986091.3206988
2019-03-26,21990197.7256367
2019-03-27,21937873.625323
2019-03-28,21895107.5646356
2019-03-29,21479449.1455289
2019-03-30,21415009.422297
2019-03-31,21474465.5558301
2019-04-01,21469162.5946718
2019-04-02,21409254.9602419
2019-04-03,21410894.3237543
2019-04-04,21888029.1709192
2019-04-05,22716497.773629
2019-04-06,22922721.4335775
2019-04-07,23023226.5409648
2019-04-08,22933176.9642907
2019-04-09,22932803.5707832
2019-04-10,22913223.857806
2019-04-11,22904475.1879123
2019-04-12,22874902.5947438
2019-04-13,23340049.5209731
2019-04-14,23332875.0941201
2019-04-15,25629965.0689425
2019-04-16,26903608.8992632
2019-04-17,26848986.601587
2019-04-18,26859275.0190035
2019-04-19,26901848.0892726
2019-04-20,26832047.9687971
2019-04-21,26836261.7040832
2019-04-22,26823607.3641726
2019-04-23,26692340.5359849
2019-04-24,26648076.1609714
2019-04-25,26531028.6744428
2019-04-26,25748719.1474446
2019-04-27,25714828.0436439
2019-04-28,25701958.4582425
2019-04-29,25632755.610902
2019-04-30,25727266.9893987
2019-05-01,25524308.7069922
2019-05-02,25036013.4017034
2019-05-03,25091659.7259694
2019-05-04,25019595.5889025
2019-05-05,25273757.5278268
2019-05-06,25274805.2286621
2019-05-07,25126828.4016418
2019-05-08,25074657.5266966
2019-05-09,25021620.1797098
2019-05-10,24798961.9985227
2019-05-11,25281565.6987868
2019-05-12,25343595.3899359
2019-05-13,25365458.454996
2019-05-14,25429015.8880846
2019-05-15,25549610.4636181
2019-05-16,24768836.1184396
2019-05-17,24886534.4210601
2019-05-18,24899689.3771499
2019-05-19,24920070.1978324
2019-05-20,24971363.2995047
2019-05-21,24996412.2541004
2019-05-22,26353048.8781625
2019-05-23,26614789.3683652
2019-05-24,26296343.0310248
2019-05-25,26328890.0038361
2019-05-26,26359779.7109458
2019-05-27,26653817.9443735
2019-05-28,26542644.0428979
2019-05-29,22011963.0931416
2019-05-30,17537253.6957299
2019-05-31,17433866.6643717
2019-06-01,17555069.4262354
2019-06-02,17593488.0699632
2019-06-03,17978022.3500096
2019-06-04,17965244.7372266
2019-06-05,17951189.5644877
2019-06-06,18295368.063351
2019-06-07,17846028.9244164
2019-06-08,17827424.3346849
2019-06-09,17833278.4793643
2019-06-10,17860543.5827353
2019-06-11,17474207.4687067
2019-06-12,17619659.0976719
2019-06-13,17702498.7035619
2019-06-14,17666266.9929562
2019-06-15,17477064.5765011
2019-06-16,17721048.5860315
2019-06-17,17500074.6571385
2019-06-18,17676542.6024791
2019-06-19,17486033.1464109
2019-06-20,17512868.0900121
2019-06-21,17492952.9500523
2019-06-22,17480304.4270076
2019-06-23,17485268.3309262
2019-06-24,17499286.8864726
2019-06-25,17397764.0464929
2019-06-26,17258224.7634916
2019-06-27,17546234.1285734
2019-06-28,17485569.4744168
2019-06-29,17408371.6784022
2019-06-30,17436641.8692916
2019-07-01,17476028.0137835
2019-07-02,17493354.2519742
2019-07-03,17004100.7347485
2019-07-04,16258031.8976841
2019-07-05,16265822.2765455
2019-07-06,16225371.6032933
2019-07-07,16375906.8141754
2019-07-08,16391198.4747795
2019-07-09,14428009.6328209
2019-07-10,14469210.5337757
2019-07-11,14750205.3695179
2019-07-12,14259187.728584
2019-07-13,14038966.7709645
2019-07-14,14093524.2054437
2019-07-15,12728548.7860212
2019-07-16,12080308.7543086
2019-07-17,12010743.7526777
2019-07-18,11993794.6806514
2019-07-19,12078830.7164501
2019-07-20,11996963.4570765
2019-07-21,12168155.1710148
2019-07-22,11906891.6708928
2019-07-23,11883161.4918761
2019-07-24,11615704.6697228
2019-07-25,12026638.2917127
2019-07-26,12097552.0049095
2019-07-27,12082476.0665027
2019-07-28,12121298.1598396
2019-07-29,11999642.7277207
2019-07-30,12006134.2281504
2019-07-31,11924779.561653
2019-08-01,11814586.3192592
2019-08-02,11801293.071657
2019-08-03,11542053.7149074
2019-08-04,11560738.1265869
2019-08-05,11551914.9493818
2019-08-06,11491339.7624373
2019-08-07,11506878.5057755
2019-08-08,11543340.8969177
2019-08-09,11540181.2521301
2019-08-10,11738468.3949529
2019-08-11,11942965.3356997
2019-08-12,11976981.8552003
2019-08-13,11920299.8311356
2019-08-14,11916116.8281677
2019-08-15,12121353.5753608
2019-08-16,12147674.185691
2019-08-17,12198288.2282234
2019-08-18,12175466.1508051
2019-08-19,12199557.8035058
2019-08-20,10700868.4486206
2019-08-21,10706410.9212215
2019-08-22,10744102.4484415
2019-08-23,10690042.4817196
2019-08-24,10712223.1279394
2019-08-25,10681017.5345808
2019-08-26,10735316.4105485
2019-08-27,10716579.9604519
2019-08-28,10720937.2173485
2019-08-29,10767765.8059767
2019-08-30,10815256.3087512
2019-08-31,10602489.7818712
2019-09-01,10466645.640045
2019-09-02,10484432.3835654
2019-09-03,11073765.1488904
2019-09-04,11110924.7260765
2019-09-05,11365820.3968829
2019-09-06,11794920.252845
2019-09-07,11870123.9310473
2019-09-08,11953648.7701148
2019-09-09,11949658.6440933
2019-09-10,12014027.6459737
2019-09-11,12010278.5047462
2019-09-12,12249736.7428491
2019-09-13,12696842.0632977
2019-09-14,12511013.4564502
2019-09-15,12529155.9456405
2019-09-16,12475224.5096192
2019-09-17,13675136.5886696
2019-09-18,13499670.8169814
2019-09-19,13543397.2215492
2019-09-20,13474183.5320774
2019-09-21,13500683.1609831
2019-09-22,13493289.4264431
2019-09-23,13585422.3722722
2019-09-24,13539591.0247542
2019-09-25,13518071.3501831
2019-09-26,13774727.3867069
2019-09-27,13800851.9313605
2019-09-28,13678019.233069
2019-09-29,13689610.2328751
2019-09-30,13717239.9067829
2019-10-01,13683881.5800821
2019-10-02,13720661.0986121
2019-10-03,13724130.7101693
2019-10-04,13784694.9160469
2019-10-05,13662554.4135151
2019-10-06,13305347.2965105
2019-10-07,11365312.1390262
2019-10-08,11385170.2118756
2019-10-09,11393823.9665597
2019-10-10,11498880.5847886
2019-10-11,11560942.9385321
2019-10-12,11589891.0321994
2019-10-13,11578247.2191924
2019-10-14,11613688.5319724
2019-10-15,11665534.9609643
2019-10-16,11657921.949796
2019-10-17,11637930.7771859
2019-10-18,11497009.952306
2019-10-19,11282969.5575583
2019-10-20,11466161.09568
2019-10-21,11504368.5286716
2019-10-22,11500533.5562787
2019-10-23,11019610.2153527
2019-10-24,10978094.686673
2019-10-25,10936062.5281985
2019-10-26,10897300.3099633
2019-10-27,10861897.506075
2019-10-28,10833217.859035
2019-10-29,10708105.9004723
2019-10-30,10691706.8814509
2019-10-31,13028117.4039649
2019-11-01,13077829.3879724
2019-11-02,13090534.7288416
2019-11-03,11127177.4782897
2019-11-04,13459124.5653757
2019-11-05,13507473.2241432
2019-11-06,13533548.6055405
2019-11-07,13595780.9913861
2019-11-08,13605280.0380056
2019-11-09,13554720.3850664
2019-11-10,13604003.1045579
2019-11-11,13509441.7413613
2019-11-12,13634950.8822331
2019-11-13,13756021.9639356
2019-11-14,13804656.4331919
2019-11-15,14106163.5895104
2019-11-16,14118446.101337
2019-11-17,14115347.9507264
2019-11-18,14196498.3665771
2019-11-19,14202555.2787294
2019-11-20,12000360.7478731
2019-11-21,11974014.7910563
2019-11-22,11835251.625733
2019-11-23,11882856.3557457
2019-11-24,12089692.4611871
2019-11-25,12194414.000381
2019-11-26,12087591.4599055
2019-11-27,12195845.9050983
2019-11-28,12237608.5298597
2019-11-29,12256195.2362763
2019-11-30,12311379.5155902
2019-12-01,12322281.7132849
2019-12-02,11918727.3399148
2019-12-03,11998461.7593306
2019-12-04,11986895.2225568
2019-12-05,11695912.3289792
2019-12-06,11549707.4347713
2019-12-07,11556293.8428321
2019-12-08,11548729.761398
2019-12-09,11671173.2285887
2019-12-10,11711621.633245
2019-12-11,11581505.6324587
2019-12-12,11869731.3450064
2019-12-13,11863591.9500713
2019-12-14,11897449.968368
2019-12-15,11960337.3319953
2019-12-16,10688575.1399906
2019-12-17,10660665.0193227
2019-12-18,10146865.7082843
2019-12-19,10197008.4478897
2019-12-20,10048968.8369725
2019-12-21,10118834.6444552
2019-12-22,10197961.0055715
2019-12-23,10012679.7813478
2019-12-24,10034658.0059026
2019-12-25,9927643.38233216
2019-12-26,10012262.2880033
2019-12-27,10029040.0691905
2019-12-28,9824820.34941634
2019-12-29,9803950.18390602
2019-12-30,9763932.35615482
2019-12-31,9753282.80122081
2020-01-01,9798176.33519094
2020-01-02,9625960.83991778
2020-01-03,9665996.19298675
2020-01-04,9669004.31594945
2020-01-05,9674230.77599938
2020-01-06,9611038.53905126
2020-01-07,9801797.44969639
2020-01-08,9791441.95424521
2020-01-09,9796948.25647881
2020-01-10,9810765.0096333
2020-01-11,9827253.64884217
2020-01-12,10612516.9432949
2020-01-13,10573308.4102522
2020-01-14,10547037.527143
2020-01-15,10548676.6887063
2020-01-16,10446972.7695467
2020-01-17,10538213.2879489
2020-01-18,10525455.8261451
2020-01-19,10609641.6042418
2020-01-20,10634332.0426054
2020-01-21,10625926.0089638
2020-01-22,11280436.0407091
2020-01-23,11349961.9899595
2020-01-24,11373781.8562137
2020-01-25,11345035.6443558
2020-01-26,11328647.992385
2020-01-27,11901902.5451441
2020-01-28,11841062.8308671
2020-01-29,11851985.5682043
2020-01-30,11782010.8543848
2020-01-31,11857099.3432899
2020-02-01,11858939.9460082
2020-02-02,11679442.7697987
2020-02-03,12351266.7730926
2020-02-04,12119445.449728
2020-02-05,12111669.8888172
2020-02-06,12128986.7932953
2020-02-07,12145053.7004801
2020-02-08,12114578.7802024
2020-02-09,12190779.339947
2020-02-10,12286579.6096958
2020-02-11,12238162.7549432
2020-02-12,12324406.6242918
2020-02-13,12182495.9085708
2020-02-14,11770337.9215548
2020-02-15,11845099.5853172
2020-02-16,11823342.4471599
2020-02-17,11645797.6872103
2020-02-18,11622349.5187826
2020-02-19,11671656.4425397
2020-02-20,11697228.7688867
2020-02-21,11499746.0853328
2020-02-22,12028879.633713
2020-02-23,11926856.9220974
2020-02-24,12025110.9043767
2020-02-25,11966809.2283369
2020-02-26,11983856.0461095
2020-02-27,11940946.1607725
2020-02-28,11899284.2249474
2020-02-29,9523362.8843747
2020-03-01,9430769.09810079
2020-03-02,9190991.0192117
2020-03-03,9546823.3630783
2020-03-04,9518734.91396111
2020-03-05,9520719.21985643
2020-03-06,9518393.32416444
2020-03-07,9487430.93079161
2020-03-08,9300278.7935572
2020-03-09,9279110.07400597
2020-03-10,9292699.10560953
2020-03-11,9324270.13846114
2020-03-12,9091547.16579562
2020-03-13,9128749.2266724
2020-03-14,9015993.085513
2020-03-15,9063714.05571271
2020-03-16,9036420.21349684
2020-03-17,8619947.08961392
2020-03-18,9423213.82012339
2020-03-19,9572959.92377637
2020-03-20,9551070.33019014
2020-03-21,9543679.41080394
2020-03-22,9556563.96272795
2020-03-23,9534171.25239377
2020-03-24,9403808.94328949
2020-03-25,9559857.48493155
2020-03-26,9530260.29139055
2020-03-27,9675454.88771663
2020-03-28,9627339.14798191
2020-03-29,9554009.89196319
2020-03-30,9471032.72148413
2020-03-31,9453157.28266311
2020-04-01,9412177.30417854
2020-04-02,9416409.17051698
2020-04-03,9489687.0793108
2020-04-04,9492615.02286249
2020-04-05,9491251.09439857
2020-04-06,9469924.00503865
2020-04-07,9474914.1892357
2020-04-08,9471961.25557389
2020-04-09,9451624.54027932
2020-04-10,9401834.5477554
2020-04-11,8912241.88850645
2020-04-12,8930285.13690396
2020-04-13,8954604.67895863
2020-04-14,8925145.41136036
2020-04-15,8948091.24441836
2020-04-16,8940016.72829733
2020-04-17,9246421.98951321
2020-04-18,9269314.47073824
2020-04-19,9271316.27104472
2020-04-20,9159527.24210157
2020-04-21,8726278.43955032
2020-04-22,8731919.44273939
2020-04-23,8777614.53669416
2020-04-24,8758234.18743802
2020-04-25,8719002.23042704
2020-04-26,8672764.74900649
2020-04-27,8665493.80755057
2020-04-28,8638157.78373865
2020-04-29,8657165.65143382
2020-04-30,8408341.01487083
2020-05-01,8372163.47552968
2020-05-02,8337588.5892571
2020-05-03,7776913.91665913
2020-05-04,7818974.86033614
2020-05-05,7793075.93296797
2020-05-06,7848964.61926878
2020-05-07,8314553.37436123
2020-05-08,8176524.31990587
2020-05-09,8228157.17436504
2020-05-10,8194947.42786485
2020-05-11,8224795.18715896
2020-05-12,8115492.35633742
2020-05-13,8206314.25613037
2020-05-14,8175106.26649186
2020-05-15,8230944.03781018
2020-05-16,8113492.25139588
2020-05-17,8150275.21330848
2020-05-18,8172067.99172554
2020-05-19,8079592.13265917
2020-05-20,8106357.12037842
2020-05-21,8200034.4910876
2020-05-22,7921202.32874088
2020-05-23,7987880.54463217
2020-05-24,7505027.9609239
2020-05-25,7508089.47861535
2020-05-26,7510430.74880408
2020-05-27,7432025.12207988
2020-05-28,7465179.11870431
2020-05-29,7572649.11919054
2020-05-30,7564819.22265778
2020-05-31,7559041.07172649
2020-06-01,8083356.88817708
2020-06-02,8123277.58947318
2020-06-03,8241565.3211225
2020-06-04,8291608.54125104
2020-06-05,8375372.58786748
2020-06-06,8417086.94458494
2020-06-07,8350586.18757197
2020-06-08,8361805.38809959
2020-06-09,8415852.16055239
2020-06-10,8535060.67719481
2020-06-11,8624155.57569856
2020-06-12,8646191.20036365
2020-06-13,8670435.50120931
2020-06-14,8754337.42567216
2020-06-15,8561876.33164308
2020-06-16,7921452.94107347
2020-06-17,7841794.09641252
2020-06-18,7872948.20865798
2020-06-19,7913733.88408306
2020-06-20,7914097.36037893
2020-06-21,7987853.10324442
2020-06-22,8157729.96680164
2020-06-23,6912881.70493702
2020-06-24,6901570.57078209
2020-06-25,6679740.53994368
2020-06-26,6742386.41567372
2020-06-27,6776659.51373482
2020-06-28,6768625.46245779
2020-06-29,6802004.59915303
2020-06-30,6795759.75441046
2020-07-01,6865465.06877455
2020-07-02,6780987.78275776
2020-07-03,7632676.50083359
2020-07-04,7777736.03820645
2020-07-05,7060333.71562489
2020-07-06,7048902.93190634
2020-07-07,6951440.52176784
2020-07-08,6954799.72845345
2020-07-09,7029154.97310211
2020-07-10,6897780.02737568
2020-07-11,6992618.2025057
2020-07-12,6981349.69266821
2020-07-13,7217910.95825584
2020-07-14,7993354.22935281
2020-07-15,7200834.74416964
2020-07-16,6867325.71239166
2020-07-17,6693752.20349584
2020-07-18,6694179.14343365
2020-07-19,6680929.30767259
2020-07-20,6671646.15756095
2020-07-21,6651045.28748959
2020-07-22,6538515.12613864
2020-07-23,6723179.58650274
2020-07-24,6803906.30496465
2020-07-25,7745350.06654422
2020-07-26,7626476.44036478
2020-07-27,7653589.09363962
2020-07-28,7708949.06242326
2020-07-29,7701333.37385064
2020-07-30,7698720.58819192
2020-07-31,7603732.72437046
2020-08-01,7653193.71415062
2020-08-02,7630447.96624901
2020-08-03,7522738.08458605
2020-08-04,7474451.9652403
2020-08-05,7514283.74182522
2020-08-06,7509474.11568918
2020-08-07,7524843.01696658
2020-08-08,7487520.40364169
2020-08-09,7474063.23112901
2020-08-10,7426567.55881499
2020-08-11,6554930.82181424
2020-08-12,6478321.61292733
2020-08-13,6492336.20552818
2020-08-14,6437143.65167983
2020-08-15,7277129.64586817
2020-08-16,7174627.55982177
2020-08-17,7019557.48688839
2020-08-18,7018473.47331953
2020-08-19,6944347.86241548
2020-08-20,6980402.16878061
2020-08-21,6963278.51288674
2020-08-22,7022115.66505989
2020-08-23,7071208.87185492
2020-08-24,7139350.75525086
2020-08-25,7111401.40867872
2020-08-26,6973435.53489395
2020-08-27,5953991.21190965
2020-08-28,6051188.95784793
2020-08-29,6120987.64315518
2020-08-30,6107961.63082486
2020-08-31,6756099.07617335
2020-09-01,6558421.38498331
2020-09-02,6529763.04664065
2020-09-03,6433234.42872128
2020-09-04,6400278.36915518
2020-09-05,6507308.70889234
2020-09-06,6522329.90058247
2020-09-07,6562112.91205782
2020-09-08,6663215.91010764
2020-09-09,6618682.46964593
2020-09-10,6595960.59296618
2020-09-11,6586453.07563383
2020-09-12,6570866.50909622
2020-09-13,6667303.34893181
2020-09-14,6789260.83713211
2020-09-15,6740458.72607067
2020-09-16,6705509.41074927
2020-09-17,6685930.47905634
2020-09-18,6668214.64730244
2020-09-19,6574991.7896881
2020-09-20,6501474.0691484
2020-09-21,6669130.23152726
2020-09-22,6658990.98703028
2020-09-23,7263557.81585717
2020-09-24,8143259.24785472
2020-09-25,8157935.89550686
2020-09-26,8228492.38320864
2020-09-27,8179867.13672999
2020-09-28,8323181.61572884
2020-09-29,8124812.66775104
2020-09-30,7750478.55006971
2020-10-01,7627401.05457319
2020-10-02,7474307.71864154
2020-10-03,7437900.51015999
2020-10-04,7441963.99682188
2020-10-05,7427156.58853816
2020-10-06,7411776.21343216
2020-10-07,7415963.28328829
2020-10-08,7399684.63953837
2020-10-09,7351334.98929778
2020-10-10,7318986.05463861
2020-10-11,7333042.02495693
2020-10-12,7316150.07429114
2020-10-13,7331189.22671802
2020-10-14,7377436.31774141
2020-10-15,7341596.21608572
2020-10-16,7391324.11420965
2020-10-17,7454641.87074331
2020-10-18,7463764.94594034
2020-10-19,7455589.13839864
2020-10-20,7485153.32859067
2020-10-21,8020127.7123884
2020-10-22,8031528.59454208
2020-10-23,8208464.12177873
2020-10-24,8223889.81858182
2020-10-25,8251815.07986442
2020-10-26,8260349.20807516
2020-10-27,8348502.27418345
2020-10-28,8305181.00983628
2020-10-29,8364542.85214686
2020-10-30,8517336.78104774
2020-10-31,8525127.2612775
2020-11-01,8520963.3868959
2020-11-02,8654305.26251131
2020-11-03,8688728.8066172
2020-11-04,8642901.72952996
2020-11-05,8552709.76252004
2020-11-06,8572246.07347456
2020-11-07,8623557.68483909
2020-11-08,8618282.44060029
2020-11-09,8727655.36872228
2020-11-10,8801952.60448316
2020-11-11,8732724.33124859
2020-11-12,8752582.60405754
2020-11-13,8759903.63080772
2020-11-14,8887897.01969316
2020-11-15,9740162.13447481
2020-11-16,9817143.27035115
2020-11-17,9841210.09617857
2020-11-18,9874454.63051442
2020-11-19,9796445.4172688
2020-11-20,9945036.32748215
2020-11-21,9654137.05855703
2020-11-22,9616843.99911659
2020-11-23,9619113.66948251
2020-11-24,9284195.46819803
2020-11-25,9187773.07297448
2020-11-26,9110391.48113354
2020-11-27,9000107.34319114
2020-11-28,8974756.89469307
2020-11-29,8239303.409814
2020-11-30,8336244.80982856
2020-12-01,8358953.6791007
2020-12-02,8369577.80838909
2020-12-03,8460971.58231556
2020-12-04,8426918.76902295
2020-12-05,8450333.76065009
2020-12-06,8372022.16891074
2020-12-07,8226731.84049216
2020-12-08,8256906.77266159
2020-12-09,8246244.23971009
2020-12-10,8190485.56085612
2020-12-11,8191876.49333358
2020-12-12,8212072.9183763
2020-12-13,8226782.17974797
2020-12-14,8234861.74711203
2020-12-15,8251548.8341845
2020-12-16,8231149.9891404
2020-12-17,8150808.72286996
2020-12-18,8135715.08087648
2020-12-19,8172171.12459083
2020-12-20,8097576.4256814
2020-12-21,8170792.51866017
2020-12-22,7469680.44716983
2020-12-23,6580785.92405193
2020-12-24,6586634.77432925
2020-12-25,6831171.9114006
2020-12-26,6847437.79733868
2020-12-27,6811646.83882949
2020-12-28,6210783.6054137
2020-12-29,6203584.27856252
2020-12-30,6940791.59487793
2020-12-31,6894203.19386031
2021-01-01,6834043.59692878
2021-01-02,6792555.87126621
2021-01-03,6759317.0854627
2021-01-04,6727004.19502226
2021-01-05,6961555.20530807
2021-01-06,6979424.15962225
2021-01-07,6939809.06283317
2021-01-08,6862865.01885326
2021-01-09,6868769.0594683
2021-01-10,6884211.16991747
2021-01-11,6660147.87329717
2021-01-12,6700506.46911016
2021-01-13,6643804.97822736
2021-01-14,6778244.48632962
2021-01-15,6771125.85463877
2021-01-16,6783245.17761291
2021-01-17,7342029.81047462
2021-01-18,7574833.4161925
2021-01-19,7545194.10881882
2021-01-20,7682958.03740192
2021-01-21,7405621.78863051
2021-01-22,7406999.33175337
2021-01-23,7385499.83010935
2021-01-24,7431606.48553442
2021-01-25,7314750.84040531
2021-01-26,7332729.72374576
2021-01-27,7292335.11015576
2021-01-28,7239712.4777089
2021-01-29,7212301.76243278
2021-01-30,7431701.07298658
2021-01-31,7397454.96031921
2021-02-01,7270734.9557567
2021-02-02,7045415.3109026
2021-02-03,6991269.59565412
2021-02-04,7022446.84474216
2021-02-05,7058060.99799236
2021-02-06,7085780.34544604
2021-02-07,7033497.13514876
2021-02-08,7011601.23085439
2021-02-09,7031350.04754722
2021-02-10,7199712.22653547
2021-02-11,7220483.23893345
2021-02-12,7339714.3855834
2021-02-13,7387175.85643888
2021-02-14,7247014.64111729
2021-02-15,7269965.10857159
2021-02-16,7147003.54565487
2021-02-17,7188100.63687903
2021-02-18,7036579.5898005
2021-02-19,6994760.74198321
