Date,transactions/transfers_volume_from_exchanges_mean
2015-08-07,0.0
2015-08-08,182.8262108959155
2015-08-09,663.9825082492907
2015-08-10,1006.8966677994797
2015-08-11,1160.0364836264102
2015-08-12,1066.049723690145
2015-08-13,613.3581128410392
2015-08-14,601.0764986559844
2015-08-15,1069.7193565687562
2015-08-16,790.0796723434402
2015-08-17,1080.0196506038435
2015-08-18,993.3807671942858
2015-08-19,1691.7724457899506
2015-08-20,695.6298020127012
2015-08-21,836.0025797658918
2015-08-22,656.762443995189
2015-08-23,1081.087358466294
2015-08-24,951.1539702061284
2015-08-25,454.8800349085512
2015-08-26,736.5791888932067
2015-08-27,679.0303660719661
2015-08-28,715.1720787241978
2015-08-29,383.49492088834023
2015-08-30,800.0944625467577
2015-08-31,1066.596231833126
2015-09-01,826.8998254939055
2015-09-02,1233.1487399801608
2015-09-03,932.2279747782716
2015-09-04,612.4959452614623
2015-09-05,759.7557406506166
2015-09-06,808.97567486115
2015-09-07,426.76358088708275
2015-09-08,517.9620539281547
2015-09-09,797.975719019336
2015-09-10,673.4368828800904
2015-09-11,1004.96684255306
2015-09-12,780.94303515866
2015-09-13,604.4492592388596
2015-09-14,532.9139108107705
2015-09-15,1296.6539435188333
2015-09-16,899.9467152519999
2015-09-17,500.0238673695957
2015-09-18,886.993972389943
2015-09-19,281.555704147985
2015-09-20,608.9120849661796
2015-09-21,514.4990066990041
2015-09-22,621.3311031554098
2015-09-23,866.1056205236112
2015-09-24,1340.1398238393506
2015-09-25,1332.4892166641134
2015-09-26,745.614458011577
2015-09-27,1532.0593068990127
2015-09-28,722.9925913729423
2015-09-29,1011.7889138084857
2015-09-30,918.6554250246576
2015-10-01,1040.491408375624
2015-10-02,531.9373140512765
2015-10-03,482.3274881081632
2015-10-04,576.5310283611836
2015-10-05,1128.9361740498362
2015-10-06,3919.8501361341937
2015-10-07,845.2196515648039
2015-10-08,1149.150196290339
2015-10-09,924.912185521278
2015-10-10,980.3827474537144
2015-10-11,1923.0516802775678
2015-10-12,2144.8107578930612
2015-10-13,2280.3781422837
2015-10-14,3311.584591057901
2015-10-15,1032.1552030380883
2015-10-16,1480.8685493749383
2015-10-17,636.6651377075862
2015-10-18,536.7361949607142
2015-10-19,2554.753578892449
2015-10-20,2116.34072450806
2015-10-21,1425.9904062974545
2015-10-22,1740.8942051211138
2015-10-23,2318.8657698630595
2015-10-24,501.1279226513208
2015-10-25,891.764419442152
2015-10-26,5484.505330028662
2015-10-27,1877.4733693849719
2015-10-28,2119.834494426579
2015-10-29,959.3047673843206
2015-10-30,1323.987079561886
2015-10-31,1025.6304614363635
2015-11-01,891.4075620225926
2015-11-02,1161.4374549381444
2015-11-03,1223.2707570063358
2015-11-04,1587.4592522915295
2015-11-05,785.6360583564567
2015-11-06,769.2010025869513
2015-11-07,844.9860222072674
2015-11-08,674.6553772898701
2015-11-09,908.6664096072749
2015-11-10,471.04196853686864
2015-11-11,909.5212532494656
2015-11-12,807.323901582367
2015-11-13,424.9720748320833
2015-11-14,1141.0356088811495
2015-11-15,828.8837581055682
2015-11-16,1058.4776849253847
2015-11-17,720.5967102019686
2015-11-18,713.976318817738
2015-11-19,461.08151888857145
2015-11-20,300.23001146715444
2015-11-21,420.2063214523958
2015-11-22,1232.1534794192064
2015-11-23,907.3554141085484
2015-11-24,425.62152501034484
2015-11-25,527.3834725705833
2015-11-26,571.2107280545181
2015-11-27,633.7273585714737
2015-11-28,304.60440476545455
2015-11-29,1086.530291358913
2015-11-30,744.5537570753062
2015-12-01,759.4510723070833
2015-12-02,689.1628579625532
2015-12-03,704.0897101607827
2015-12-04,760.0894044359375
2015-12-05,297.3162652144444
2015-12-06,478.61230940169645
2015-12-07,1418.1768639420354
2015-12-08,271.3556485062963
2015-12-09,351.3719975373563
2015-12-10,1482.2707934895454
2015-12-11,666.3630987430023
2015-12-12,1192.1403874889286
2015-12-13,515.0457511101021
2015-12-14,1933.5721616345236
2015-12-15,877.9915843342857
2015-12-16,1703.5426169528432
2015-12-17,487.2090555203077
2015-12-18,253.5007666467059
2015-12-19,387.6432458918
2015-12-20,845.0100890397999
2015-12-21,588.9894292793846
2015-12-22,459.4612828912048
2015-12-23,520.7105189231429
2015-12-24,484.2550949162162
2015-12-25,219.76209602042255
2015-12-26,777.9650273213846
2015-12-27,245.4759384169697
2015-12-28,730.2586652440001
2015-12-29,290.1678759252809
2015-12-30,1550.9135366791177
2015-12-31,831.7689149623932
2016-01-01,1016.6321023369387
2016-01-02,786.6945515346154
2016-01-03,823.5628131018422
2016-01-04,409.9816550519014
2016-01-05,490.994685927324
2016-01-06,609.6585066886813
2016-01-07,935.3719903033112
2016-01-08,578.4517491886667
2016-01-09,216.30184302201343
2016-01-10,237.3854361434177
2016-01-11,733.5965126828319
2016-01-12,669.2251108743071
2016-01-13,679.5771266444262
2016-01-14,877.3395111491359
2016-01-15,717.017579302683
2016-01-16,774.5857297283587
2016-01-17,859.033825386024
2016-01-18,905.5882292341261
2016-01-19,1038.5333340029924
2016-01-20,914.9516732851415
2016-01-21,893.8359169003319
2016-01-22,666.3044622016748
2016-01-23,1417.269620041156
2016-01-24,751.6430069313889
2016-01-25,1035.3939442181877
2016-01-26,787.1050801257143
2016-01-27,785.5962071514177
2016-01-28,600.5904916604587
2016-01-29,724.4670819049275
2016-01-30,475.2385256757584
2016-01-31,460.23167429378015
2016-02-01,548.3308008857639
2016-02-02,603.266426012562
2016-02-03,434.19643398803856
2016-02-04,502.92255982959114
2016-02-05,678.9974472926756
2016-02-06,577.8453548727317
2016-02-07,515.341107313881
2016-02-08,769.708836538773
2016-02-09,682.5491421696727
2016-02-10,511.00848710845685
2016-02-11,710.1268540887365
2016-02-12,334.7920761753927
2016-02-13,587.2047012073565
2016-02-14,561.6795805331528
2016-02-15,497.7656339451367
2016-02-16,1066.2142348644484
2016-02-17,366.0376631304241
2016-02-18,641.4343762984391
2016-02-19,544.7573454922197
2016-02-20,541.4114489614448
2016-02-21,428.0437695495286
2016-02-22,528.3539349422135
2016-02-23,533.79943740775
2016-02-24,516.1003415021588
2016-02-25,462.89958894683195
2016-02-26,437.41321572121933
2016-02-27,372.3626324880233
2016-02-28,395.000057465693
2016-02-29,659.7948927678304
2016-03-01,534.6942697718671
2016-03-02,510.71607174759527
2016-03-03,398.0553863960271
2016-03-04,311.7539747614085
2016-03-05,420.0600833287474
2016-03-06,284.43049890676554
2016-03-07,290.72804127636334
2016-03-08,373.8105948411056
2016-03-09,369.19301152833333
2016-03-10,235.3358451009457
2016-03-11,314.7715918672333
2016-03-12,392.97111193418056
2016-03-13,206.02688965880503
2016-03-14,233.94945117689534
2016-03-15,251.4008578284936
2016-03-16,285.39181154905026
2016-03-17,274.62378974306426
2016-03-18,313.68257628083404
2016-03-19,281.0469716336916
2016-03-20,257.40156769561196
2016-03-21,307.1385040335279
2016-03-22,420.26179590018364
2016-03-23,262.3876147896823
2016-03-24,322.11467008651016
2016-03-25,255.0188790578604
2016-03-26,136.9846325763098
2016-03-27,410.0566633102898
2016-03-28,261.61530291600974
2016-03-29,274.2364950576462
2016-03-30,260.5261692715243
2016-03-31,338.43793368714284
2016-04-01,224.2334429412563
2016-04-02,226.58124499036398
2016-04-03,157.27198405830728
2016-04-04,192.92676258241124
2016-04-05,210.94995497817337
2016-04-06,346.6819396027352
2016-04-07,305.710109931439
2016-04-08,266.6400668060185
2016-04-09,496.2201302864224
2016-04-10,382.54877571620415
2016-04-11,332.79239286745127
2016-04-12,432.51198005173956
2016-04-13,436.5138977925913
2016-04-14,407.15005335477014
2016-04-15,407.2617504234266
2016-04-16,443.49034227596775
2016-04-17,425.4399573396339
2016-04-18,354.9579392080989
2016-04-19,286.2122607612924
2016-04-20,368.204118085989
2016-04-21,241.71008484988303
2016-04-22,244.89191779103595
2016-04-23,314.1839962324655
2016-04-24,235.76879941039974
2016-04-25,354.8117677284858
2016-04-26,462.40119517284194
2016-04-27,335.33654836643046
2016-04-28,417.8124117509788
2016-04-29,284.1730780877692
2016-04-30,241.20774550748644
2016-05-01,220.5677595840836
2016-05-02,229.2399223449221
2016-05-03,240.92553321446715
2016-05-04,196.41497588435777
2016-05-05,213.89666546707699
2016-05-06,373.9262552313282
2016-05-07,270.8371478792495
2016-05-08,135.53968916664445
2016-05-09,201.74464212201246
2016-05-10,245.08998837928127
2016-05-11,211.81736594318605
2016-05-12,271.06277346338646
2016-05-13,371.6198833431758
2016-05-14,405.9406268016584
2016-05-15,232.64474379709486
2016-05-16,243.8640855375043
2016-05-17,159.3873454537928
2016-05-18,241.57026359772837
2016-05-19,244.06293407373943
2016-05-20,244.1037973139651
2016-05-21,151.30431837150866
2016-05-22,137.94869451424734
2016-05-23,158.11360471712322
2016-05-24,248.54966446358506
2016-05-25,251.20384154151267
2016-05-26,148.2276438225173
2016-05-27,171.23187364839862
2016-05-28,163.42952727169603
2016-05-29,249.31893584477137
2016-05-30,147.8065131248222
2016-05-31,256.80439148776304
2016-06-01,171.911245303929
2016-06-02,143.60562877179828
2016-06-03,220.30001131058432
2016-06-04,159.99228529857143
2016-06-05,216.4334366051927
2016-06-06,205.6723217176933
2016-06-07,176.43883102691046
2016-06-08,1066.232917379135
2016-06-09,134.93664148932643
2016-06-10,181.50000588254676
2016-06-11,213.19807431867187
2016-06-12,272.3812840099979
2016-06-13,169.6351417866699
2016-06-14,188.7907941627306
2016-06-15,399.98927487309226
2016-06-16,166.9441979396254
2016-06-17,303.96834394051666
2016-06-18,335.35877116310434
2016-06-19,442.7964551185235
2016-06-20,356.11254696381644
2016-06-21,338.2724791247146
2016-06-22,296.0057829685234
2016-06-23,247.65473122901665
2016-06-24,291.40316546365364
2016-06-25,223.86280112543903
2016-06-26,290.89526581791154
2016-06-27,227.45901658536422
2016-06-28,278.6647466361752
2016-06-29,337.4002934834875
2016-06-30,229.97123111554714
2016-07-01,258.0843456446119
2016-07-02,148.51894017156977
2016-07-03,293.18780233852675
2016-07-04,176.2968069794569
2016-07-05,410.507515709372
2016-07-06,322.65502069041827
2016-07-07,282.8569428163763
2016-07-08,214.54902327593706
2016-07-09,305.28862250296385
2016-07-10,449.1647092315341
2016-07-11,354.1869522909401
2016-07-12,194.34573881410782
2016-07-13,233.48385622171938
2016-07-14,240.8682937532845
2016-07-15,1335.2169681715186
2016-07-16,350.5108521860406
2016-07-17,326.02581128843923
2016-07-18,288.43075026283293
2016-07-19,343.6576130039327
2016-07-20,12010.298642982705
2016-07-21,212.2570101815815
2016-07-22,320.62256078597005
2016-07-23,271.8135982469564
2016-07-24,290.48945716275546
2016-07-25,212.03415905571174
2016-07-26,522.8197513209682
2016-07-27,348.52293509814837
2016-07-28,390.16888414027073
2016-07-29,348.0233865713537
2016-07-30,542.1826741560081
2016-07-31,444.35102653677296
2016-08-01,688.5341357651704
2016-08-02,469.09597157563803
2016-08-03,1621.4312070762787
2016-08-04,694.5534946029516
2016-08-05,1087.4203077959487
2016-08-06,547.9643476199881
2016-08-07,658.8310199137532
2016-08-08,537.5906256478423
2016-08-09,537.6892158444798
2016-08-10,608.4948127469042
2016-08-11,526.7124621635883
2016-08-12,505.42020652376596
2016-08-13,1408.822125320227
2016-08-14,409.8927691460169
2016-08-15,533.7679217278271
2016-08-16,237.48832044255525
2016-08-17,673.5781109135771
2016-08-18,304.66593906166065
2016-08-19,316.0423333192
2016-08-20,367.3695967443233
2016-08-21,246.0599294691584
2016-08-22,960.0754714889698
2016-08-23,308.1390330064341
2016-08-24,202.48916586303417
2016-08-25,258.62094722690955
2016-08-26,272.200415596385
2016-08-27,196.73815221817574
2016-08-28,289.29085981875437
2016-08-29,496.0823428992982
2016-08-30,305.77016086366035
2016-08-31,270.7235406669858
2016-09-01,323.9780630671036
2016-09-02,277.66061831912555
2016-09-03,313.129160671353
2016-09-04,554.2730496119049
2016-09-05,292.9309210570887
2016-09-06,259.4021403730414
2016-09-07,224.5202528844416
2016-09-08,513.2633557516452
2016-09-09,199.65413207780986
2016-09-10,361.28140259927716
2016-09-11,571.4884862888068
2016-09-12,804.5065534002543
2016-09-13,325.5189541499524
2016-09-14,243.24069582760302
2016-09-15,178.29748062550664
2016-09-16,522.9083050128186
2016-09-17,174.81395382339764
2016-09-18,263.7923606652131
2016-09-19,499.123783366937
2016-09-20,187.93200141474168
2016-09-21,334.70767685054994
2016-09-22,547.1250891041725
2016-09-23,492.2380602642092
2016-09-24,439.64369902575766
2016-09-25,188.0372975305744
2016-09-26,171.3874122041395
2016-09-27,167.47714359018892
2016-09-28,216.10138273857652
2016-09-29,239.8428651769563
2016-09-30,444.8474763297726
2016-10-01,190.25350249101976
2016-10-02,260.1035753927772
2016-10-03,143.03745466869285
2016-10-04,196.23703880773104
2016-10-05,335.2786394093311
2016-10-06,285.2222570004908
2016-10-07,142.3185228118734
2016-10-08,200.9750752543401
2016-10-09,255.0983490253366
2016-10-10,203.75896501582594
2016-10-11,292.84022266817993
2016-10-12,298.49051127059937
2016-10-13,776.5178965481232
2016-10-14,324.511484926263
2016-10-15,559.2277747397891
2016-10-16,436.12854108875194
2016-10-17,249.21023648952104
2016-10-18,443.0088989542781
2016-10-19,291.6047040451815
2016-10-20,206.13315953737154
2016-10-21,232.54729264845258
2016-10-22,135.8339581858944
2016-10-23,201.1622424668579
2016-10-24,147.73026103710592
2016-10-25,320.71028886777333
2016-10-26,337.1502781264194
2016-10-27,344.0700412278237
2016-10-28,481.9165848076682
2016-10-29,476.1891225586551
2016-10-30,2640.1870865978162
2016-10-31,298.4454362796906
2016-11-01,321.7684469934441
2016-11-02,169.7665002962544
2016-11-03,222.36426983512305
2016-11-04,308.77438735312165
2016-11-05,217.43463955049495
2016-11-06,138.79265270881837
2016-11-07,137.2362949347201
2016-11-08,162.15230589455018
2016-11-09,245.21840376346282
2016-11-10,237.26091720245856
2016-11-11,248.46893255209548
2016-11-12,233.49654218559735
2016-11-13,428.35651698011304
2016-11-14,153.44926003750163
2016-11-15,189.43787315779832
2016-11-16,269.03373680368594
2016-11-17,1159.9439598067158
2016-11-18,284.4516130024492
2016-11-19,224.12663420890829
2016-11-20,248.46416014507582
2016-11-21,156.02986101522654
2016-11-22,143.3358899926504
2016-11-23,247.59703449074942
2016-11-24,407.2793824692875
2016-11-25,436.15051727833435
2016-11-26,123.07568428373496
2016-11-27,203.4918784728599
2016-11-28,229.66790378086955
2016-11-29,341.8056243566083
2016-11-30,293.7793190365692
2016-12-01,551.3171141405144
2016-12-02,674.6198314595799
2016-12-03,2125.74445532119
2016-12-04,487.3222458960933
2016-12-05,513.8177034751333
2016-12-06,848.781213682795
2016-12-07,729.1548904223865
2016-12-08,768.048983229427
2016-12-09,471.43929138088606
2016-12-10,310.59678977728265
2016-12-11,161.68133662083582
2016-12-12,482.69458084465975
2016-12-13,329.1204841857773
2016-12-14,251.32073845261885
2016-12-15,303.79539659281915
2016-12-16,267.32045191286664
2016-12-17,278.9700414173744
2016-12-18,265.18890758648564
2016-12-19,357.66346167919875
2016-12-20,289.8256737268257
2016-12-21,498.5552790857673
2016-12-22,498.6239525563795
2016-12-23,503.82744796482007
2016-12-24,344.8393319845
2016-12-25,374.96880666098986
2016-12-26,287.0372208040693
2016-12-27,300.6832100520782
2016-12-28,575.8545865813746
2016-12-29,582.8102511462064
2016-12-30,1321.7083292985228
2016-12-31,470.5277856765791
2017-01-01,518.0184688395543
2017-01-02,330.71181521147116
2017-01-03,432.4437008529543
2017-01-04,450.488494780389
2017-01-05,487.2940757923173
2017-01-06,608.6621025142921
2017-01-07,471.5223863385231
2017-01-08,276.6090928147482
2017-01-09,838.5518905175617
2017-01-10,348.00144332311197
2017-01-11,420.0988108254805
2017-01-12,399.9225231113707
2017-01-13,203.4555219897395
2017-01-14,263.868881542096
2017-01-15,223.15073588866082
2017-01-16,240.4041995738897
2017-01-17,348.3032793336403
2017-01-18,299.9931117530925
2017-01-19,246.6433602255187
2017-01-20,1623.382552540494
2017-01-21,336.32031061018694
2017-01-22,283.52569870647284
2017-01-23,265.5639148878459
2017-01-24,309.1546425056451
2017-01-25,315.0497582249657
2017-01-26,363.025020853219
2017-01-27,349.83481361020137
2017-01-28,240.46155689858932
2017-01-29,170.84650643764482
2017-01-30,277.83590312426253
2017-01-31,480.91289451387394
2017-02-01,438.29764679857544
2017-02-02,429.03538985931715
2017-02-03,572.4676002004668
2017-02-04,652.6199601717053
2017-02-05,161.7226872759193
2017-02-06,621.8236320487146
2017-02-07,303.4974831710806
2017-02-08,233.21590176838066
2017-02-09,374.512306196451
2017-02-10,439.4475215164655
2017-02-11,423.9372186225431
2017-02-12,249.0210109947396
2017-02-13,347.910874556546
2017-02-14,617.9534106046989
2017-02-15,324.3908395508852
2017-02-16,484.80110616575956
2017-02-17,279.419338166745
2017-02-18,238.9306303628932
2017-02-19,214.74382592325642
2017-02-20,489.55268004732693
2017-02-21,437.5154420659589
2017-02-22,337.8549772391716
2017-02-23,290.87662467425827
2017-02-24,332.3150655098432
2017-02-25,352.0496453531673
2017-02-26,260.2016439263259
2017-02-27,525.0880716349857
2017-02-28,405.6011569940832
2017-03-01,584.1486776571401
2017-03-02,441.3505807004168
2017-03-03,395.46033182087626
2017-03-04,233.05937958812038
2017-03-05,229.9012438047849
2017-03-06,350.0760343005209
2017-03-07,352.54027669459373
2017-03-08,323.7340142441016
2017-03-09,242.9467670057335
2017-03-10,412.46593668816246
2017-03-11,390.8142268830869
2017-03-12,242.52848173018464
2017-03-13,366.74132126553206
2017-03-14,230.68712329829674
2017-03-15,186.13764543343228
2017-03-16,218.5095517762262
2017-03-17,191.49913367491013
2017-03-18,198.27419319732314
2017-03-19,152.59442394161965
2017-03-20,205.0250308406971
2017-03-21,194.9499058392634
2017-03-22,166.7414687741019
2017-03-23,150.6808351885915
2017-03-24,173.36683632496846
2017-03-25,185.13507056782558
2017-03-26,149.97162429915997
2017-03-27,128.7513709979862
2017-03-28,149.08087561231474
2017-03-29,166.49603334276725
2017-03-30,104.10540590888957
2017-03-31,127.59399750043212
2017-04-01,150.55052887272805
2017-04-02,153.077887110332
2017-04-03,275.59765455686215
2017-04-04,160.92615665259908
2017-04-05,184.3930744165412
2017-04-06,271.72786237453
2017-04-07,207.8138778434826
2017-04-08,190.25503242652897
2017-04-09,158.37342182919076
2017-04-10,201.51025564026278
2017-04-11,186.90810777023253
2017-04-12,147.07233837226903
2017-04-13,176.81003170590074
2017-04-14,161.65765712176665
2017-04-15,243.7939964497638
2017-04-16,91.14751421110486
2017-04-17,141.1944221927931
2017-04-18,180.1484852608959
2017-04-19,130.98609616232469
2017-04-20,134.9794153507818
2017-04-21,124.29209888777146
2017-04-22,115.40594061204749
2017-04-23,78.24381270260128
2017-04-24,93.25318156387284
2017-04-25,71.36092590929462
2017-04-26,119.24422791369271
2017-04-27,116.53683272467985
2017-04-28,140.5061991663324
2017-04-29,109.25892683808377
2017-04-30,98.59892439825089
2017-05-01,333.1194887406473
2017-05-02,108.98930454352474
2017-05-03,116.5694939256458
2017-05-04,117.24028926061817
2017-05-05,246.89710341138004
2017-05-06,95.63819472559658
2017-05-07,67.09962555731073
2017-05-08,96.17343792586463
2017-05-09,101.52471918735604
2017-05-10,96.14844290942767
2017-05-11,96.83311356106609
2017-05-12,90.05525831769083
2017-05-13,52.177808774520535
2017-05-14,133.31992911647023
2017-05-15,103.40431875685198
2017-05-16,88.48627753861206
2017-05-17,81.06926269159328
2017-05-18,63.177624306614774
2017-05-19,90.43242288082857
2017-05-20,60.183167973511196
2017-05-21,73.04230115962221
2017-05-22,77.73231431008684
2017-05-23,51.727841327059636
2017-05-24,52.775263961353666
2017-05-25,63.82330915245584
2017-05-26,74.36472489312315
2017-05-27,62.50521717891076
2017-05-28,43.82559544346622
2017-05-29,45.97090061173414
2017-05-30,56.689921240973455
2017-05-31,40.94070930002465
2017-06-01,62.863871740910035
2017-06-02,72.9739371490443
2017-06-03,32.90739472780821
2017-06-04,41.88099961570855
2017-06-05,31.92625841820824
2017-06-06,42.66286678703436
2017-06-07,23.922346019873537
2017-06-08,30.869381075168082
2017-06-09,30.331043914144043
2017-06-10,38.13078473173847
2017-06-11,30.146707076957412
2017-06-12,30.102546246670347
2017-06-13,28.166167130985315
2017-06-14,29.76290238811089
2017-06-15,31.089672484815946
2017-06-16,23.58511312185644
2017-06-17,22.64994518232104
2017-06-18,22.188049445436818
2017-06-19,19.17408164450798
2017-06-20,19.999187889000847
2017-06-21,44.60387839748806
2017-06-22,46.17354687174714
2017-06-23,33.411387774807565
2017-06-24,22.952487494406974
2017-06-25,28.227112755993264
2017-06-26,37.710623594198836
2017-06-27,43.47621425672172
2017-06-28,33.166961849080074
2017-06-29,27.740166232408477
2017-06-30,27.76254541411424
2017-07-01,24.78817199015757
2017-07-02,31.320080118777142
2017-07-03,20.648109639198445
2017-07-04,23.619621481028343
2017-07-05,27.211987095675525
2017-07-06,21.98501276092974
2017-07-07,27.706671212721197
2017-07-08,30.85447217647379
2017-07-09,25.52366172427676
2017-07-10,40.26313068914269
2017-07-11,47.467629436076194
2017-07-12,40.420758480335635
2017-07-13,36.656423700900554
2017-07-14,37.2782334591995
2017-07-15,32.6192666558507
2017-07-16,53.63595871960735
2017-07-17,48.29321728906984
2017-07-18,51.059985465122956
2017-07-19,60.04161274453341
2017-07-20,42.73366928744348
2017-07-21,37.04813125959127
2017-07-22,31.493339040074975
2017-07-23,34.92025367491619
2017-07-24,24.497660519132737
2017-07-25,36.95094715429101
2017-07-26,34.22425236458082
2017-07-27,29.51219347530887
2017-07-28,58.5375874394246
2017-07-29,35.292072401321235
2017-07-30,35.74742504176166
2017-07-31,37.869711021931586
2017-08-01,38.33875546266184
2017-08-02,25.390269803429376
2017-08-03,29.857555557176727
2017-08-04,25.399447541740848
2017-08-05,31.6399247423932
2017-08-06,30.395713560412947
2017-08-07,24.677262785529102
2017-08-08,24.4841347985923
2017-08-09,27.5377997284358
2017-08-10,20.83455087832448
2017-08-11,21.154677866114486
2017-08-12,20.20546085145247
2017-08-13,25.587930267341388
2017-08-14,21.127287493932457
2017-08-15,20.29605204094509
2017-08-16,30.683502640186184
2017-08-17,17.782310363911467
2017-08-18,21.832517457113486
2017-08-19,20.17216269036872
2017-08-20,16.19686161503457
2017-08-21,20.40124582471057
2017-08-22,18.355286494997724
2017-08-23,16.845490501985413
2017-08-24,18.262617140095344
2017-08-25,16.999595254004856
2017-08-26,15.53662105626595
2017-08-27,17.059152956381418
2017-08-28,18.37633932453637
2017-08-29,17.394124690838424
2017-08-30,19.09795306260655
2017-08-31,16.410131069079373
2017-09-01,16.642394421135325
2017-09-02,22.140423319731934
2017-09-03,25.533971019244397
2017-09-04,26.968689485328685
2017-09-05,27.116368700192123
2017-09-06,18.262699503611763
2017-09-07,18.20444895059884
2017-09-08,26.776365112501654
2017-09-09,59.50581144332356
2017-09-10,25.305836182991644
2017-09-11,17.333711399773193
2017-09-12,20.374991652558293
2017-09-13,23.150409433403343
2017-09-14,30.27551880168035
2017-09-15,43.77259844958804
2017-09-16,34.41433995085129
2017-09-17,30.98592535277407
2017-09-18,29.928234801617513
2017-09-19,19.424162441945846
2017-09-20,18.839034713058336
2017-09-21,29.679462605127732
2017-09-22,20.67812940935687
2017-09-23,18.42275734579533
2017-09-24,22.387653831576127
2017-09-25,25.33442959534082
2017-09-26,18.987776787240264
2017-09-27,22.301261301823118
2017-09-28,17.481214566460082
2017-09-29,20.042249749436532
2017-09-30,17.443989423428864
2017-10-01,15.634497807731968
2017-10-02,20.32172442770681
2017-10-03,17.22971830728084
2017-10-04,19.128193436103363
2017-10-05,13.211500103309316
2017-10-06,14.662585726539817
2017-10-07,14.08229533946626
2017-10-08,14.67528885275417
2017-10-09,33.17439946706947
2017-10-10,14.81447610717984
2017-10-11,18.270085704995076
2017-10-12,28.81401485825288
2017-10-13,27.490097812775904
2017-10-14,28.957515412689677
2017-10-15,19.650023439868097
2017-10-16,18.777190797131446
2017-10-17,24.143264209096753
2017-10-18,23.782494216879257
2017-10-19,18.804822042689125
2017-10-20,22.500892748376895
2017-10-21,20.83382351990654
2017-10-22,21.144891459218773
2017-10-23,24.98805898277313
2017-10-24,19.502666128849572
2017-10-25,15.91206859933607
2017-10-26,20.68764294240009
2017-10-27,14.713300332409911
2017-10-28,13.554813765642633
2017-10-29,18.705678384729495
2017-10-30,16.449546570194716
2017-10-31,15.913222485675002
2017-11-01,20.16096307585736
2017-11-02,29.152272997213434
2017-11-03,21.615948354301118
2017-11-04,19.140080944301545
2017-11-05,19.141863620087356
2017-11-06,26.654608868431822
2017-11-07,23.566682680083865
2017-11-08,29.96469537836621
2017-11-09,21.149517241858817
2017-11-10,28.297946948814218
2017-11-11,27.504437554835597
2017-11-12,38.16806759939109
2017-11-13,23.676278556510383
2017-11-14,18.338316660436732
2017-11-15,15.137656012302166
2017-11-16,18.872549606739604
2017-11-17,16.038021004483078
2017-11-18,14.111575032178912
2017-11-19,19.260145998067216
2017-11-20,27.216363123817807
2017-11-21,17.70852772783914
2017-11-22,13.48646128594994
2017-11-23,20.987273538455504
2017-11-24,20.01780342690199
2017-11-25,18.281382993006133
2017-11-26,14.497453968812746
2017-11-27,12.950628427745901
2017-11-28,15.276765774955058
2017-11-29,17.255297814502025
2017-11-30,15.489898164380545
2017-12-01,15.582513587789087
2017-12-02,12.174755166513327
2017-12-03,10.895067398976195
2017-12-04,10.065638226599114
2017-12-05,10.897585178498517
2017-12-06,24.811817445176107
2017-12-07,31.057149092361737
2017-12-08,23.197078051309806
2017-12-09,13.400327146334082
2017-12-10,16.688647386869334
2017-12-11,16.871994096234
2017-12-12,16.298446623191637
2017-12-13,15.355983025265422
2017-12-14,17.456377443219413
2017-12-15,16.28131053257613
2017-12-16,10.852139528493076
2017-12-17,9.200334186686897
2017-12-18,11.183152385862796
2017-12-19,12.458580374195526
2017-12-20,12.872532282772195
2017-12-21,10.938473312726629
2017-12-22,13.798872613480428
2017-12-23,11.385070038715021
2017-12-24,10.896081759528617
2017-12-25,13.645200646480207
2017-12-26,11.674861965080101
2017-12-27,8.905679734524853
2017-12-28,10.940868157555744
2017-12-29,9.60561739424524
2017-12-30,9.733000605785055
2017-12-31,7.530372374118728
2018-01-01,8.019581902355066
2018-01-02,9.866154646010273
2018-01-03,8.559641326199472
2018-01-04,9.87032201989887
2018-01-05,9.154629176104512
2018-01-06,7.793822926646321
2018-01-07,7.657513113719622
2018-01-08,8.779575721277148
2018-01-09,9.200157016535883
2018-01-10,8.493273154801406
2018-01-11,9.347980486463811
2018-01-12,7.7240937250963
2018-01-13,6.6334429921805595
2018-01-14,7.327779465979502
2018-01-15,6.726284234123502
2018-01-16,8.556995265168801
2018-01-17,12.716789958947004
2018-01-18,9.57692565897502
2018-01-19,9.068150091476607
2018-01-20,7.674878029226837
2018-01-21,6.369716392814235
2018-01-22,7.340508248648759
2018-01-23,7.031912286985461
2018-01-24,8.303628614658857
2018-01-25,8.642753007051981
2018-01-26,9.089549482378736
2018-01-27,7.92303180332853
2018-01-28,7.921235016840552
2018-01-29,7.378951586118242
2018-01-30,9.134863518451143
2018-01-31,7.920182690483774
2018-02-01,8.436499781741485
2018-02-02,11.648024054245317
2018-02-03,7.2384747418989
2018-02-04,10.743208161212639
2018-02-05,11.904809850746249
2018-02-06,12.053288217134051
2018-02-07,12.019208913771203
2018-02-08,8.160746834873272
2018-02-09,9.189497241482107
2018-02-10,7.6063825210548215
2018-02-11,7.0064673445071755
2018-02-12,7.701583738271761
2018-02-13,13.179376037249526
2018-02-14,9.216019828411211
2018-02-15,8.729833564582817
2018-02-16,8.005099965376697
2018-02-17,7.446238644224913
2018-02-18,8.097003814523694
2018-02-19,7.2171137676383585
2018-02-20,9.823255911674288
2018-02-21,9.638500062545868
2018-02-22,81.0559088879563
2018-02-23,9.063428702089777
2018-02-24,7.856616693001974
2018-02-25,6.893566395760671
2018-02-26,8.06323061553576
2018-02-27,7.398327604665313
2018-02-28,7.77282993022256
2018-03-01,6.752421936047373
2018-03-02,7.920712654926047
2018-03-03,6.235443524450274
2018-03-04,6.8495699523213425
2018-03-05,7.434156715370693
2018-03-06,7.822391100264278
2018-03-07,12.132606897865319
2018-03-08,10.597429011748446
2018-03-09,13.167185533311546
2018-03-10,10.052625027565481
2018-03-11,10.279086875346264
2018-03-12,8.150515351066137
2018-03-13,35.91538053871217
2018-03-14,11.565901949513288
2018-03-15,12.906486445274233
2018-03-16,11.811444496815794
2018-03-17,12.861647809165003
2018-03-18,17.485538779828808
2018-03-19,20.668835288018663
2018-03-20,15.341311521918602
2018-03-21,12.892721554530292
2018-03-22,12.959285272102406
2018-03-23,11.57337464791763
2018-03-24,14.182120343993924
2018-03-25,10.527361484003558
2018-03-26,14.689770291013577
2018-03-27,21.026181418875414
2018-03-28,14.704312219398226
2018-03-29,18.060249135565453
2018-03-30,21.68040171523184
2018-03-31,17.833267335306846
2018-04-01,17.453363512543355
2018-04-02,11.445672857749031
2018-04-03,12.663387981963808
2018-04-04,15.510115328180229
2018-04-05,13.942747901457787
2018-04-06,12.570547029448663
2018-04-07,9.924597166632163
2018-04-08,7.134762736082169
2018-04-09,12.220692371822215
2018-04-10,11.215971702185385
2018-04-11,11.922129875262117
2018-04-12,14.007639123085147
2018-04-13,13.558548533097976
2018-04-14,6.908619028989812
2018-04-15,9.461487697164436
2018-04-16,10.833008998268706
2018-04-17,11.42431495127296
2018-04-18,12.171675514650776
2018-04-19,10.115870757084778
2018-04-20,12.124421221154156
2018-04-21,11.388643437580154
2018-04-22,8.777292354779428
2018-04-23,21.884003157208156
2018-04-24,10.897821102307214
2018-04-25,14.214401682302562
2018-04-26,11.202600069451782
2018-04-27,10.78252373154522
2018-04-28,12.608774407869996
2018-04-29,9.843902861953136
2018-04-30,11.071439929620018
2018-05-01,7.105350675563895
2018-05-02,9.706245663508914
2018-05-03,11.356292836505828
2018-05-04,10.226858529142053
2018-05-05,8.637711482717645
2018-05-06,9.869235886597208
2018-05-07,14.57576047960067
2018-05-08,10.56698763336491
2018-05-09,9.948687716319434
2018-05-10,8.817424971263668
2018-05-11,10.423818531174705
2018-05-12,9.678776264482352
2018-05-13,5.374304117442198
2018-05-14,7.864429202335991
2018-05-15,7.544083883558125
2018-05-16,6.47695027369745
2018-05-17,6.8975208530501835
2018-05-18,6.378305967425152
2018-05-19,9.297684408791733
2018-05-20,8.291539641428981
2018-05-21,8.342484837085681
2018-05-22,12.093822365072036
2018-05-23,12.76645560165435
2018-05-24,14.172887039433721
2018-05-25,8.706453343898128
2018-05-26,7.707531750561175
2018-05-27,12.536615082240477
2018-05-28,11.602422784625388
2018-05-29,8.154752871593148
2018-05-30,8.709824000685922
2018-05-31,8.67611714027906
2018-06-01,10.983540750005037
2018-06-02,9.339129038306575
2018-06-03,8.006437218458213
2018-06-04,10.451454983932308
2018-06-05,11.75786793528932
2018-06-06,10.483727971789708
2018-06-07,11.353064447347187
2018-06-08,12.249172965622265
2018-06-09,8.84318497144291
2018-06-10,12.35480371981881
2018-06-11,14.60479497176922
2018-06-12,14.609781659180372
2018-06-13,14.327103309178554
2018-06-14,16.272861757334923
2018-06-15,14.815898216991528
2018-06-16,10.450491765441088
2018-06-17,10.120498435517723
2018-06-18,10.45148188322933
2018-06-19,10.50584157629606
2018-06-20,14.039067073208763
2018-06-21,9.301459299104666
2018-06-22,15.059503889659721
2018-06-23,11.91040030180234
2018-06-24,16.18471468020045
2018-06-25,16.46112316853815
2018-06-26,17.126757187345753
2018-06-27,18.064487107378845
2018-06-28,11.884301503480282
2018-06-29,15.42026424514369
2018-06-30,12.961416991798483
2018-07-01,9.532634068509319
2018-07-02,13.985194783103768
2018-07-03,15.38932569269291
2018-07-04,13.629495750365903
2018-07-05,12.41668990593007
2018-07-06,11.540205757174041
2018-07-07,10.316347292528944
2018-07-08,11.931514527180559
2018-07-09,12.115448138464583
2018-07-10,14.880863973556938
2018-07-11,12.279658599824183
2018-07-12,10.489853763814567
2018-07-13,10.073257093913172
2018-07-14,12.09606131659232
2018-07-15,9.639737037337497
2018-07-16,12.318010931949066
2018-07-17,12.895653558163634
2018-07-18,11.903516634660727
2018-07-19,9.687379255372358
2018-07-20,10.642669325063508
2018-07-21,7.876239663612592
2018-07-22,8.506739867991302
2018-07-23,9.214224462396245
2018-07-24,11.176151814255096
2018-07-25,9.731305120782299
2018-07-26,10.128068746438016
2018-07-27,10.825546334184427
2018-07-28,8.498003280245685
2018-07-29,8.514207240762733
2018-07-30,13.215439763794844
2018-07-31,12.248377378333828
2018-08-01,13.49898296681923
2018-08-02,12.598208767094553
2018-08-03,11.4365091926967
2018-08-04,12.614991331027214
2018-08-05,9.821313415784287
2018-08-06,7.038497448572523
2018-08-07,9.88640469950524
2018-08-08,9.276704790328418
2018-08-09,7.717305041573289
2018-08-10,9.49910850070575
2018-08-11,15.071738558615639
2018-08-12,11.398507189946507
2018-08-13,16.187193897159663
2018-08-14,19.906391985491847
2018-08-15,17.91477724058914
2018-08-16,15.893313000843241
2018-08-17,13.31064448445791
2018-08-18,17.109365578351284
2018-08-19,13.880173195180152
2018-08-20,19.387059974531784
2018-08-21,13.518351844280412
2018-08-22,14.068642042358064
2018-08-23,10.287514018829853
2018-08-24,12.399900774305907
2018-08-25,8.493966204171306
2018-08-26,8.565756483744941
2018-08-27,13.93686122511751
2018-08-28,14.31604088089199
2018-08-29,13.68869218393103
2018-08-30,14.139418255272199
2018-08-31,16.10624636955895
2018-09-01,15.137135899505688
2018-09-02,13.255756636688082
2018-09-03,13.296148464228379
2018-09-04,16.70792762660521
2018-09-05,25.126869611403443
2018-09-06,19.989413340047108
2018-09-07,20.67331831115926
2018-09-08,23.26789387758199
2018-09-09,21.88613563449386
2018-09-10,21.73243218848465
2018-09-11,15.929999491318467
2018-09-12,28.41656606880978
2018-09-13,23.723005465076998
2018-09-14,24.138876730302556
2018-09-15,21.354943492208243
2018-09-16,20.16564377757163
2018-09-17,24.06635271496803
2018-09-18,20.42279002189466
2018-09-19,9.005082490153017
2018-09-20,20.039352790305184
2018-09-21,28.678694301064507
2018-09-22,16.268472827009397
2018-09-23,14.999016042536736
2018-09-24,51.338647188852015
2018-09-25,22.313906271820972
2018-09-26,23.437847327950518
2018-09-27,18.647742737040982
2018-09-28,23.650345859476047
2018-09-29,19.633091152879693
2018-09-30,13.919578623650468
2018-10-01,14.965888488172196
2018-10-02,13.669895704442903
2018-10-03,16.494750622400637
2018-10-04,11.857867421959298
2018-10-05,13.146882180084965
2018-10-06,13.411141948864913
2018-10-07,12.361444419821254
2018-10-08,16.820454655658924
2018-10-09,16.519576515225033
2018-10-10,16.460697176351434
2018-10-11,34.657211588973844
2018-10-12,27.099074093194243
2018-10-13,17.02129025759463
2018-10-14,15.214148509822962
2018-10-15,34.26284335794788
2018-10-16,20.310895113510202
2018-10-17,17.662680469784245
2018-10-18,18.75361332253179
2018-10-19,15.278701676079136
2018-10-20,13.068607862220569
2018-10-21,12.025334360840722
2018-10-22,14.123443326561762
2018-10-23,17.08756608381528
2018-10-24,13.798794512546896
2018-10-25,16.577382248591025
2018-10-26,14.214122168551015
2018-10-27,11.323234944978637
2018-10-28,11.739427450993192
2018-10-29,16.64356477964991
2018-10-30,13.654168327982442
2018-10-31,20.9297158704702
2018-11-01,14.818902210281657
2018-11-02,14.645583550936543
2018-11-03,10.857140424594308
2018-11-04,18.287694031702525
2018-11-05,14.62327159459914
2018-11-06,17.331001837790136
2018-11-07,18.119771254014065
2018-11-08,14.00926451402565
2018-11-09,18.753295897907357
2018-11-10,11.435182747245618
2018-11-11,14.721812080290862
2018-11-12,13.753616899782726
2018-11-13,16.105856417879266
2018-11-14,29.14288051780974
2018-11-15,27.231647550425777
2018-11-16,22.09944732932235
2018-11-17,15.553678205486262
2018-11-18,15.186656448671812
2018-11-19,33.724187422212566
2018-11-20,38.853579188980625
2018-11-21,30.780128309353312
2018-11-22,24.309977841033323
2018-11-23,29.387563723698207
2018-11-24,27.903319053878587
2018-11-25,39.61035126605101
2018-11-26,33.520875237373836
2018-11-27,32.703906719425405
2018-11-28,35.2674003524821
2018-11-29,26.610955216746653
2018-11-30,20.115737756047416
2018-12-01,23.769559737795362
2018-12-02,21.171027506085064
2018-12-03,24.914134794198365
2018-12-04,24.858123798544113
2018-12-05,24.83242244571108
2018-12-06,32.92773824318229
2018-12-07,43.39788301256254
2018-12-08,33.55020015695223
2018-12-09,32.00457827198811
2018-12-10,30.27907291192858
2018-12-11,27.374149126775816
2018-12-12,24.69814111298347
2018-12-13,58.72821040631434
2018-12-14,33.81668972448121
2018-12-15,27.55214236794012
2018-12-16,27.31127535666302
2018-12-17,34.065708179542206
2018-12-18,37.475823300616966
2018-12-19,39.035202200934776
2018-12-20,41.826502268631145
2018-12-21,43.823573520648786
2018-12-22,27.955083536107864
2018-12-23,39.70139153530915
2018-12-24,42.48700600315472
2018-12-25,32.5535131642184
2018-12-26,24.52684132859664
2018-12-27,32.18387155142099
2018-12-28,33.019051140195025
2018-12-29,31.174672097945837
2018-12-30,23.41867701145999
2018-12-31,31.07398434270508
2019-01-01,28.526503168402325
2019-01-02,33.804004999205965
2019-01-03,32.89189164025986
2019-01-04,61.80768368142676
2019-01-05,92.74267677475271
2019-01-06,33.50704223385935
2019-01-07,25.3312249606534
2019-01-08,26.197346080169616
2019-01-09,26.602116643626758
2019-01-10,32.56618163954372
2019-01-11,30.581002369826667
2019-01-12,19.6817392433209
2019-01-13,13.282481920193693
2019-01-14,23.532198921586033
2019-01-15,35.309549311581776
2019-01-16,27.212204070599856
2019-01-17,24.617133605112894
2019-01-18,18.741523927988503
2019-01-19,25.353679940849766
2019-01-20,26.978391615424993
2019-01-21,21.970272436661038
2019-01-22,24.790207459061964
2019-01-23,26.77479787672752
2019-01-24,24.38959525374176
2019-01-25,15.838458314768259
2019-01-26,16.18879892730633
2019-01-27,22.14811590934341
2019-01-28,31.636564242087154
2019-01-29,25.950616500482568
2019-01-30,29.90368353708449
2019-01-31,23.14643148624539
2019-02-01,23.84916894807127
2019-02-02,17.980765266623624
2019-02-03,28.422188330599532
2019-02-04,20.68662612089296
2019-02-05,18.317422224701396
2019-02-06,31.411101962247347
2019-02-07,21.242069626026566
2019-02-08,36.302042453194275
2019-02-09,21.981478614950724
2019-02-10,31.037801412301434
2019-02-11,25.76078685346352
2019-02-12,25.799147632322793
2019-02-13,19.43465176618694
2019-02-14,24.7482604111612
2019-02-15,20.723893305827175
2019-02-16,16.790798755193272
2019-02-17,27.99108683642053
2019-02-18,28.836718314626875
2019-02-19,30.41836608642396
2019-02-20,25.740794761759133
2019-02-21,21.819119898134193
2019-02-22,24.03772579480775
2019-02-23,20.40071142726805
2019-02-24,33.0302232219382
2019-02-25,27.629743671062986
2019-02-26,23.72962471788118
2019-02-27,33.287098376304016
2019-02-28,13.111550647373287
2019-03-01,26.395825356711313
2019-03-02,21.72767669790962
2019-03-03,23.290928163003688
2019-03-04,25.50901544213158
2019-03-05,24.542201568783362
2019-03-06,26.15724602169421
2019-03-07,34.323231104928496
2019-03-08,22.96341305897172
2019-03-09,20.2971092089449
2019-03-10,18.71883779396166
2019-03-11,22.772866920001483
2019-03-12,23.377262710428667
2019-03-13,21.76853858468832
2019-03-14,19.61154732202726
2019-03-15,24.304930591136998
2019-03-16,30.387591733985417
2019-03-17,17.806194503593744
2019-03-18,32.43677897966862
2019-03-19,15.110487063974558
2019-03-20,21.61531893936977
2019-03-21,24.276461740806557
2019-03-22,18.221352771939507
2019-03-23,15.027788791992508
2019-03-24,18.172695623807368
2019-03-25,21.33014952409518
2019-03-26,18.45703904706594
2019-03-27,17.74028959587998
2019-03-28,12.52024340488111
2019-03-29,13.810540444298248
2019-03-30,16.191839803648232
2019-03-31,19.447723058788018
2019-04-01,16.43588450563914
2019-04-02,23.97647168432549
2019-04-03,25.199072073595232
2019-04-04,21.94129140196413
2019-04-05,19.959184561093316
2019-04-06,26.18395591128756
2019-04-07,18.155744310264925
2019-04-08,27.411030965913003
2019-04-09,23.822027383065542
2019-04-10,22.641305001578402
2019-04-11,22.840532423831952
2019-04-12,22.467257663112388
2019-04-13,16.568225523770053
2019-04-14,18.095122392299306
2019-04-15,22.53152145682365
2019-04-16,18.706361645987187
2019-04-17,18.17806884156868
2019-04-18,21.320637596267517
2019-04-19,18.490815371443837
2019-04-20,17.067254533769294
2019-04-21,16.452103328539796
2019-04-22,15.000393220724979
2019-04-23,19.605161862501383
2019-04-24,23.715676965825953
2019-04-25,22.58825849542232
2019-04-26,48.037083990084355
2019-04-27,18.01774852984244
2019-04-28,20.004474565387568
2019-04-29,23.996356753058773
2019-04-30,21.709636712458316
2019-05-01,28.027201163307094
2019-05-02,20.690550942127356
2019-05-03,24.487082266383876
2019-05-04,16.848707033859004
2019-05-05,12.986609943107295
2019-05-06,21.145618038324717
2019-05-07,26.07305244137666
2019-05-08,21.671641040658024
2019-05-09,17.308168393978907
2019-05-10,17.781850198965728
2019-05-11,27.31844295492672
2019-05-12,19.4953723529272
2019-05-13,20.797852970155724
2019-05-14,20.053505737604798
2019-05-15,21.772795727454138
2019-05-16,20.699682464785482
2019-05-17,19.552381966986594
2019-05-18,12.958998624574129
2019-05-19,16.559984775058897
2019-05-20,16.314681585081832
2019-05-21,15.403429831247893
2019-05-22,16.047501517789964
2019-05-23,16.6723163703297
2019-05-24,14.329073951991974
2019-05-25,12.732664073006362
2019-05-26,15.153683938415561
2019-05-27,17.063180033848464
2019-05-28,13.670350615420638
2019-05-29,14.963295541851931
2019-05-30,20.887423360666673
2019-05-31,19.432592934565694
2019-06-01,12.819574054590673
2019-06-02,11.745659163785247
2019-06-03,16.243592481402633
2019-06-04,19.15933931836913
2019-06-05,13.731963028055587
2019-06-06,14.737696218439861
2019-06-07,17.024551615124608
2019-06-08,10.790973963800688
2019-06-09,15.892782570858532
2019-06-10,17.800129777371524
2019-06-11,14.968839361990332
2019-06-12,18.599839867254776
2019-06-13,14.602198165387534
2019-06-14,18.240375755531076
2019-06-15,15.570756693865231
2019-06-16,16.965890444194287
2019-06-17,15.464865886806603
2019-06-18,18.11412294036146
2019-06-19,15.331371427751495
2019-06-20,14.648431874080433
2019-06-21,16.39529129531221
2019-06-22,14.750537729391302
2019-06-23,13.027342705205163
2019-06-24,13.311985581966129
2019-06-25,14.152301327861469
2019-06-26,15.473080538449842
2019-06-27,17.79469794832005
2019-06-28,17.0907065497559
2019-06-29,17.00733897275723
2019-06-30,17.51017826198523
2019-07-01,18.792360876903793
2019-07-02,19.28140018435348
2019-07-03,16.6239972380581
2019-07-04,14.710253348270932
2019-07-05,15.19363459632853
2019-07-06,10.176008842139774
2019-07-07,13.84882542572419
2019-07-08,12.36747680359568
2019-07-09,14.750191770880178
2019-07-10,21.37516943004074
2019-07-11,25.711635739333225
2019-07-12,23.641652758026044
2019-07-13,12.438054284176511
2019-07-14,25.61175566394353
2019-07-15,27.51432757618812
2019-07-16,24.317787320595926
2019-07-17,21.770809884172216
2019-07-18,24.513558333818814
2019-07-19,22.17192944516045
2019-07-20,16.187057542966013
2019-07-21,14.046230697166692
2019-07-22,15.311364019348131
2019-07-23,17.760969180355808
2019-07-24,18.93555034707879
2019-07-25,19.145327187966583
2019-07-26,18.81267190088989
2019-07-27,16.110855484431863
2019-07-28,13.983111160499469
2019-07-29,16.33297283780346
2019-07-30,13.499214194325734
2019-07-31,13.125893935738407
2019-08-01,15.606038728551779
2019-08-02,16.878729406559483
2019-08-03,12.016439358847594
2019-08-04,13.019737495091668
2019-08-05,18.66010482238184
2019-08-06,18.17172815165457
2019-08-07,18.707156424180937
2019-08-08,16.39794135696094
2019-08-09,17.963675869849972
2019-08-10,13.355895522434954
2019-08-11,13.443651981222875
2019-08-12,9.458786599680321
2019-08-13,8.222093954443533
2019-08-14,12.299619869935043
2019-08-15,22.804905580971766
2019-08-16,15.912944461492796
2019-08-17,10.151485278408407
2019-08-18,13.765737665428151
2019-08-19,13.93561350945641
2019-08-20,13.224299786855713
2019-08-21,14.004879589033667
2019-08-22,14.044247043658359
2019-08-23,13.576559242642308
2019-08-24,10.7866081477792
2019-08-25,12.760533106339963
2019-08-26,14.201706170523305
2019-08-27,16.64425457339284
2019-08-28,22.908058917805498
2019-08-29,18.211655744441885
2019-08-30,17.83461276195847
2019-08-31,16.87241522592527
2019-09-01,13.353657663186349
2019-09-02,15.05500412275619
2019-09-03,14.54108000329927
2019-09-04,20.823578508166236
2019-09-05,15.39642681562987
2019-09-06,17.999595301642113
2019-09-07,18.579258241107798
2019-09-08,16.993310916302544
2019-09-09,19.480433938309712
2019-09-10,22.442901612252225
2019-09-11,20.318581124290677
2019-09-12,12.062634273322402
2019-09-13,12.618905046340767
2019-09-14,12.730715025279528
2019-09-15,9.702890350996148
2019-09-16,16.58953257788999
2019-09-17,28.210562601010153
2019-09-18,26.631675219828203
2019-09-19,19.706943777613873
2019-09-20,18.650392911508426
2019-09-21,11.377686542026364
2019-09-22,11.96871715547444
2019-09-23,18.386514793819792
2019-09-24,32.39932068718614
2019-09-25,25.719093093341215
2019-09-26,32.8271250268891
2019-09-27,24.361709098929502
2019-09-28,17.323660104674097
2019-09-29,16.468092600635302
2019-09-30,23.232674637709643
2019-10-01,22.85656435107131
2019-10-02,13.334432461567328
2019-10-03,14.55455906942271
2019-10-04,14.194059707431505
2019-10-05,10.51029550052567
2019-10-06,14.62486229286028
2019-10-07,20.246116658988093
2019-10-08,23.59325508829466
2019-10-09,25.328865617163476
2019-10-10,16.806144395624788
2019-10-11,22.6615237570034
2019-10-12,13.927262641355373
2019-10-13,11.384298890500673
2019-10-14,15.748182008960196
2019-10-15,17.04353778065607
2019-10-16,16.305708490931274
2019-10-17,17.441272014100125
2019-10-18,17.287272085405515
2019-10-19,9.717191016231938
2019-10-20,14.552758350570004
2019-10-21,16.981570785923726
2019-10-22,18.472721204603214
2019-10-23,30.984381730235764
2019-10-24,21.04597503055698
2019-10-25,25.5205475011708
2019-10-26,28.75501433005235
2019-10-27,18.22085053934783
2019-10-28,23.36107376660798
2019-10-29,19.599787781131965
2019-10-30,22.605146822410617
2019-10-31,16.37790892035464
2019-11-01,16.819263577599152
2019-11-02,12.327070898420509
2019-11-03,11.393753397961929
2019-11-04,24.25797405441122
2019-11-05,20.631972263496753
2019-11-06,18.75125121594416
2019-11-07,16.703806472028297
2019-11-08,20.12577324775961
2019-11-09,9.954915933940569
2019-11-10,11.25150693215425
2019-11-11,17.735533951533995
2019-11-12,25.10554235607471
2019-11-13,14.836527281827811
2019-11-14,15.164817882499067
2019-11-15,25.225826813866746
2019-11-16,12.558962724429348
2019-11-17,12.632940363272407
2019-11-18,21.70855576691681
2019-11-19,16.225346681829716
2019-11-20,17.37408948956218
2019-11-21,15.976812436723701
2019-11-22,37.210140445306834
2019-11-23,24.131587772975774
2019-11-24,18.77695409770166
2019-11-25,33.076096030495655
2019-11-26,17.162372901993834
2019-11-27,29.91983786752234
2019-11-28,22.192321630240347
2019-11-29,20.608901231177605
2019-11-30,16.4005356473333
2019-12-01,16.044727548498766
2019-12-02,17.90928505809843
2019-12-03,20.852040099040188
2019-12-04,23.04924457330109
2019-12-05,17.83392661905031
2019-12-06,21.437983993475434
2019-12-07,18.053660419449066
2019-12-08,16.99467950856431
2019-12-09,19.993646060154564
2019-12-10,18.702224509064923
2019-12-11,13.39343621532661
2019-12-12,18.84609666119653
2019-12-13,16.018612132703744
2019-12-14,14.617466811992658
2019-12-15,13.553096557131685
2019-12-16,26.360827339778346
2019-12-17,32.29725382071966
2019-12-18,35.204989074327855
2019-12-19,37.67095388223798
2019-12-20,21.888285634152094
2019-12-21,15.05888824952952
2019-12-22,18.147051652845406
2019-12-23,29.053539877709316
2019-12-24,29.674255163943897
2019-12-25,37.773459399678266
2019-12-26,27.428554345383983
2019-12-27,25.182545739428154
2019-12-28,22.61019284845849
2019-12-29,38.109409863261796
2019-12-30,28.74590944665964
2019-12-31,26.212286081501997
2020-01-01,20.264708454769284
2020-01-02,22.399646009394786
2020-01-03,34.65256597078697
2020-01-04,24.384729065717277
2020-01-05,29.851806199821016
2020-01-06,28.497080992818265
2020-01-07,31.786205210102963
2020-01-08,31.34614546379595
2020-01-09,33.39140997670646
2020-01-10,24.997925509466167
2020-01-11,36.73005734729326
2020-01-12,23.86493003252047
2020-01-13,35.96784007956194
2020-01-14,47.24714216903491
2020-01-15,37.791417573401965
2020-01-16,29.348027597632825
2020-01-17,31.925958181807864
2020-01-18,69.1204386263376
2020-01-19,31.624710370232517
2020-01-20,24.0137169657751
2020-01-21,24.362032702445486
2020-01-22,24.581465492526124
2020-01-23,33.61734519458226
2020-01-24,29.84515667405118
2020-01-25,19.83086188391489
2020-01-26,26.070644109319723
2020-01-27,32.77725687808802
2020-01-28,33.38796557127238
2020-01-29,22.23163506133519
2020-01-30,27.376693087872628
2020-01-31,36.017328103859285
2020-02-01,19.04785448021026
2020-02-02,29.988716921384558
2020-02-03,28.327411950695307
2020-02-04,26.522585978280414
2020-02-05,29.647384501422895
2020-02-06,34.414221370802316
2020-02-07,28.652832500979784
2020-02-08,23.568184929130975
2020-02-09,26.03415222148968
2020-02-10,25.493068179702007
2020-02-11,23.802060358981247
2020-02-12,32.51828655396817
2020-02-13,30.337756766336984
2020-02-14,27.35927075485634
2020-02-15,27.65811177607974
2020-02-16,30.038037514889048
2020-02-17,34.6398287375063
2020-02-18,36.41661532412854
2020-02-19,32.09739983238513
2020-02-20,39.418126112242525
2020-02-21,28.799604478533666
2020-02-22,20.166539737713002
2020-02-23,28.755361985207124
2020-02-24,29.350895550188596
2020-02-25,28.15864884483789
2020-02-26,34.543586707360916
2020-02-27,34.47998619592071
2020-02-28,29.329876386066076
2020-02-29,20.05663158295911
2020-03-01,35.71558739516895
2020-03-02,36.848709317095306
2020-03-03,34.920147607292826
2020-03-04,29.152090894247507
2020-03-05,31.99167205378281
2020-03-06,36.12320308950767
2020-03-07,23.903057615323707
2020-03-08,41.108138705167974
2020-03-09,47.80098712440579
2020-03-10,38.50447161397549
2020-03-11,34.48055515545661
2020-03-12,62.55409994267907
2020-03-13,56.47346141665786
2020-03-14,52.391662225805014
2020-03-15,52.37473808638887
2020-03-16,64.97505106301537
2020-03-17,49.22067213865891
2020-03-18,42.05981758873741
2020-03-19,38.58119139117784
2020-03-20,43.08713503754346
2020-03-21,29.01496759390519
2020-03-22,40.111615686219615
2020-03-23,45.81052622132092
2020-03-24,60.53029037658235
2020-03-25,40.340890176217734
2020-03-26,37.39663656955898
2020-03-27,37.0840106285126
2020-03-28,43.227718069479465
2020-03-29,31.61397079599858
2020-03-30,31.130141799159897
2020-03-31,30.343834702421887
2020-04-01,28.087104505471665
2020-04-02,45.70317233832908
2020-04-03,41.25992953042796
2020-04-04,30.1028515032424
2020-04-05,20.26904297046808
2020-04-06,52.64961540499914
2020-04-07,42.16178665356315
2020-04-08,27.10286710502475
2020-04-09,26.17543391160137
2020-04-10,57.106354736689056
2020-04-11,29.699639393036776
2020-04-12,35.346157782899986
2020-04-13,42.55613731484782
2020-04-14,26.861972486554755
2020-04-15,32.728361903473605
2020-04-16,53.139330738179424
2020-04-17,32.585473395311496
2020-04-18,36.73406108988967
2020-04-19,27.13214833377482
2020-04-20,42.475198285699705
2020-04-21,30.12771698576719
2020-04-22,34.50152457696275
2020-04-23,40.77639865832076
2020-04-24,39.19255584076985
2020-04-25,28.59801079070953
2020-04-26,23.58940403301608
2020-04-27,32.5336215887677
2020-04-28,25.36541573058513
2020-04-29,38.958023267301286
2020-04-30,35.70548394844559
2020-05-01,28.37681243909113
2020-05-02,25.029181770514136
2020-05-03,28.0709118354672
2020-05-04,30.252635174448617
2020-05-05,29.031680274118926
2020-05-06,28.31770812588424
2020-05-07,36.44682491283443
2020-05-08,27.593302254346863
2020-05-09,22.74113778749418
2020-05-10,37.90532517975296
2020-05-11,24.60219635839182
2020-05-12,30.411099966019876
2020-05-13,35.35066634397601
2020-05-14,30.743255522610553
2020-05-15,23.613526414636116
2020-05-16,18.38851027477163
2020-05-17,17.528535309704253
2020-05-18,26.046423716577053
2020-05-19,22.49511448413201
2020-05-20,23.588523134657756
2020-05-21,32.921819889576874
2020-05-22,26.327696463516865
2020-05-23,19.275959180162005
2020-05-24,18.566261709233103
2020-05-25,17.041590001722817
2020-05-26,20.67233052066209
2020-05-27,13.541525948638961
2020-05-28,15.43717907274473
2020-05-29,16.259423235741846
2020-05-30,12.684205257803761
2020-05-31,14.499201709410753
2020-06-01,11.465641371088184
2020-06-02,18.22443714150667
2020-06-03,17.430674373873547
2020-06-04,16.369479395904
2020-06-05,17.032400358067143
2020-06-06,14.287965115601077
2020-06-07,16.267177871699783
2020-06-08,14.944014397156893
2020-06-09,20.78046591449864
2020-06-10,17.060975248272786
2020-06-11,23.784530734156355
2020-06-12,21.000056412635892
2020-06-13,10.322340272104555
2020-06-14,10.671642120618115
2020-06-15,13.298539530417559
2020-06-16,10.482301844302883
2020-06-17,8.910689148354644
2020-06-18,12.103582674667013
2020-06-19,8.93728430766771
2020-06-20,5.008643484484715
2020-06-21,5.320523655887047
2020-06-22,12.113850235338713
2020-06-23,6.660160391365317
2020-06-24,10.320033850268164
2020-06-25,6.2325039619799965
2020-06-26,5.229104138757616
2020-06-27,6.779502458866533
2020-06-28,9.74901643954522
2020-06-29,11.661353184928588
2020-06-30,8.723879323301023
2020-07-01,11.975085099943742
2020-07-02,11.465669929168447
2020-07-03,13.482560029768008
2020-07-04,10.361847776383385
2020-07-05,10.18115789185915
2020-07-06,16.808136591198842
2020-07-07,13.983250777213273
2020-07-08,17.925589046127733
2020-07-09,15.68807191688076
2020-07-10,11.947970154279252
2020-07-11,10.399232395117208
2020-07-12,12.70738567827206
2020-07-13,16.500894331339524
2020-07-14,16.57519067369008
2020-07-15,8.955203854946209
2020-07-16,12.452197887860738
2020-07-17,9.499916581222985
2020-07-18,9.145763213556757
2020-07-19,10.3827298952264
2020-07-20,9.414124831349781
2020-07-21,13.49684300294315
2020-07-22,15.804090463004018
2020-07-23,20.003257430617726
2020-07-24,15.708225829156197
2020-07-25,17.283385001076972
2020-07-26,18.814020929560808
2020-07-27,20.35850613078112
2020-07-28,16.75022107902875
2020-07-29,15.543318978773797
2020-07-30,17.29547615147296
2020-07-31,15.025389839235755
2020-08-01,16.7395272401507
2020-08-02,18.065331022467465
2020-08-03,14.077043793579712
2020-08-04,15.622160779603592
2020-08-05,15.940116089409111
2020-08-06,14.000525637230295
2020-08-07,14.269160528797045
2020-08-08,10.017491667645363
2020-08-09,10.924810710702012
2020-08-10,11.267168704933743
2020-08-11,9.897277479770123
2020-08-12,12.167915041905095
2020-08-13,17.374970217916758
2020-08-14,19.107522445881433
2020-08-15,13.875066378711571
2020-08-16,14.185975381384251
2020-08-17,18.335684819008684
2020-08-18,16.667083686732855
2020-08-19,15.296036215829826
2020-08-20,18.738215076402945
2020-08-21,16.768386466774132
2020-08-22,13.526638764342609
2020-08-23,9.019384461114951
2020-08-24,16.879460240843514
2020-08-25,19.9875931145408
2020-08-26,15.768116796031398
2020-08-27,14.609662204830666
2020-08-28,20.157756226714703
2020-08-29,13.875059590820308
2020-08-30,17.118574811095108
2020-08-31,21.36324844560636
2020-09-01,20.69038100440104
2020-09-02,22.68463338358063
2020-09-03,27.509893631250936
2020-09-04,34.92422305223317
2020-09-05,32.54563154891355
2020-09-06,36.03038357977966
2020-09-07,27.01088082558484
2020-09-08,27.53763428290591
2020-09-09,21.66577875230026
2020-09-10,28.929241414792887
2020-09-11,21.059229214180046
2020-09-12,21.847160564344648
2020-09-13,20.54259575824101
2020-09-14,24.34536968068581
2020-09-15,20.275901360143045
2020-09-16,25.43121413793322
2020-09-17,11.453184208457058
2020-09-18,19.60922499238164
2020-09-19,15.487830847035346
2020-09-20,18.74886027982644
2020-09-21,25.766171681967634
2020-09-22,20.472136480191747
2020-09-23,24.084034218828418
2020-09-24,18.03853659601456
2020-09-25,19.988113098045226
2020-09-26,17.21442478667688
2020-09-27,22.882738920192086
2020-09-28,16.32551798698116
2020-09-29,15.291908997079043
2020-09-30,10.518146257758682
2020-10-01,19.194788036277163
2020-10-02,21.986420848277746
2020-10-03,9.582982783734472
2020-10-04,10.163053776120597
2020-10-05,11.696976068712818
2020-10-06,12.52489150350716
2020-10-07,17.147310470502088
2020-10-08,15.31478115491283
2020-10-09,15.268207280419924
2020-10-10,10.247591793373074
2020-10-11,7.8769705734501665
2020-10-12,15.099486784631688
2020-10-13,13.01922219227131
2020-10-14,11.349529872947317
2020-10-15,9.652809994942137
2020-10-16,15.895646530630989
2020-10-17,6.757726432668039
2020-10-18,5.086364444777491
2020-10-19,7.610373758581643
2020-10-20,8.90923570977535
2020-10-21,13.189820253143406
2020-10-22,10.325254136263633
2020-10-23,6.502711697988697
2020-10-24,11.23808875279301
2020-10-25,10.148750385146856
2020-10-26,15.925638807474707
2020-10-27,16.84676665626705
2020-10-28,13.299488012160028
2020-10-29,12.048103975345688
2020-10-30,17.539752819521247
2020-10-31,12.424800066737244
2020-11-01,8.477685353096273
2020-11-02,22.180738951970838
2020-11-03,19.44572096606155
2020-11-04,35.42710530869679
2020-11-05,23.43653190704278
2020-11-06,20.86784830709678
2020-11-07,22.65447822224157
2020-11-08,15.337758696907533
2020-11-09,17.786913946905784
2020-11-10,15.045612177394455
2020-11-11,14.263340222210086
2020-11-12,19.60711922126084
2020-11-13,16.323451888392214
2020-11-14,17.131455092922227
2020-11-15,12.574121615437
2020-11-16,15.715318113574613
2020-11-17,14.63930342892028
2020-11-18,20.922351729931258
2020-11-19,23.100666214970314
2020-11-20,16.867806399290593
2020-11-21,17.801685616850058
2020-11-22,16.930843137483546
2020-11-23,15.44706381949457
2020-11-24,16.878205371884665
2020-11-25,13.881997067638434
2020-11-26,28.370363733774422
2020-11-27,23.3058010233709
2020-11-28,20.794311731858457
2020-11-29,15.571435980401844
2020-11-30,19.282113375566386
2020-12-01,24.61325198782133
2020-12-02,16.624967709183576
2020-12-03,13.706345315508571
2020-12-04,16.628522396721873
2020-12-05,16.088898770727532
2020-12-06,13.273644176858367
2020-12-07,17.857997159026333
2020-12-08,11.317370182684176
2020-12-09,15.950512439787003
2020-12-10,15.925011401141893
2020-12-11,16.790567883723913
2020-12-12,14.215691645472546
2020-12-13,14.606408663137335
2020-12-14,13.631007731784091
2020-12-15,11.116049265707053
2020-12-16,15.972007945461538
2020-12-17,18.469884074024723
2020-12-18,17.309634028946707
2020-12-19,22.056099253082095
2020-12-20,12.507054578696126
2020-12-21,18.933364387928478
2020-12-22,18.369985166150684
2020-12-23,13.430237060334774
2020-12-24,15.937794054987462
2020-12-25,10.892480817788776
2020-12-26,14.407678318136933
2020-12-27,19.617213253905835
2020-12-28,16.883634653435553
2020-12-29,15.181796066418677
2020-12-30,15.878088218950321
2020-12-31,15.378647440743507
2021-01-01,12.844280581368283
2021-01-02,13.393513368503374
2021-01-03,20.025732377112973
2021-01-04,24.82479063193687
2021-01-05,20.342218395139188
2021-01-06,20.47113481591666
2021-01-07,18.326506584395688
2021-01-08,22.429635211132574
2021-01-09,15.0552127329091
2021-01-10,15.368367455260723
2021-01-11,24.024665173630908
2021-01-12,23.772880572056394
2021-01-13,23.062118040417825
2021-01-14,27.669449578698526
2021-01-15,22.03725455851306
2021-01-16,19.65525912529518
2021-01-17,16.957083279271128
2021-01-18,17.098457761035526
2021-01-19,23.169490699082363
2021-01-20,44.238221756540554
2021-01-21,30.75220885382261
2021-01-22,30.573441092042412
2021-01-23,18.969861943940735
2021-01-24,22.292881607506196
2021-01-25,21.19968834563726
2021-01-26,27.655869867940226
2021-01-27,26.395657612202953
2021-01-28,17.72641342663876
2021-01-29,23.52664480848417
2021-01-30,15.819177634212354
2021-01-31,15.71628935217508
2021-02-01,12.47258980600363
2021-02-02,17.67875219657437
2021-02-03,16.15717006893737
2021-02-04,17.4059259675738
2021-02-05,12.884728076473102
2021-02-06,14.398978092614664
2021-02-07,15.848940608740943
2021-02-08,16.10672735293029
2021-02-09,13.199321132656136
2021-02-10,12.75640566815914
2021-02-11,12.511387563372956
2021-02-12,11.078757051476156
2021-02-13,9.146610801152793
2021-02-14,10.807459426857232
2021-02-15,15.559687594337031
2021-02-16,12.90139196065135
2021-02-17,11.021317989942403
2021-02-18,10.439201268634264
2021-02-19,12.144966024853117
