Date,transactions/transfers_volume_exchanges_net
2015-08-07,1432994.8192739
2015-08-08,848571.118777979
2015-08-09,440430.193456526
2015-08-10,702564.85266953
2015-08-11,273769.42808165005
2015-08-12,219861.779067704
2015-08-13,417751.931915461
2015-08-14,934487.9047633399
2015-08-15,263046.59983313095
2015-08-16,491970.158091221
2015-08-17,83484.214853844
2015-08-18,201502.64106004802
2015-08-19,-80738.014575768
2015-08-20,-32555.44266308051
2015-08-21,-19980.254154229013
2015-08-22,-4727.137435836106
2015-08-23,-38890.357742484994
2015-08-24,-14522.540549315017
2015-08-25,42251.439499946
2015-08-26,25386.087929094007
2015-08-27,16110.905173281804
2015-08-28,17713.427869887804
2015-08-29,2007.2687589440975
2015-08-30,51121.35691366129
2015-08-31,23125.349131065013
2015-09-01,128007.1542574543
2015-09-02,-37971.863651184394
2015-09-03,52511.36436363701
2015-09-04,53430.6974416818
2015-09-05,-16249.297069143795
2015-09-06,32988.844335171496
2015-09-07,51100.59729877431
2015-09-08,60872.00001177191
2015-09-09,944632.2611671598
2015-09-10,8280.211801265403
2015-09-11,-81304.98417403802
2015-09-12,-14614.276483709196
2015-09-13,-19301.9361833348
2015-09-14,30025.297530570104
2015-09-15,14146.065056638996
2015-09-16,39819.836094615006
2015-09-17,-7958.846053217407
2015-09-18,38028.066985432306
2015-09-19,12962.7530529088
2015-09-20,-7223.450607935098
2015-09-21,42434.50311038861
2015-09-22,8479.6289563397
2015-09-23,12561.060664632801
2015-09-24,51063.814979259
2015-09-25,-5485.407507055992
2015-09-26,4539.455480994089
2015-09-27,-17709.474031692997
2015-09-28,142339.736580444
2015-09-29,-46081.4641898656
2015-09-30,76748.187383734
2015-10-01,-28534.430692384994
2015-10-02,27123.609727160303
2015-10-03,4472.294714051302
2015-10-04,10061.8120026598
2015-10-05,-22971.9128212488
2015-10-06,-169239.62180780113
2015-10-07,2000.412467030299
2015-10-08,66868.29401478199
2015-10-09,-5804.081807655501
2015-10-10,-3259.2467596498027
2015-10-11,-44551.293757451705
2015-10-12,-4980.690587051009
2015-10-13,1635.110137872005
2015-10-14,46915.38751353399
2015-10-15,-5669.817194100804
2015-10-16,-16516.019926139998
2015-10-17,32704.561969499795
2015-10-18,3459.6729780785026
2015-10-19,-44430.500132072295
2015-10-20,-29964.727526790986
2015-10-21,220443.21646526
2015-10-22,18832.154638670996
2015-10-23,136826.89063052498
2015-10-24,674.3511552420023
2015-10-25,-4652.798449597598
2015-10-26,-89685.84077840002
2015-10-27,29018.994368446
2015-10-28,27554.95695929299
2015-10-29,111110.01085151
2015-10-30,324744.193080412
2015-10-31,-17354.579656821996
2015-11-01,-15727.879505761299
2015-11-02,-6458.735025211994
2015-11-03,-35524.81404399898
2015-11-04,-7654.6554273450165
2015-11-05,28390.391739143
2015-11-06,39303.812873918
2015-11-07,57808.8352131234
2015-11-08,41733.886802735506
2015-11-09,256783.99150214097
2015-11-10,15833.9565320685
2015-11-11,-93379.7321422268
2015-11-12,-43886.78889016889
2015-11-13,201.72021972260336
2015-11-14,-56748.26459643341
2015-11-15,-21622.883182318197
2015-11-16,-39097.473160835
2015-11-17,40796.32564861189
2015-11-18,-23737.4500758485
2015-11-19,-1409.146911112599
2015-11-20,-6044.444661899997
2015-11-21,-5683.8334191135
2015-11-22,-22787.3488862604
2015-11-23,299226.195739308
2015-11-24,-7523.2355613248
2015-11-25,-13415.984881253898
2015-11-26,653445.364633878
2015-11-27,-30048.652884902498
2015-11-28,15432.385427142199
2015-11-29,-60373.714073739706
2015-11-30,10970.666065628495
2015-12-01,8530.214401539604
2015-12-02,7430.084875026194
2015-12-03,-53230.93261915511
2015-12-04,-7485.525359357096
2015-12-05,31277.493947152303
2015-12-06,17844.584465840897
2015-12-07,-52081.979321085004
2015-12-08,51057.16907929171
2015-12-09,13291.8121105506
2015-12-10,-101111.6533570117
2015-12-11,-4168.460085117287
2015-12-12,23366.608776373003
2015-12-13,10772.659680469005
2015-12-14,-86927.08843832789
2015-12-15,112636.721244386
2015-12-16,947132.85530458
2015-12-17,80172.40671999399
2015-12-18,68442.2445797502
2015-12-19,743.5746968906969
2015-12-20,-18152.862032580786
2015-12-21,-16664.83801209749
2015-12-22,17962.171222957106
2015-12-23,-17525.577178952502
2015-12-24,-28364.2940689617
2015-12-25,5273.1143647151
2015-12-26,-14556.952645470097
2015-12-27,11631.811161281801
2015-12-28,-27181.465401033907
2015-12-29,-218.2711186255001
2015-12-30,-71721.2308716882
2015-12-31,37522.674763053015
2016-01-01,-34023.73922584229
2016-01-02,-23120.8907033503
2016-01-03,-44732.3380875099
2016-01-04,-30057.103583641998
2016-01-05,318007.625092755
2016-01-06,2652.704214635298
2016-01-07,-75877.05991708339
2016-01-08,-63021.7504344499
2016-01-09,-312.4615452024009
2016-01-10,509.392216340304
2016-01-11,-26571.879381553008
2016-01-12,98077.75369305498
2016-01-13,-58933.0353316867
2016-01-14,-36366.860055761004
2016-01-15,-11530.663744993013
2016-01-16,-53755.39650396901
2016-01-17,-71207.53644898938
2016-01-18,307150.712929795
2016-01-19,115009.83490291901
2016-01-20,-23128.35797692
2016-01-21,-107014.176397915
2016-01-22,-49638.84463056359
2016-01-23,-196636.43939350697
2016-01-24,182128.897325504
2016-01-25,137096.88832993107
2016-01-26,68282.46883773501
2016-01-27,-175078.247682797
2016-01-28,28297.27529488699
2016-01-29,-89389.928703482
2016-01-30,321983.35530278506
2016-01-31,15143.108752437023
2016-02-01,-27085.586725073008
2016-02-02,-79778.13536731219
2016-02-03,-42817.014924229705
2016-02-04,-97132.63883774838
2016-02-05,-148094.760199278
2016-02-06,-72645.07262015401
2016-02-07,278702.423015336
2016-02-08,-42814.73012318101
2016-02-09,133370.40907064703
2016-02-10,-25347.944469007954
2016-02-11,-235047.34804619098
2016-02-12,334146.179027966
2016-02-13,-6954.5819957409985
2016-02-14,-185334.16144220805
2016-02-15,-57417.54448329599
2016-02-16,-412136.31091393897
2016-02-17,-16255.578225849982
2016-02-18,-92971.85263388604
2016-02-19,-149556.4084018268
2016-02-20,163929.06503119497
2016-02-21,-36094.6525817512
2016-02-22,-21283.021991413
2016-02-23,-57979.909797906
2016-02-24,-26488.318056241988
2016-02-25,-38864.014917943976
2016-02-26,1427102.237366334
2016-02-27,68832.85782796898
2016-02-28,-78613.256444766
2016-02-29,-180264.71328276
2016-03-01,-64478.703975298995
2016-03-02,1826418.6977541302
2016-03-03,28814.60556764598
2016-03-04,64476.41086576803
2016-03-05,-9413.709464685991
2016-03-06,125812.806256384
2016-03-07,79962.99185274495
2016-03-08,-119584.26579335702
2016-03-09,-7459.654694403987
2016-03-10,71664.806242758
2016-03-11,-36804.61798604301
2016-03-12,-18671.441519938002
2016-03-13,125430.01842786797
2016-03-14,-16302.116475884977
2016-03-15,-110586.73710249201
2016-03-16,-28167.899840876984
2016-03-17,12114.528951606015
2016-03-18,77079.032036499
2016-03-19,-11747.304892216984
2016-03-20,-61807.026577977
2016-03-21,5344.503068335005
2016-03-22,-222296.9263721698
2016-03-23,-56225.976856545996
2016-03-24,-13276.436330047989
2016-03-25,-75227.36705274861
2016-03-26,6533.724981941203
2016-03-27,49108.02608718001
2016-03-28,-25421.866036171006
2016-03-29,439424.342062595
2016-03-30,-201852.71093064366
2016-03-31,-61274.136409686005
2016-04-01,-27037.684767855695
2016-04-02,-12819.935146535208
2016-04-03,-11087.311011959093
2016-04-04,-34619.72072551699
2016-04-05,12498.925815160997
2016-04-06,-42524.31898134299
2016-04-07,-58859.33900455698
2016-04-08,30157.65051926201
2016-04-09,318602.88149852696
2016-04-10,-21601.469091565
2016-04-11,-63287.13966126798
2016-04-12,-137819.13944406397
2016-04-13,-51754.111962819006
2016-04-14,259961.12889780698
2016-04-15,-114409.96619067401
2016-04-16,-122233.4116016033
2016-04-17,-37288.745454836
2016-04-18,-57143.730144549
2016-04-19,-56181.793237967606
2016-04-20,-22672.05286514701
2016-04-21,-22591.82656534799
2016-04-22,21497.83395709301
2016-04-23,450995.96861705394
2016-04-24,6707.3915114173
2016-04-25,-27823.914310538006
2016-04-26,-47904.16090042898
2016-04-27,-79857.20674618098
2016-04-28,-143409.99143975604
2016-04-29,-85951.8857136843
2016-04-30,515832.827968066
2016-05-01,-67796.12422415699
2016-05-02,-6121.457209444954
2016-05-03,-91437.206140881
2016-05-04,-77070.25468854498
2016-05-05,-82346.985857766
2016-05-06,-154175.33178202104
2016-05-07,-202294.73537018406
2016-05-08,-54636.572610930016
2016-05-09,-9366.169697862002
2016-05-10,-212107.99975635798
2016-05-11,77000.37143739406
2016-05-12,-461718.7822343
2016-05-13,-837859.4887231729
2016-05-14,-766518.529040442
2016-05-15,-350032.534672877
2016-05-16,-214380.604962172
2016-05-17,-134581.40141607902
2016-05-18,-218948.25750208803
2016-05-19,704138.4418051329
2016-05-20,-150136.39102672797
2016-05-21,-20452.550991842
2016-05-22,-50551.68633365199
2016-05-23,-79765.546461549
2016-05-24,-109742.01215828297
2016-05-25,-123986.52519168204
2016-05-26,21763.491343968024
2016-05-27,-254571.89930284902
2016-05-28,310822.686728196
2016-05-29,14894.182346021
2016-05-30,128137.69722208602
2016-05-31,-57159.45569955802
2016-06-01,-6573.96405783901
2016-06-02,-6701.205535431596
2016-06-03,-86068.62749890819
2016-06-04,-23696.8854332303
2016-06-05,-54817.282326554305
2016-06-06,-57605.70716183708
2016-06-07,132712.293189093
2016-06-08,-262769.766761862
2016-06-09,-41003.5458361688
2016-06-10,-69721.2501362402
2016-06-11,-16687.609890138992
2016-06-12,2197.955022635986
2016-06-13,-43483.092056016
2016-06-14,-9499.070446381986
2016-06-15,-398445.2673217198
2016-06-16,238932.758174814
2016-06-17,295207.03963379597
2016-06-18,775526.8192050441
2016-06-19,-430131.43880696397
2016-06-20,-39186.786700812925
2016-06-21,-139027.81739368
2016-06-22,-208047.74719283503
2016-06-23,-185872.60524603399
2016-06-24,-99317.86139030999
2016-06-25,374698.121219896
2016-06-26,-46022.77551211101
2016-06-27,-114220.748996518
2016-06-28,-172380.659039716
2016-06-29,-163955.753358575
2016-06-30,-30112.628302051016
2016-07-01,-26398.278453517996
2016-07-02,23998.497972020006
2016-07-03,-83846.0899865056
2016-07-04,520194.42204991495
2016-07-05,-244040.19553580298
2016-07-06,-65652.34304732
2016-07-07,-118492.58317345199
2016-07-08,-11187.82668031298
2016-07-09,-100443.086820144
2016-07-10,-190472.14264223241
2016-07-11,-200731.5032256759
2016-07-12,-45791.078220756
2016-07-13,292855.091024858
2016-07-14,39646.201364471985
2016-07-15,-268199.85478547006
2016-07-16,-69454.37074153
2016-07-17,-166694.24048192997
2016-07-18,667662.961240775
2016-07-19,8113357.548559531
2016-07-20,-8587894.674658354
2016-07-21,-23616.778004508
2016-07-22,-45828.89925699303
2016-07-23,-116390.22431688602
2016-07-24,-611313.132782613
2016-07-25,-589296.0967012639
2016-07-26,-211507.88483807002
2016-07-27,-681749.4251880738
2016-07-28,291776.07705360604
2016-07-29,-168010.53887788398
2016-07-30,-405334.741487378
2016-07-31,-370153.78012843896
2016-08-01,-500057.521797879
2016-08-02,-446762.70956244005
2016-08-03,-3124267.366951995
2016-08-04,-1025047.484918395
2016-08-05,-1029450.4464465701
2016-08-06,-514562.2342111854
2016-08-07,-356471.976565899
2016-08-08,-416859.5047528283
2016-08-09,-546775.210629561
2016-08-10,-768851.73130734
2016-08-11,-593596.223024738
2016-08-12,-415041.2521554107
2016-08-13,-816331.0716023191
2016-08-14,-188936.54675483698
2016-08-15,-326832.8818230869
2016-08-16,-142890.71790237262
2016-08-17,-361517.86678422196
2016-08-18,-156987.419821772
2016-08-19,-105105.401389169
2016-08-20,-154612.7203249186
2016-08-21,-61827.6924585182
2016-08-22,-584805.9725481193
2016-08-23,-94890.4386350422
2016-08-24,-73628.3663160524
2016-08-25,-89149.713244741
2016-08-26,-100867.9805686406
2016-08-27,34329.137600844304
2016-08-28,-121384.5419824036
2016-08-29,-248635.85180492201
2016-08-30,-157810.8661801742
2016-08-31,-172643.3582595163
2016-09-01,-179317.04781864103
2016-09-02,-139805.8208424218
2016-09-03,-170233.0642594798
2016-09-04,-353150.61703174724
2016-09-05,-107114.7429236176
2016-09-06,-130675.59632727511
2016-09-07,-91167.2173003658
2016-09-08,-289999.6916566227
2016-09-09,-73309.34575008819
2016-09-10,-121472.2059807491
2016-09-11,-248081.02920716617
2016-09-12,-443226.2132914636
2016-09-13,-107019.85969627129
2016-09-14,-15078.917607709998
2016-09-15,-23053.582895526997
2016-09-16,-206676.37362411997
2016-09-17,-24640.5802209561
2016-09-18,-116252.5870119698
2016-09-19,-224123.692331064
2016-09-20,-262224.38049422
2016-09-21,-178526.892004835
2016-09-22,-318671.513209437
2016-09-23,-280557.4071574668
2016-09-24,-203432.99532930448
2016-09-25,-110240.9358946366
2016-09-26,-62430.5045475076
2016-09-27,-61012.7536479098
2016-09-28,-91713.32770345482
2016-09-29,-160700.1832210912
2016-09-30,-226186.1855525983
2016-10-01,-115793.1709785833
2016-10-02,-93948.760130429
2016-10-03,-73564.9101755828
2016-10-04,-96076.44693064109
2016-10-05,-179378.6108967679
2016-10-06,-160596.4007751265
2016-10-07,-71839.15233553268
2016-10-08,-53515.918060100594
2016-10-09,-44793.34095171199
2016-10-10,-53187.94887852701
2016-10-11,-31231.114435092983
2016-10-12,-15271.7385690534
2016-10-13,-60408.521726707
2016-10-14,-115454.82206262265
2016-10-15,-179657.03983718102
2016-10-16,-196271.935719978
2016-10-17,-94805.411706478
2016-10-18,-138628.49424023437
2016-10-19,-74361.97218675911
2016-10-20,14008.518767483998
2016-10-21,-3802.4784573579964
2016-10-22,97616.2377166722
2016-10-23,-19878.18866271519
2016-10-24,67903.1943927345
2016-10-25,74797.65864473698
2016-10-26,89601.11242843702
2016-10-27,60652.83938747601
2016-10-28,-86706.160223443
2016-10-29,90476.58774449903
2016-10-30,-1237696.241789188
2016-10-31,18014.58805264
2016-11-01,95895.64053160296
2016-11-02,9592.832033407001
2016-11-03,37345.84782783501
2016-11-04,-77777.7453856279
2016-11-05,6557.642345463304
2016-11-06,-4457.031453521602
2016-11-07,30800.593223336502
2016-11-08,8947.380066568992
2016-11-09,-60264.729158967006
2016-11-10,12720.23026713301
2016-11-11,-58706.124732272
2016-11-12,121942.32659020502
2016-11-13,19789.879600357992
2016-11-14,-4633.753360935603
2016-11-15,48736.956708490994
2016-11-16,6159.862725832994
2016-11-17,-156665.315295547
2016-11-18,-13475.592288268002
2016-11-19,23090.342178966006
2016-11-20,60988.699159514814
2016-11-21,10802.411762366813
2016-11-22,127688.08126947819
2016-11-23,-7231.385750953996
2016-11-24,59512.754305826005
2016-11-25,-36791.22136415601
2016-11-26,53120.015278784
2016-11-27,69785.1175002217
2016-11-28,16502.609887168015
2016-11-29,47135.372359208035
2016-11-30,102857.971539013
2016-12-01,-107666.29319856699
2016-12-02,-100400.868581919
2016-12-03,-435832.14363279904
2016-12-04,-9698.778658507013
2016-12-05,187341.69348402
2016-12-06,-38195.233288132
2016-12-07,-196493.95504976204
2016-12-08,-96233.36351178499
2016-12-09,41602.67307661197
2016-12-10,-45483.192019153794
2016-12-11,6065.2903340681005
2016-12-12,-65207.330466655985
2016-12-13,-15273.28857900601
2016-12-14,-14715.435612952002
2016-12-15,21371.726526288985
2016-12-16,66835.877424204
2016-12-17,14917.94948453398
2016-12-18,42190.36980101999
2016-12-19,41422.85092170001
2016-12-20,730.4120115360129
2016-12-21,174415.022276077
2016-12-22,121164.90310611203
2016-12-23,806497.1246317499
2016-12-24,-35334.302556601906
2016-12-25,-6038.540259222005
2016-12-26,-16623.885606852986
2016-12-27,95258.04983265
2016-12-28,-34282.27848185401
2016-12-29,-16510.992231461976
2016-12-30,-554171.501842844
2016-12-31,-24041.167596657004
2017-01-01,-99018.18328645501
2017-01-02,-28126.625112283975
2017-01-03,-13751.102199734014
2017-01-04,108241.74741367495
2017-01-05,12379.175229122047
2017-01-06,-159647.32289584103
2017-01-07,-121016.58908081401
2017-01-08,16434.23330752502
2017-01-09,-323589.30401311995
2017-01-10,-2225.5399488899857
2017-01-11,-175833.22198303198
2017-01-12,-71000.22157993098
2017-01-13,70784.26380147401
2017-01-14,82430.897022794
2017-01-15,-41536.4754030535
2017-01-16,-59640.06699840339
2017-01-17,108752.57889560697
2017-01-18,-27711.54085323098
2017-01-19,29610.570894592005
2017-01-20,-708954.64805106
2017-01-21,-46064.99268335002
2017-01-22,-71777.45377754398
2017-01-23,-31628.005491104996
2017-01-24,-13641.16636284301
2017-01-25,-35864.959169320005
2017-01-26,-58836.811824694014
2017-01-27,-61587.46931056501
2017-01-28,-13758.934118146994
2017-01-29,74748.03990727718
2017-01-30,20537.45445284
2017-01-31,21252.451598449028
2017-02-01,32366.344138674962
2017-02-02,9250.65891104401
2017-02-03,211407.08269419096
2017-02-04,-59842.64739077998
2017-02-05,13010.995176256198
2017-02-06,-71553.48957843697
2017-02-07,29361.933232320007
2017-02-08,-10517.308276411
2017-02-09,-68880.688255226
2017-02-10,-68439.48456095802
2017-02-11,-26909.31121338799
2017-02-12,-11303.924889376009
2017-02-13,-114561.92254146798
2017-02-14,31739.053304467
2017-02-15,63182.738263787
2017-02-16,-84833.18352687202
2017-02-17,-49171.536382558
2017-02-18,-24066.048031134997
2017-02-19,15641.259439984991
2017-02-20,-82905.81541288097
2017-02-21,-26012.135724284977
2017-02-22,-20796.804831808986
2017-02-23,-47516.46998154401
2017-02-24,15986.311878395965
2017-02-25,-63320.214312380005
2017-02-26,-31957.236376596993
2017-02-27,491705.5798534091
2017-02-28,-40690.75985483604
2017-03-01,-370332.15766942396
2017-03-02,-45829.982926066965
2017-03-03,-53499.03061910195
2017-03-04,-93033.92190233798
2017-03-05,-70661.47930006002
2017-03-06,-75525.22435957199
2017-03-07,-51952.042158707976
2017-03-08,-82993.38075083098
2017-03-09,-80614.338864894
2017-03-10,177046.37751477002
2017-03-11,81497.49066818994
2017-03-12,-145633.814560758
2017-03-13,372284.56961133005
2017-03-14,-175338.73013164906
2017-03-15,-14624.520953570958
2017-03-16,475040.9716964101
2017-03-17,-13789.528050769935
2017-03-18,5789.47432381392
2017-03-19,-133150.570862478
2017-03-20,-293306.59410502994
2017-03-21,-229557.78115629999
2017-03-22,-191260.92769764896
2017-03-23,-69813.20136018697
2017-03-24,-66190.79113941093
2017-03-25,-219816.83368681703
2017-03-26,-111402.41222111502
2017-03-27,-112329.22365065
2017-03-28,-146396.18816702097
2017-03-29,-294413.68461861403
2017-03-30,-145677.084489346
2017-03-31,25893.250476238027
2017-04-01,-58203.22608913103
2017-04-02,26107.852781879017
2017-04-03,-538957.7889761782
2017-04-04,-135044.12558304693
2017-04-05,-199625.867890123
2017-04-06,-204974.85660986102
2017-04-07,-181840.785745173
2017-04-08,-57806.311105560046
2017-04-09,-103524.67709638298
2017-04-10,-218048.38802809702
2017-04-11,-123362.72664792801
2017-04-12,-69924.06577401201
2017-04-13,-121867.43460243201
2017-04-14,-73482.827749229
2017-04-15,-148875.03982211003
2017-04-16,-47492.17843903569
2017-04-17,-139327.842394742
2017-04-18,-216235.07612157997
2017-04-19,43968.12282309699
2017-04-20,-101270.73996528704
2017-04-21,-61074.97818648702
2017-04-22,-17825.089282559988
2017-04-23,-45496.392803048
2017-04-24,-12885.059764992999
2017-04-25,-18338.730263701
2017-04-26,3374.1866675240453
2017-04-27,-49868.271537718014
2017-04-28,-6769.893090429017
2017-04-29,6364.443810225988
2017-04-30,-18447.841212014027
2017-05-01,-1104516.075221938
2017-05-02,-246139.93300960207
2017-05-03,-43072.24256248097
2017-05-04,-10358.929384607938
2017-05-05,-644700.5119849031
2017-05-06,-64538.262653385
2017-05-07,-34870.91995861899
2017-05-08,-216702.94899034203
2017-05-09,-40317.041536418954
2017-05-10,-138372.16036956798
2017-05-11,-141901.797682409
2017-05-12,-85653.53674176696
2017-05-13,-92773.933437866
2017-05-14,-311968.623452237
2017-05-15,-147402.18383957702
2017-05-16,-63205.23074448999
2017-05-17,-122369.10885760305
2017-05-18,-93906.98918133098
2017-05-19,-275306.073580077
2017-05-20,-155730.90473008
2017-05-21,5823.198035730049
2017-05-22,-52941.06143444998
2017-05-23,-193308.49496009602
2017-05-24,-16414.654612949
2017-05-25,-349847.96403089096
2017-05-26,-374139.4126572161
2017-05-27,-120431.07191758102
2017-05-28,-87355.871245344
2017-05-29,-174116.105793236
2017-05-30,-140681.041941431
2017-05-31,-51675.95058743504
2017-06-01,-209762.16293108795
2017-06-02,-387921.194787638
2017-06-03,-49758.35314030197
2017-06-04,-67693.28556485497
2017-06-05,-9163.091479383991
2017-06-06,-109561.30413904798
2017-06-07,6116.209941376001
2017-06-08,-130730.20207858502
2017-06-09,-113898.425910344
2017-06-10,-91988.45948625897
2017-06-11,-116196.286771113
2017-06-12,-116960.67238681903
2017-06-13,-45335.54312738404
2017-06-14,-55306.581249701034
2017-06-15,-124118.22761681798
2017-06-16,-92340.025710338
2017-06-17,-88522.82591936301
2017-06-18,-27409.32087919902
2017-06-19,-27548.932292717975
2017-06-20,26333.90358437202
2017-06-21,-136426.28170697
2017-06-22,-184147.17282326496
2017-06-23,-324663.03871318896
2017-06-24,-108753.53184911
2017-06-25,-114847.809957508
2017-06-26,15404.16995845898
2017-06-27,-112650.67961283698
2017-06-28,-79370.13783016399
2017-06-29,-48057.457957973005
2017-06-30,-104236.10081881998
2017-07-01,-35236.915142590005
2017-07-02,-87346.935148138
2017-07-03,66851.45831952197
2017-07-04,-25341.085817403015
2017-07-05,-35275.911002229
2017-07-06,-33762.289387122
2017-07-07,-100225.67822470298
2017-07-08,-50457.369904733
2017-07-09,-63265.71797366001
2017-07-10,14102.938145112013
2017-07-11,47921.99090724997
2017-07-12,-66965.36288170802
2017-07-13,46653.31720338797
2017-07-14,-113417.47670358999
2017-07-15,49990.093965747976
2017-07-16,69399.99306439399
2017-07-17,-169193.20091407897
2017-07-18,-206136.15050939098
2017-07-19,-160513.312069131
2017-07-20,50851.326935687044
2017-07-21,-8415.07930663199
2017-07-22,-50866.83687621399
2017-07-23,-83912.53449873402
2017-07-24,6985.063877523993
2017-07-25,-81961.20813285
2017-07-26,-115193.90492614801
2017-07-27,-26353.85902110397
2017-07-28,-220497.84714157606
2017-07-29,-40179.18134208501
2017-07-30,-9162.775011230988
2017-07-31,-97192.185939466
2017-08-01,-85355.24765426002
2017-08-02,-43068.889765749016
2017-08-03,-163697.309004975
2017-08-04,-85033.563921113
2017-08-05,-86087.72225248895
2017-08-06,-112373.82609175399
2017-08-07,-85220.68106266297
2017-08-08,-125160.729845998
2017-08-09,-125021.92620149197
2017-08-10,-74573.96860969704
2017-08-11,-54397.462383417995
2017-08-12,-79593.16901309599
2017-08-13,-84797.084992252
2017-08-14,-119940.68457487202
2017-08-15,-137566.094254956
2017-08-16,-387889.124417152
2017-08-17,-143173.60390413197
2017-08-18,-113770.54397628998
2017-08-19,-32223.065580355993
2017-08-20,-63988.83169021399
2017-08-21,10545.328340783017
2017-08-22,-53520.205294970976
2017-08-23,-85001.358041839
2017-08-24,-97772.47858253503
2017-08-25,-34402.29407822603
2017-08-26,-57239.625903584994
2017-08-27,-82099.60609896498
2017-08-28,-11655.107774050965
2017-08-29,-41759.848782546
2017-08-30,-99946.70859160298
2017-08-31,-180946.476155758
2017-09-01,-35703.01106950699
2017-09-02,-73100.16974263499
2017-09-03,-25044.687008190027
2017-09-04,34833.51152910595
2017-09-05,-69936.961407491
2017-09-06,-75804.50078294298
2017-09-07,-46086.793174694
2017-09-08,-71029.890179092
2017-09-09,-514186.16038816405
2017-09-10,-25764.627730076027
2017-09-11,-63736.326370657975
2017-09-12,-74050.34924774099
2017-09-13,-25496.70817728195
2017-09-14,-46445.70809749805
2017-09-15,-88108.32527557306
2017-09-16,-181604.92016115203
2017-09-17,-45693.69112967199
2017-09-18,-92221.614701093
2017-09-19,-38629.24661698
2017-09-20,-68412.876144137
2017-09-21,-70912.35616194399
2017-09-22,-59133.139581475
2017-09-23,-49320.815843750985
2017-09-24,-61837.337256093015
2017-09-25,5542.642404112034
2017-09-26,-68066.87616190701
2017-09-27,-52406.850399847
2017-09-28,-33272.329600571975
2017-09-29,-49714.024250267015
2017-09-30,-74189.049760325
2017-10-01,-12009.908603385004
2017-10-02,-26903.948025516
2017-10-03,-8018.609901802993
2017-10-04,-30514.58468641402
2017-10-05,-70832.09534882689
2017-10-06,-35351.53999902299
2017-10-07,-47559.58918841819
2017-10-08,-25304.241161037004
2017-10-09,-169248.95173909402
2017-10-10,-58547.55140370401
2017-10-11,-48011.06963988001
2017-10-12,-88295.74420640199
2017-10-13,-50890.529126395995
2017-10-14,-59464.18059149297
2017-10-15,-19982.761377299
2017-10-16,-55647.917943559994
2017-10-17,-43713.71651266498
2017-10-18,-49099.68233729899
2017-10-19,-88314.46185445
2017-10-20,-44811.155882789026
2017-10-21,-58024.602023037995
2017-10-22,-48605.306854757015
2017-10-23,-90119.38531039999
2017-10-24,-17680.05284607102
2017-10-25,-20904.215058022994
2017-10-26,-34434.429567663
2017-10-27,-29109.617288233014
2017-10-28,-46083.730018695904
2017-10-29,-37737.22206207999
2017-10-30,-43846.00307560802
2017-10-31,-69053.85386760702
2017-11-01,-66991.86658971902
2017-11-02,-86122.93504327897
2017-11-03,-61167.34088251498
2017-11-04,-57507.272698771005
2017-11-05,-61000.288033327
2017-11-06,-57159.558230775
2017-11-07,-70257.76028491795
2017-11-08,1368.8369370350265
2017-11-09,-41023.74618369504
2017-11-10,-65548.58870761201
2017-11-11,-29464.399879214994
2017-11-12,-87613.28680270503
2017-11-13,-48100.338831787
2017-11-14,-33842.29254045896
2017-11-15,-82607.28258595499
2017-11-16,-122998.32747444196
2017-11-17,-80500.062183301
2017-11-18,-30305.785212306975
2017-11-19,-74782.498338303
2017-11-20,-63963.840494172066
2017-11-21,-88588.36452926998
2017-11-22,-64925.854411559994
2017-11-23,-18980.767499591107
2017-11-24,-66208.30261595402
2017-11-25,-67335.80057594203
2017-11-26,-41766.31582351599
2017-11-27,-112327.15687124699
2017-11-28,-125389.007802204
2017-11-29,-123990.20857219305
2017-11-30,-72601.603380076
2017-12-01,-123603.06643696601
2017-12-02,-52365.21316790898
2017-12-03,7402.272825816006
2017-12-04,-98007.43526852899
2017-12-05,197549.020580245
2017-12-06,-373513.3245192771
2017-12-07,-113698.25077434
2017-12-08,-227433.07555451593
2017-12-09,-42068.89195652999
2017-12-10,-74477.69702804403
2017-12-11,-171683.75964615
2017-12-12,85386.972846293
2017-12-13,-117840.990586309
2017-12-14,-174358.72140155092
2017-12-15,-155552.08257393102
2017-12-16,-132757.76267558
2017-12-17,-72180.95939129102
2017-12-18,-61142.92304703395
2017-12-19,-125432.27354350011
2017-12-20,-81623.76504490909
2017-12-21,-127205.66486156499
2017-12-22,35505.773208418046
2017-12-23,-163754.457837536
2017-12-24,-44996.89964138699
2017-12-25,-179506.82048176008
2017-12-26,-139757.18139903102
2017-12-27,-51523.348640276
2017-12-28,-68328.43950741098
2017-12-29,-98799.79139522504
2017-12-30,79999.29269728309
2017-12-31,-82627.63836094801
2018-01-01,1136.3527237279923
2018-01-02,-65735.21605561709
2018-01-03,-143981.35897105
2018-01-04,142059.36974560306
2018-01-05,-119389.06288879493
2018-01-06,-124617.34870951698
2018-01-07,-114442.29302497092
2018-01-08,18455.77704415098
2018-01-09,94682.85408520408
2018-01-10,-15402.313871167018
2018-01-11,-25709.75668497593
2018-01-12,-181276.07676216797
2018-01-13,-132163.96619741002
2018-01-14,-133600.122286805
2018-01-15,6492.599454999086
2018-01-16,-90560.02936500602
2018-01-17,127567.07181937096
2018-01-18,-62421.72354408598
2018-01-19,-130242.35617253295
2018-01-20,-177930.94464936497
2018-01-21,367300.28215682606
2018-01-22,-100621.37982928404
2018-01-23,-54622.74813781801
2018-01-24,32525.13076986
2018-01-25,-81306.32274770096
2018-01-26,133865.85812340805
2018-01-27,-88473.35401411704
2018-01-28,-73504.67813987297
2018-01-29,-44358.909620655
2018-01-30,-81417.903083538
2018-01-31,-45032.193029685004
2018-02-01,-417.98408578697126
2018-02-02,13389.11820619402
2018-02-03,-70850.754656323
2018-02-04,-31430.811427055974
2018-02-05,-78060.12307619298
2018-02-06,11551.03483348398
2018-02-07,-76691.15233062499
2018-02-08,-24396.268660490023
2018-02-09,-74171.55394979997
2018-02-10,-84009.45478611803
2018-02-11,143887.631438332
2018-02-12,9226.641554079979
2018-02-13,-151523.26789325
2018-02-14,-74179.92664292501
2018-02-15,-12169.378044034034
2018-02-16,-50716.59679589499
2018-02-17,-51087.67972815799
2018-02-18,-70684.43233682902
2018-02-19,-67503.35796290301
2018-02-20,-51552.44809472599
2018-02-21,-41713.80989901701
2018-02-22,-1831202.3901892742
2018-02-23,-41262.13142755898
2018-02-24,-30962.714507452998
2018-02-25,-49976.31428891489
2018-02-26,27046.727210122015
2018-02-27,-41454.966035783
2018-02-28,-76200.52405134501
2018-03-01,-45209.32956628699
2018-03-02,-31938.72039408298
2018-03-03,2062.266426743008
2018-03-04,-33019.542178958014
2018-03-05,-18726.699382847
2018-03-06,72350.14151942602
2018-03-07,15133.442038387002
2018-03-08,-48430.929813753
2018-03-09,-77842.94735066599
2018-03-10,45415.962022488005
2018-03-11,-66815.722157068
2018-03-12,-70761.4042172
2018-03-13,34727.56074089499
2018-03-14,42525.904571483
2018-03-15,-23191.364149019995
2018-03-16,29857.422867736983
2018-03-17,-17848.556268018
2018-03-18,65260.84514426201
2018-03-19,9493.729655500967
2018-03-20,-105527.95671989501
2018-03-21,42894.15700735402
2018-03-22,-5097.493954844016
2018-03-23,43175.069075834996
2018-03-24,-83319.81766214903
2018-03-25,-34376.131004238996
2018-03-26,-19255.099220759992
2018-03-27,7409.577364041004
2018-03-28,-1523.2285377319786
2018-03-29,-1961.41108936799
2018-03-30,-69833.65824503603
2018-03-31,-47358.23318542997
2018-04-01,-23971.06905453201
2018-04-02,13811.111667799996
2018-04-03,-60709.51655095897
2018-04-04,-967.8666048299638
2018-04-05,-64160.19493917399
2018-04-06,-16003.19232029302
2018-04-07,-21477.549686147016
2018-04-08,150778.40729239502
2018-04-09,-32172.215940619993
2018-04-10,-37508.884623624006
2018-04-11,1133.4406488770037
2018-04-12,-20837.274048754014
2018-04-13,-79527.69272280205
2018-04-14,-14905.245712039992
2018-04-15,-42124.185300343
2018-04-16,-60566.16452286701
2018-04-17,-81320.15252614199
2018-04-18,-46588.395561185025
2018-04-19,-51406.71389301799
2018-04-20,-26668.88810435601
2018-04-21,-36921.737111947004
2018-04-22,-51569.104476471985
2018-04-23,10085.860097866971
2018-04-24,-6545.107821620011
2018-04-25,-10713.90048707102
2018-04-26,52676.486409465026
2018-04-27,3405.7035522389924
2018-04-28,-144112.075280738
2018-04-29,-76449.820291145
2018-04-30,-131359.449730261
2018-05-01,24392.62148631399
2018-05-02,-48554.99575307401
2018-05-03,-45044.73544608697
2018-05-04,95016.09787333698
2018-05-05,30040.454898951983
2018-05-06,-75216.36669800602
2018-05-07,99257.18860586698
2018-05-08,-57410.87724015
2018-05-09,-78542.21101222199
2018-05-10,-110183.09828388202
2018-05-11,-26709.776884238003
2018-05-12,11112.890988642
2018-05-13,-102221.74318969401
2018-05-14,-75126.20405493298
2018-05-15,-17377.910577188013
2018-05-16,-65422.67422758599
2018-05-17,-41200.89420148503
2018-05-18,14459.201687492954
2018-05-19,-3605.3301890589937
2018-05-20,-37225.741786269005
2018-05-21,-5622.134301948012
2018-05-22,-30747.213877801027
2018-05-23,48589.33236422803
2018-05-24,-58686.20661338803
2018-05-25,-90364.34516785998
2018-05-26,-95727.24027048302
2018-05-27,-34013.01342338498
2018-05-28,-44018.231750804
2018-05-29,27738.288835365034
2018-05-30,-59448.80575694499
2018-05-31,-84576.99588731496
2018-06-01,249457.056227253
2018-06-02,20511.93012352899
2018-06-03,2196.1874394679908
2018-06-04,646.4086989609641
2018-06-05,-15919.964403735998
2018-06-06,360.39825036301045
2018-06-07,35550.160940514994
2018-06-08,-50973.198257615964
2018-06-09,-15516.871516838
2018-06-10,116194.22421721299
2018-06-11,-42534.515987163
2018-06-12,101772.490750283
2018-06-13,59876.45744115801
2018-06-14,-113262.68049602397
2018-06-15,-65908.18929686997
2018-06-16,-64471.230553395
2018-06-17,-54472.43162293098
2018-06-18,35046.30207909804
2018-06-19,32.62622802500846
2018-06-20,-86272.53140916798
2018-06-21,52128.02864867705
2018-06-22,23567.79918828502
2018-06-23,-54519.71446993199
2018-06-24,106086.89293498901
2018-06-25,96846.36412200995
2018-06-26,-7017.753830817004
2018-06-27,-34631.840940697
2018-06-28,7581.601603693998
2018-06-29,21237.39800359198
2018-06-30,-19941.400331790996
2018-07-01,-21221.327577952994
2018-07-02,-35003.427624618984
2018-07-03,-46058.24506364699
2018-07-04,-41605.449456884
2018-07-05,-71184.96519915597
2018-07-06,-39110.72666508501
2018-07-07,41497.13263440601
2018-07-08,43918.05334217101
2018-07-09,-10755.252761112002
2018-07-10,107213.26747717796
2018-07-11,-37753.43583858499
2018-07-12,-2672.9634816629987
2018-07-13,-34039.79403199701
2018-07-14,-40497.73805479001
2018-07-15,-5736.919588910998
2018-07-16,81180.46725817397
2018-07-17,257.8066540109576
2018-07-18,43880.94166165503
2018-07-19,6489.480578524992
2018-07-20,-13226.020709306002
2018-07-21,3007.352798523003
2018-07-22,-41140.84112324199
2018-07-23,50761.449035103025
2018-07-24,26031.359482841974
2018-07-25,33793.615260978
2018-07-26,20239.796926586976
2018-07-27,-36094.85274915301
2018-07-28,8575.578839878988
2018-07-29,-2128.1783999849868
2018-07-30,39115.75229587301
2018-07-31,40299.04467602901
2018-08-01,-9697.009023667022
2018-08-02,79194.80058688403
2018-08-03,-4720.113125926
2018-08-04,-42893.431468895986
2018-08-05,14827.783098264015
2018-08-06,-16233.210763495998
2018-08-07,42450.20465634801
2018-08-08,27659.984539953002
2018-08-09,-11449.408065555996
2018-08-10,104242.370981808
2018-08-11,53506.52258563199
2018-08-12,25649.128151024022
2018-08-13,72689.74947716802
2018-08-14,94322.61912861996
2018-08-15,70408.91818497604
2018-08-16,37264.60871020501
2018-08-17,30256.223139108042
2018-08-18,-23081.314043908
2018-08-19,-2518.100145311997
2018-08-20,-56723.58601782899
2018-08-21,71218.66509468199
2018-08-22,47602.03011044301
2018-08-23,-17713.304731377983
2018-08-24,-21641.190898475994
2018-08-25,21609.40545737199
2018-08-26,-21419.359733749006
2018-08-27,131022.39035791301
2018-08-28,13427.302223868028
2018-08-29,50578.32403922299
2018-08-30,22993.066999147006
2018-08-31,-44487.308382118994
2018-09-01,18537.85446669499
2018-09-02,-10731.603239135002
2018-09-03,180876.13971580498
2018-09-04,45112.96684741997
2018-09-05,-170511.977999889
2018-09-06,28576.86628502002
2018-09-07,192352.94155503594
2018-09-08,-13971.930508279009
2018-09-09,110955.46392634296
2018-09-10,226600.52601621195
2018-09-11,86966.943405675
2018-09-12,279886.521151769
2018-09-13,60669.75559701398
2018-09-14,-18055.757166565978
2018-09-15,7125.571847221989
2018-09-16,-60958.49288813799
2018-09-17,-97815.27257141902
2018-09-18,-22771.03990027198
2018-09-19,-14553.561704661988
2018-09-20,-1215.1278475879808
2018-09-21,53122.96349606698
2018-09-22,309730.18907187006
2018-09-23,10305.193241469009
2018-09-24,-512231.2130391861
2018-09-25,-83302.34759752697
2018-09-26,-61167.21530752798
2018-09-27,-12655.025474850961
2018-09-28,-135207.83215219
2018-09-29,-1561.4668529339833
2018-09-30,169753.653098551
2018-10-01,-42490.372231719986
2018-10-02,-23585.491869813006
2018-10-03,-36058.12428643901
2018-10-04,67222.90444756998
2018-10-05,43242.74370193301
2018-10-06,-41809.78427492299
2018-10-07,-13025.490310235007
2018-10-08,64461.67018662603
2018-10-09,5912.058275184012
2018-10-10,-64660.59411668198
2018-10-11,-58604.74392648891
2018-10-12,-107232.23430498503
2018-10-13,-38636.033900007984
2018-10-14,-63146.295864871005
2018-10-15,-122169.48814761301
2018-10-16,75352.871785386
2018-10-17,-54259.95036595903
2018-10-18,-7648.483208199963
2018-10-19,-89996.40487484701
2018-10-20,144240.59168207998
2018-10-21,-67099.6311109457
2018-10-22,-50696.62683645202
2018-10-23,-5258.425281530013
2018-10-24,-9098.03944140303
2018-10-25,104611.18189478002
2018-10-26,-9977.467208032002
2018-10-27,-69528.5087372182
2018-10-28,-61428.26414622209
2018-10-29,59657.835049543006
2018-10-30,-29811.778264955996
2018-10-31,-136866.29746874498
2018-11-01,-44696.45020641299
2018-11-02,74103.31405244296
2018-11-03,-20691.38261618899
2018-11-04,-48433.302951586025
2018-11-05,190595.22964444
2018-11-06,-40773.254613015975
2018-11-07,96342.087369007
2018-11-08,13288.879955648998
2018-11-09,-125950.861832224
2018-11-10,2740.53531168701
2018-11-11,-61727.021441641
2018-11-12,123518.74681589103
2018-11-13,-48256.836368938966
2018-11-14,-73403.01254075998
2018-11-15,65961.43262433505
2018-11-16,-51645.534116872004
2018-11-17,-4180.0506761320285
2018-11-18,104150.73925684302
2018-11-19,255939.83386923408
2018-11-20,176677.81564427004
2018-11-21,-53308.73656052502
2018-11-22,168915.69149068196
2018-11-23,61522.09990209993
2018-11-24,30465.801644132007
2018-11-25,31792.748440712923
2018-11-26,183975.021472067
2018-11-27,-2565.0021871749777
2018-11-28,-103957.25793638197
2018-11-29,-115217.30632602196
2018-11-30,-46176.03689785703
2018-12-01,17428.06869288202
2018-12-02,-22407.94682666601
2018-12-03,18632.48513785901
2018-12-04,-52622.12337377301
2018-12-05,67398.14941437502
2018-12-06,194950.82190933195
2018-12-07,70951.13199311297
2018-12-08,138918.945642229
2018-12-09,84713.233303365
2018-12-10,-1906.894471942971
2018-12-11,27789.59072576597
2018-12-12,91969.61771016603
2018-12-13,-479889.96288092295
2018-12-14,-67783.54761045694
2018-12-15,-45301.03464725602
2018-12-16,-83736.70859463402
2018-12-17,198701.79090017802
2018-12-18,28967.956058037
2018-12-19,-81003.77480225498
2018-12-20,-47.60094834398478
2018-12-21,155528.39619326405
2018-12-22,-5627.853754850978
2018-12-23,-32385.97875769809
2018-12-24,-44929.801924698986
2018-12-25,-29326.35531101597
2018-12-26,-34204.76877447899
2018-12-27,209621.97026836302
2018-12-28,56057.974858751055
2018-12-29,7582.438431465009
2018-12-30,49783.851543343975
2018-12-31,-102429.652605363
2019-01-01,-46861.141292593966
2019-01-02,80859.7638614811
2019-01-03,-4302.638969836989
2019-01-04,-509834.3078377
2019-01-05,-805252.693081637
2019-01-06,125835.18165110995
2019-01-07,123757.73170975898
2019-01-08,31383.28586838505
2019-01-09,10164.946684558003
2019-01-10,-72187.62837858999
2019-01-11,283180.706018912
2019-01-12,9072.82311060102
2019-01-13,70790.44237317401
2019-01-14,440574.217080928
2019-01-15,-97634.45642433304
2019-01-16,20743.78013441997
2019-01-17,-7649.185161730042
2019-01-18,12752.108324902016
2019-01-19,-21519.143437965016
2019-01-20,41101.606307180016
2019-01-21,-22648.152601328038
2019-01-22,21296.905640630983
2019-01-23,-32881.030017791025
2019-01-24,44515.825898459996
2019-01-25,-12464.04084072198
2019-01-26,-20823.420498095977
2019-01-27,60803.444968581025
2019-01-28,48270.048563673045
2019-01-29,-51085.93471890298
2019-01-30,-53095.48526680999
2019-01-31,45738.91407295305
2019-02-01,22100.614118811034
2019-02-02,-6136.626597406983
2019-02-03,22559.831829474948
2019-02-04,-9438.98891725199
2019-02-05,-8474.924593372998
2019-02-06,-27500.72955203097
2019-02-07,51805.849659247004
2019-02-08,151070.52494825295
2019-02-09,45001.92706927599
2019-02-10,34938.75591502199
2019-02-11,49284.884859476995
2019-02-12,-2973.9455051810364
2019-02-13,-39077.39145224402
2019-02-14,-12756.36010429496
2019-02-15,1548.5343482749886
2019-02-16,-16356.434898109
2019-02-17,31018.391371187987
2019-02-18,105548.11558465497
2019-02-19,65222.444459394086
2019-02-20,46990.653370304964
2019-02-21,39870.50589708198
2019-02-22,38719.78437641403
2019-02-23,-18662.160186680965
2019-02-24,19569.405150603037
2019-02-25,4817.416088858037
2019-02-26,-78303.208876685
2019-02-27,-61296.37243562698
2019-02-28,9365.361786124995
2019-03-01,-9916.604342591949
2019-03-02,-73800.29597608204
2019-03-03,32264.001294998976
2019-03-04,5322.765590368013
2019-03-05,-2867.2569988869946
2019-03-06,-72695.53464151302
2019-03-07,-218930.37579455902
2019-03-08,-83440.96439318603
2019-03-09,172249.469897584
2019-03-10,155569.430736334
2019-03-11,31130.47713798395
2019-03-12,123451.23824432294
2019-03-13,3269.293982981995
2019-03-14,-24846.89133134298
2019-03-15,-7689.093894050049
2019-03-16,-17025.032050915994
2019-03-17,108316.47381691603
2019-03-18,-107801.38477888104
2019-03-19,-27043.245900847018
2019-03-20,20452.49637483101
2019-03-21,-46931.56893707503
2019-03-22,83466.50898150302
2019-03-23,-26709.81153696301
2019-03-24,61336.00540298404
2019-03-25,-9424.589948859008
2019-03-26,13323.705619896005
2019-03-27,-3384.3164439419634
2019-03-28,23304.749362714007
2019-03-29,30595.452513383003
2019-03-30,18745.08401429205
2019-03-31,18012.51688469702
2019-04-01,-43361.098415544024
2019-04-02,145200.325336467
2019-04-03,101768.79168316606
2019-04-04,26247.707597790984
2019-04-05,-2201.3804008170264
2019-04-06,-100832.97695786
2019-04-07,104337.736789443
2019-04-08,95181.17320014106
2019-04-09,-44265.747407027986
2019-04-10,-62988.69189273298
2019-04-11,-92568.89420605206
2019-04-12,-57963.62867826596
2019-04-13,-60951.89441401098
2019-04-14,-33091.42497866601
2019-04-15,-4262.9730233590235
2019-04-16,-87832.727709011
2019-04-17,-24145.687684210017
2019-04-18,-69775.23457308201
2019-04-19,-22579.10337969096
2019-04-20,-7465.93476289598
2019-04-21,59062.74249418895
2019-04-22,-70569.275174657
2019-04-23,-53917.907717910944
2019-04-24,17586.638417709037
2019-04-25,-81395.21182755101
2019-04-26,-670238.196348901
2019-04-27,-65288.89706773902
2019-04-28,56843.511846168025
2019-04-29,-76381.526023046
2019-04-30,-32779.63318125898
2019-05-01,-177439.05298648996
2019-05-02,-70142.74945959903
2019-05-03,-83401.28963871702
2019-05-04,-37604.12716767099
2019-05-05,-14796.587639482983
2019-05-06,114528.59420500603
2019-05-07,68321.49452778394
2019-05-08,-69162.26129856298
2019-05-09,-5986.533475094009
2019-05-10,40556.04128654697
2019-05-11,286395.1248443021
2019-05-12,49893.14935499901
2019-05-13,241456.68809815904
2019-05-14,-130844.32880068995
2019-05-15,-100238.73520429002
2019-05-16,147499.58883096895
2019-05-17,272322.232148428
2019-05-18,-58467.725813411
2019-05-19,54494.20901970501
2019-05-20,60386.091609240975
2019-05-21,-48330.90372603503
2019-05-22,-108029.41538786003
2019-05-23,-132218.27835034602
2019-05-24,-86458.43646447
2019-05-25,-44639.80014565302
2019-05-26,11031.207312177983
2019-05-27,10838.66510730295
2019-05-28,-48489.221132985025
2019-05-29,363615.33333539503
2019-05-30,-78358.82234473398
2019-05-31,-213345.109248508
2019-06-01,-63766.81241092802
2019-06-02,-59776.273554769985
2019-06-03,-52417.17369697802
2019-06-04,-120080.73765252996
2019-06-05,-16619.901317295036
2019-06-06,19782.366981432016
2019-06-07,-55163.15242854203
2019-06-08,-86530.237578764
2019-06-09,-131151.24500422002
2019-06-10,72286.37579565198
2019-06-11,-57605.46346793603
2019-06-12,-27604.759993062995
2019-06-13,116725.54521046899
2019-06-14,-90727.31273887696
2019-06-15,-48817.57719535002
2019-06-16,-3103.926187076955
2019-06-17,-86616.28274462296
2019-06-18,-107466.201876698
2019-06-19,-27870.422668699
2019-06-20,-50977.31023066997
2019-06-21,74075.41928595892
2019-06-22,233964.14208650292
2019-06-23,83994.12509887101
2019-06-24,-6386.277387712034
2019-06-25,-30416.51208432601
2019-06-26,10485.423978814972
2019-06-27,-122590.60238362604
2019-06-28,-159801.78546456498
2019-06-29,313274.64928534406
2019-06-30,-7587.101841519005
2019-07-01,-2396.7909586819587
2019-07-02,7759.147661974013
2019-07-03,9912.995733991032
2019-07-04,-35413.212967864005
2019-07-05,-72181.60738791205
2019-07-06,-23565.447842513997
2019-07-07,49426.89884048703
2019-07-08,14015.971591891022
2019-07-09,23945.488168197975
2019-07-10,-67331.771127365
2019-07-11,53642.85032225598
2019-07-12,-169392.067730865
2019-07-13,-13873.638147091988
2019-07-14,-77186.53639920603
2019-07-15,-55454.54974419798
2019-07-16,-156742.795326363
2019-07-17,-6683.798794392962
2019-07-18,9583.275232643995
2019-07-19,-77323.74021681503
2019-07-20,-64273.64795000199
2019-07-21,7414.933825112996
2019-07-22,-16126.38516903299
2019-07-23,-10419.345089515002
2019-07-24,-41409.47882255301
2019-07-25,2210.994180165988
2019-07-26,463230.32388851
2019-07-27,-24062.081807937997
2019-07-28,-20065.568639036996
2019-07-29,-61574.26577689199
2019-07-30,40430.075183207984
2019-07-31,-21496.96302100201
2019-08-01,525602.5482957561
2019-08-02,-73093.53444003398
2019-08-03,-54148.852845623
2019-08-04,-101170.07047672721
2019-08-05,390727.09205747506
2019-08-06,73911.66738025
2019-08-07,22331.998728377977
2019-08-08,163283.780158647
2019-08-09,-8672.861103113974
2019-08-10,15147.745022272982
2019-08-11,-36746.70190451399
2019-08-12,-2383.722467441985
2019-08-13,-22454.768399908004
2019-08-14,917.6191771900048
2019-08-15,-90988.97790952999
2019-08-16,47006.95000034798
2019-08-17,-22233.922814071993
2019-08-18,-20758.220107714995
2019-08-19,21200.64830196899
2019-08-20,-20589.33359263101
2019-08-21,-10123.077707101009
2019-08-22,15068.814506096998
2019-08-23,21085.91277151098
2019-08-24,22943.029351375997
2019-08-25,-17177.689658222982
2019-08-26,-3868.1083800209744
2019-08-27,22174.558103563002
2019-08-28,-81474.245283306
2019-08-29,-16663.001731582975
2019-08-30,2770.9450925599667
2019-08-31,-38896.83790372402
2019-09-01,9863.375017614017
2019-09-02,6375.909283532004
2019-09-03,215567.82010928
2019-09-04,-90825.557409634
2019-09-05,-17465.73924495402
2019-09-06,-15725.18088565697
2019-09-07,-579.4545109130559
2019-09-08,26597.003700169997
2019-09-09,-46.725322954996955
2019-09-10,-153891.309911704
2019-09-11,-84453.690087981
2019-09-12,-22539.819398022984
2019-09-13,-36495.64397348699
2019-09-14,27949.624133756006
2019-09-15,175016.467844638
2019-09-16,-10836.909876519989
2019-09-17,-81259.45945595199
2019-09-18,-63507.25034183904
2019-09-19,42286.11173874803
2019-09-20,-1039.4464710090542
2019-09-21,-13545.229684355
2019-09-22,19576.29509294298
2019-09-23,-21762.055711701018
2019-09-24,58024.78038201993
2019-09-25,-54254.159285310016
2019-09-26,-207376.397318619
2019-09-27,-59897.127761857
2019-09-28,-16118.758402704
2019-09-29,-387.95296552899526
2019-09-30,17345.086206920038
2019-10-01,-37748.45712532103
2019-10-02,26713.892903967004
2019-10-03,-10149.753438830987
2019-10-04,85064.48487552401
2019-10-05,17477.295539194005
2019-10-06,15823.80080350599
2019-10-07,38354.71069562598
2019-10-08,-37503.71813745197
2019-10-09,32322.645371762977
2019-10-10,27298.703984674008
2019-10-11,-30845.32009603904
2019-10-12,18879.781025996985
2019-10-13,-3503.739636334998
2019-10-14,2267.145799268008
2019-10-15,6603.249380081979
2019-10-16,8893.607268099004
2019-10-17,-50403.51507914998
2019-10-18,144818.158235843
2019-10-19,16619.872379092994
2019-10-20,57441.94120337101
2019-10-21,-37566.70625471001
2019-10-22,-22209.177133799007
2019-10-23,32432.51688843203
2019-10-24,-242.2002448659623
2019-10-25,55834.020333743014
2019-10-26,118670.91352762794
2019-10-27,-19046.41506795
2019-10-28,-13040.927168942988
2019-10-29,8765.035239384044
2019-10-30,-24835.43060096202
2019-10-31,12066.636996582005
2019-11-01,-11145.74392832999
2019-11-02,-28811.513572736993
2019-11-03,30587.710292822012
2019-11-04,4097.232481128012
2019-11-05,162151.275902881
2019-11-06,22532.089520750014
2019-11-07,17359.58337241999
2019-11-08,-1274.4822692579764
2019-11-09,7755.827657333997
2019-11-10,47959.781230461
2019-11-11,11227.235702159
2019-11-12,-40179.795871454
2019-11-13,63580.010685643996
2019-11-14,4464.598816473997
2019-11-15,-59429.41613221704
2019-11-16,14087.182292101992
2019-11-17,11568.475689421
2019-11-18,2118.617904524028
2019-11-19,14037.757994451997
2019-11-20,-10789.16741756801
2019-11-21,-13872.288795830973
2019-11-22,-55840.019183125
2019-11-23,-57623.249119480985
2019-11-24,-896.774973794003
2019-11-25,-27487.557232914027
2019-11-26,-17140.719425066985
2019-11-27,-16127.521532332
2019-11-28,-7597.9276974459935
2019-11-29,43707.24892844699
2019-11-30,3904.075389703008
2019-12-01,7937.975551930984
2019-12-02,38712.586410965974
2019-12-03,-36769.916862771
2019-12-04,-26564.849150617985
2019-12-05,48067.289103825984
2019-12-06,62863.886596583994
2019-12-07,-9367.132230213
2019-12-08,-908.4237706470012
2019-12-09,24722.933198681014
2019-12-10,19084.92235089201
2019-12-11,5239.301186043012
2019-12-12,-5915.336892399006
2019-12-13,17963.856463556993
2019-12-14,20401.431163092013
2019-12-15,5875.216656228004
2019-12-16,-32623.22296242899
2019-12-17,184886.67064593505
2019-12-18,38904.21369877097
2019-12-19,-24491.613468341995
2019-12-20,-10976.907212385006
2019-12-21,48493.8104438303
2019-12-22,41818.472362575005
2019-12-23,-6497.811554071959
2019-12-24,-4319.1845074410085
2019-12-25,113983.51460074697
2019-12-26,3881.6629126059997
2019-12-27,19069.067364745017
2019-12-28,-695.8969950430037
2019-12-29,-33570.96692850799
2019-12-30,26659.504310939985
2019-12-31,6084.78928101901
2020-01-01,-10240.012045569005
2020-01-02,15093.78782678899
2020-01-03,21001.716787101002
2020-01-04,32303.65087457199
2020-01-05,-11363.757656306989
2020-01-06,47035.702621946024
2020-01-07,-7980.7454011649825
2020-01-08,61086.99885166
2020-01-09,-30335.683773105993
2020-01-10,12892.767495625012
2020-01-11,22291.672340082994
2020-01-12,20911.550026806013
2020-01-13,-28146.872648834018
2020-01-14,57594.45467092603
2020-01-15,5494.205801027012
2020-01-16,-3856.4156825410028
2020-01-17,-38131.37887673301
2020-01-18,-289365.302392132
2020-01-19,-10778.181531367998
2020-01-20,2738.5341487179976
2020-01-21,23109.86809845001
2020-01-22,-15049.306956093002
2020-01-23,-23959.944626971002
2020-01-24,12435.276599491976
2020-01-25,-2918.1272516389
2020-01-26,-1459.4744337299926
2020-01-27,-41502.39898058001
2020-01-28,-28949.10825127299
2020-01-29,-8672.07959946699
2020-01-30,-1681.9762547140126
2020-01-31,-30071.518393473
2020-02-01,88064.34937247599
2020-02-02,19807.43769933202
2020-02-03,-12632.525358512008
2020-02-04,-3572.8464074700023
2020-02-05,8786.536203994998
2020-02-06,-78879.21547813702
2020-02-07,16843.264096114028
2020-02-08,4184.806786886009
2020-02-09,-39481.01950770701
2020-02-10,44055.33044685802
2020-02-11,20669.661163933983
2020-02-12,-2656.46360598295
2020-02-13,-7282.905792757985
2020-02-14,-10771.46372979402
2020-02-15,-8942.780843998014
2020-02-16,5245.611475209997
2020-02-17,95133.03278972994
2020-02-18,-11582.566119597992
2020-02-19,-6156.615566245979
2020-02-20,1031.1082839639857
2020-02-21,27445.00046115101
2020-02-22,-15188.731317369995
2020-02-23,-30127.756586476025
2020-02-24,-6719.228878814029
2020-02-25,27263.124989997013
2020-02-26,52308.68565334205
2020-02-27,41039.996267094975
2020-02-28,5632.075482873013
2020-02-29,-6960.298441749997
2020-03-01,-13270.107289351989
2020-03-02,30219.204764580994
2020-03-03,-30748.42195853003
2020-03-04,-43553.87878846098
2020-03-05,-17760.11349300202
2020-03-06,-24194.178059709026
2020-03-07,-25753.22488979998
2020-03-08,-42973.611720925954
2020-03-09,41345.089136190945
2020-03-10,-22159.536498967034
2020-03-11,78193.17315393203
2020-03-12,352424.27663041
2020-03-13,-104256.29344323999
2020-03-14,119146.00729048601
2020-03-15,-54615.16594599397
2020-03-16,103664.60956785013
2020-03-17,387681.35658913
2020-03-18,-74756.03022099001
2020-03-19,-115854.020945556
2020-03-20,-113879.59718255699
2020-03-21,-16897.027996147983
2020-03-22,-28618.740906950028
2020-03-23,42312.89990351105
2020-03-24,2620.502826595097
2020-03-25,-102237.59806693101
2020-03-26,-11936.168048846012
2020-03-27,-101316.08031225397
2020-03-28,-15719.865997785993
2020-03-29,-1840.3921339809895
2020-03-30,-20017.581859012018
2020-03-31,-34791.78747770999
2020-04-01,18218.40522426099
2020-04-02,24089.11419190804
2020-04-03,-48645.07063941803
2020-04-04,-7541.127010691998
2020-04-05,21061.505936239002
2020-04-06,-47888.94424868503
2020-04-07,35274.85349854198
2020-04-08,41203.94835652801
2020-04-09,-14796.964759144
2020-04-10,2491.849480207078
2020-04-11,-60065.648846361
2020-04-12,-80826.06266103199
2020-04-13,15896.963306038
2020-04-14,-38054.00005370399
2020-04-15,-34687.386473277
2020-04-16,34167.71834709903
2020-04-17,-38115.92963635898
2020-04-18,-58713.49136677099
2020-04-19,-12375.86228606198
2020-04-20,-64073.85445576598
2020-04-21,53797.87464734202
2020-04-22,4635.731637221994
2020-04-23,-7212.713702526002
2020-04-24,-162026.04909390898
2020-04-25,-24291.248657828022
2020-04-26,-27290.50571529896
2020-04-27,6446.461373147031
2020-04-28,-28215.177474279015
2020-04-29,-64148.17585070606
2020-04-30,57436.16739220603
2020-05-01,-54062.05574976001
2020-05-02,3710.7462173759995
2020-05-03,-36961.802472615
2020-05-04,-51168.91117596603
2020-05-05,-58896.333136160974
2020-05-06,-4465.337569613999
2020-05-07,80816.53005107498
2020-05-08,89488.39803377399
2020-05-09,3158.743923262984
2020-05-10,-58391.722883244045
2020-05-11,-68736.39283208997
2020-05-12,-79250.262761207
2020-05-13,-103945.11257267703
2020-05-14,-48691.25115790201
2020-05-15,-22866.009199159977
2020-05-16,23840.05956575999
2020-05-17,-14940.659338864993
2020-05-18,-7197.064657111012
2020-05-19,-70318.10220583103
2020-05-20,-13361.914109834994
2020-05-21,-91961.46843815799
2020-05-22,-31759.233619000996
2020-05-23,-29571.89994100199
2020-05-24,-33030.91169567898
2020-05-25,-18135.647511898016
2020-05-26,-51200.85939115001
2020-05-27,-28859.923837033013
2020-05-28,12155.119624401967
2020-05-29,70050.88790179696
2020-05-30,191148.119596
2020-05-31,-1051.5227710959734
2020-06-01,35255.277950185
2020-06-02,52270.201878513035
2020-06-03,-59171.634677055
2020-06-04,-44081.98642565502
2020-06-05,111005.59573294199
2020-06-06,-30963.276056677016
2020-06-07,-7503.708127466991
2020-06-08,-1660.716184158984
2020-06-09,-95218.09950858299
2020-06-10,-39080.63385781803
2020-06-11,14864.639151725045
2020-06-12,-88417.44325103101
2020-06-13,-6505.9467487169895
2020-06-14,23572.976475000993
2020-06-15,41825.11397910904
2020-06-16,-56857.55518338
2020-06-17,-9450.132659867988
2020-06-18,-126304.29175700297
2020-06-19,-60655.63696776604
2020-06-20,-16418.519077922
2020-06-21,-35609.95822906299
2020-06-22,-8038.093377556012
2020-06-23,33295.611063713004
2020-06-24,20424.776097314956
2020-06-25,-53239.541492497025
2020-06-26,-16119.365898171003
2020-06-27,7994.015870430972
2020-06-28,-46715.198864706996
2020-06-29,-1748.3303434299887
2020-06-30,-34489.96140846002
2020-07-01,-19380.376669724006
2020-07-02,5403.684440885001
2020-07-03,-71655.98123311799
2020-07-04,1012.9146423909988
2020-07-05,990.2406849580002
2020-07-06,34355.50530139002
2020-07-07,-10789.169577602006
2020-07-08,113993.74075562897
2020-07-09,-8054.599110144016
2020-07-10,-8663.096133220999
2020-07-11,-19793.873371108
2020-07-12,-3406.5877659189864
2020-07-13,-51440.73509682098
2020-07-14,-77740.57534452702
2020-07-15,-26585.277756628988
2020-07-16,-10366.472689963004
2020-07-17,-27690.645288599015
2020-07-18,-28766.353720324987
2020-07-19,-30021.038240744005
2020-07-20,71247.32224126498
2020-07-21,-37469.42292406701
2020-07-22,-13905.992139405978
2020-07-23,1125.7487540750299
2020-07-24,-25088.61286636698
2020-07-25,-26668.524740352004
2020-07-26,38466.28725129401
2020-07-27,-106851.45331326302
2020-07-28,26917.81188122701
2020-07-29,-27793.930546927964
2020-07-30,-16694.22544406203
2020-07-31,-27707.292238642985
2020-08-01,11035.380598359974
2020-08-02,57749.400343429996
2020-08-03,78488.12117234
2020-08-04,-622.0658930980135
2020-08-05,-26457.847410582006
2020-08-06,-95633.939161179
2020-08-07,9784.959315432992
2020-08-08,-34091.611078029004
2020-08-09,-52215.08437832998
2020-08-10,-159277.75841917802
2020-08-11,-32842.59727735905
2020-08-12,-213017.45660776005
2020-08-13,98242.02123809094
2020-08-14,133789.24815075495
2020-08-15,-44816.31950797496
2020-08-16,-17416.935152119026
2020-08-17,-87307.39052840899
2020-08-18,-33139.701249098
2020-08-19,-61419.03936086601
2020-08-20,-96755.84791274101
2020-08-21,-33274.76644503698
2020-08-22,26445.360751450993
2020-08-23,-21741.667249527993
2020-08-24,-63337.77923194098
2020-08-25,-88817.458697406
2020-08-26,-55471.41998989397
2020-08-27,-21950.079345737002
2020-08-28,-86405.917046669
2020-08-29,-54794.32352941099
2020-08-30,-228622.238079282
2020-08-31,-314633.87061821495
2020-09-01,-333044.3926592391
2020-09-02,-246633.915749455
2020-09-03,-163393.912396785
2020-09-04,-175218.57897771208
2020-09-05,26372.538722318015
2020-09-06,-137264.01093685406
2020-09-07,44727.219052248984
2020-09-08,-72660.10029070504
2020-09-09,-75713.626707925
2020-09-10,-250198.34345694596
2020-09-11,-32247.121325291984
2020-09-12,-84552.716040125
2020-09-13,48007.57625795202
2020-09-14,-41211.91874953301
2020-09-15,63625.71739614406
2020-09-16,-10216.28060637007
2020-09-17,-204366.286312297
2020-09-18,-81601.79731896904
2020-09-19,-72659.98535292404
2020-09-20,11189.544173781003
2020-09-21,23136.702121007023
2020-09-22,-52765.42775283195
2020-09-23,-55287.84865999705
2020-09-24,64603.090875073976
2020-09-25,-52492.92917294003
2020-09-26,-57318.881352253025
2020-09-27,-74301.19642154902
2020-09-28,-61223.77016327501
2020-09-29,-46465.324368852016
2020-09-30,-58094.554722398985
2020-10-01,16478.71529372502
2020-10-02,-59630.810789676965
2020-10-03,25433.21779780899
2020-10-04,-32726.165809585014
2020-10-05,9811.81052475801
2020-10-06,23002.11153387098
2020-10-07,95338.47872901201
2020-10-08,-15198.407740546041
2020-10-09,-4542.0845855679945
2020-10-10,35527.501783113985
2020-10-11,-11840.365351289016
2020-10-12,-2017.6486020769808
2020-10-13,-89710.585974582
2020-10-14,-51735.285864732024
2020-10-15,-50327.96700500097
2020-10-16,-160116.14509941498
2020-10-17,-25566.348237458995
2020-10-18,-17690.01108699999
2020-10-19,-47800.773654851975
2020-10-20,-64752.711460588995
2020-10-21,-5210.053701617988
2020-10-22,-13189.992666059989
2020-10-23,23344.063516967
2020-10-24,-43608.29185278501
2020-10-25,-33571.199890538
2020-10-26,-15180.63677840901
2020-10-27,-48783.554894107976
2020-10-28,49099.746380178025
2020-10-29,-59837.73270652004
2020-10-30,-74298.34778595896
2020-10-31,-42614.350620854006
2020-11-01,21756.70474473
2020-11-02,-247525.76712185895
2020-11-03,-60050.58859989705
2020-11-04,-284132.98101324495
2020-11-05,-35526.24779660598
2020-11-06,80940.03287331399
2020-11-07,106290.36075848504
2020-11-08,-10481.489605612005
2020-11-09,-113435.57899355702
2020-11-10,-52830.07626400702
2020-11-11,-7044.937644175021
2020-11-12,-115061.05671977502
2020-11-13,-41166.53194471798
2020-11-14,7333.261153644999
2020-11-15,-45816.88480375201
2020-11-16,-15415.962643599953
2020-11-17,-3479.57180009305
2020-11-18,-54333.23085232201
2020-11-19,-140638.76600896398
2020-11-20,61798.043487321
2020-11-21,3467.6605832719943
2020-11-22,75114.13449157099
2020-11-23,17094.985600300017
2020-11-24,-49405.764838741045
2020-11-25,-3390.523570099962
2020-11-26,-76314.53705979406
2020-11-27,-62249.36694405298
2020-11-28,-82441.067753852
2020-11-29,103654.13768125299
2020-11-30,30042.027030279976
2020-12-01,-16010.740701064933
2020-12-02,-72601.34068535105
2020-12-03,-2034.2843073410331
2020-12-04,-19451.761610202026
2020-12-05,-70290.53694943801
2020-12-06,-24809.724331489997
2020-12-07,-175758.695703859
2020-12-08,-12775.810184636968
2020-12-09,-24073.908781460952
2020-12-10,-71396.67615718098
2020-12-11,-81720.93389564496
2020-12-12,-47281.82562507299
2020-12-13,-44137.58555334198
2020-12-14,-83590.79505890698
2020-12-15,-43681.937581142
2020-12-16,31546.41946868197
2020-12-17,16006.23807758803
2020-12-18,-36562.71514616802
2020-12-19,-186399.77974668104
2020-12-20,-55311.79029304499
2020-12-21,-97807.24355086201
2020-12-22,-135362.480779438
2020-12-23,-68015.76176271902
2020-12-24,-126660.83080556802
2020-12-25,-50768.95619352101
2020-12-26,2348.3440985479974
2020-12-27,98182.80976967304
2020-12-28,-7590.268493201002
2020-12-29,-121744.56769506197
2020-12-30,-188482.74781880795
2020-12-31,-133170.646264437
2021-01-01,-4756.350044136052
2021-01-02,-8407.705102125008
2021-01-03,136630.0092211431
2021-01-04,-78801.64129320998
2021-01-05,-145824.37378631195
2021-01-06,-235190.39617966
2021-01-07,-181442.47591566597
2021-01-08,-185468.4806937261
2021-01-09,-80751.96937201003
2021-01-10,28511.00835346803
2021-01-11,-85474.14476200892
2021-01-12,-111017.73435636499
2021-01-13,-68468.32456438197
2021-01-14,-214961.55265763
2021-01-15,-45542.874561909004
2021-01-16,19951.098201312998
2021-01-17,-33172.49576547404
2021-01-18,-65696.80818536202
2021-01-19,193780.969591722
2021-01-20,-666689.7831313431
2021-01-21,-245170.03256885905
2021-01-22,-285165.925177007
2021-01-23,-57344.71388831601
2021-01-24,28771.060960815055
2021-01-25,-34737.314157816
2021-01-26,-175100.652317113
2021-01-27,16396.096120096045
2021-01-28,12261.633495148038
2021-01-29,-71502.17843760096
2021-01-30,-181058.00016555004
2021-01-31,-147912.17899419798
2021-02-01,-67580.458479486
2021-02-02,83208.63582275901
2021-02-03,-38615.031203819904
2021-02-04,-246328.596444051
2021-02-05,-81325.34871024807
2021-02-06,-25297.616291743005
2021-02-07,-116888.61456669803
2021-02-08,-67075.33869246196
2021-02-09,-133398.10454550508
2021-02-10,-71031.18770803302
2021-02-11,-58028.572848743
2021-02-12,3059.4399641869823
2021-02-13,85277.40003923298
2021-02-14,-60810.400263130025
2021-02-15,-177753.13369190297
2021-02-16,-76665.89827295998
2021-02-17,50252.45310158498
2021-02-18,1125.1502689209883
2021-02-19,12640.168107755017
